timestamp,elapsed_s,frame_number,ground_truth_x,ground_truth_y,detected_x,detected_y,tracked_x,tracked_y,pixel_error,tracking_state,pan_deg,tilt_deg,processing_time_ms,fps,ground_truth_in_fov,lock_retained
2026-09-17T06:45:30.288648+00:00,0.05637040000874549,0,320.0,240.0,320.0,240.0,320.0,240.0,0.0,ACQUIRING,0.0,0.0,56.365600001299754,0.0,True,False
2026-09-17T06:45:30.326178+00:00,0.09389780000492465,1,326.74929689697234,244.24822938800764,326.0,244.0,326.0,244.0,0.7893438217171437,TRACKING,0.037500000000000006,0.025,37.481000006664544,26.647196451174736,True,True
2026-09-17T06:45:30.362657+00:00,0.13038060000690166,2,327.49437570308316,244.4858404149804,327.0,244.0,328.0,245.0,0.7211213549051017,TRACKING,0.08750000000000001,0.05625,36.443100005271845,27.410176848975674,True,True
2026-09-17T06:45:30.400107+00:00,0.167834000007133,3,326.23102096364045,243.70224126025593,326.0,243.0,327.0,243.0,1.0413796358515497,TRACKING,0.13125,0.07500000000000001,37.42109998711385,26.69984567472708,True,True
2026-09-17T06:45:30.438328+00:00,0.2060505999979796,4,325.9550224946436,244.8868931175802,325.0,244.0,325.0,244.0,1.3033216668521852,TRACKING,0.1625,0.1,38.185299999895506,26.166639634072993,True,True
2026-09-17T06:45:30.473708+00:00,0.24143009999534115,5,327.6621780140115,245.02933653663445,327.0,245.0,326.0,245.0,1.662436880800254,TRACKING,0.2,0.13125,35.34159999981057,28.264955696789816,True,True
2026-09-17T06:45:30.511106+00:00,0.2788330000039423,6,328.3482957678718,244.11921756621388,328.0,244.0,328.0,244.0,0.36813417392487435,TRACKING,0.25,0.15625,37.360899994382635,26.735894804147296,True,True
2026-09-17T06:45:30.546485+00:00,0.3142097000090871,7,327.0091971502709,244.14631363371336,327.0,244.0,327.0,244.0,0.14660241124726847,TRACKING,0.29375,0.18125,35.34839999338146,28.26719280923802,True,True
2026-09-17T06:45:30.584721+00:00,0.35244479999528266,8,326.6407193146665,244.10055909623532,326.0,244.0,326.0,244.0,0.6485625428764665,TRACKING,0.33125000000000004,0.20625,38.202499999897555,26.153978945028022,True,True
2026-09-17T06:45:30.618869+00:00,0.38659360000747256,9,327.2387177755713,243.9720703994546,327.0,243.0,327.0,243.0,1.0009530647685294,TRACKING,0.37500000000000006,0.22499999999999998,34.10549998807255,29.283605855638733,True,True
2026-09-17T06:45:30.656271+00:00,0.4239947000023676,10,326.79906899872117,244.75117078135725,326.0,244.0,326.0,244.0,1.0967081687860747,TRACKING,0.4125000000000001,0.24999999999999997,37.365399999544024,26.73718153039595,True,True
2026-09-17T06:45:30.690117+00:00,0.457845199998701,11,327.3176729781505,244.42841445910602,327.0,244.0,327.0,244.0,0.5333432945281147,TRACKING,0.4562500000000001,0.27499999999999997,33.81989999616053,29.541661130805096,True,True
2026-09-17T06:45:30.722413+00:00,0.49013469999772497,12,326.7904557985617,243.994610238578,326.0,243.0,326.0,243.0,1.2704605055506435,TRACKING,0.49375000000000013,0.29374999999999996,32.26120000181254,30.969819911433355,True,True
2026-09-17T06:45:30.756522+00:00,0.524245599997812,13,327.21337218139024,244.44084448756337,327.0,244.0,327.0,244.0,0.48976683228474976,TRACKING,0.5375000000000001,0.31875,34.06629999517463,29.316142347386023,True,True
2026-09-17T06:45:30.790689+00:00,0.558402800001204,14,326.5824080129719,243.75850341520373,326.0,243.0,326.0,243.0,0.9563088018258453,TRACKING,0.5750000000000001,0.33749999999999997,34.110900000086986,29.276404386211183,True,True
2026-09-17T06:45:30.823460+00:00,0.591185500001302,15,326.89358285323283,243.93929460198342,326.0,243.0,326.0,243.0,1.296443082015911,TRACKING,0.6125,0.35624999999999996,32.72899999865331,30.50389382195522,True,True
2026-09-17T06:45:30.856621+00:00,0.6243473000067752,16,327.14295242333566,243.97526772645944,327.0,243.0,327.0,243.0,0.9856888624768432,TRACKING,0.65625,0.37499999999999994,33.13089998846408,30.15517854383522,True,True
2026-09-17T06:45:30.893115+00:00,0.6608434000081616,17,326.3266110707247,243.8588344369249,326.0,243.0,326.0,243.0,0.9188424138926334,TRACKING,0.69375,0.39374999999999993,36.45669999241363,27.400187964248598,True,True
2026-09-17T06:45:30.927053+00:00,0.6947798000037437,18,326.4406942100322,243.5827873183361,326.0,243.0,326.0,243.0,0.7306520684766928,TRACKING,0.73125,0.4124999999999999,33.90949999447912,29.466885118344297,True,True
2026-09-17T06:45:30.962112+00:00,0.7298390000069048,19,326.48138073831797,243.1403179070968,326.0,243.0,326.0,243.0,0.5014145293822038,TRACKING,0.7687499999999999,0.4312499999999999,35.028999991482124,28.523183641093794,True,True
2026-09-17T06:45:30.996478+00:00,0.7642042000079527,20,326.4448954231348,242.52503370867123,326.0,242.0,326.0,242.0,0.6881804507303159,TRACKING,0.8062499999999999,0.4437499999999999,34.33769999537617,29.09920500883179,True,True
2026-09-17T06:45:31.031286+00:00,0.799013299998478,21,326.32751126192545,242.73097417549144,326.0,242.0,326.0,242.0,0.8009911809273508,TRACKING,0.8437499999999999,0.45624999999999993,34.77900000871159,28.728119953465928,True,True
2026-09-17T06:45:31.065911+00:00,0.8336359999957494,22,326.125551811278,242.75262560522202,326.0,242.0,326.0,242.0,0.7630259228564922,TRACKING,0.8812499999999999,0.46874999999999994,34.59599999769125,28.882784995936458,True,True
2026-09-17T06:45:31.101749+00:00,0.8694745999964653,23,325.8353934845835,242.58493492214427,325.0,242.0,325.0,242.0,1.0198191688865708,TRACKING,0.9124999999999999,0.48124999999999996,35.80549999605864,27.902875669809276,True,True
2026-09-17T06:45:31.136853+00:00,0.9045801000029314,24,326.45346781665955,242.2233223072143,326.0,242.0,326.0,242.0,0.505475927859573,TRACKING,0.9499999999999998,0.49374999999999997,35.0750999932643,28.485564934719843,True,True
2026-09-17T06:45:31.173660+00:00,0.9413773999986006,25,325.9762636939248,241.66369264522484,325.0,241.0,325.0,241.0,1.1804993551041256,TRACKING,0.9812499999999998,0.49999999999999994,36.76899999845773,27.175906931152404,True,True
2026-09-17T06:45:31.206612+00:00,0.9743381000007503,26,326.4003295487307,241.90244576046143,326.0,241.0,326.0,241.0,0.9872548293939912,TRACKING,1.0187499999999998,0.50625,32.896200005779974,30.33916148427614,True,True
2026-09-17T06:45:31.240368+00:00,1.0080955000012182,27,325.72227551647893,241.93648541526602,325.0,241.0,325.0,241.0,1.1826609212749342,TRACKING,1.0499999999999998,0.5125,33.72250001120847,29.623134482695335,True,True
2026-09-17T06:45:31.277308+00:00,1.0450260000070557,28,325.9387755541766,241.76322704901912,325.0,241.0,325.0,241.0,1.209882254384272,TRACKING,1.0812499999999998,0.5187499999999999,36.902899999404326,27.077889545008382,True,True
2026-09-17T06:45:31.313324+00:00,1.081048699998064,29,326.0465695191044,241.38060423819502,326.0,241.0,326.0,241.0,0.38344270268402314,TRACKING,1.11875,0.5249999999999999,35.9632000036072,27.760273390101602,True,True
2026-09-17T06:45:31.348775+00:00,1.1164981000038097,30,325.0424652063002,240.78707386134465,325.0,240.0,325.0,240.0,0.7882185971912238,TRACKING,1.15,0.5249999999999999,35.41380001115613,28.20922215433599,True,True
2026-09-17T06:45:31.382367+00:00,1.1500909000023967,31,324.92334034358294,240.98161995609536,324.0,240.0,324.0,240.0,1.3476405783043588,TRACKING,1.1749999999999998,0.5249999999999999,33.483500010333955,29.76828368108829,True,True
2026-09-17T06:45:31.416600+00:00,1.184321299995645,32,325.68614454287115,240.96375625852795,325.0,240.0,325.0,240.0,1.1830555606410256,TRACKING,1.2062499999999998,0.5249999999999999,34.18599998985883,29.213798266956953,True,True
2026-09-17T06:45:31.454685+00:00,1.222408200002974,33,325.32790120657626,240.7335274185831,325.0,240.0,325.0,240.0,0.8034809736934303,TRACKING,1.2374999999999998,0.5249999999999999,38.042400003178045,26.255746721512462,True,True
2026-09-17T06:45:31.492648+00:00,1.2603623000031803,34,324.84570938787897,240.29150888845982,324.0,240.0,324.0,240.0,0.8945399939620914,TRACKING,1.2624999999999997,0.5249999999999999,37.91769999952521,26.347614618567224,True,True
2026-09-17T06:45:31.532534+00:00,1.3002619000035338,35,325.23674560372734,239.63880548428466,325.0,239.0,325.0,239.0,0.6812642127958748,TRACKING,1.2937499999999997,0.5187499999999999,39.84330000821501,25.062907898603985,True,True
2026-09-17T06:45:31.566847+00:00,1.334574699998484,36,324.49826559942056,239.77704862464657,324.0,239.0,324.0,239.0,0.9230780967128707,TRACKING,1.3187499999999996,0.5125,34.28680000070017,29.143643192836787,True,True
2026-09-17T06:45:31.602121+00:00,1.369849000009708,37,324.62760606367993,239.70839225290052,324.0,239.0,324.0,239.0,0.946419016681988,TRACKING,1.3437499999999996,0.50625,35.24779999861494,28.34925142899518,True,True
2026-09-17T06:45:31.641324+00:00,1.4090460000006715,38,324.62218629313094,239.4355074534302,324.0,239.0,324.0,239.0,0.7594619973068296,TRACKING,1.3687499999999995,0.5,39.17020000517368,25.512156548474213,True,True
2026-09-17T06:45:31.678801+00:00,1.4465267000050517,39,324.47950980515964,238.96157577532887,324.0,238.0,324.0,238.0,1.0745034317970072,TRACKING,1.3937499999999994,0.4875,37.44259999075439,26.680398175144397,True,True
2026-09-17T06:45:31.715586+00:00,1.4833060000091791,40,324.1971658981322,239.29028128018297,324.0,239.0,324.0,239.0,0.3509096935266086,TRACKING,1.4187499999999993,0.48125,36.747400008607656,27.189206969349016,True,True
2026-09-17T06:45:31.751304+00:00,1.5190293000050588,41,323.7728311580054,238.4258013338369,323.0,238.0,323.0,238.0,0.8823688427642942,TRACKING,1.4374999999999993,0.46875,35.67140000814106,27.992934586539903,True,True
2026-09-17T06:45:31.787413+00:00,1.5551392000052147,42,324.2042709103847,238.37279616515428,324.0,238.0,324.0,238.0,0.42509244357332143,TRACKING,1.4624999999999992,0.45625,36.07149999879766,27.693236480734715,True,True
2026-09-17T06:45:31.822313+00:00,1.5900360000086948,43,323.48934061712316,238.1363972178723,323.0,238.0,323.0,238.0,0.5079945281297592,TRACKING,1.4812499999999993,0.44375,34.868000002461486,28.655922603226447,True,True
2026-09-17T06:45:31.858701+00:00,1.6264251999964472,44,323.62598721658765,237.72219432466517,323.0,237.0,323.0,237.0,0.9557325137870564,TRACKING,1.4999999999999993,0.425,36.35729999223258,27.48068109044918,True,True
2026-09-17T06:45:31.890073+00:00,1.6577974999963772,45,323.61225040675583,238.13622173547333,323.0,238.0,323.0,238.0,0.6272215890640638,TRACKING,1.5187499999999994,0.4125,31.333299994003028,31.875253009891924,True,True
2026-09-17T06:45:31.924442+00:00,1.6921645999973407,46,323.4462638703408,237.3849430350212,323.0,237.0,323.0,237.0,0.5893492870809754,TRACKING,1.5374999999999994,0.39375,34.322099993005395,29.097596246758183,True,True
2026-09-17T06:45:31.957608+00:00,1.7253311000094982,47,323.12625644117907,237.47523498722177,323.0,237.0,323.0,237.0,0.4917204307519435,TRACKING,1.5562499999999995,0.375,33.12100000039209,30.15090526987897,True,True
2026-09-17T06:45:31.990825+00:00,1.758553399995435,48,322.6505532111513,237.41437034684782,322.0,237.0,322.0,237.0,0.7713120411908887,TRACKING,1.5687499999999994,0.35625,33.18109999236185,30.100263992056682,True,True
2026-09-17T06:45:32.027522+00:00,1.7952454000042053,49,323.01757657694554,237.2099996814328,323.0,237.0,323.0,237.0,0.21073396085824006,TRACKING,1.5874999999999995,0.3375,36.663699997006916,27.253897300800613,True,True
2026-09-17T06:45:32.063634+00:00,1.8313598000095226,50,322.22584722600834,236.87013224883628,322.0,236.0,322.0,236.0,0.8989644597872337,TRACKING,1.5999999999999994,0.3125,36.076299991691485,27.689785787740217,True,True
2026-09-17T06:45:32.100410+00:00,1.8681384000083199,51,322.27398506106636,237.40311597827042,322.0,237.0,322.0,237.0,0.48741184395175785,TRACKING,1.6124999999999994,0.29375,36.748200000147335,27.18972446022147,True,True
2026-09-17T06:45:32.135557+00:00,1.903286400003708,52,322.16071006264224,236.81761660482448,322.0,236.0,322.0,236.0,0.8332614455974674,TRACKING,1.6249999999999993,0.26875,35.122100001899526,28.451120977899567,True,True
2026-09-17T06:45:32.170284+00:00,1.9380114000086905,53,321.8848430890256,237.12259600964,321.0,237.0,321.0,237.0,0.8932956250738093,TRACKING,1.6312499999999994,0.25,34.70039999228902,28.79769618017317,True,True
2026-09-17T06:45:32.202007+00:00,1.969728700001724,54,322.4453066131981,236.32728981987555,322.0,236.0,322.0,236.0,0.5526450994554652,TRACKING,1.6437499999999994,0.225,31.69030000572093,31.528534907436725,True,True
2026-09-17T06:45:32.238657+00:00,2.006385100001353,55,321.8411253962521,236.44118432444822,321.0,236.0,321.0,236.0,0.9498081597665256,TRACKING,1.6499999999999995,0.2,36.60669999953825,27.280365775420584,True,True
2026-09-17T06:45:32.273815+00:00,2.0415432000008877,56,322.07142709688435,236.47399276325189,322.0,236.0,322.0,236.0,0.47934431235228436,TRACKING,1.6624999999999994,0.17500000000000002,35.131900003761984,28.442947713705486,True,True
2026-09-17T06:45:32.307209+00:00,2.074930000002496,57,321.1354428165798,236.4356310491163,321.0,236.0,321.0,236.0,0.4562007973658537,TRACKING,1.6687499999999995,0.15000000000000002,33.360400004312396,29.951957059431603,True,True
2026-09-17T06:45:32.342389+00:00,2.110112599999411,58,321.0325075801489,236.33619298318848,321.0,236.0,321.0,236.0,0.3377609579455676,TRACKING,1.6749999999999996,0.12500000000000003,35.139200001140125,28.423140986956135,True,True
2026-09-17T06:45:32.377954+00:00,2.145682800008217,59,320.76206075131523,236.1859250256873,320.0,236.0,320.0,236.0,0.7844136051038147,TRACKING,1.6749999999999996,0.10000000000000003,35.5381999979727,28.11342077785443,True,True
2026-09-17T06:45:32.413263+00:00,2.1809886999981245,60,321.32364638309474,235.99520068508872,321.0,235.0,321.0,235.0,1.0465043644874885,TRACKING,1.6812499999999997,0.06875000000000003,35.273299989057705,28.32387788686466,True,True
2026-09-17T06:45:32.448597+00:00,2.216324100008933,61,320.716913502748,236.77449458975713,320.0,236.0,320.0,236.0,1.0553704752291893,TRACKING,1.6812499999999997,0.04375000000000003,35.29889999481384,28.300231487237177,True,True
2026-09-17T06:45:32.486249+00:00,2.2539729999989504,62,320.94161633112645,236.5343563068297,320.0,236.0,320.0,236.0,1.0826716850886575,TRACKING,1.6812499999999997,0.01875000000000003,37.619199996697716,26.56120099830663,True,True
2026-09-17T06:45:32.522258+00:00,2.2899832999974024,63,320.9976144362768,236.28538397379234,320.0,236.0,320.0,236.0,1.0376312331292947,TRACKING,1.6812499999999997,-0.006249999999999971,35.97300000546966,27.769832521333868,True,True
2026-09-17T06:45:32.557721+00:00,2.325446400005603,64,320.88487282120644,236.0381978086557,320.0,236.0,320.0,236.0,0.8856968907566215,TRACKING,1.6812499999999997,-0.031249999999999972,35.428700008196756,28.19832444903998,True,True
2026-09-17T06:45:32.590890+00:00,2.3586123999994015,65,320.60346194575465,235.8034135649408,320.0,235.0,320.0,235.0,1.0048082783819325,TRACKING,1.6812499999999997,-0.06249999999999997,33.12910000386182,30.15135983196614,True,True
2026-09-17T06:45:32.624721+00:00,2.392438199996832,66,320.1535576825582,236.59161599782385,320.0,236.0,320.0,236.0,0.6112196419894831,TRACKING,1.6812499999999997,-0.08749999999999997,33.78389999852516,29.56323280087888,True,True
2026-09-17T06:45:32.660477+00:00,2.4281366000068374,67,319.53544120713656,236.41333240776103,319.0,236.0,319.0,236.0,0.6764177448924489,TRACKING,1.6749999999999996,-0.11249999999999996,35.651800004416145,28.01245993433093,True,True
2026-09-17T06:45:32.696945+00:00,2.464666900006705,68,319.7494988221666,236.27900632771932,319.0,236.0,319.0,236.0,0.7997455941338452,TRACKING,1.6687499999999995,-0.13749999999999996,36.41529999731574,27.374535659538118,True,True
2026-09-17T06:45:32.732514+00:00,2.5002422999968985,69,319.7962217160551,236.1989714197835,319.0,236.0,319.0,236.0,0.8207061879919924,TRACKING,1.6624999999999994,-0.16249999999999995,35.53809999721125,28.109311498272756,True,True
2026-09-17T06:45:32.765511+00:00,2.533235099996091,70,319.67620565596314,236.18342564638232,319.0,236.0,319.0,236.0,0.700641889203977,TRACKING,1.6562499999999993,-0.18749999999999994,32.96779999800492,30.309643316859418,True,True
2026-09-17T06:45:32.801829+00:00,2.569554000001517,71,319.3901506154699,236.2424057806934,319.0,236.0,319.0,236.0,0.4593234865158955,TRACKING,1.6499999999999992,-0.21249999999999994,36.28110000863671,27.533873543818622,True,True
2026-09-17T06:45:32.834239+00:00,2.60195979999844,72,318.9388603371128,236.38576231993756,318.0,236.0,318.0,236.0,1.015022807668487,TRACKING,1.6374999999999993,-0.23749999999999993,32.36950001155492,30.858673450276207,True,True
2026-09-17T06:45:32.866199+00:00,2.6339245999988634,73,319.3232418300745,236.62313486426552,319.0,236.0,319.0,236.0,0.7019845723184522,TRACKING,1.6312499999999992,-0.26249999999999996,31.91540000261739,31.284412853725005,True,True
2026-09-17T06:45:32.903171+00:00,2.6708934000052977,74,318.5443048033311,236.96392802277808,318.0,236.0,318.0,236.0,1.106989138169911,TRACKING,1.6187499999999992,-0.2875,36.934300005668774,27.04983661427887,True,True
2026-09-17T06:45:32.938816+00:00,2.706540099999984,75,318.60316103461753,237.41728790690078,318.0,237.0,318.0,237.0,0.7334387710821695,TRACKING,1.6062499999999993,-0.30624999999999997,35.58379999594763,28.05308766727558,True,True
2026-09-17T06:45:32.975148+00:00,2.7428761000046507,76,318.501023675602,236.99207926986884,318.0,236.0,318.0,236.0,1.1114162142137634,TRACKING,1.5937499999999993,-0.33125,36.29689999797847,27.52091589254634,True,True
2026-09-17T06:45:33.010019+00:00,2.777742699996452,77,318.2392064937068,237.69686334946078,318.0,237.0,318.0,237.0,0.7367755930086123,TRACKING,1.5812499999999994,-0.35,34.836899998481385,28.680743182161375,True,True
2026-09-17T06:45:33.045004+00:00,2.8127315000019735,78,317.8191230510448,237.5398764693622,317.0,237.0,317.0,237.0,0.9810347470523,TRACKING,1.5624999999999993,-0.36874999999999997,34.955499999341555,28.580574350711906,True,True
2026-09-17T06:45:33.083814+00:00,2.8515368000080343,79,318.2422858209909,237.52900945264648,318.0,237.0,318.0,237.0,0.5818534351901345,TRACKING,1.5499999999999994,-0.38749999999999996,38.778100002673455,25.76967578768399,True,True
2026-09-17T06:45:33.121302+00:00,2.8890256000013324,80,317.5103052429341,237.6717878988261,317.0,237.0,317.0,237.0,0.8436293155025115,TRACKING,1.5312499999999993,-0.40624999999999994,37.44730001199059,26.674633495304544,True,True
2026-09-17T06:45:33.152874+00:00,2.9205958000093233,81,317.6248887158059,237.97535337377343,317.0,237.0,317.0,237.0,1.1583609588003165,TRACKING,1.5124999999999993,-0.42499999999999993,31.5305999974953,31.675440755740656,True,True
2026-09-17T06:45:33.189696+00:00,2.9574238000059268,82,317.58783953101147,238.44644555952505,317.0,238.0,317.0,238.0,0.7381523906615857,TRACKING,1.4937499999999992,-0.43749999999999994,36.768199992366135,27.153252962208835,True,True
2026-09-17T06:45:33.227265+00:00,2.9949904999957653,83,317.4010557454309,238.09138540858703,317.0,238.0,317.0,238.0,0.4113356340578068,TRACKING,1.4749999999999992,-0.44999999999999996,37.53989998949692,26.619319777102902,True,True
2026-09-17T06:45:33.264998+00:00,3.032725600001868,84,317.066528995196,237.916059344845,317.0,237.0,317.0,237.0,0.9184720085444258,TRACKING,1.4562499999999992,-0.46874999999999994,37.69400001328904,26.500526031156095,True,True
2026-09-17T06:45:33.298458+00:00,3.0661825999995926,85,316.58634325098217,238.9259045505704,316.0,238.0,316.0,238.0,1.0959460044816653,TRACKING,1.4312499999999992,-0.48124999999999996,33.4281999967061,29.889111398750764,True,True
2026-09-17T06:45:33.336595+00:00,3.1043236999976216,86,316.9626735155945,239.12589537629634,316.0,239.0,316.0,239.0,0.9708707140499305,TRACKING,1.4062499999999993,-0.48749999999999993,38.10289999819361,26.2184362813783,True,True
2026-09-17T06:45:33.370924+00:00,3.1386522999964654,87,317.19778446466205,238.5205309075318,317.0,238.0,317.0,238.0,0.5568403004071503,TRACKING,1.3874999999999993,-0.49999999999999994,34.302300002309494,29.13022960545081,True,True
2026-09-17T06:45:33.404354+00:00,3.1720733999973163,88,316.29402903128937,239.11382371939112,316.0,239.0,316.0,239.0,0.31529178602842417,TRACKING,1.3624999999999994,-0.50625,33.39270000287797,29.921217433733222,True,True
2026-09-17T06:45:33.438524+00:00,3.206251199997496,89,316.25384693554963,238.9092898472457,316.0,238.0,316.0,238.0,0.9440584160908961,TRACKING,1.3374999999999995,-0.5187499999999999,34.12769999704324,29.258758609236004,True,True
2026-09-17T06:45:33.472788+00:00,3.2405111999978544,90,316.07976315973883,239.90993999846677,316.0,239.0,316.0,239.0,0.9134292323224744,TRACKING,1.3124999999999996,-0.5249999999999999,34.23279999697115,29.188558084925106,True,True
2026-09-17T06:45:33.510219+00:00,3.27794480000739,91,315.77438637034476,240.11827202722492,315.0,240.0,315.0,240.0,0.7833661487450294,TRACKING,1.2812499999999996,-0.5249999999999999,37.39329999370966,26.71396819288742,True,True
2026-09-17T06:45:33.546949+00:00,3.3146685999963665,92,316.3404072877145,239.5362646911555,316.0,239.0,316.0,239.0,0.6351826040669517,TRACKING,1.2562499999999996,-0.5312499999999999,36.692000008770265,27.230297526404357,True,True
2026-09-17T06:45:33.578129+00:00,3.345857000007527,93,315.78059700444265,240.16537270549526,315.0,240.0,315.0,240.0,0.7979221860981601,TRACKING,1.2249999999999996,-0.5312499999999999,31.130499992286786,32.063202974252015,True,True
2026-09-17T06:45:33.615026+00:00,3.3827539000049,94,316.09780525352807,240.0065231070514,316.0,240.0,316.0,240.0,0.09802254099590185,TRACKING,1.1999999999999997,-0.5312499999999999,36.87079998780973,27.102547912458643,True,True
2026-09-17T06:45:33.653209+00:00,3.420932000008179,95,315.29495862738344,240.06011293709287,315.0,240.0,315.0,240.0,0.3010218548109959,TRACKING,1.1687499999999997,-0.5312499999999999,38.15159999066964,26.1930268901312,True,True
2026-09-17T06:45:33.688813+00:00,3.456539699996938,96,315.3750587488107,240.32600824895354,315.0,240.0,315.0,240.0,0.4969410864933732,TRACKING,1.1374999999999997,-0.5312499999999999,35.56629999366123,28.083813341375226,True,True
2026-09-17T06:45:33.723403+00:00,3.4911279000079958,97,315.34118039508456,240.80354444282938,315.0,240.0,315.0,240.0,0.872976364853043,TRACKING,1.1062499999999997,-0.5312499999999999,34.55910000775475,28.91159411823402,True,True
2026-09-17T06:45:33.756576+00:00,3.524300899996888,98,315.196469576316,241.49152792693172,315.0,241.0,315.0,241.0,0.5293392082319184,TRACKING,1.0749999999999997,-0.5249999999999999,33.136999991256744,30.144997447769185,True,True
2026-09-17T06:45:33.790618+00:00,3.558341500000097,99,314.94414156929935,241.38823910084523,314.0,241.0,314.0,241.0,1.020849108489665,TRACKING,1.0374999999999996,-0.5187499999999999,34.002000000327826,29.376685484560532,True,True
2026-09-17T06:45:33.823740+00:00,3.591466500001843,100,315.5874789080683,241.49143665363323,315.0,241.0,315.0,241.0,0.7659252260889151,TRACKING,1.0062499999999996,-0.5125,33.08470000047237,30.18867924369158,True,True
2026-09-17T06:45:33.859724+00:00,3.627362600003835,101,315.1298293324191,241.798363165948,315.0,241.0,315.0,241.0,0.808850666253595,TRACKING,0.9749999999999996,-0.50625,35.85980000207201,27.85817957785147,True,True
2026-09-17T06:45:33.893809+00:00,3.6615371000079904,102,314.5746036956826,242.30575200214275,314.0,242.0,314.0,242.0,0.6508868518462984,TRACKING,0.9374999999999997,-0.49374999999999997,34.04430000227876,29.26158392597995,True,True
2026-09-17T06:45:33.928678+00:00,3.696405299997423,103,314.9252738330511,242.00983547516012,314.0,242.0,314.0,242.0,0.9253261061381088,TRACKING,0.8999999999999997,-0.48124999999999996,34.84190000745002,28.67942710845615,True,True
2026-09-17T06:45:33.962230+00:00,3.7299563999986276,104,315.1853703917954,241.90635426378697,315.0,241.0,315.0,241.0,0.9251163351920633,TRACKING,0.8687499999999997,-0.475,33.52159999485593,29.805282091022107,True,True
2026-09-17T06:45:33.996663+00:00,3.764387999995961,105,314.3584806247241,242.99056805873968,314.0,242.0,314.0,242.0,1.0534388626293847,TRACKING,0.8312499999999997,-0.46249999999999997,34.40030000638217,29.04308832808962,True,True
2026-09-17T06:45:34.030427+00:00,3.798148300003959,106,314.44824614826825,243.25726741096844,314.0,243.0,314.0,243.0,0.5168279502733273,TRACKING,0.7937499999999997,-0.44375,33.72809999564197,29.62058985740927,True,True
2026-09-17T06:45:34.066435+00:00,3.8341603000008035,107,314.45836066658933,242.70078675256678,314.0,242.0,314.0,242.0,0.8373748104936724,TRACKING,0.7562499999999998,-0.43124999999999997,35.97240000090096,27.768521606342848,True,True
2026-09-17T06:45:34.105380+00:00,3.873103500009165,108,314.3925676631341,243.3150185577411,314.0,243.0,314.0,243.0,0.5033349400348265,TRACKING,0.7187499999999998,-0.4125,38.90959999989718,25.678423955537482,True,True
2026-09-17T06:45:34.139477+00:00,3.907197000007727,109,314.25465806107957,243.093428608444,314.0,243.0,314.0,243.0,0.2712556597540119,TRACKING,0.6812499999999998,-0.39375,34.048000001348555,29.331104170653557,True,True
2026-09-17T06:45:34.176997+00:00,3.944725399996969,110,314.0484678541296,243.02907232651668,314.0,243.0,314.0,243.0,0.056518431091311834,TRACKING,0.6437499999999998,-0.375,37.47379999549594,26.646486401942795,True,True
2026-09-17T06:45:34.212199+00:00,3.979925200008438,111,313.777875709143,243.1146121315178,313.0,243.0,313.0,243.0,0.7862738451492608,TRACKING,0.5999999999999999,-0.35625,35.17160000046715,28.409252316040796,True,True
2026-09-17T06:45:34.247852+00:00,4.015579900005832,112,314.44680054209425,243.34233578085272,314.0,243.0,314.0,243.0,0.5628716650070066,TRACKING,0.5624999999999999,-0.3375,35.62560000864323,28.046793271941155,True,True
2026-09-17T06:45:34.282082+00:00,4.049809600008302,113,314.0591990688771,243.7041756463642,314.0,243.0,314.0,243.0,0.7066596568988227,TRACKING,0.5249999999999999,-0.31875000000000003,34.197600005427375,29.214395683509903,True,True
2026-09-17T06:45:34.314273+00:00,4.081998000008753,114,313.619063332487,244.1917288792008,313.0,244.0,313.0,244.0,0.6480735859063196,TRACKING,0.4812499999999999,-0.29375,32.161999988602474,31.06709249251325,True,True
2026-09-17T06:45:34.349410+00:00,4.117136100001517,115,314.1304182081236,243.79627841256303,314.0,243.0,314.0,243.0,0.8068879843720985,TRACKING,0.44374999999999987,-0.275,35.100400011288,28.459136954073358,True,True
2026-09-17T06:45:34.385806+00:00,4.153525800007628,116,313.59731888777515,244.5088147498307,313.0,244.0,313.0,244.0,0.7846542571975286,TRACKING,0.39999999999999986,-0.25,36.35749999375548,27.48030348785655,True,True
2026-09-17T06:45:34.420395+00:00,4.1881228999991436,117,314.0238483458554,244.320058483612,314.0,244.0,314.0,244.0,0.32094575325442964,TRACKING,0.3624999999999998,-0.225,34.55440000107046,28.904156713864563,True,True
2026-09-17T06:45:34.454910+00:00,4.2226276000001235,118,313.4141147874773,244.22048348942994,313.0,244.0,313.0,244.0,0.469152455304829,TRACKING,0.3187499999999998,-0.2,34.45940000528935,28.981559033163595,True,True
2026-09-17T06:45:34.488494+00:00,4.2562180000095395,119,313.7722490809588,244.20034073607204,313.0,244.0,313.0,244.0,0.7978126682195226,TRACKING,0.2749999999999998,-0.17500000000000002,33.53339999739546,29.77041058515768,True,True
2026-09-17T06:45:34.525136+00:00,4.29286200000206,120,314.1024021761642,244.2496826530913,314.0,244.0,314.0,244.0,0.2698659536471345,TRACKING,0.2374999999999998,-0.15000000000000002,36.60840001248289,27.28959721111536,True,True
2026-09-17T06:45:34.558437+00:00,4.326160900003742,121,313.4087425102961,244.35838799455172,313.0,244.0,313.0,244.0,0.543610517155416,TRACKING,0.19374999999999978,-0.12500000000000003,33.26940000988543,30.031022044256044,True,True
2026-09-17T06:45:34.592116+00:00,4.359843900005217,122,313.695453402758,244.51618713687193,313.0,244.0,313.0,244.0,0.8660857900229825,TRACKING,0.14999999999999977,-0.10000000000000003,33.644299997831695,29.6885669315747,True,True
2026-09-17T06:45:34.626880+00:00,4.3945955999952275,123,313.9667304407148,244.71268774753608,313.0,244.0,313.0,244.0,1.2010377056914903,TRACKING,0.10624999999999976,-0.07500000000000004,34.7234000073513,28.775570699777113,True,True
2026-09-17T06:45:34.663415+00:00,4.431141200009733,124,314.2267788569885,244.93740076051282,314.0,244.0,314.0,244.0,0.9644422407728849,TRACKING,0.06874999999999976,-0.05000000000000004,36.48700000485405,27.36307516097899,True,True
2026-09-17T06:45:34.696793+00:00,4.46452130000398,125,313.479810901924,245.17976659345766,313.0,245.0,313.0,245.0,0.5123812347544456,TRACKING,0.02499999999999975,-0.018750000000000037,33.35030000016559,29.957968974699078,True,True
2026-09-17T06:45:34.732839+00:00,4.5005655999993905,126,313.73004321086984,244.4291815411698,313.0,244.0,313.0,244.0,0.8468529299813728,TRACKING,-0.018750000000000253,0.006249999999999964,36.01820000039879,27.743637693819444,True,True
2026-09-17T06:45:34.768124+00:00,4.5358500000002095,127,313.9816941689187,244.6750242793323,313.0,244.0,313.0,244.0,1.1913778657407745,TRACKING,-0.06250000000000025,0.031249999999999965,35.255399998277426,28.341136592284084,True,True
2026-09-17T06:45:34.806363+00:00,4.5740906999999424,128,314.23898127455345,244.90668241229196,314.0,244.0,314.0,244.0,0.937648679595271,TRACKING,-0.10000000000000026,0.05624999999999997,38.21050000260584,26.15014892528078,True,True
2026-09-17T06:45:34.840720+00:00,4.608441999997012,129,313.5061185038483,245.11357899852138,313.0,245.0,313.0,245.0,0.5187062066746201,TRACKING,-0.14375000000000027,0.08749999999999997,34.30349999689497,29.110979790729868,True,True
2026-09-17T06:45:34.875669+00:00,4.643395799997961,130,313.7873136768708,244.2851989874643,313.0,244.0,313.0,244.0,0.8373776258286636,TRACKING,-0.18750000000000028,0.11249999999999996,34.909499998320825,28.609192705023624,True,True
2026-09-17T06:45:34.914156+00:00,4.68188079999527,131,314.0867658279312,244.41111550168625,314.0,244.0,314.0,244.0,0.420171708499421,TRACKING,-0.22500000000000028,0.13749999999999996,38.454199995612726,25.984149670519344,True,True
2026-09-17T06:45:34.952439+00:00,4.720161000004737,132,313.4086625813229,244.48101589863717,313.0,244.0,313.0,244.0,0.6311746193528617,TRACKING,-0.26875000000000027,0.16249999999999995,38.24799999711104,26.12316549424219,True,True
2026-09-17T06:45:34.984736+00:00,4.752457700000377,133,313.7571775341935,244.48472754688805,313.0,244.0,313.0,244.0,0.8990431652592883,TRACKING,-0.3125000000000003,0.18749999999999994,32.251699987682514,30.962915720026434,True,True
2026-09-17T06:45:35.021154+00:00,4.7888779000059,134,314.13646764818213,244.41224325241086,314.0,244.0,314.0,244.0,0.4342440767110668,TRACKING,-0.3500000000000003,0.21249999999999994,36.375800002133474,27.457290180953297,True,True
2026-09-17T06:45:35.056644+00:00,4.824366300003021,135,313.55067065145414,244.2537462713525,313.0,244.0,313.0,244.0,0.606321149720363,TRACKING,-0.3937500000000003,0.23749999999999993,35.44819999660831,28.178221618363548,True,True
2026-09-17T06:45:35.094797+00:00,4.862522800001898,136,314.0039024527555,243.99963484678176,314.0,243.0,314.0,243.0,0.9996424641029917,TRACKING,-0.43125000000000036,0.2562499999999999,38.11639999912586,26.207854494763303,True,True
2026-09-17T06:45:35.129895+00:00,4.897623500000918,137,313.5002545691041,244.640546208081,313.0,244.0,313.0,244.0,0.8127447807254362,TRACKING,-0.47500000000000037,0.28124999999999994,35.071999998763204,28.489460324948144,True,True
2026-09-17T06:45:35.163525+00:00,4.931250800000271,138,314.04379156872415,244.16737997299703,314.0,244.0,314.0,244.0,0.1730137475803775,TRACKING,-0.5125000000000004,0.30624999999999997,33.60460000112653,29.73774284641508,True,True
2026-09-17T06:45:35.199023+00:00,4.966748400009237,139,313.638548530824,243.57132089385703,313.0,243.0,313.0,243.0,0.8568265810390497,TRACKING,-0.5562500000000004,0.32499999999999996,35.46689999348018,28.17091859019788,True,True
2026-09-17T06:45:35.236412+00:00,5.00413529999787,140,314.2885285238027,243.84386089109705,314.0,243.0,314.0,243.0,0.8918239246459367,TRACKING,-0.5937500000000003,0.34374999999999994,37.35470000538044,26.747336642087106,True,True
2026-09-17T06:45:35.272428+00:00,5.040154600006645,141,313.9977001034624,243.97682031902997,313.0,243.0,313.0,243.0,1.396274841182328,TRACKING,-0.6375000000000003,0.36249999999999993,35.977700012153946,27.762893775181304,True,True
2026-09-17T06:45:35.306731+00:00,5.074456900008954,142,314.7699948327908,243.96236841069953,314.0,243.0,314.0,243.0,1.2324954362742628,TRACKING,-0.6750000000000003,0.3812499999999999,34.25729999435134,29.152564111813852,True,True
2026-09-17T06:45:35.341246+00:00,5.108967799998936,143,314.60930482486134,243.79304285071998,314.0,243.0,314.0,243.0,1.0000846627548032,TRACKING,-0.7125000000000002,0.3999999999999999,34.48039999057073,28.976352407218624,True,True
2026-09-17T06:45:35.378332+00:00,5.146046900001238,144,314.5194803103899,243.46176842717801,314.0,243.0,314.0,243.0,0.6950466698152284,TRACKING,-0.7500000000000002,0.4187499999999999,37.03749999112915,26.969370883811106,True,True
2026-09-17T06:45:35.413954+00:00,5.181681300004129,145,314.5043272314656,242.96187471597796,314.0,242.0,314.0,242.0,1.0860704054689205,TRACKING,-0.7875000000000002,0.4312499999999999,35.57449999789242,28.0627708034614,True,True
2026-09-17T06:45:35.450810+00:00,5.218527500008349,146,314.5676048629611,243.287112753428,314.0,243.0,314.0,243.0,0.6360888409947973,TRACKING,-0.8250000000000002,0.4499999999999999,36.81669999787118,27.13984074030618,True,True
2026-09-17T06:45:35.486710+00:00,5.254436800008989,147,314.7130234631082,242.431670655395,314.0,242.0,314.0,242.0,0.8335118557476842,TRACKING,-0.8625000000000002,0.4624999999999999,35.84019999834709,27.847939112769883,True,True
2026-09-17T06:45:35.523251+00:00,5.2909791999991285,148,314.9442419547068,242.39018814398827,314.0,242.0,314.0,242.0,1.0216847149377948,TRACKING,-0.9000000000000001,0.4749999999999999,36.51299999910407,27.36547135026261,True,True
2026-09-17T06:45:35.556997+00:00,5.3247234000009485,149,315.26486563841786,242.15776994546252,315.0,242.0,315.0,242.0,0.30829395405318355,TRACKING,-0.9312500000000001,0.48749999999999993,33.71389998937957,29.634722409956826,True,True
2026-09-17T06:45:35.594144+00:00,5.361866699997336,150,314.6784439395672,241.7299980258528,314.0,241.0,314.0,241.0,0.9965858201301492,TRACKING,-0.9687500000000001,0.4937499999999999,37.11579999071546,26.92275592360577,True,True
2026-09-17T06:45:35.627471+00:00,5.395197300007567,151,315.1884681898708,242.1029426337588,315.0,242.0,315.0,242.0,0.21474972511825297,TRACKING,-1.0,0.5062499999999999,33.29789999406785,30.002460192527007,True,True
2026-09-17T06:45:35.663010+00:00,5.430737400005455,152,314.7983694454658,241.27317212267636,314.0,241.0,314.0,241.0,0.8438108674702601,TRACKING,-1.0375,0.5124999999999998,35.502999991877005,28.13723090422978,True,True
2026-09-17T06:45:35.695544+00:00,5.463267800005269,153,315.51151634261225,241.237761528327,315.0,241.0,315.0,241.0,0.5640740315878878,TRACKING,-1.06875,0.5187499999999998,32.50260000640992,30.740476600524875,True,True
2026-09-17T06:45:35.732051+00:00,5.4997781999991275,154,315.33121299240486,240.99429987954508,315.0,240.0,315.0,240.0,1.0480144544810175,TRACKING,-1.1,0.5187499999999998,36.43670000019483,27.38945615956598,True,True
2026-09-17T06:45:35.766108+00:00,5.533834100002423,155,315.2606969158113,241.54089622445,315.0,241.0,315.0,241.0,0.6004428428566599,TRACKING,-1.13125,0.5249999999999998,34.02760000608396,29.36348767477106,True,True
2026-09-17T06:45:35.802274+00:00,5.569998499995563,156,315.303137020327,240.8761843568415,315.0,240.0,315.0,240.0,0.9271413485906307,TRACKING,-1.1625,0.5249999999999998,36.133200002950616,27.651502587895344,True,True
2026-09-17T06:45:35.835303+00:00,5.603029599995352,157,315.4616316195113,240.9993262310031,315.0,240.0,315.0,240.0,1.1007981959030848,TRACKING,-1.19375,0.5249999999999998,32.99979999428615,30.27449888155052,True,True
2026-09-17T06:45:35.872396+00:00,5.640123999997741,158,315.7392064966417,240.91001405638067,315.0,240.0,315.0,240.0,1.1724128229799118,TRACKING,-1.225,0.5249999999999998,37.06610000517685,26.95824706520704,True,True
2026-09-17T06:45:35.908446+00:00,5.676161299998057,159,316.1388130136986,240.6084710668977,316.0,240.0,316.0,240.0,0.6241042316982849,TRACKING,-1.25,0.5249999999999998,36.00739999092184,27.749026702644716,True,True
2026-09-17T06:45:35.944015+00:00,5.711739300008048,160,315.66332626685937,240.09545096298748,315.0,240.0,315.0,240.0,0.6701586548279657,TRACKING,-1.28125,0.5249999999999998,35.43939998780843,28.10725728594002,True,True
2026-09-17T06:45:35.981989+00:00,5.749716300008004,161,316.31554328965746,239.37223602773398,316.0,239.0,316.0,239.0,0.4879828152619906,TRACKING,-1.30625,0.5187499999999998,37.939399990136735,26.331727098011353,True,True
2026-09-17T06:45:36.014764+00:00,5.782487400007085,162,316.0981813049274,239.44063392183236,316.0,239.0,316.0,239.0,0.45143972101113095,TRACKING,-1.3312499999999998,0.5124999999999998,32.743600007961504,30.514691298980885,True,True
2026-09-17T06:45:36.058566+00:00,5.826289200005704,163,316.0138760266281,239.3029731653783,316.0,239.0,316.0,239.0,0.30329075662526367,TRACKING,-1.3562499999999997,0.5062499999999999,43.76290000800509,22.830112005249468,True,True
2026-09-17T06:45:36.133650+00:00,5.901374699998996,164,316.06518001260906,238.9620973177807,316.0,238.0,316.0,238.0,0.964302692583876,TRACKING,-1.3812499999999996,0.49374999999999986,75.0460999988718,13.318150642791617,True,True
2026-09-17T06:45:36.186567+00:00,5.954245600005379,165,316.25456106934337,239.42135787034394,316.0,239.0,316.0,239.0,0.49228426028669536,TRACKING,-1.4062499999999996,0.4874999999999999,52.833099995041266,18.913996165741025,True,True
2026-09-17T06:45:36.222239+00:00,5.989961700004642,166,316.5844007096294,238.68460586928495,316.0,238.0,316.0,238.0,0.9001163178582758,TRACKING,-1.4312499999999995,0.47499999999999987,35.58769999654032,27.998577672832038,True,True
2026-09-17T06:45:36.254253+00:00,6.02198020000651,167,317.05699266422323,238.75618229012358,317.0,238.0,317.0,238.0,0.7583269873028373,TRACKING,-1.4499999999999995,0.46249999999999986,31.974600002286024,31.231944030533956,True,True
2026-09-17T06:45:36.282727+00:00,6.050447000001441,168,316.67454144833107,238.64090718750387,316.0,238.0,316.0,238.0,0.9304666509395695,TRACKING,-1.4749999999999994,0.44999999999999984,28.44179999374319,35.128641089904036,True,True
2026-09-17T06:45:36.316198+00:00,6.0839234000013676,169,317.43916098385944,238.34406764756855,317.0,238.0,317.0,238.0,0.5578932835657243,TRACKING,-1.4937499999999995,0.43749999999999983,33.42720000364352,29.871790276200148,True,True
2026-09-17T06:45:36.348983+00:00,6.116700200000196,170,317.35287327828235,237.87140457299668,317.0,237.0,317.0,237.0,0.9401412023548686,TRACKING,-1.5124999999999995,0.41874999999999984,32.73849999823142,30.509384687820365,True,True
2026-09-17T06:45:36.379140+00:00,6.146867300005397,171,317.41760716095274,238.22909833373646,317.0,238.0,317.0,238.0,0.4763210969501884,TRACKING,-1.5312499999999996,0.40624999999999983,30.119199989712797,33.148695095902205,True,True
2026-09-17T06:45:36.413522+00:00,6.181245800005854,172,317.63519707764715,237.42375331929966,317.0,237.0,317.0,237.0,0.7635720025439388,TRACKING,-1.5499999999999996,0.38749999999999984,34.345300009590574,29.087947408604176,True,True
2026-09-17T06:45:36.443278+00:00,6.211001400006353,173,318.00738194409587,237.46238143122682,318.0,237.0,318.0,237.0,0.4624403540371384,TRACKING,-1.5624999999999996,0.36874999999999986,29.7127000085311,33.60711933159594,True,True
2026-09-17T06:45:36.475019+00:00,6.24273969999922,174,317.5358040592186,237.35238455698553,317.0,237.0,317.0,237.0,0.641296238782843,TRACKING,-1.5812499999999996,0.34999999999999987,31.696699996246025,31.50767370100951,True,True
2026-09-17T06:45:36.509487+00:00,6.27721250000468,175,318.2220080787401,237.1015360691064,318.0,237.0,318.0,237.0,0.24412529642674374,TRACKING,-1.5937499999999996,0.3312499999999999,34.43070000503212,29.008377614861853,True,True
2026-09-17T06:45:36.542933+00:00,6.310656800007564,176,318.06744004983057,236.7179613957998,318.0,236.0,318.0,236.0,0.7211218525186517,TRACKING,-1.6062499999999995,0.30624999999999986,33.40889999526553,29.900461361540337,True,True
2026-09-17T06:45:36.574271+00:00,6.341997600000468,177,318.07344650737423,237.21011771161753,318.0,237.0,318.0,237.0,0.2225844607803052,TRACKING,-1.6187499999999995,0.28749999999999987,31.301900002290495,31.907290184883983,True,True
2026-09-17T06:45:36.608076+00:00,6.375797400003648,178,318.2412736324274,236.58677279892024,318.0,236.0,318.0,236.0,0.634440921802341,TRACKING,-1.6312499999999994,0.26249999999999984,33.7683000107063,29.585973878718463,True,True
2026-09-17T06:45:36.642972+00:00,6.410693400001037,179,318.57206647339746,236.85698313298812,318.0,236.0,318.0,236.0,1.030378639244591,TRACKING,-1.6437499999999994,0.23749999999999985,34.85559999535326,28.656579552809337,True,True
2026-09-17T06:45:36.677397+00:00,6.445120500007761,180,319.06686823042367,237.03007124554935,319.0,237.0,319.0,237.0,0.0733187564602795,TRACKING,-1.6499999999999995,0.21874999999999983,34.38110000570305,29.046884570721765,True,True
2026-09-17T06:45:36.711023+00:00,6.478747700006352,181,318.72661960341156,236.11560242330498,318.0,236.0,318.0,236.0,0.7357580909075764,TRACKING,-1.6624999999999994,0.19374999999999984,33.585800003493205,29.7378312806864,True,True
2026-09-17T06:45:36.745477+00:00,6.513202400004957,182,319.55215820412604,236.12336079969495,319.0,236.0,319.0,236.0,0.565770774505962,TRACKING,-1.6687499999999995,0.16874999999999984,34.41969999403227,29.023616517934737,True,True
2026-09-17T06:45:36.776631+00:00,6.54435330000706,183,319.5442180327113,236.0633248996588,319.0,236.0,319.0,236.0,0.5478898703616794,TRACKING,-1.6749999999999996,0.14374999999999985,31.115999998291954,32.10180122989963,True,True
2026-09-17T06:45:36.819875+00:00,6.587596099998336,184,319.7034290189645,235.9456426985209,319.0,235.0,319.0,235.0,1.178580713395274,TRACKING,-1.6812499999999997,0.11249999999999985,43.193799996515736,23.125237038344924,True,True
2026-09-17T06:45:36.884030+00:00,6.65175440000894,185,320.03031662865055,236.78060625733687,320.0,236.0,320.0,236.0,0.7811947433042623,TRACKING,-1.6812499999999997,0.08749999999999986,64.08579999697395,15.586447892707936,True,True
2026-09-17T06:45:36.927402+00:00,6.695128300008946,186,319.52530153510247,236.57862599810028,319.0,236.0,319.0,236.0,0.7815047974635579,TRACKING,-1.6874999999999998,0.062499999999999854,43.336899994756095,23.055339731955453,True,True
2026-09-17T06:45:36.958514+00:00,6.726238300005207,187,320.18869935631494,236.3502046831105,320.0,236.0,320.0,236.0,0.39780744983747157,TRACKING,-1.6874999999999998,0.03749999999999985,31.08040000370238,32.14400514690436,True,True
2026-09-17T06:45:36.987664+00:00,6.755388200006564,188,320.02072045769273,236.10591116353544,320.0,236.0,320.0,236.0,0.10791900633543051,TRACKING,-1.6874999999999998,0.012499999999999852,29.110099989338778,34.30543500847128,True,True
2026-09-17T06:45:37.018929+00:00,6.786653800008935,189,320.02146982057945,235.8563539627889,320.0,235.0,320.0,235.0,0.8566230575813056,TRACKING,-1.6874999999999998,-0.01875000000000015,31.23069999855943,31.984033568016383,True,True
2026-09-17T06:45:37.047372+00:00,6.815090799995232,190,320.19094697664787,236.61215476074625,320.0,236.0,320.0,236.0,0.6412442584501317,TRACKING,-1.6874999999999998,-0.04375000000000015,28.39989999483805,35.16545347546705,True,True
2026-09-17T06:45:37.078922+00:00,6.846648999999161,191,320.5290460081921,236.3839218450761,320.0,236.0,320.0,236.0,0.6536709125474531,TRACKING,-1.6874999999999998,-0.06875000000000014,31.507400010013953,31.68748534059343,True,True
2026-09-17T06:45:37.110943+00:00,6.878666300006444,192,321.035555614323,236.1822235960466,321.0,236.0,321.0,236.0,0.18566001364334153,TRACKING,-1.6812499999999997,-0.09375000000000014,31.99059999315068,31.233114590316386,True,True
2026-09-17T06:45:37.140937+00:00,6.908661699999357,193,320.7101592430243,236.0175620710784,320.0,236.0,320.0,236.0,0.7103763627777883,TRACKING,-1.6812499999999997,-0.11875000000000013,29.95300000475254,33.33844523614518,True,True
2026-09-17T06:45:37.173855+00:00,6.941579100006493,194,321.5524352889874,235.90034675506976,321.0,235.0,321.0,235.0,1.056318620437621,TRACKING,-1.6749999999999996,-0.15000000000000013,32.87960001034662,30.37907002932218,True,True
2026-09-17T06:45:37.206745+00:00,6.974468000000343,195,321.56185735710085,236.84086854210676,321.0,236.0,321.0,236.0,1.0113078635277692,TRACKING,-1.6687499999999995,-0.17500000000000013,32.848599992576055,30.40539513899813,True,True
2026-09-17T06:45:37.238518+00:00,7.006243299998459,196,321.7377945914302,236.8492740135861,321.0,236.0,321.0,236.0,1.1249920929927892,TRACKING,-1.6624999999999994,-0.20000000000000012,31.680000000051223,31.470985326944827,True,True
2026-09-17T06:45:37.268444+00:00,7.036171900006593,197,322.07951206948235,236.93554007704702,322.0,236.0,322.0,236.0,0.9389128846461288,TRACKING,-1.6499999999999995,-0.22500000000000012,29.89510000043083,33.412855921367075,True,True
2026-09-17T06:45:37.299219+00:00,7.066938200005097,198,321.58617126150824,237.1094490290977,321.0,237.0,321.0,237.0,0.5963018009268399,TRACKING,-1.6437499999999994,-0.24375000000000013,30.738300003577024,32.5030959214667,True,True
2026-09-17T06:45:37.330443+00:00,7.098171400008141,199,322.256830554557,236.38056410476813,322.0,236.0,322.0,236.0,0.459119779133957,TRACKING,-1.6312499999999994,-0.26875000000000016,31.18730000278447,32.01721245029481,True,True
2026-09-17T06:45:37.363393+00:00,7.131117099997937,200,322.0904458409525,236.7582055744036,322.0,236.0,322.0,236.0,0.7635811307269867,TRACKING,-1.6187499999999995,-0.2937500000000002,32.920600002398714,30.352974752690983,True,True
2026-09-17T06:45:37.397148+00:00,7.164870399996289,201,322.08587117082766,237.25142744784193,322.0,237.0,322.0,237.0,0.2656870706444356,TRACKING,-1.6062499999999995,-0.31250000000000017,33.71559998777229,29.626732794980516,True,True
2026-09-17T06:45:37.431980+00:00,7.199698099997477,202,322.2418594683052,236.86899484410495,322.0,236.0,322.0,236.0,0.9020244129123475,TRACKING,-1.5937499999999996,-0.3375000000000002,34.785900003043935,28.712777472124202,True,True
2026-09-17T06:45:37.467127+00:00,7.234847200001241,203,322.5570633108795,237.6193620831652,322.0,237.0,322.0,237.0,0.8330239626750331,TRACKING,-1.5812499999999996,-0.3562500000000002,34.926499996799976,28.45023058607226,True,True
2026-09-17T06:45:37.500848+00:00,7.26857280000695,204,323.0300357715123,237.51065155454882,323.0,237.0,323.0,237.0,0.5115341217684903,TRACKING,-1.5624999999999996,-0.37500000000000017,33.67889999935869,29.651066247322664,True,True
2026-09-17T06:45:37.534812+00:00,7.302532300003804,205,322.65923132291414,237.55063341559242,322.0,237.0,322.0,237.0,0.8589430106113526,TRACKING,-1.5499999999999996,-0.39375000000000016,33.92470000835601,29.44684109285001,True,True
2026-09-17T06:45:37.566057+00:00,7.333782900008373,206,323.44300680344975,237.7467061700955,323.0,237.0,323.0,237.0,0.8682310362809338,TRACKING,-1.5312499999999996,-0.41250000000000014,31.20389999821782,31.99938560711809,True,True
2026-09-17T06:45:37.600937+00:00,7.368658899998991,207,323.3796224440594,238.1058781759149,323.0,238.0,323.0,238.0,0.39411088308838477,TRACKING,-1.5124999999999995,-0.42500000000000016,34.84459999890532,28.67301296791531,True,True
2026-09-17T06:45:37.631678+00:00,7.399401700007729,208,323.46724295555856,237.63475012771946,323.0,237.0,323.0,237.0,0.7881774572765742,TRACKING,-1.4937499999999995,-0.44375000000000014,30.702900010510348,32.527941492504176,True,True
2026-09-17T06:45:37.660058+00:00,7.427781999998842,209,323.7039386756342,238.3394985586909,323.0,238.0,323.0,238.0,0.7815298653326446,TRACKING,-1.4749999999999994,-0.45625000000000016,28.341299999738112,35.23570928824343,True,True
2026-09-17T06:45:37.692629+00:00,7.460347300002468,210,324.0876867748201,238.22586040240807,324.0,238.0,324.0,238.0,0.24228473301941228,TRACKING,-1.4499999999999995,-0.46875000000000017,32.526299997698516,30.707532247167116,True,True
2026-09-17T06:45:37.729887+00:00,7.497611600003438,211,323.6163725207001,238.29911865350002,323.0,238.0,323.0,238.0,0.685118276756555,TRACKING,-1.4312499999999995,-0.4812500000000002,37.21400001086295,26.835335695933185,True,True
2026-09-17T06:45:37.769359+00:00,7.537082900002133,212,324.2877905995467,238.5640891629114,324.0,238.0,324.0,238.0,0.6332614096102273,TRACKING,-1.4062499999999996,-0.4937500000000002,39.43309999885969,25.334863559929904,True,True
2026-09-17T06:45:37.802653+00:00,7.570377299998654,213,324.0996464945703,239.0251086007829,324.0,239.0,324.0,239.0,0.10276120724002628,TRACKING,-1.3812499999999996,-0.5000000000000002,33.23129999625962,30.035080977716778,True,True
2026-09-17T06:45:37.838224+00:00,7.605950900004245,214,324.049557919918,238.686023617034,324.0,238.0,324.0,238.0,0.6878113044687668,TRACKING,-1.3562499999999997,-0.5125000000000002,35.53380000812467,28.110733798176874,True,True
2026-09-17T06:45:37.875272+00:00,7.642995000001974,215,324.13505630952386,239.55018122674235,324.0,239.0,324.0,239.0,0.566515303413708,TRACKING,-1.3312499999999998,-0.5187500000000002,37.01309999451041,26.9948520833629,True,True
2026-09-17T06:45:37.908374+00:00,7.676094599999487,216,324.3535883598835,239.62042044434824,324.0,239.0,324.0,239.0,0.7141052135437427,TRACKING,-1.30625,-0.5250000000000001,33.055400010198355,30.211845462638127,True,True
2026-09-17T06:45:37.944405+00:00,7.712123699995573,217,324.7025176257842,239.89906518759767,324.0,239.0,324.0,239.0,1.1409860762022905,TRACKING,-1.28125,-0.5312500000000001,35.983800000394695,27.755342212507514,True,True
2026-09-17T06:45:37.980259+00:00,7.747984200002975,218,325.17912616799856,240.38791846895793,325.0,240.0,325.0,240.0,0.4272785070893653,TRACKING,-1.25,-0.5312500000000001,35.80589999910444,27.885835384157634,True,True
2026-09-17T06:45:38.014395+00:00,7.782115900001372,219,324.78061625190776,240.08825788902556,324.0,240.0,324.0,240.0,0.7855897069830822,TRACKING,-1.225,-0.5312500000000001,34.09760000067763,29.298276969707164,True,True
2026-09-17T06:45:38.050476+00:00,7.818200699999579,220,325.5041120959942,240.00083244319023,325.0,240.0,325.0,240.0,0.5041127833028081,TRACKING,-1.19375,-0.5312500000000001,36.04110000014771,27.71249944712699,True,True
2026-09-17T06:45:38.089433+00:00,7.857151600008365,221,325.34666166911194,240.12586064953615,325.0,240.0,325.0,240.0,0.3688024077106016,TRACKING,-1.1625,-0.5312500000000001,38.91440000734292,25.673347721732895,True,True
2026-09-17T06:45:38.126497+00:00,7.894205700009479,222,325.30523853540944,240.46303000266096,325.0,240.0,325.0,240.0,0.5545875466174017,TRACKING,-1.13125,-0.5312500000000001,37.0033999934094,26.987566827150694,True,True
2026-09-17T06:45:38.164347+00:00,7.9320714000059525,223,325.37674374575374,241.01149775477614,325.0,241.0,325.0,241.0,0.3769191535720266,TRACKING,-1.1,-0.5250000000000001,37.74419998808298,26.409124883288516,True,True
2026-09-17T06:45:38.198853+00:00,7.966577200000756,224,325.55800777447337,240.7698930221381,325.0,240.0,325.0,240.0,0.9508459086043567,TRACKING,-1.06875,-0.5250000000000001,34.47480000613723,28.980635143963752,True,True
2026-09-17T06:45:38.237219+00:00,8.004939100006595,225,325.8457925002074,241.73632021154282,325.0,241.0,325.0,241.0,1.1213975242230172,TRACKING,-1.0375,-0.5187500000000002,38.323300002957694,26.067530540661334,True,True
2026-09-17T06:45:38.273336+00:00,8.041046199999982,226,326.23679322962744,241.90836375832245,326.0,241.0,326.0,241.0,0.9387202730478774,TRACKING,-1.0,-0.5125000000000002,36.06440000294242,27.69538401541921,True,True
2026-09-17T06:45:38.306921+00:00,8.074642000006861,227,325.7276407627621,242.28309416399858,325.0,242.0,325.0,242.0,0.7807710197766682,TRACKING,-0.96875,-0.5000000000000002,33.51720000500791,29.765625458993544,True,True
2026-09-17T06:45:38.344364+00:00,8.112091000002692,228,326.3149034986378,241.8570753185026,326.0,241.0,326.0,241.0,0.9130949102041296,TRACKING,-0.93125,-0.49375000000000024,37.409099997603334,26.702982726142594,True,True
2026-09-17T06:45:38.376424+00:00,8.14414879999822,229,325.9950895799183,242.62637308866198,325.0,242.0,325.0,242.0,1.1758173830412055,TRACKING,-0.9,-0.48125000000000023,32.022700004745275,31.193656462374538,True,True
2026-09-17T06:45:38.413101+00:00,8.180825400006142,230,326.7646490752003,242.58656515148363,326.0,242.0,326.0,242.0,0.9637151473021763,TRACKING,-0.8625,-0.4687500000000002,36.638400008087046,27.265340838136396,True,True
2026-09-17T06:45:38.446780+00:00,8.2144990000088,231,326.61997619760695,242.7327520476589,326.0,242.0,326.0,242.0,0.9598416791051869,TRACKING,-0.8250000000000001,-0.4562500000000002,33.634000006713904,29.69685450682662,True,True
2026-09-17T06:45:38.482270+00:00,8.249994600002537,232,326.5574115582857,243.05956942765985,326.0,243.0,326.0,243.0,0.5605855528126131,TRACKING,-0.7875000000000001,-0.4375000000000002,35.43839999474585,28.172505893024283,True,True
2026-09-17T06:45:38.517097+00:00,8.284817899999325,233,326.5732444534078,242.56120145981947,326.0,242.0,326.0,242.0,0.8022195970345908,TRACKING,-0.7500000000000001,-0.4250000000000002,34.7775999980513,28.716405397887225,True,True
2026-09-17T06:45:38.549716+00:00,8.317441999999573,234,326.6637151832381,243.2313953668823,326.0,243.0,326.0,243.0,0.7028951986429842,TRACKING,-0.7125000000000001,-0.4062500000000002,32.57579999626614,30.652186573495953,True,True
2026-09-17T06:45:38.587401+00:00,8.3551218000066,235,326.8250174018233,243.0634770546906,326.0,243.0,326.0,243.0,0.8274557690797991,TRACKING,-0.6750000000000002,-0.38750000000000023,37.645300006261095,26.539418994090124,True,True
2026-09-17T06:45:38.622354+00:00,8.390081799996551,236,327.0533004958363,243.05036779394462,327.0,243.0,327.0,243.0,0.07333387705040498,TRACKING,-0.6312500000000002,-0.36875000000000024,34.91339999891352,28.604119001357034,True,True
2026-09-17T06:45:38.656960+00:00,8.42468340000778,237,326.34467199108246,243.1846019133389,326.0,243.0,326.0,243.0,0.3909944345449575,TRACKING,-0.5937500000000002,-0.35000000000000026,34.57139999954961,28.90039766009345,True,True
2026-09-17T06:45:38.694752+00:00,8.462461700008134,238,326.69519998517,243.45834545985224,326.0,243.0,326.0,243.0,0.8326965713556999,TRACKING,-0.5562500000000002,-0.33125000000000027,37.73680000449531,26.470222323148803,True,True
2026-09-17T06:45:38.729701+00:00,8.497424400004093,239,327.1009156048218,243.86341577955136,327.0,243.0,327.0,243.0,0.8692932575804521,TRACKING,-0.5125000000000003,-0.3125000000000003,34.90179999789689,28.60191003885861,True,True
2026-09-17T06:45:38.764232+00:00,8.531954999998561,240,326.55781548629005,244.39130196996308,326.0,244.0,326.0,244.0,0.6813775373770378,TRACKING,-0.4750000000000003,-0.28750000000000026,34.48799999023322,28.95982114878372,True,True
2026-09-17T06:45:38.799937+00:00,8.567658300002222,241,327.06186427733047,244.03318615289925,327.0,244.0,327.0,244.0,0.0702033443211484,TRACKING,-0.4312500000000003,-0.26250000000000023,35.645299998577684,28.008615447240587,True,True
2026-09-17T06:45:38.833747+00:00,8.601471400004812,242,326.6089971591644,243.77996551455905,326.0,243.0,326.0,243.0,0.9895573473890636,TRACKING,-0.39375000000000027,-0.24375000000000024,33.77350000664592,29.574336571429807,True,True
2026-09-17T06:45:38.870795+00:00,8.638521100001526,243,327.19512238685877,244.62227505782312,327.0,244.0,327.0,244.0,0.6521495177045118,TRACKING,-0.35000000000000026,-0.21875000000000025,37.01159999764059,26.99077185749625,True,True
2026-09-17T06:45:38.902774+00:00,8.670488700008718,244,326.8161238465344,244.55051100986975,326.0,244.0,326.0,244.0,0.9844391829208942,TRACKING,-0.3125000000000002,-0.19375000000000026,31.93209999881219,31.281672686564363,True,True
2026-09-17T06:45:38.941655+00:00,8.709377400009544,245,327.4678636278014,244.55485482660424,327.0,244.0,327.0,244.0,0.7257825106914121,TRACKING,-0.2687500000000002,-0.16875000000000026,38.82429999066517,25.71441061230581,True,True
2026-09-17T06:45:38.978027+00:00,8.745749199995771,246,327.1461846098205,244.62529773390696,327.0,244.0,327.0,244.0,0.6421582329749888,TRACKING,-0.2250000000000002,-0.14375000000000027,36.33280000940431,27.493827646106627,True,True
2026-09-17T06:45:39.010263+00:00,8.77798719999555,247,326.84691305936644,244.75166574435525,326.0,244.0,326.0,244.0,1.1323705759876317,TRACKING,-0.1875000000000002,-0.11875000000000027,32.175899992580526,31.01929400108092,True,True
2026-09-17T06:45:39.044921+00:00,8.812644899997395,248,327.56586123927605,244.92364508689377,327.0,244.0,327.0,244.0,1.0831985915140512,TRACKING,-0.14375000000000018,-0.09375000000000028,34.624499996425584,28.853616943616803,True,True
2026-09-17T06:45:39.078691+00:00,8.84641460000421,249,327.2988300256485,245.13080798589124,327.0,245.0,327.0,245.0,0.3262056305492057,TRACKING,-0.10000000000000017,-0.06250000000000028,33.73589999682736,29.612344788322122,True,True
2026-09-17T06:45:39.118511+00:00,8.88623240000743,250,327.04161153215966,244.362638725148,327.0,244.0,327.0,244.0,0.365018307192452,TRACKING,-0.05625000000000017,-0.037500000000000276,39.76400000101421,25.11439607208644,True,True
2026-09-17T06:45:39.150977+00:00,8.918682700008503,251,326.7899917398553,244.60855993171103,326.0,244.0,326.0,244.0,0.9972121838022768,TRACKING,-0.018750000000000162,-0.012500000000000275,32.37509999598842,30.816356088138313,True,True
2026-09-17T06:45:39.189633+00:00,8.957356900005834,252,327.53975313077467,244.85795901379683,327.0,244.0,327.0,244.0,1.0136207927702978,TRACKING,0.024999999999999842,0.012499999999999727,38.60889999486972,25.857031304306542,True,True
2026-09-17T06:45:39.225669+00:00,8.993395600002259,253,327.2866773237624,245.10021468674427,327.0,245.0,327.0,245.0,0.30368877390975385,TRACKING,0.06874999999999984,0.04374999999999973,35.99530000064988,27.747948735642613,True,True
2026-09-17T06:45:39.257393+00:00,9.025117400000454,254,327.02654771082024,244.3247235206953,327.0,244.0,327.0,244.0,0.3258069149704261,TRACKING,0.11249999999999985,0.06874999999999973,31.691399999544956,31.524062318560226,True,True
2026-09-17T06:45:39.292692+00:00,9.060407299999497,255,326.755152092348,244.52092644364643,326.0,244.0,326.0,244.0,0.917397973764755,TRACKING,0.14999999999999986,0.09374999999999972,35.24469998956192,28.33671957209057,True,True
2026-09-17T06:45:39.326617+00:00,9.094342099997448,256,327.4682853096333,244.67833513363087,327.0,244.0,327.0,244.0,0.8242752481643274,TRACKING,0.19374999999999987,0.11874999999999972,33.87020000081975,29.468274457500364,True,True
2026-09-17T06:45:39.362722+00:00,9.130447899995488,257,327.161751872937,244.78655823406,327.0,244.0,327.0,244.0,0.8030177606791898,TRACKING,0.23749999999999988,0.1437499999999997,36.05899999092799,27.69638119233686,True,True
2026-09-17T06:45:39.400276+00:00,9.167996500007575,258,326.83136858353845,244.83532732670398,326.0,244.0,326.0,244.0,1.17853530470374,TRACKING,0.2749999999999999,0.1687499999999997,37.508999987039715,26.63215138988112,True,True
2026-09-17T06:45:39.440973+00:00,9.208700000002864,259,327.47296714809954,244.8145225973895,327.0,244.0,327.0,244.0,0.9418837427408695,TRACKING,0.3187499999999999,0.1937499999999997,40.66130000865087,24.567911853176096,True,True
2026-09-17T06:45:39.476666+00:00,9.2443934000039,260,327.0823967837102,244.71419813026455,327.0,244.0,327.0,244.0,0.718935462499354,TRACKING,0.36249999999999993,0.2187499999999997,35.65300001355354,28.016383980538386,True,True
2026-09-17T06:45:39.515363+00:00,9.283084900001995,261,326.65552681199495,244.52460676740884,326.0,244.0,326.0,244.0,0.8395997032249422,TRACKING,0.3999999999999999,0.2437499999999997,38.66520000156015,25.84546993652994,True,True
2026-09-17T06:45:39.550288+00:00,9.31801240000641,262,327.1882492406504,244.23622447165195,327.0,244.0,327.0,244.0,0.30205922865010826,TRACKING,0.4437499999999999,0.2687499999999997,34.87580000364687,28.630735090504917,True,True
2026-09-17T06:45:39.590866+00:00,9.358589499999653,263,326.67648133080775,243.83977413170618,326.0,243.0,326.0,243.0,1.0783541084515262,TRACKING,0.48124999999999996,0.2874999999999997,40.542799994000234,24.644442312696704,True,True
2026-09-17T06:45:39.628211+00:00,9.395927400008077,264,327.11616814861225,244.32624875011413,327.0,244.0,327.0,244.0,0.34631385433307516,TRACKING,0.5249999999999999,0.3124999999999997,37.301600008504465,26.78243821356798,True,True
2026-09-17T06:45:39.664672+00:00,9.432395399999223,265,326.50328509942307,243.68693395605032,326.0,243.0,326.0,243.0,0.8515715773064741,TRACKING,0.5624999999999999,0.3312499999999997,36.414000001968816,27.42130087317074,True,True
2026-09-17T06:45:39.700157+00:00,9.467863800004125,266,326.8338404430561,243.91342978671128,326.0,243.0,326.0,243.0,1.2367877181341123,TRACKING,0.5999999999999999,0.3499999999999997,35.42379999998957,28.194110810236566,True,True
2026-09-17T06:45:39.733830+00:00,9.501555199996801,267,327.10387778848985,243.99767168284666,327.0,243.0,327.0,243.0,1.0030649937544551,TRACKING,0.6437499999999998,0.3687499999999997,33.612999992328696,29.681164932812866,True,True
2026-09-17T06:45:39.770129+00:00,9.537827499996638,268,326.3094785664815,243.93195064595818,326.0,243.0,326.0,243.0,0.9819923572071864,TRACKING,0.6812499999999998,0.3874999999999997,36.235399995348416,27.569247056417662,True,True
2026-09-17T06:45:39.806394+00:00,9.57411790000333,269,326.4467644785466,243.7089325067813,326.0,243.0,326.0,243.0,0.837964079458202,TRACKING,0.7187499999999998,0.40624999999999967,36.20490001048893,27.555496765414563,True,True
2026-09-17T06:45:39.839705+00:00,9.607423000008566,270,326.5118999207667,243.32167625688783,326.0,243.0,326.0,243.0,0.6045801378860707,TRACKING,0.7562499999999998,0.42499999999999966,33.26840000227094,30.025431535794013,True,True
2026-09-17T06:45:39.872479+00:00,9.64020399999572,271,326.50109438091977,242.76365139759343,326.0,242.0,326.0,242.0,0.9133778164789043,TRACKING,0.7937499999999997,0.43749999999999967,32.72160000051372,30.505475744848955,True,True
2026-09-17T06:45:39.909698+00:00,9.677421800006414,272,326.4106048074245,243.0287542628023,326.0,243.0,326.0,243.0,0.4116103928588236,TRACKING,0.8312499999999997,0.45624999999999966,37.186000001383945,26.86886381550385,True,True
2026-09-17T06:45:39.947311+00:00,9.715035600005649,273,326.23673794862697,242.11132327499405,326.0,242.0,326.0,242.0,0.26160605473785425,TRACKING,0.8687499999999997,0.46874999999999967,37.57250000489876,26.585987058482072,True,True
2026-09-17T06:45:39.983220+00:00,9.750946800006204,274,325.9758526609632,242.0061530962194,325.0,242.0,325.0,242.0,0.9758720594945018,TRACKING,0.8999999999999997,0.4812499999999997,35.87809999589808,27.846465726139424,True,True
2026-09-17T06:45:40.018198+00:00,9.785918499997933,275,326.62436218455395,241.70850763873335,326.0,241.0,326.0,241.0,0.9443575655674518,TRACKING,0.9374999999999997,0.48749999999999966,34.93789999629371,28.594549313773776,True,True
2026-09-17T06:45:40.051213+00:00,9.818941100005759,276,326.17873638481404,242.214131902749,326.0,242.0,326.0,242.0,0.2789250204468872,TRACKING,0.9749999999999996,0.49999999999999967,32.97499999462161,30.28229151438787,True,True
2026-09-17T06:45:40.087407+00:00,9.855124699999578,277,325.6355039586711,241.51926261172002,325.0,241.0,325.0,241.0,0.8206698126633817,TRACKING,1.0062499999999996,0.5062499999999996,36.155599998892285,27.63682994977871,True,True
2026-09-17T06:45:40.124014+00:00,9.891722500004107,278,325.99125460401655,241.62063761857303,325.0,241.0,325.0,241.0,1.1695198773736168,TRACKING,1.0374999999999996,0.5124999999999996,36.540100001730025,27.324046797246115,True,True
2026-09-17T06:45:40.160840+00:00,9.928563499997836,279,326.2426411510346,241.51550405937593,326.0,241.0,326.0,241.0,0.5697535988552052,TRACKING,1.0749999999999997,0.5187499999999996,36.76249999261927,27.143671457621462,True,True
2026-09-17T06:45:40.198346+00:00,9.966072399998666,280,325.3863816540731,241.201625234064,325.0,241.0,325.0,241.0,0.4358250997999367,TRACKING,1.1062499999999997,0.5249999999999996,37.46960000717081,26.6603392788876,True,True
2026-09-17T06:45:40.237191+00:00,10.004915500001516,281,325.419261442754,240.67728619702575,325.0,240.0,325.0,240.0,0.7965530428425889,TRACKING,1.1374999999999997,0.5249999999999996,38.81349999574013,25.744598137806133,True,True
2026-09-17T06:45:40.273262+00:00,10.040978799996083,282,325.33813513103644,240.94129804357306,325.0,240.0,325.0,240.0,1.0001886690397428,TRACKING,1.1687499999999997,0.5249999999999996,36.02559999853838,27.729020920178304,True,True
2026-09-17T06:45:40.306525+00:00,10.074249400000554,283,325.1399285829813,240.99300088158435,325.0,240.0,325.0,240.0,1.0028114275188829,TRACKING,1.1999999999999997,0.5249999999999996,33.219199991435744,30.05656645403509,True,True
2026-09-17T06:45:40.340507+00:00,10.108221300004516,284,324.8216408339867,240.83226548089078,324.0,240.0,324.0,240.0,1.169512501325536,TRACKING,1.2249999999999996,0.5249999999999996,33.926600008271635,29.43609276735678,True,True
2026-09-17T06:45:40.375100+00:00,10.142823200003477,285,325.3803459662916,240.45949359628486,325.0,240.0,325.0,240.0,0.5964875682703562,TRACKING,1.2562499999999996,0.5249999999999996,34.546499999123625,28.900147102616526,True,True
2026-09-17T06:45:40.414372+00:00,10.182095800002571,286,324.81319493758104,239.87561696334222,324.0,239.0,324.0,239.0,1.194985804518237,TRACKING,1.2812499999999996,0.5187499999999996,39.23040001245681,25.463045482679014,True,True
2026-09-17T06:45:40.456516+00:00,10.224235600006068,287,325.11741736154323,240.08209496956806,325.0,240.0,325.0,240.0,0.14327044642966327,TRACKING,1.3124999999999996,0.5187499999999996,42.09590000391472,23.7305350266735,True,True
2026-09-17T06:45:40.493854+00:00,10.26157190000231,288,324.29032323927146,239.0809110066886,324.0,239.0,324.0,239.0,0.3013870837717448,TRACKING,1.3374999999999995,0.5124999999999996,37.28380000393372,26.783585949884685,True,True
2026-09-17T06:45:40.528759+00:00,10.296475900002406,289,324.32930464042636,238.87456751320457,324.0,238.0,324.0,238.0,0.9345105036109301,TRACKING,1.3624999999999994,0.4999999999999996,34.84409999509808,28.650011459925082,True,True
2026-09-17T06:45:40.567018+00:00,10.33474410000781,290,324.23183733310657,239.4660797195981,324.0,239.0,324.0,239.0,0.5205562928662074,TRACKING,1.3874999999999993,0.49374999999999963,38.21919999609236,26.131357102209382,True,True
2026-09-17T06:45:40.602539+00:00,10.37025249999715,291,323.9954823614123,238.85896811182687,323.0,238.0,323.0,238.0,1.3148427088509307,TRACKING,1.4062499999999993,0.4812499999999996,35.467400011839345,28.162350325563082,True,True
2026-09-17T06:45:40.638783+00:00,10.406501799996477,292,324.6178875697126,239.05724963194285,324.0,239.0,324.0,239.0,0.6205340999195184,TRACKING,1.4312499999999992,0.47499999999999964,36.174300010316074,27.586739606518762,True,True
2026-09-17T06:45:40.673024+00:00,10.440747500004363,293,324.09678907266664,238.06542763782892,324.0,238.0,324.0,238.0,0.1168285084195629,TRACKING,1.4562499999999992,0.46249999999999963,34.19700000085868,29.200746364352447,True,True
2026-09-17T06:45:40.706179+00:00,10.47390510000696,294,323.43001267007844,237.88848064714938,323.0,237.0,323.0,237.0,0.9870707962385316,TRACKING,1.4749999999999992,0.44374999999999964,33.11709999979939,30.15899823635313,True,True
2026-09-17T06:45:40.743881+00:00,10.511605699997745,295,323.61547520570036,238.53184989364905,323.0,238.0,323.0,238.0,0.8134334872664226,TRACKING,1.4937499999999992,0.43124999999999963,37.670499994419515,26.52477680048653,True,True
2026-09-17T06:45:40.781772+00:00,10.54947230000107,296,323.65118586913934,238.0014257269019,323.0,238.0,323.0,238.0,0.6511874299032164,TRACKING,1.5124999999999993,0.4187499999999996,37.83129999646917,26.408497195738647,True,True
2026-09-17T06:45:40.817178+00:00,10.584899900000892,297,323.5352474400472,237.30353288950556,323.0,237.0,323.0,237.0,0.6153227097131163,TRACKING,1.5312499999999993,0.39999999999999963,35.36510000412818,28.22658040637971,True,True
2026-09-17T06:45:40.851693+00:00,10.619415199995274,298,323.26585747382217,237.444914708518,323.0,237.0,323.0,237.0,0.5182946017881839,TRACKING,1.5499999999999994,0.38124999999999964,34.47129999403842,28.97265850688727,True,True
2026-09-17T06:45:40.886315+00:00,10.654036200008704,299,322.8413094280787,237.4327162406521,322.0,237.0,322.0,237.0,0.9460681258229883,TRACKING,1.5624999999999993,0.36249999999999966,34.58160000445787,28.884203218048807,True,True
2026-09-17T06:45:40.920494+00:00,10.68821740000567,300,323.25999372917966,237.27446641335501,323.0,237.0,323.0,237.0,0.3780589256620051,TRACKING,1.5812499999999994,0.34374999999999967,34.13830000499729,29.255848246661653,True,True
2026-09-17T06:45:40.958899+00:00,10.72662250000576,301,322.52039877816856,236.97805920641002,322.0,236.0,322.0,236.0,1.107887494090772,TRACKING,1.5937499999999993,0.31874999999999964,38.36500000033993,26.038208467043003,True,True
2026-09-17T06:45:41.010553+00:00,10.778280700003961,302,322.6211118954692,237.55173392109896,322.0,237.0,322.0,237.0,0.8307769293766956,TRACKING,1.6062499999999993,0.29999999999999966,51.6193000075873,19.35801092633556,True,True
2026-09-17T06:45:41.055223+00:00,10.822909299997264,303,322.56082020376425,237.00405458623953,322.0,237.0,322.0,237.0,0.5608348603820471,TRACKING,1.6187499999999992,0.28124999999999967,44.59579999092966,22.40715595268667,True,True
2026-09-17T06:45:41.089845+00:00,10.857568000006722,304,322.3383114485015,236.34388855257288,322.0,236.0,322.0,236.0,0.48240436645810164,TRACKING,1.6312499999999992,0.25624999999999964,34.5655999990413,28.85278443008798,True,True
2026-09-17T06:45:41.123805+00:00,10.8915210999985,305,321.9524747555125,236.58038432900588,321.0,236.0,321.0,236.0,1.1153717448654743,TRACKING,1.6374999999999993,0.23124999999999965,33.910199999809265,29.452391688599498,True,True
2026-09-17T06:45:41.161179+00:00,10.928894600001513,306,322.40230132527415,236.72294871610205,322.0,236.0,322.0,236.0,0.8273458783549633,TRACKING,1.6499999999999992,0.20624999999999966,37.30409999843687,26.756926697241656,True,True
2026-09-17T06:45:41.193993+00:00,10.961713900003815,307,321.6868850633738,236.7812232939802,321.0,236.0,321.0,236.0,1.040250414728713,TRACKING,1.6562499999999993,0.18124999999999966,32.74470000178553,30.469875954997732,True,True
2026-09-17T06:45:41.231421+00:00,10.99913640000159,308,321.8054231467902,236.76506032338477,321.0,236.0,321.0,236.0,1.1108662132781904,TRACKING,1.6624999999999994,0.15624999999999967,37.37749998981599,26.72189191153662,True,True
2026-09-17T06:45:41.265996+00:00,11.033717400001478,309,321.7572165256314,236.68449812016473,321.0,236.0,321.0,236.0,1.0207421531407193,TRACKING,1.6687499999999995,0.13124999999999967,34.48930000013206,28.917613718608624,True,True
2026-09-17T06:45:41.301414+00:00,11.06913980000536,310,321.5416703600177,236.54973596471274,321.0,236.0,321.0,236.0,0.7717618867373143,TRACKING,1.6749999999999996,0.10624999999999968,35.366700001759455,28.230724058517524,True,True
2026-09-17T06:45:41.336544+00:00,11.104269999996177,311,321.1582943918376,236.37110860907467,321.0,236.0,321.0,236.0,0.4034584417465753,TRACKING,1.6812499999999997,0.08124999999999968,35.0956999900518,28.46553678206754,True,True
2026-09-17T06:45:41.372918+00:00,11.140643200007617,312,320.6067032511434,236.15906044545264,320.0,236.0,320.0,236.0,0.6272073502882292,TRACKING,1.6812499999999997,0.05624999999999968,36.337300000013784,27.492769393000703,True,True
2026-09-17T06:45:41.407623+00:00,11.17534539999906,313,320.8866166969943,235.9241194006636,320.0,235.0,320.0,235.0,1.280658359622864,TRACKING,1.6812499999999997,0.024999999999999682,34.665799990762025,28.81661682102513,True,True
2026-09-17T06:45:41.446894+00:00,11.214618500001961,314,320.99785979259815,236.67687062180457,320.0,236.0,320.0,236.0,1.205768636325445,TRACKING,1.6812499999999997,-3.191891195797325e-16,39.235000003827736,25.462721300995252,True,True
2026-09-17T06:45:41.486126+00:00,11.253828600005363,315,320.94036301464126,236.4279300188986,320.0,236.0,320.0,236.0,1.0331537641511819,TRACKING,1.6812499999999997,-0.02500000000000032,39.17160000128206,25.503632990307167,True,True
2026-09-17T06:45:41.523587+00:00,11.2913150999957,316,320.7141622967385,236.18791773064711,320.0,236.0,320.0,236.0,0.7384719761604779,TRACKING,1.6812499999999997,-0.05000000000000032,37.399599998025224,26.676270130787977,True,True
2026-09-17T06:45:41.560391+00:00,11.32810729999619,317,320.3193990069752,235.96743157961524,320.0,235.0,320.0,235.0,1.0187932012403502,TRACKING,1.6812499999999997,-0.08125000000000032,36.76149999955669,27.17967395226855,True,True
2026-09-17T06:45:41.599112+00:00,11.36683680000715,318,319.75631985955744,236.77702058319397,319.0,236.0,319.0,236.0,1.0843342273801388,TRACKING,1.6749999999999996,-0.10625000000000032,38.674299998092465,25.820111277373595,True,True
2026-09-17T06:45:41.636799+00:00,11.404522800003178,319,320.0252767606233,236.6271585865502,320.0,236.0,320.0,236.0,0.6276677523270133,TRACKING,1.6749999999999996,-0.1312500000000003,37.63980000803713,26.53505280755121,True,True
2026-09-17T06:45:41.676625+00:00,11.444342600007076,320,319.12672658831315,236.5282180834695,319.0,236.0,319.0,236.0,0.5432071169357903,TRACKING,1.6687499999999995,-0.1562500000000003,39.780299994163215,25.11313466923802,True,True
2026-09-17T06:45:41.711500+00:00,11.47922490000201,321,319.0612309072356,236.49044429052233,319.0,236.0,319.0,236.0,0.49425178412105836,TRACKING,1.6624999999999994,-0.1812500000000003,34.82139999687206,28.667834407285298,True,True
2026-09-17T06:45:41.751139+00:00,11.518863600009354,322,318.82945561750796,236.52392953935927,318.0,236.0,318.0,236.0,0.9810702235970328,TRACKING,1.6499999999999995,-0.2062500000000003,39.601099997526035,25.227870737807027,True,True
2026-09-17T06:45:41.783744+00:00,11.551466699995217,323,319.4321705385903,236.63858805113728,319.0,236.0,319.0,236.0,0.771081106940595,TRACKING,1.6437499999999994,-0.2312500000000003,32.56669999973383,30.67192998314904,True,True
2026-09-17T06:45:41.823851+00:00,11.591576400009217,324,318.8702489281734,236.8441311561304,318.0,236.0,318.0,236.0,1.212390451025161,TRACKING,1.6312499999999994,-0.2562500000000003,40.065399996819906,24.93162500968498,True,True
2026-09-17T06:45:41.863607+00:00,11.631325199996354,325,319.1446669364209,237.15004302046077,319.0,237.0,319.0,237.0,0.20842607918011893,TRACKING,1.6249999999999993,-0.2750000000000003,39.715199993224815,25.15799219910033,True,True
2026-09-17T06:45:41.900098+00:00,11.667824300006032,326,318.25650299590757,236.56555694062382,318.0,236.0,318.0,236.0,0.6210059903071259,TRACKING,1.6124999999999994,-0.3000000000000003,36.45420000248123,27.397935832249143,True,True
2026-09-17T06:45:41.931692+00:00,11.699414100003196,327,318.2069371476339,237.0996322650549,318.0,237.0,318.0,237.0,0.22967274829813322,TRACKING,1.5999999999999994,-0.3187500000000003,31.558200003928505,31.65578763049395,True,True
2026-09-17T06:45:41.964935+00:00,11.732660399997258,328,317.99725030353875,236.76093200042428,317.0,236.0,317.0,236.0,1.2544025180052125,TRACKING,1.5812499999999994,-0.34375000000000033,33.20229999371804,30.07853506040117,True,True
2026-09-17T06:45:42.002718+00:00,11.770435400001588,329,318.6288234459714,237.5578011586323,318.0,237.0,318.0,237.0,0.8405718641347056,TRACKING,1.5687499999999994,-0.3625000000000003,37.731399992480874,26.472534742166953,True,True
2026-09-17T06:45:42.039473+00:00,11.807194900000468,330,318.10313676462204,237.4982458986246,318.0,237.0,318.0,237.0,0.5088085766896282,TRACKING,1.5562499999999995,-0.3812500000000003,36.69680000166409,27.203852066281605,True,True
2026-09-17T06:45:42.071580+00:00,11.839303300002939,331,317.42176873145183,237.58991351516593,317.0,237.0,317.0,237.0,0.7251805418003962,TRACKING,1.5374999999999994,-0.4000000000000003,32.06369999679737,31.14449801058404,True,True
2026-09-17T06:45:42.107765+00:00,11.875491700004204,332,317.58639511419926,237.8400733245847,317.0,237.0,317.0,237.0,1.0244912984674621,TRACKING,1.5187499999999994,-0.4187500000000003,36.13140000379644,27.63316421740229,True,True
2026-09-17T06:45:42.145301+00:00,11.913018599996576,333,317.5987879290799,238.25559849526826,317.0,238.0,317.0,238.0,0.651058810550308,TRACKING,1.4999999999999993,-0.4312500000000003,37.493299998459406,26.64755149514801,True,True
2026-09-17T06:45:42.180434+00:00,11.948158300001523,334,317.4608143333336,237.84294886832157,317.0,237.0,317.0,237.0,0.9606834256977143,TRACKING,1.4812499999999993,-0.4500000000000003,35.08440000587143,28.457841127249477,True,True
2026-09-17T06:45:42.216129+00:00,11.983854400008568,335,317.174435458312,238.60815481132806,317.0,238.0,317.0,238.0,0.6326768556364268,TRACKING,1.4624999999999992,-0.4625000000000003,35.654999999678694,28.014264858140336,True,True
2026-09-17T06:45:42.254366+00:00,12.022091899998486,336,316.74170518383585,238.5568021455722,316.0,238.0,316.0,238.0,0.9274455288817585,TRACKING,1.4374999999999993,-0.4750000000000003,38.20139999152161,26.152337372047246,True,True
2026-09-17T06:45:42.291531+00:00,12.059253900006297,337,317.16476885458655,238.69401818439442,317.0,238.0,317.0,238.0,0.7133092006359492,TRACKING,1.4187499999999993,-0.4875000000000003,37.12629999790806,26.90920832543491,True,True
2026-09-17T06:45:42.325472+00:00,12.093177500006277,338,316.4458619393355,239.0244589175786,316.0,239.0,316.0,239.0,0.44653231416899547,TRACKING,1.3937499999999994,-0.4937500000000003,33.87670000665821,29.478003513795336,True,True
2026-09-17T06:45:42.359964+00:00,12.127670900008525,339,316.5873086338495,238.55229737380228,316.0,238.0,316.0,238.0,0.8062033369461101,TRACKING,1.3687499999999995,-0.5062500000000003,34.40000000409782,28.991053359043704,True,True
2026-09-17T06:45:42.396885+00:00,12.16461020000861,340,316.5915204083425,239.28121319023774,316.0,239.0,316.0,239.0,0.6549635500158393,TRACKING,1.3437499999999996,-0.5125000000000003,36.848299991106614,27.071438819839184,True,True
2026-09-17T06:45:42.435086+00:00,12.202811399998609,341,316.46099450038713,239.21438341537612,316.0,239.0,316.0,239.0,0.5084055253196108,TRACKING,1.3187499999999996,-0.5187500000000003,38.164099998539314,26.17718815801089,True,True
2026-09-17T06:45:42.473254+00:00,12.240965600009076,342,316.1983123542216,239.35447456806037,316.0,239.0,316.0,239.0,0.4061773125600554,TRACKING,1.2937499999999997,-0.5250000000000002,38.11709998990409,26.20943434079754,True,True
2026-09-17T06:45:42.507052+00:00,12.274776799997198,343,315.8061380074309,239.70363597257693,315.0,239.0,315.0,239.0,1.070029003779304,TRACKING,1.2624999999999997,-0.5312500000000002,33.747900000889786,29.57599849609895,True,True
2026-09-17T06:45:42.543093+00:00,12.310807400004705,344,316.2872164260106,240.26349438646437,316.0,240.0,316.0,240.0,0.3897724555026279,TRACKING,1.2374999999999998,-0.5312500000000002,35.99170000234153,27.754186713283953,True,True
2026-09-17T06:45:42.579111+00:00,12.346835200005444,345,315.64437178885134,240.03514993446657,315.0,240.0,315.0,240.0,0.6453297762853396,TRACKING,1.2062499999999998,-0.5312500000000002,35.963700007414445,27.75634371178662,True,True
2026-09-17T06:45:42.615612+00:00,12.383337899998878,346,315.8805057227204,240.0191733587941,315.0,240.0,315.0,240.0,0.8807144516986175,TRACKING,1.1749999999999998,-0.5312500000000002,36.46629999275319,27.395233782154943,True,True
2026-09-17T06:45:42.649450+00:00,12.417164200000116,347,315.99859548883865,240.21560459256565,315.0,240.0,315.0,240.0,1.021605741303511,TRACKING,1.1437499999999998,-0.5312500000000002,33.789599998272024,29.56279581164404,True,True
2026-09-17T06:45:42.688716+00:00,12.45643459999701,348,316.0016921221892,240.62395265999626,316.0,240.0,316.0,240.0,0.6239549544589861,TRACKING,1.11875,-0.5312500000000002,39.20139999536332,25.464471970723043,True,True
2026-09-17T06:45:42.725565+00:00,12.493290700003854,349,314.89291852472024,241.2431969035808,314.0,241.0,314.0,241.0,0.9254448798820331,TRACKING,1.0812499999999998,-0.5250000000000002,36.798800007090904,27.132550644650603,True,True
2026-09-17T06:45:42.760673+00:00,12.528388799997629,350,315.67546751363193,241.07178953520668,315.0,241.0,315.0,241.0,0.6792717418951646,TRACKING,1.0499999999999998,-0.5187500000000003,35.064399999100715,28.49157077384159,True,True
2026-09-17T06:45:42.797588+00:00,12.565302100003464,351,315.3525998259711,241.10765950481732,315.0,241.0,315.0,241.0,0.36866950816734056,TRACKING,1.0187499999999998,-0.5125000000000003,36.8558999907691,27.090506669463686,True,True
2026-09-17T06:45:42.834466+00:00,12.60218729999906,352,314.9276420807756,241.3482176769595,314.0,241.0,314.0,241.0,0.9908457905107182,TRACKING,0.9812499999999998,-0.5062500000000003,36.81819999474101,27.111144852662417,True,True
2026-09-17T06:45:42.870166+00:00,12.637881200003903,353,315.4039847000464,241.79036330227302,315.0,241.0,315.0,241.0,0.8876248010570132,TRACKING,0.9499999999999998,-0.5000000000000003,35.648700009915046,28.015991524161983,True,True
2026-09-17T06:45:42.907013+00:00,12.674737900000764,354,314.78507978984385,242.4304917677494,314.0,242.0,314.0,242.0,0.8953621828742079,TRACKING,0.9124999999999999,-0.4875000000000003,36.81240000878461,27.13210895400771,True,True
2026-09-17T06:45:42.944449+00:00,12.712156199995661,355,315.07443898283293,242.2645036063875,315.0,242.0,315.0,242.0,0.2747786744949441,TRACKING,0.8812499999999999,-0.4750000000000003,37.37859999819193,26.724891300149245,True,True
2026-09-17T06:45:42.981690+00:00,12.749414999998407,356,314.2756312436288,242.28781474372565,314.0,242.0,314.0,242.0,0.39850960988441847,TRACKING,0.8437499999999999,-0.4625000000000003,37.15839999495074,26.83929702315404,True,True
2026-09-17T06:45:43.015995+00:00,12.783719800005201,357,314.39228063830944,242.49536795564046,314.0,242.0,314.0,242.0,0.6318809307677155,TRACKING,0.8062499999999999,-0.4500000000000003,34.265300011611544,29.150439582855967,True,True
2026-09-17T06:45:43.053132+00:00,12.820857099999557,358,314.42806406949165,242.88164550877372,314.0,242.0,314.0,242.0,0.980070227448329,TRACKING,0.7687499999999999,-0.4375000000000003,37.10699999646749,26.927105636434977,True,True
2026-09-17T06:45:43.091191+00:00,12.858915200005868,359,314.3867089783878,243.44068295199168,314.0,243.0,314.0,243.0,0.5862979602060914,TRACKING,0.73125,-0.4187500000000003,38.02290000021458,26.275615436245996,True,True
2026-09-17T06:45:43.128299+00:00,12.89602480000758,360,314.2719910152743,243.16608402440755,314.0,243.0,314.0,243.0,0.31868952846516735,TRACKING,0.69375,-0.4000000000000003,37.0715999888489,26.94720503464959,True,True
2026-09-17T06:45:43.163954+00:00,12.931680100009544,361,314.0877316798359,243.05103664270172,314.0,243.0,314.0,243.0,0.10149673169658577,TRACKING,0.65625,-0.3812500000000003,35.619299989775755,28.046321302722006,True,True
2026-09-17T06:45:43.199138+00:00,12.966857999999775,362,313.837795932851,243.08832992778255,313.0,243.0,313.0,243.0,0.8424394347629762,TRACKING,0.6125,-0.3625000000000003,35.14690000156406,28.426938511898335,True,True
2026-09-17T06:45:43.235481+00:00,13.003201900006388,363,314.52608978071714,243.2703722282292,314.0,243.0,314.0,243.0,0.5914994498498184,TRACKING,0.5750000000000001,-0.34375000000000033,36.303100001532584,27.51493372527507,True,True
2026-09-17T06:45:43.274961+00:00,13.042683899999247,364,314.1565578343251,243.5892100954659,314.0,243.0,314.0,243.0,0.6096547318667224,TRACKING,0.5375000000000001,-0.32500000000000034,39.43430000799708,25.327997573093484,True,True
2026-09-17T06:45:43.310194+00:00,13.077916199996253,365,313.7331808438031,244.03654816324237,313.0,244.0,313.0,244.0,0.7340912190976087,TRACKING,0.4937500000000001,-0.3000000000000003,35.192399998777546,28.3830462412329,True,True
2026-09-17T06:45:43.344993+00:00,13.112716999996337,366,314.25997321068087,243.60376988172789,314.0,243.0,314.0,243.0,0.6573614989892729,TRACKING,0.45625000000000004,-0.28125000000000033,34.75880000041798,28.734971609778224,True,True
2026-09-17T06:45:43.381409+00:00,13.149130999998306,367,313.74098047901697,244.28195905439938,313.0,244.0,313.0,244.0,0.7928133315238896,TRACKING,0.41250000000000003,-0.2562500000000003,36.359900012030266,27.46196517674335,True,True
2026-09-17T06:45:43.420732+00:00,13.188455600000452,368,314.1802768070664,244.0619221238891,314.0,244.0,314.0,244.0,0.19061499571908147,TRACKING,0.375,-0.23125000000000032,39.27700000349432,25.4293749954334,True,True
2026-09-17T06:45:43.455839+00:00,13.223559200007003,369,313.5819624210645,243.93421115108976,313.0,243.0,313.0,243.0,1.1006501416670378,TRACKING,0.33125,-0.2125000000000003,35.06619999825489,28.487106730175643,True,True
2026-09-17T06:45:43.492054+00:00,13.25977089999651,370,313.9501610527171,244.88914743008297,313.0,244.0,313.0,244.0,1.3013028773208715,TRACKING,0.2875,-0.1875000000000003,36.16229999170173,27.615383986107894,True,True
2026-09-17T06:45:43.528464+00:00,13.296184000006178,371,314.28901736200544,244.9168456798621,314.0,244.0,314.0,244.0,0.961320464893141,TRACKING,0.24999999999999997,-0.1625000000000003,36.19369999796618,27.462643931291204,True,True
2026-09-17T06:45:43.566085+00:00,13.333808299998054,372,313.6026943469067,245.00723875238728,313.0,245.0,313.0,245.0,0.6027378164089144,TRACKING,0.20624999999999996,-0.1312500000000003,37.56260000227485,26.57856758041817,True,True
2026-09-17T06:45:43.603295+00:00,13.371002200001385,373,313.895370741656,244.1501027952128,313.0,244.0,313.0,244.0,0.9078654163169249,TRACKING,0.16249999999999995,-0.10625000000000032,37.15390000434127,26.88612917468854,True,True
2026-09-17T06:45:43.635317+00:00,13.403039600001648,374,314.1712384051744,244.33508280579315,314.0,244.0,314.0,244.0,0.37630184446117043,TRACKING,0.12499999999999994,-0.08125000000000032,31.956299993908033,31.213519199179416,True,True
2026-09-17T06:45:43.670827+00:00,13.438552000006894,375,313.4344997012912,244.55171851359796,313.0,244.0,313.0,244.0,0.7022701109038372,TRACKING,0.08124999999999993,-0.05625000000000032,35.4665000049863,28.15917819838391,True,True
2026-09-17T06:45:43.708883+00:00,13.476604800001951,376,313.6893648724066,244.78947052533883,313.0,244.0,313.0,244.0,1.0480876097382952,TRACKING,0.03749999999999993,-0.03125000000000032,38.01669999666046,26.279275115888737,True,True
2026-09-17T06:45:43.746394+00:00,13.514105700000073,377,313.9400494082249,245.037746667965,313.0,245.0,313.0,245.0,0.9408069413256295,TRACKING,-0.006250000000000075,-3.191891195797325e-16,37.459300001501106,26.666026683361775,True,True
2026-09-17T06:45:43.785274+00:00,13.552995000005467,378,314.19077141121164,244.28592846357932,314.0,244.0,314.0,244.0,0.34372782491458936,TRACKING,-0.04375000000000008,0.024999999999999682,38.79679999954533,25.7140138768581,True,True
2026-09-17T06:45:43.821087+00:00,13.588812400004826,379,313.4457489604169,244.52339767010278,313.0,244.0,313.0,244.0,0.6874861866116007,TRACKING,-0.08750000000000008,0.049999999999999684,35.76780000003055,27.91939113441732,True,True
2026-09-17T06:45:43.859787+00:00,13.627494000000297,380,313.7091974753115,244.739562821351,313.0,244.0,313.0,244.0,1.0246532221746318,TRACKING,-0.1312500000000001,0.07499999999999968,38.64330000942573,25.852084715138314,True,True
2026-09-17T06:45:43.893540+00:00,13.66126069999882,381,313.9853270812899,244.92388570018193,313.0,244.0,313.0,244.0,1.3507161967356007,TRACKING,-0.1750000000000001,0.09999999999999967,33.70250000443775,29.61497570220774,True,True
2026-09-17T06:45:43.933139+00:00,13.700865100006922,382,314.2783399784769,245.06590767855164,314.0,245.0,314.0,245.0,0.286036650991749,TRACKING,-0.2125000000000001,0.13124999999999967,39.43279999657534,25.249719722945635,True,True
2026-09-17T06:45:43.966946+00:00,13.734668699995382,383,313.59242781548994,244.15527585863765,313.0,244.0,313.0,244.0,0.612438820488907,TRACKING,-0.2562500000000001,0.15624999999999967,33.772299997508526,29.582648012087333,True,True
2026-09-17T06:45:44.003103+00:00,13.770827300002566,384,313.931769069795,244.18176894969145,313.0,244.0,313.0,244.0,0.949333213628683,TRACKING,-0.3000000000000001,0.18124999999999966,36.11080000700895,27.65593800095479,True,True
2026-09-17T06:45:44.041012+00:00,13.808728899995913,385,314.30052643629494,244.13532281594223,314.0,244.0,314.0,244.0,0.329588233143531,TRACKING,-0.33750000000000013,0.20624999999999966,37.86769999715034,26.38411043796379,True,True
2026-09-17T06:45:44.075905+00:00,13.843628300004639,386,313.70284422577834,244.00605563169597,313.0,244.0,313.0,244.0,0.7028703126361113,TRACKING,-0.38125000000000014,0.23124999999999965,34.846499998820946,28.653787737037568,True,True
2026-09-17T06:45:44.112959+00:00,13.880681900001946,387,314.14284577486353,243.7842925807517,314.0,243.0,314.0,243.0,0.7971949370251411,TRACKING,-0.4187500000000002,0.24999999999999967,37.01300000830088,26.98793099921934,True,True
2026-09-17T06:45:44.151364+00:00,13.919086399997468,388,313.62463086904506,244.46059003840452,313.0,244.0,313.0,244.0,0.776084342092705,TRACKING,-0.4625000000000002,0.2749999999999997,38.357400000677444,26.03861526947612,True,True
2026-09-17T06:45:44.184937+00:00,13.95265809999546,389,314.15227318046215,244.02575917558897,314.0,244.0,314.0,244.0,0.15443657796998994,TRACKING,-0.5000000000000002,0.2999999999999997,33.52830000221729,29.786993213325648,True,True
2026-09-17T06:45:44.222329+00:00,13.990051400003722,390,313.72981772198614,243.47088892616614,313.0,243.0,313.0,243.0,0.8685449257873394,TRACKING,-0.5437500000000002,0.3187499999999997,37.35620000225026,26.742758723596545,True,True
2026-09-17T06:45:44.260956+00:00,14.028680600007647,391,314.36127831921783,243.7873682599489,314.0,243.0,314.0,243.0,0.8662971780583189,TRACKING,-0.5812500000000002,0.3374999999999997,38.5894999926677,25.88715272121604,True,True
2026-09-17T06:45:44.299205+00:00,14.066928400003235,392,314.05063510197937,243.96690770579158,314.0,243.0,314.0,243.0,0.9682326296255491,TRACKING,-0.6187500000000001,0.3562499999999997,38.20370000903495,26.145294634341045,True,True
2026-09-17T06:45:44.334840+00:00,14.102564300002996,393,313.80183201686134,244.0015600709517,313.0,244.0,313.0,244.0,0.8018335345227827,TRACKING,-0.6625000000000001,0.3812499999999997,35.588900005677715,28.061589576991352,True,True
2026-09-17T06:45:44.369587+00:00,14.137312599996221,394,314.61877436238456,242.88374030493287,314.0,242.0,314.0,242.0,1.0788320713193775,TRACKING,-0.7000000000000001,0.3937499999999997,34.70779999042861,28.778386286378407,True,True
2026-09-17T06:45:44.407471+00:00,14.175186899999972,395,314.5053263483163,243.60624445816023,314.0,243.0,314.0,243.0,0.7892319439510151,TRACKING,-0.7375,0.4124999999999997,37.83639999164734,26.403128240019793,True,True
2026-09-17T06:45:44.445378+00:00,14.213097900006687,396,314.46530868066327,243.162267688104,314.0,243.0,314.0,243.0,0.4927910012400927,TRACKING,-0.775,0.4312499999999997,37.855800008401275,26.37756851106155,True,True
2026-09-17T06:45:44.485673+00:00,14.253394900006242,397,314.50249617385697,242.5454212678402,314.0,242.0,314.0,242.0,0.7416109250498546,TRACKING,-0.8125,0.4437499999999997,40.25109999929555,24.815743107701497,True,True
2026-09-17T06:45:44.530314+00:00,14.298036100008176,398,314.6206153916163,242.74974855454195,314.0,242.0,314.0,242.0,0.973286370678639,TRACKING,-0.85,0.4562499999999997,44.596899999305606,22.4008315178957,True,True
2026-09-17T06:45:44.586109+00:00,14.3538283000089,399,314.82334231796665,242.76973987798385,314.0,242.0,314.0,242.0,1.1271166986223253,TRACKING,-0.8875,0.4687499999999997,55.7425000006333,17.923652409961004,True,True
2026-09-17T06:45:44.634994+00:00,14.402718500001356,400,315.1143000598702,242.6003463118484,315.0,242.0,315.0,242.0,0.6111302625760724,TRACKING,-0.91875,0.48124999999999973,48.826099999132566,20.45399691869322,True,True
2026-09-17T06:45:44.676009+00:00,14.443733499996597,401,314.49705658289986,242.23699229341258,314.0,242.0,314.0,242.0,0.5506637755845579,TRACKING,-0.9562499999999999,0.49374999999999974,40.97590000310447,24.381323908717107,True,True
2026-09-17T06:45:44.709293+00:00,14.477018600009615,402,314.9751224813802,241.6755870600711,314.0,241.0,314.0,241.0,1.1862890581256311,TRACKING,-0.9937499999999999,0.4999999999999997,33.24429999338463,30.04347289354409,True,True
2026-09-17T06:45:44.745731+00:00,14.513449699996272,403,315.5519487843778,241.91253487411296,315.0,241.0,315.0,241.0,1.0664742645973813,TRACKING,-1.025,0.5062499999999998,36.39809999731369,27.44907511346732,True,True
2026-09-17T06:45:44.779060+00:00,14.546784699996351,404,315.2309247989215,241.94474401019306,315.0,241.0,315.0,241.0,0.9725572001443382,TRACKING,-1.05625,0.5124999999999997,33.28509999846574,29.998500074925012,True,True
2026-09-17T06:45:44.809916+00:00,14.577640600007726,405,315.0153759917956,241.76963448303525,315.0,241.0,315.0,241.0,0.7697880608327408,TRACKING,-1.0875,0.5187499999999997,30.813499994110316,32.40871274639091,True,True
2026-09-17T06:45:44.845683+00:00,14.613405600000988,406,314.90856191123055,241.3851444960522,314.0,241.0,314.0,241.0,0.9868237073450381,TRACKING,-1.125,0.5249999999999997,35.72789998725057,27.960296384409332,True,True
2026-09-17T06:45:44.878906+00:00,14.646633800002746,407,315.913674149793,240.7897355947627,315.0,240.0,315.0,240.0,1.2076765964591494,TRACKING,-1.15625,0.5249999999999997,33.186300002853386,30.09491937411829,True,True
2026-09-17T06:45:44.914766+00:00,14.682489400001941,408,316.0338343497432,240.98239651212697,316.0,240.0,316.0,240.0,0.9829789775278901,TRACKING,-1.18125,0.5249999999999997,35.826699997414835,27.889646248353177,True,True
2026-09-17T06:45:44.948949+00:00,14.716669100002036,409,315.27209225211067,240.96264569618745,315.0,240.0,315.0,240.0,1.00036040007933,TRACKING,-1.2125,0.5249999999999997,34.11009999399539,29.257132157310195,True,True
2026-09-17T06:45:44.982468+00:00,14.750186500008567,410,315.63142379070524,240.730532513698,315.0,240.0,315.0,240.0,0.9655950274512018,TRACKING,-1.24375,0.5249999999999997,33.47530000610277,29.83524974506232,True,True
2026-09-17T06:45:45.018166+00:00,14.785893499996746,411,316.1147292322544,240.28663712673261,316.0,240.0,316.0,240.0,0.30874526580209694,TRACKING,-1.2687499999999998,0.5249999999999997,35.662299997056834,28.005713174757425,True,True
2026-09-17T06:45:45.055091+00:00,14.822792400009348,412,315.72483136383266,239.63206904258243,315.0,239.0,315.0,239.0,0.9617129408438821,TRACKING,-1.2999999999999998,0.5187499999999997,36.867800008622,27.101078884694925,True,True
2026-09-17T06:45:45.092149+00:00,14.859874100002344,413,316.4644737287107,239.76846434056534,316.0,239.0,316.0,239.0,0.897927217196883,TRACKING,-1.3249999999999997,0.5124999999999997,36.99380000762176,26.967479921063166,True,True
2026-09-17T06:45:45.124491+00:00,14.89221560000442,414,316.33631891172956,239.69798158267992,316.0,239.0,316.0,239.0,0.7747830019736606,TRACKING,-1.3499999999999996,0.5062499999999998,32.30000000621658,30.920025352436113,True,True
2026-09-17T06:45:45.159932+00:00,14.927654700004496,415,316.342946875273,239.42329641832407,316.0,239.0,316.0,239.0,0.5447865793368184,TRACKING,-1.3749999999999996,0.4999999999999998,35.39370000362396,28.21742087123701,True,True
2026-09-17T06:45:45.199117+00:00,14.966841000001295,416,316.48685334687343,238.94759489656545,316.0,238.0,316.0,238.0,1.0653460796186112,TRACKING,-1.3999999999999995,0.48749999999999977,39.14019999501761,25.519122756720247,True,True
2026-09-17T06:45:45.235728+00:00,15.003450400006841,417,316.77044825946507,239.27456550267812,316.0,239.0,316.0,239.0,0.8179099802384378,TRACKING,-1.4249999999999994,0.4812499999999998,36.56799999589566,27.31538893968553,True,True
2026-09-17T06:45:45.268897+00:00,15.03661720000673,418,317.19605424525326,238.40838993884975,317.0,238.0,317.0,238.0,0.45301170982164585,TRACKING,-1.4437499999999994,0.4687499999999998,33.12279999954626,30.150632560371186,True,True
2026-09-17T06:45:45.307829+00:00,15.075548399996478,419,316.76590518414554,238.3537326721046,316.0,238.0,316.0,238.0,0.8436453961323264,TRACKING,-1.4687499999999993,0.45624999999999977,38.76880000461824,25.686338984242855,True,True
2026-09-17T06:45:45.343487+00:00,15.111207000009017,420,317.482144807649,238.11572927556483,317.0,238.0,317.0,238.0,0.49583957160116954,TRACKING,-1.4874999999999994,0.44374999999999976,35.60440000728704,28.043725767370592,True,True
2026-09-17T06:45:45.378765+00:00,15.146486900004675,421,317.34682535910747,237.69997359219184,317.0,237.0,317.0,237.0,0.7811855474123749,TRACKING,-1.5062499999999994,0.42499999999999977,35.231000001658686,28.34475154756912,True,True
2026-09-17T06:45:45.415056+00:00,15.182770700004767,422,317.36190631111754,238.11250375309294,317.0,238.0,317.0,238.0,0.3789898052543099,TRACKING,-1.5249999999999995,0.41249999999999976,36.23709999374114,27.560509097654162,True,True
2026-09-17T06:45:45.451664+00:00,15.219362000003457,423,317.52925314092084,237.3597870853377,317.0,237.0,317.0,237.0,0.6399653380850997,TRACKING,-1.5437499999999995,0.39374999999999977,36.51200000604149,27.328900586636458,True,True
2026-09-17T06:45:45.489033+00:00,15.256760200005374,424,317.8506361645419,237.44870394700834,317.0,237.0,317.0,237.0,0.9617261130319067,TRACKING,-1.5624999999999996,0.3749999999999998,37.324599994462915,26.73925482907586,True,True
2026-09-17T06:45:45.527530+00:00,15.295245400004205,425,318.32772943039856,237.38653052988812,318.0,237.0,318.0,237.0,0.5067666426324418,TRACKING,-1.5749999999999995,0.3562499999999998,37.53230000438634,25.98401463498606,True,True
2026-09-17T06:45:45.563177+00:00,15.330899499997031,426,317.9621096730748,237.18092067277033,317.0,237.0,317.0,237.0,0.9789725802389724,TRACKING,-1.5937499999999996,0.3374999999999998,35.59970000060275,28.047265257045357,True,True
2026-09-17T06:45:45.598502+00:00,15.366226300000562,427,318.75525532791517,236.83988673084863,318.0,236.0,318.0,236.0,1.129522169326414,TRACKING,-1.6062499999999995,0.3124999999999998,35.28860000369605,28.307120936513822,True,True
2026-09-17T06:45:45.633738+00:00,15.401455500003067,428,318.7085456070491,237.371779549001,318.0,237.0,318.0,237.0,0.800160552841692,TRACKING,-1.6187499999999995,0.2937499999999998,35.189200003515,28.385543808230334,True,True
2026-09-17T06:45:45.670752+00:00,15.438477800009423,429,318.82325963742875,236.78526758902674,318.0,236.0,318.0,236.0,1.137717722897552,TRACKING,-1.6312499999999994,0.26874999999999977,36.95910000533331,27.010747571823394,True,True
2026-09-17T06:45:45.707646+00:00,15.475367100007134,430,319.10057566141666,237.08931526300668,319.0,237.0,319.0,237.0,0.1345090326905617,TRACKING,-1.6374999999999995,0.24999999999999978,36.85760000371374,27.108131627926277,True,True
2026-09-17T06:45:45.746542+00:00,15.514265400008298,431,318.5415703004219,236.29316052694068,318.0,236.0,318.0,236.0,0.6158258559488915,TRACKING,-1.6499999999999995,0.22499999999999978,38.85120000632014,25.708064361940053,True,True
2026-09-17T06:45:45.780585+00:00,15.548302299997886,432,319.1472178820472,236.40629179066994,319.0,236.0,319.0,236.0,0.4321413240599023,TRACKING,-1.6562499999999996,0.1999999999999998,33.99850000278093,29.379878905127235,True,True
2026-09-17T06:45:45.814724+00:00,15.582441300008213,433,318.91838983116605,236.43842420179303,318.0,236.0,318.0,236.0,1.0176716870912068,TRACKING,-1.6687499999999995,0.1749999999999998,34.08630000194535,29.292012059447806,True,True
2026-09-17T06:45:45.848204+00:00,15.615928600003826,434,319.8558541253101,236.39947536285663,319.0,236.0,319.0,236.0,0.944492905923457,TRACKING,-1.6749999999999996,0.1499999999999998,33.428800001274794,29.86206711592145,True,True
2026-09-17T06:45:45.883005+00:00,15.650727600004757,435,319.96027481470855,236.29954054251456,319.0,236.0,319.0,236.0,1.0059086719844244,TRACKING,-1.6812499999999997,0.1249999999999998,34.76320000481792,28.736457943425496,True,True
2026-09-17T06:45:45.916782+00:00,15.68450390000362,436,320.23221160727803,236.14886744261221,320.0,236.0,320.0,236.0,0.27583282260193015,TRACKING,-1.6812499999999997,0.09999999999999981,33.73250000004191,29.606558445823623,True,True
2026-09-17T06:45:45.954818+00:00,15.722538200003328,437,319.6721195188238,235.95783058427097,319.0,235.0,319.0,235.0,1.17012139359505,TRACKING,-1.6874999999999998,0.06874999999999981,37.98570000799373,26.29205743257189,True,True
2026-09-17T06:45:45.994162+00:00,15.761884999999893,438,320.28034858866937,236.73690537698678,320.0,236.0,320.0,236.0,0.7884319030841791,TRACKING,-1.6874999999999998,0.04374999999999981,39.30279999622144,25.41502739961822,True,True
2026-09-17T06:45:46.031190+00:00,15.79891260000295,439,320.05714366089336,236.4966419355626,320.0,236.0,320.0,236.0,0.4999186035142662,TRACKING,-1.6874999999999998,0.01874999999999981,36.9871000002604,27.006881351139032,True,True
2026-09-17T06:45:46.064351+00:00,15.832071199998609,440,320.00264423131,236.2476387103157,320.0,236.0,320.0,236.0,0.24765282717151244,TRACKING,-1.6874999999999998,-0.006250000000000193,33.11869999743067,30.158088704918914,True,True
2026-09-17T06:45:46.100966+00:00,15.86869280000974,441,320.11688436028874,236.00051599647054,320.0,236.0,320.0,236.0,0.1168854992394897,TRACKING,-1.6874999999999998,-0.031250000000000194,36.56520000367891,27.306289176225487,True,True
2026-09-17T06:45:46.135884+00:00,15.903607900007046,442,320.3997926514677,235.76588938895324,320.0,235.0,320.0,235.0,0.8639564342481257,TRACKING,-1.6874999999999998,-0.0625000000000002,34.884500011685304,28.640903221733623,True,True
2026-09-17T06:45:46.172585+00:00,15.940301199996611,443,320.8511922963739,236.55434324893173,320.0,236.0,320.0,236.0,1.0157877549185297,TRACKING,-1.6874999999999998,-0.08750000000000019,36.64339998795185,27.2529317418814,True,True
2026-09-17T06:45:46.206792+00:00,15.974495300004492,444,321.4708011849229,236.37640424842525,321.0,236.0,321.0,236.0,0.6027718589627192,TRACKING,-1.6812499999999997,-0.11250000000000018,34.13620000355877,29.244811232626006,True,True
2026-09-17T06:45:46.243846+00:00,16.011570999995456,445,321.2582320817286,236.24251505910672,321.0,236.0,321.0,236.0,0.35425606830005396,TRACKING,-1.6749999999999996,-0.13750000000000018,36.97499999543652,26.971844098525565,True,True
2026-09-17T06:45:46.281305+00:00,16.04902669999865,446,321.21299286811245,236.16300825106103,321.0,236.0,321.0,236.0,0.26821195309072926,TRACKING,-1.6687499999999995,-0.16250000000000017,37.419299987959675,26.698206145253167,True,True
2026-09-17T06:45:46.316477+00:00,16.084198800002923,447,321.3344868496618,236.1480804667425,321.0,236.0,321.0,236.0,0.36579950413765233,TRACKING,-1.6624999999999994,-0.18750000000000017,35.12889999547042,28.431626200268735,True,True
2026-09-17T06:45:46.348936+00:00,16.116659200008144,448,321.6220131291443,236.20776693467795,321.0,236.0,321.0,236.0,0.6557952668122597,TRACKING,-1.6562499999999993,-0.21250000000000016,32.41379999963101,30.806767625758624,True,True
2026-09-17T06:45:46.382979+00:00,16.150703899998916,449,322.07476704454615,236.35191638662195,322.0,236.0,322.0,236.0,0.35977111351971647,TRACKING,-1.6437499999999994,-0.23750000000000016,34.0033999964362,29.37314766383715,True,True
2026-09-17T06:45:46.421251+00:00,16.188976300007198,450,321.6918406719593,236.59016644085673,321.0,236.0,321.0,236.0,0.9093623828214018,TRACKING,-1.6374999999999993,-0.2625000000000002,38.23460001149215,26.128489454113456,True,True
2026-09-17T06:45:46.460750+00:00,16.228451500006486,451,322.4722233930048,236.93191951316467,322.0,236.0,322.0,236.0,1.0447338952661847,TRACKING,-1.6249999999999993,-0.2875000000000002,39.43920000165235,25.332360571144505,True,True
2026-09-17T06:45:46.499993+00:00,16.26770100000431,452,322.4148025264359,237.3863193156871,322.0,237.0,322.0,237.0,0.5668366163283304,TRACKING,-1.6124999999999994,-0.3062500000000002,39.1731000127038,25.478031568694547,True,True
2026-09-17T06:45:46.536362+00:00,16.30408630000602,453,322.5183640235278,236.96222800240483,322.0,236.0,322.0,236.0,1.092970260116857,TRACKING,-1.5999999999999994,-0.3312500000000002,36.31540000787936,27.48362662814267,True,True
2026-09-17T06:45:46.574101+00:00,16.34182719999808,454,322.78159322681876,237.6682040183688,322.0,237.0,322.0,237.0,1.0282920705583523,TRACKING,-1.5874999999999995,-0.3500000000000002,37.70060000533704,26.496453455280843,True,True
2026-09-17T06:45:46.649417+00:00,16.41713499999605,455,323.20307569172786,237.5124807080448,323.0,237.0,323.0,237.0,0.551249682710874,TRACKING,-1.5687499999999994,-0.3687500000000002,75.27219998883083,13.278836986698924,True,True
2026-09-17T06:45:46.685781+00:00,16.453502799995476,456,322.78129807053745,237.5029457362392,322.0,237.0,322.0,237.0,0.9291830221365104,TRACKING,-1.5562499999999995,-0.3875000000000002,36.302799999248236,27.4968516109252,True,True
2026-09-17T06:45:46.718538+00:00,16.48626299999887,457,323.51464905818546,237.6471213730463,323.0,237.0,323.0,237.0,0.8268190397810811,TRACKING,-1.5374999999999994,-0.40625000000000017,32.69140000338666,30.524844167507297,True,True
2026-09-17T06:45:46.755221+00:00,16.522944199998165,458,323.401420399279,237.95214569208943,323.0,237.0,323.0,237.0,1.0333052578603172,TRACKING,-1.5187499999999994,-0.42500000000000016,36.64829999615904,27.26192163885766,True,True
2026-09-17T06:45:46.790017+00:00,16.557740000003832,459,323.43980795569826,238.42475472905485,323.0,238.0,323.0,238.0,0.6114307955524828,TRACKING,-1.4999999999999993,-0.43750000000000017,34.75510000134818,28.739100691379743,True,True
2026-09-17T06:45:46.837544+00:00,16.605266099999426,460,323.62791283412423,238.07126564511051,323.0,238.0,323.0,238.0,0.6319440793542908,TRACKING,-1.4812499999999993,-0.4500000000000002,47.483799993642606,21.041070066610065,True,True
2026-09-17T06:45:46.881235+00:00,16.64895499999693,461,323.9637425727854,237.89756093729252,323.0,237.0,323.0,237.0,1.3169720508623068,TRACKING,-1.4624999999999992,-0.46875000000000017,43.64479999640025,22.889109134290404,True,True
2026-09-17T06:45:46.917778+00:00,16.68549430000712,462,324.44521238668096,238.90907373532707,324.0,238.0,324.0,238.0,1.0122396581421178,TRACKING,-1.4374999999999993,-0.4812500000000002,36.49280000536237,27.367793026169434,True,True
2026-09-17T06:45:46.951942+00:00,16.71966610000527,463,324.070146470504,239.11077422163495,324.0,239.0,324.0,239.0,0.13111619084995796,TRACKING,-1.4124999999999994,-0.48750000000000016,34.12350000871811,29.263895962582794,True,True
2026-09-17T06:45:46.989230+00:00,16.75695650000125,464,323.8362793584488,238.50715720846412,323.0,238.0,323.0,238.0,0.9780447839770138,TRACKING,-1.3937499999999994,-0.5000000000000001,37.25090000079945,26.816553324924286,True,True
2026-09-17T06:45:47.023756+00:00,16.791476200000034,465,324.7412573400529,239.10223090319994,324.0,239.0,324.0,239.0,0.7482737478699981,TRACKING,-1.3687499999999995,-0.5062500000000001,34.48420000495389,28.96896554823141,True,True
2026-09-17T06:45:47.056576+00:00,16.824297800005297,466,324.7826399311911,238.899506889934,324.0,238.0,324.0,238.0,1.1923245811999232,TRACKING,-1.3437499999999996,-0.51875,32.77180000441149,30.46774075120147,True,True
2026-09-17T06:45:47.091395+00:00,16.8591133000009,467,324.95790139929625,239.90199135233297,324.0,239.0,324.0,239.0,1.3157368621640004,TRACKING,-1.3187499999999996,-0.525,34.77519999432843,28.722838969031454,True,True
2026-09-17T06:45:47.128311+00:00,16.896039300001576,468,325.26443234186127,240.1121775597448,325.0,240.0,325.0,240.0,0.28724252528574185,TRACKING,-1.2874999999999996,-0.525,36.87609999906272,27.08118940534283,True,True
2026-09-17T06:45:47.166974+00:00,16.93469819999882,469,324.69954131723085,239.53203963532388,324.0,239.0,324.0,239.0,0.8788766853595833,TRACKING,-1.2624999999999997,-0.53125,38.63009999622591,25.86726471967063,True,True
2026-09-17T06:45:47.205496+00:00,16.97321870000451,470,325.26045652666403,240.16302762175133,325.0,240.0,325.0,240.0,0.30727122829152664,TRACKING,-1.2312499999999997,-0.53125,38.482400006614625,25.960203004953854,True,True
2026-09-17T06:45:47.240045+00:00,17.00777240000025,471,324.9443275466198,240.00606385688323,324.0,240.0,324.0,240.0,0.9443470154901867,TRACKING,-1.2062499999999998,-0.53125,34.51500000664964,28.940460793584396,True,True
2026-09-17T06:45:47.274430+00:00,17.042150199995376,472,325.7482271101769,240.06154066838664,325.0,240.0,325.0,240.0,0.7507536628409939,TRACKING,-1.1749999999999998,-0.53125,34.34959999867715,29.088539701253268,True,True
2026-09-17T06:45:47.309757+00:00,17.07748100000026,473,325.66915293648185,240.32931939312462,325.0,240.0,325.0,240.0,0.7457995140051059,TRACKING,-1.1437499999999998,-0.53125,35.28180001012515,28.303916125921866,True,True
2026-09-17T06:45:47.343904+00:00,17.11162830000103,474,325.7040296070762,240.80873072374175,325.0,240.0,325.0,240.0,1.072242076754941,TRACKING,-1.1124999999999998,-0.53125,34.11539999069646,29.28489221629542,True,True
2026-09-17T06:45:47.378750+00:00,17.146478599999682,475,325.84971048793284,241.49857638158403,325.0,241.0,325.0,241.0,0.9851833948948224,TRACKING,-1.0812499999999998,-0.525,34.816800005501136,28.694157583684337,True,True
2026-09-17T06:45:47.412200+00:00,17.179917400004342,476,326.102979696001,241.39713211177164,326.0,241.0,326.0,241.0,0.41026665961135667,TRACKING,-1.0437499999999997,-0.51875,33.41279999585822,29.90537937547509,True,True
2026-09-17T06:45:47.450200+00:00,17.21790800000599,477,325.4605541090266,241.5021519929378,325.0,241.0,325.0,241.0,0.681371199385971,TRACKING,-1.0124999999999997,-0.5125000000000001,37.92650000832509,26.322300778524017,True,True
2026-09-17T06:45:47.484740+00:00,17.252462700009346,478,325.91908541739815,241.81087405086288,325.0,241.0,325.0,241.0,1.2256568568880553,TRACKING,-0.9812499999999997,-0.5062500000000001,34.47730001062155,28.939623261174688,True,True
2026-09-17T06:45:47.517341+00:00,17.28506589999597,479,326.4751622167307,242.32002716197132,326.0,242.0,326.0,242.0,0.5728843832815443,TRACKING,-0.9437499999999998,-0.4937500000000001,32.56110000074841,30.671835905992364,True,True
2026-09-17T06:45:47.552288+00:00,17.320013400007156,480,326.12531213988257,242.025839229437,326.0,242.0,326.0,242.0,0.12794841999745754,TRACKING,-0.9062499999999998,-0.48125000000000007,34.91369998664595,28.614350087415215,True,True
2026-09-17T06:45:47.587577+00:00,17.35530340000696,481,325.86600402707256,241.92404661146116,325.0,241.0,325.0,241.0,1.2664221709440961,TRACKING,-0.8749999999999998,-0.4750000000000001,35.255399998277426,28.336639274739078,True,True
2026-09-17T06:45:47.622029+00:00,17.389755299998797,482,326.69365013273864,243.009904778156,326.0,243.0,326.0,243.0,0.693720845353988,TRACKING,-0.8374999999999998,-0.4562500000000001,34.422800003085285,29.025975352214434,True,True
2026-09-17T06:45:47.658356+00:00,17.426077900003293,483,326.6046083677628,242.2782001703987,326.0,242.0,326.0,242.0,0.6655423451431673,TRACKING,-0.7999999999999998,-0.4437500000000001,36.281599997892044,27.53106880774556,True,True
2026-09-17T06:45:47.692962+00:00,17.460683500001323,484,326.595184575658,242.72326323101402,326.0,242.0,326.0,242.0,0.9366719705628035,TRACKING,-0.7624999999999998,-0.4312500000000001,34.556300000986084,28.897057125346873,True,True
2026-09-17T06:45:47.731635+00:00,17.499362000002293,485,326.6616348412957,243.3389825757145,326.0,243.0,326.0,243.0,0.7434176819624748,TRACKING,-0.7249999999999999,-0.4125000000000001,38.62790000857785,25.854156701395716,True,True
2026-09-17T06:45:47.767904+00:00,17.535631699996884,486,326.8001678307321,243.11882026837907,326.0,243.0,326.0,243.0,0.8089417862344607,TRACKING,-0.6874999999999999,-0.3937500000000001,36.23909999441821,27.571223366863553,True,True
2026-09-17T06:45:47.799282+00:00,17.567006199999014,487,327.0069471606664,243.05582816248733,327.0,243.0,327.0,243.0,0.05625874836891339,TRACKING,-0.6437499999999999,-0.3750000000000001,31.345099996542558,31.87301789453577,True,True
2026-09-17T06:45:47.833296+00:00,17.601017200009665,488,326.2780937960567,243.14266526786815,326.0,243.0,326.0,243.0,0.3125532563597866,TRACKING,-0.60625,-0.3562500000000001,33.971799988648854,29.402252203312113,True,True
2026-09-17T06:45:47.868178+00:00,17.635900599998422,489,326.60968847439045,243.37161609935185,326.0,243.0,326.0,243.0,0.7140157989162738,TRACKING,-0.56875,-0.33750000000000013,34.83289999712724,28.66693041166542,True,True
2026-09-17T06:45:47.906102+00:00,17.673829100007424,490,326.9977741550956,243.73460996146446,326.0,243.0,326.0,243.0,1.239033922077832,TRACKING,-0.53125,-0.31875000000000014,37.88170000188984,26.365398045339372,True,True
2026-09-17T06:45:47.938471+00:00,17.70619140000781,491,327.4383584925638,244.22324112096456,327.0,244.0,327.0,244.0,0.4919296353060203,TRACKING,-0.4875,-0.2937500000000001,32.33380000165198,30.900152337382167,True,True
2026-09-17T06:45:47.974685+00:00,17.74240770000324,492,326.92741633123376,243.82878981679715,326.0,243.0,326.0,243.0,1.2437819792333962,TRACKING,-0.44999999999999996,-0.27500000000000013,36.17220000887755,27.611876423769566,True,True
2026-09-17T06:45:48.010382+00:00,17.77810560000944,493,327.46089222118417,244.54224405495611,327.0,244.0,327.0,244.0,0.7116531842711905,TRACKING,-0.40624999999999994,-0.2500000000000001,35.66039999714121,28.012852291769747,True,True
2026-09-17T06:45:48.045770+00:00,17.813493399997242,494,327.0347029526577,244.3543221337756,327.0,244.0,327.0,244.0,0.35601751278057253,TRACKING,-0.36249999999999993,-0.22500000000000012,35.34629999194294,28.258326325589245,True,True
2026-09-17T06:45:48.079741+00:00,17.84746129999985,495,326.6447401079335,244.25549584335027,326.0,244.0,326.0,244.0,0.6935185165137053,TRACKING,-0.32499999999999996,-0.20000000000000012,33.92840000742581,29.439559110902334,True,True
2026-09-17T06:45:48.114905+00:00,17.882626899998286,496,327.2868726289565,244.23601428109865,327.0,244.0,327.0,244.0,0.37148169016374116,TRACKING,-0.28124999999999994,-0.17500000000000013,35.12649999174755,28.436881499092213,True,True
2026-09-17T06:45:48.152824+00:00,17.92054730000382,497,326.9569493991112,244.28592822394,326.0,244.0,326.0,244.0,0.9987527730648542,TRACKING,-0.24374999999999994,-0.15000000000000013,37.87980000197422,26.371029837609946,True,True
2026-09-17T06:45:48.189986+00:00,17.957709000009345,498,327.6508018375367,244.39511499617169,327.0,244.0,327.0,244.0,0.7613533292373947,TRACKING,-0.19999999999999993,-0.12500000000000014,37.120200009667315,26.90942556049053,True,True
2026-09-17T06:45:48.224363+00:00,17.992087000005995,499,327.3642465043533,244.5533037708862,327.0,244.0,327.0,244.0,0.6624353393429971,TRACKING,-0.15624999999999992,-0.10000000000000014,34.335500007728115,29.08837047232082,True,True
2026-09-17T06:45:48.264554+00:00,18.032278300001053,500,327.09308771517584,244.75010124168932,327.0,244.0,327.0,244.0,0.7558552741765587,TRACKING,-0.1124999999999999,-0.07500000000000015,40.15590000199154,24.881006589061727,True,True
2026-09-17T06:45:48.301489+00:00,18.069211499998346,501,326.83312016328165,244.9750176005545,326.0,244.0,326.0,244.0,1.2824774960433076,TRACKING,-0.0749999999999999,-0.05000000000000015,36.89809999195859,27.075910023320457,True,True
2026-09-17T06:45:48.337478+00:00,18.10519740000018,502,327.58013154778786,245.2174927568782,327.0,245.0,327.0,245.0,0.6195609026021649,TRACKING,-0.031249999999999896,-0.01875000000000015,35.94339999835938,27.78866166884967,True,True
2026-09-17T06:45:48.372160+00:00,18.13988220000465,503,327.3299052062037,244.4669227322079,327.0,244.0,327.0,244.0,0.5717117131324181,TRACKING,0.012500000000000108,0.006249999999999853,34.642900005565025,28.831072973496184,True,True
2026-09-17T06:45:48.405776+00:00,18.17349830000603,504,327.0782227497074,244.7126861646657,327.0,244.0,327.0,244.0,0.7169660855840432,TRACKING,0.05625000000000011,0.031249999999999854,33.57900000992231,29.747650678064897,True,True
2026-09-17T06:45:48.441770+00:00,18.20949290000135,505,326.8208666995009,244.94417085682096,326.0,244.0,326.0,244.0,1.2511118036448898,TRACKING,0.09375000000000011,0.056249999999999856,35.94139999768231,27.78194507315061,True,True
2026-09-17T06:45:48.479872+00:00,18.24758870000369,506,327.5536231225992,245.15080030065857,327.0,245.0,327.0,245.0,0.5737937717989163,TRACKING,0.13750000000000012,0.08749999999999986,38.05619999184273,26.2496128165997,True,True
2026-09-17T06:45:48.512428+00:00,18.280150100006722,507,327.27228426539796,244.32206011333884,327.0,244.0,327.0,244.0,0.42173621825393265,TRACKING,0.18125000000000013,0.11249999999999985,32.49840000353288,30.711210203088942,True,True
2026-09-17T06:45:48.547733+00:00,18.315455899995868,508,326.97265118338487,244.4475243176802,326.0,244.0,326.0,244.0,1.070667240301635,TRACKING,0.21875000000000014,0.13749999999999984,35.250200002337806,28.323958111908613,True,True
2026-09-17T06:45:48.583344+00:00,18.351063900001463,509,327.6505363653425,244.51688140167207,327.0,244.0,327.0,244.0,0.8308814271768734,TRACKING,0.2625000000000001,0.16249999999999984,35.565600002883,28.0835767199186,True,True
2026-09-17T06:45:48.620684+00:00,18.38840870000422,510,327.3017663504062,244.51996009188431,327.0,244.0,327.0,244.0,0.6011833558822234,TRACKING,0.30625000000000013,0.18749999999999983,37.29760000715032,26.777489769022385,True,True
2026-09-17T06:45:48.656554+00:00,18.424280499995803,511,326.9221843363431,244.4467547763551,326.0,244.0,326.0,244.0,1.0247018007169955,TRACKING,0.3437500000000001,0.21249999999999983,35.83819999767002,27.877051060572775,True,True
2026-09-17T06:45:48.689026+00:00,18.45675179999671,512,327.5076527774155,244.28745051340812,327.0,244.0,327.0,244.0,0.5833859272182204,TRACKING,0.3875000000000001,0.23749999999999982,32.43839999777265,30.79642638182241,True,True
2026-09-17T06:45:48.725364+00:00,18.493086100002984,513,327.05405597021394,244.03244756389634,327.0,244.0,327.0,244.0,0.06304674708957804,TRACKING,0.43125000000000013,0.26249999999999984,36.30249999696389,27.522203532951565,True,True
2026-09-17T06:45:48.762009+00:00,18.529730800000834,514,326.55730262583756,243.67238538555037,326.0,243.0,326.0,243.0,0.8733202868748471,TRACKING,0.4687500000000001,0.28124999999999983,36.60479999962263,27.289075911623033,True,True
2026-09-17T06:45:48.806458+00:00,18.574183600008837,515,327.013328426816,244.1981660294588,327.0,244.0,327.0,244.0,0.19861375126827527,TRACKING,0.5125000000000001,0.30624999999999986,44.408000001567416,22.495770791040695,True,True
2026-09-17T06:45:48.844632+00:00,18.612357999998494,516,326.41809856717714,243.60097688020338,326.0,243.0,326.0,243.0,0.7321062917463285,TRACKING,0.55,0.32499999999999984,38.13689999515191,26.195565621750127,True,True
2026-09-17T06:45:48.881494+00:00,18.64921430000686,517,326.7676102740671,243.8723126828066,326.0,243.0,326.0,243.0,1.1619616815707254,TRACKING,0.5875,0.34374999999999983,36.82390000903979,27.132403409267564,True,True
2026-09-17T06:45:48.919799+00:00,18.68751709999924,518,327.05789530935476,244.00399680144082,327.0,244.0,327.0,244.0,0.05803310492331936,TRACKING,0.63125,0.36874999999999986,38.26159999880474,26.1077519188923,True,True
2026-09-17T06:45:48.955436+00:00,18.72316259999934,519,326.2850224496505,242.9882016567589,326.0,242.0,326.0,242.0,1.028484473011524,TRACKING,0.66875,0.38124999999999987,35.59430000314023,28.05403206567949,True,True
2026-09-17T06:45:48.987599+00:00,18.755325100006303,520,326.44509994319304,243.81746829076624,326.0,243.0,326.0,243.0,0.9307891092179434,TRACKING,0.7062499999999999,0.39999999999999986,32.13230000983458,31.09211037026189,True,True
2026-09-17T06:45:49.023977+00:00,18.79170260000683,521,326.5342779420689,243.4847250103318,326.0,243.0,326.0,243.0,0.7213953527869131,TRACKING,0.7437499999999999,0.41874999999999984,36.33119999722112,27.489519620246995,True,True
2026-09-17T06:45:49.056954+00:00,18.824680200006696,522,326.54875090823975,242.98330506273695,326.0,242.0,326.0,242.0,1.126062345386819,TRACKING,0.7812499999999999,0.43124999999999986,32.941100012976676,30.323613604507955,True,True
2026-09-17T06:45:49.097307+00:00,18.865027799998643,523,326.4847599918811,243.30696329908594,326.0,243.0,326.0,243.0,0.5737758418705788,TRACKING,0.8187499999999999,0.44999999999999984,40.313099991180934,24.78462164291317,True,True
2026-09-17T06:45:49.133562+00:00,18.901286599997547,524,326.3385953805413,242.44989178392578,326.0,242.0,326.0,242.0,0.5630714421526033,TRACKING,0.8562499999999998,0.46249999999999986,36.21299999940675,27.5795117331575,True,True
2026-09-17T06:45:49.170389+00:00,18.938109800001257,525,326.1065986176525,242.40673431205974,326.0,242.0,326.0,242.0,0.4204712426458314,TRACKING,0.8937499999999998,0.47499999999999987,36.78350000700448,27.156792454193496,True,True
2026-09-17T06:45:49.207815+00:00,18.975535500008846,526,325.785164888949,242.17259979627173,325.0,242.0,325.0,242.0,0.8039120552096066,TRACKING,0.9249999999999998,0.4874999999999999,37.38290000183042,26.719607109479195,True,True
2026-09-17T06:45:49.246033+00:00,19.013758700006292,527,326.37074527535594,241.7430744924959,326.0,241.0,326.0,241.0,0.8304286607510633,TRACKING,0.9624999999999998,0.49374999999999986,38.1721000012476,26.162121435850608,True,True
2026-09-17T06:45:49.283114+00:00,19.05083459999878,528,325.85984897095057,242.11423303187937,325.0,242.0,325.0,242.0,0.8674038496669811,TRACKING,0.9937499999999998,0.5062499999999999,37.03750000568107,26.971698602127738,True,True
2026-09-17T06:45:49.319436+00:00,19.087159400005476,529,326.24904546460107,241.282648232159,326.0,241.0,326.0,241.0,0.37671430365858466,TRACKING,1.0312499999999998,0.5124999999999998,36.27710000728257,27.529401395621242,True,True
2026-09-17T06:45:49.357114+00:00,19.12483919999795,530,325.5349666839245,241.24539966383296,325.0,241.0,325.0,241.0,0.5885663496314564,TRACKING,1.0624999999999998,0.5187499999999998,37.63979999348521,26.539419004339628,True,True
2026-09-17T06:45:49.391182+00:00,19.158903999996255,531,325.71430910022355,241.00008094971352,325.0,241.0,325.0,241.0,0.7143091048103942,TRACKING,1.0937499999999998,0.5249999999999998,34.028599999146536,29.355815975721676,True,True
2026-09-17T06:45:49.427590+00:00,19.195315200006007,532,325.78383579308263,240.54480577961627,325.0,240.0,325.0,240.0,0.9545741919938788,TRACKING,1.1249999999999998,0.5249999999999998,36.3738000014564,27.464076979944867,True,True
2026-09-17T06:45:49.462255+00:00,19.229977800001507,533,325.740378473339,240.87821262515368,325.0,240.0,325.0,240.0,1.1486590872678775,TRACKING,1.1562499999999998,0.5249999999999998,34.63059999921825,28.84953812264048,True,True
2026-09-17T06:45:49.498496+00:00,19.266215600000578,534,325.5808394631598,240.99946814284678,325.0,240.0,325.0,240.0,1.1559892086561023,TRACKING,1.1874999999999998,0.5249999999999998,36.196200002450496,27.595494208412994,True,True
2026-09-17T06:45:49.534398+00:00,19.302123100002063,535,325.3021936319898,240.90826925705008,325.0,240.0,325.0,240.0,0.9572220403425103,TRACKING,1.2187499999999998,0.5249999999999998,35.85970000131056,27.849335095972457,True,True
2026-09-17T06:45:49.570976+00:00,19.33868889999576,536,324.9014902871611,240.60484391748255,324.0,240.0,324.0,240.0,1.0855970257703538,TRACKING,1.2437499999999997,0.5249999999999998,36.530400000629015,27.347959026533264,True,True
2026-09-17T06:45:49.605603+00:00,19.373328100002254,537,325.37585501797736,240.08995052947225,325.0,240.0,325.0,240.0,0.38646874684907917,TRACKING,1.2749999999999997,0.5249999999999998,34.57580000394955,28.86902699290079,True,True
2026-09-17T06:45:49.643048+00:00,19.41076990000147,538,324.72249149212865,239.36487605833796,324.0,239.0,324.0,239.0,0.8094000828678807,TRACKING,1.2999999999999996,0.5187499999999998,37.40570000081789,26.708117665843353,True,True
2026-09-17T06:45:49.677954+00:00,19.44567420000385,539,324.9386832033077,239.43143281264597,324.0,239.0,324.0,239.0,1.033082972466185,TRACKING,1.3249999999999995,0.5124999999999998,34.86980000161566,28.649765213219546,True,True
2026-09-17T06:45:49.713005+00:00,19.48072829999728,540,325.02179516893773,239.2919539143828,325.0,239.0,325.0,239.0,0.2927663189515765,TRACKING,1.3562499999999995,0.5062499999999999,35.0105999968946,28.52733346990497,True,True
2026-09-17T06:45:49.750966+00:00,19.518689000004088,541,323.9692755769519,238.9492874673647,323.0,238.0,323.0,238.0,1.35670256127535,TRACKING,1.3749999999999996,0.49374999999999986,37.91900000942405,26.343033711725592,True,True
2026-09-17T06:45:49.786903+00:00,19.5546267000027,542,324.7786573805908,239.4067894384623,324.0,239.0,324.0,239.0,0.8785129273909461,TRACKING,1.3999999999999995,0.4874999999999999,35.886500001652166,27.825932100234798,True,True
2026-09-17T06:45:49.819992+00:00,19.587716900001396,543,324.4475598402281,238.6683152694303,324.0,238.0,324.0,238.0,0.8043351975008411,TRACKING,1.4249999999999994,0.47499999999999987,33.04510000452865,30.220427801566547,True,True
2026-09-17T06:45:49.854355+00:00,19.622071000005235,544,323.97369001125423,238.73821024031147,323.0,238.0,323.0,238.0,1.2218946750505937,TRACKING,1.4437499999999994,0.46249999999999986,34.31670001009479,29.108607120788072,True,True
2026-09-17T06:45:49.889021+00:00,19.65674510000099,545,324.3548441770927,238.62129860849942,324.0,238.0,324.0,238.0,0.7154902871038058,TRACKING,1.4687499999999993,0.44999999999999984,34.62540000327863,28.83996989460247,True,True
2026-09-17T06:45:49.924378+00:00,19.692103100009263,546,323.5889092264516,238.32287155060723,323.0,238.0,323.0,238.0,0.6716100916390126,TRACKING,1.4874999999999994,0.43749999999999983,35.31969999312423,28.2821426485102,True,True
2026-09-17T06:45:49.957153+00:00,19.724873800005298,547,323.6738639739482,237.84867393728197,323.0,237.0,323.0,237.0,1.0836697408375526,TRACKING,1.5062499999999994,0.41874999999999984,32.73429999535438,30.515063764917308,True,True
2026-09-17T06:45:49.993471+00:00,19.761195600003703,548,323.607780423285,238.2048899740199,323.0,238.0,323.0,238.0,0.6413867354275357,TRACKING,1.5249999999999995,0.40624999999999983,36.27009999763686,27.53167519351816,True,True
2026-09-17T06:45:50.027431+00:00,19.7951458000025,549,323.38882497218424,237.398127743873,323.0,237.0,323.0,237.0,0.5564984810720355,TRACKING,1.5437499999999995,0.38749999999999984,33.913199993548915,29.454907483177767,True,True
2026-09-17T06:45:50.062491+00:00,19.830214600006002,550,323.0152595583295,237.43540269068333,323.0,237.0,323.0,237.0,0.4356700094965189,TRACKING,1.5624999999999996,0.36874999999999986,35.00560000247788,28.515375487617984,True,True
2026-09-17T06:45:50.097912+00:00,19.8656353999977,551,322.48544274559896,237.32412008412612,322.0,237.0,322.0,237.0,0.5837023969357846,TRACKING,1.5749999999999995,0.34999999999999987,35.38069999194704,28.23199928387789,True,True
2026-09-17T06:45:50.133880+00:00,19.90160399999877,552,322.79783074990837,237.0720565103933,322.0,237.0,322.0,237.0,0.8010780524951455,TRACKING,1.5874999999999995,0.3312499999999999,35.923699993873015,27.802027323005614,True,True
2026-09-17T06:45:50.169905+00:00,19.937622500001453,553,322.9509784040266,236.6873404347772,322.0,236.0,322.0,236.0,1.1733698471516698,TRACKING,1.5999999999999994,0.30624999999999986,35.98220000276342,27.763510416189085,True,True
2026-09-17T06:45:50.203477+00:00,19.971202300002915,554,322.94354006075775,237.17843188474083,322.0,237.0,322.0,237.0,0.9602633929016107,TRACKING,1.6124999999999994,0.28749999999999987,33.535399998072535,29.779808097620062,True,True
2026-09-17T06:45:50.239052+00:00,20.006774499997846,555,322.77427043392674,236.55410130425528,322.0,236.0,322.0,236.0,0.9521149931759901,TRACKING,1.6249999999999993,0.26249999999999984,35.52809999382589,28.11184014883811,True,True
2026-09-17T06:45:50.270662+00:00,20.03838420000102,556,322.44202537664364,236.8234076322564,322.0,236.0,322.0,236.0,0.9345515301228868,TRACKING,1.6374999999999993,0.23749999999999985,31.567800004268065,31.63585860984486,True,True
2026-09-17T06:45:50.309113+00:00,20.076836899999762,557,321.9457625963569,236.9956756600167,321.0,236.0,321.0,236.0,1.3732577720942942,TRACKING,1.6437499999999994,0.21249999999999986,38.410399996791966,26.00597617417482,True,True
2026-09-17T06:45:50.347538+00:00,20.115260100006708,558,322.2845423062528,237.08047272402254,322.0,237.0,322.0,237.0,0.295702863292285,TRACKING,1.6562499999999993,0.19374999999999987,38.38030000042636,26.02594265493827,True,True
2026-09-17T06:45:50.379446+00:00,20.147171000004164,559,321.45752781259193,236.08758479261562,321.0,236.0,321.0,236.0,0.46583558815603626,TRACKING,1.6624999999999994,0.16874999999999987,31.868100006249733,31.337254670965784,True,True
2026-09-17T06:45:50.418836+00:00,20.186556700005895,560,321.4639860376151,236.0269920061689,321.0,236.0,321.0,236.0,0.46477049336072407,TRACKING,1.6687499999999995,0.14374999999999988,39.34750000189524,25.38992578413131,True,True
2026-09-17T06:45:50.453917+00:00,20.221638800008805,561,321.3032879776934,235.90884373193208,321.0,235.0,321.0,235.0,0.9581130029832514,TRACKING,1.6749999999999996,0.11249999999999988,35.03159999672789,28.50456500372131,True,True
2026-09-17T06:45:50.489183+00:00,20.25690750000649,562,320.9749090964346,236.74343319590085,320.0,236.0,320.0,236.0,1.2260263712817436,TRACKING,1.6749999999999996,0.08749999999999988,35.228799999458715,28.353752762806355,True,True
2026-09-17T06:45:50.528380+00:00,20.296101600004476,563,321.4784296525018,236.54117175511146,321.0,236.0,321.0,236.0,0.7223308112793035,TRACKING,1.6812499999999997,0.06249999999999988,39.15690000576433,25.514044206944572,True,True
2026-09-17T06:45:50.560292+00:00,20.32801520000794,564,320.81353496193793,236.31256287467045,320.0,236.0,320.0,236.0,0.8715128713436237,TRACKING,1.6812499999999997,0.03749999999999988,31.86699999787379,31.334603425858614,True,True
2026-09-17T06:45:50.598468+00:00,20.366191499997512,565,320.9800155948323,236.06817587456223,320.0,236.0,320.0,236.0,0.9823840979916411,TRACKING,1.6812499999999997,0.01249999999999988,38.13549999904353,26.194261892146038,True,True
2026-09-17T06:45:50.631905+00:00,20.399628400002257,566,320.97776750620886,235.81861951185246,320.0,235.0,320.0,235.0,1.2752126102667982,TRACKING,1.6812499999999997,-0.01875000000000012,33.372200006851926,29.907078702215365,True,True
2026-09-17T06:45:50.670084+00:00,20.437803699998767,567,320.8067921010498,236.5745154643221,320.0,236.0,320.0,236.0,0.9904451085555227,TRACKING,1.6812499999999997,-0.04375000000000012,38.13600000285078,26.194948044715208,True,True
2026-09-17T06:45:50.705785+00:00,20.473508900002344,568,320.4671962334176,236.34647178180325,320.0,236.0,320.0,236.0,0.5816485331413789,TRACKING,1.6812499999999997,-0.06875000000000012,35.65240000898484,28.007125009797832,True,True
2026-09-17T06:45:50.744400+00:00,20.512124400003813,569,319.9591921396756,236.14505637157967,319.0,236.0,319.0,236.0,0.9700984031279287,TRACKING,1.6749999999999996,-0.09375000000000011,38.579500003834255,25.896336962151004,True,True
2026-09-17T06:45:50.780526+00:00,20.548251000000164,570,320.28309730584596,235.98077058412233,320.0,235.0,320.0,235.0,1.0208109635269824,TRACKING,1.6749999999999996,-0.1250000000000001,36.09090000099968,27.680434917789498,True,True
2026-09-17T06:45:50.820258+00:00,20.587979899995844,571,319.4393342691919,236.8640229651812,319.0,236.0,319.0,236.0,0.9693040206492791,TRACKING,1.6687499999999995,-0.1500000000000001,39.695999992545694,25.170593701530567,True,True
2026-09-17T06:45:50.857370+00:00,20.625086200001533,572,319.42843035414563,236.8051032398432,319.0,236.0,319.0,236.0,0.9119998876970081,TRACKING,1.6624999999999994,-0.1750000000000001,37.06370000145398,26.949601546009077,True,True
2026-09-17T06:45:50.891787+00:00,20.659511100006057,573,319.251017342748,236.81415659357714,319.0,236.0,319.0,236.0,0.8519745684146935,TRACKING,1.6562499999999993,-0.2000000000000001,34.357800002908334,29.048740878509136,True,True
2026-09-17T06:45:50.925583+00:00,20.693306400004076,574,318.9078310798044,236.9011583145538,318.0,236.0,318.0,236.0,1.2791573700480645,TRACKING,1.6437499999999994,-0.2250000000000001,33.757600001990795,29.589913392058094,True,True
2026-09-17T06:45:50.962266+00:00,20.729987400001846,575,319.3997110130066,237.07588886062103,319.0,237.0,319.0,237.0,0.40685134027690883,TRACKING,1.6374999999999993,-0.24375000000000008,36.63909999886528,27.26207028327426,True,True
2026-09-17T06:45:50.998217+00:00,20.765923500002827,576,318.72759966830506,236.34790941325122,318.0,236.0,318.0,236.0,0.8064999920312708,TRACKING,1.6249999999999993,-0.2687500000000001,35.88700000545941,27.82717100555416,True,True
2026-09-17T06:45:51.037775+00:00,20.80549900000915,577,318.8925420608605,236.7265379795689,318.0,236.0,318.0,236.0,1.1508643561085348,TRACKING,1.6124999999999994,-0.2937500000000001,39.50600000098348,25.268158326243743,True,True
2026-09-17T06:45:51.072284+00:00,20.840010900006746,578,318.8956850419439,237.22082610218447,318.0,237.0,318.0,237.0,0.9225052096156807,TRACKING,1.5999999999999994,-0.3125000000000001,34.474799991585314,28.9755127961555,True,True
2026-09-17T06:45:51.106531+00:00,20.874255900009302,579,318.7382765821916,236.83953623505198,318.0,236.0,318.0,236.0,1.1179773708701564,TRACKING,1.5874999999999995,-0.33750000000000013,34.217599997646175,29.201343259610084,True,True
2026-09-17T06:45:51.143216+00:00,20.91094190000149,580,318.42166499166456,237.59111984189778,318.0,237.0,318.0,237.0,0.7261019437246575,TRACKING,1.5749999999999995,-0.3562500000000001,36.65019999607466,27.25835469151627,True,True
2026-09-17T06:45:51.177124+00:00,20.94485060000443,581,317.9472980771974,237.48369627196172,317.0,237.0,317.0,237.0,1.0636426705296915,TRACKING,1.5562499999999995,-0.3750000000000001,33.87549999752082,29.490956595602693,True,True
2026-09-17T06:45:51.212091+00:00,20.979812500008848,582,318.31672223756766,237.52503246585388,318.0,237.0,318.0,237.0,0.6131656105575998,TRACKING,1.5437499999999995,-0.3937500000000001,34.928699998999946,28.602564502318742,True,True
2026-09-17T06:45:51.247837+00:00,21.015561799998977,583,317.53158149704643,237.72252354224736,317.0,237.0,317.0,237.0,0.897005661689934,TRACKING,1.5249999999999995,-0.4125000000000001,35.70920000493061,27.97257569451986,True,True
2026-09-17T06:45:51.282298+00:00,21.05001639999682,584,317.59361647793605,238.08317431393266,317.0,238.0,317.0,238.0,0.5994151227449741,TRACKING,1.5062499999999994,-0.4250000000000001,34.41400000883732,29.02370075585223,True,True
2026-09-17T06:45:51.317700+00:00,21.085417399997823,585,317.5046633127389,237.61358177943424,317.0,237.0,317.0,237.0,0.7944606090161359,TRACKING,1.4874999999999994,-0.4437500000000001,35.34319999744184,28.247789609663364,True,True
2026-09-17T06:45:51.353337+00:00,21.12106109999877,586,317.2666524966329,238.31991863394904,317.0,238.0,317.0,238.0,0.416475072853564,TRACKING,1.4687499999999993,-0.4562500000000001,34.193899991805665,28.055448788241627,True,True
2026-09-17T06:45:51.384281+00:00,21.152006899996195,587,316.8816076809768,238.20791784082428,316.0,238.0,316.0,238.0,0.9057935370106812,TRACKING,1.4437499999999994,-0.4687500000000001,30.905999999959022,32.31456288359614,True,True
2026-09-17T06:45:51.420751+00:00,21.188474900001893,588,317.35164440859205,238.28285830213412,317.0,238.0,317.0,238.0,0.45128993915247906,TRACKING,1.4249999999999994,-0.4812500000000001,36.43410000950098,27.42130086222875,True,True
2026-09-17T06:45:51.455218+00:00,21.22294249999686,589,316.678968791619,238.54955166417352,316.0,238.0,316.0,238.0,0.8735019471005598,TRACKING,1.3999999999999995,-0.49375000000000013,34.42919999361038,29.01275401089644,True,True
2026-09-17T06:45:51.493187+00:00,21.26090930000646,590,316.86587613276754,239.012330290849,316.0,239.0,316.0,239.0,0.8659639215168784,TRACKING,1.3749999999999996,-0.5000000000000001,37.92690001137089,26.33880126181756,True,True
2026-09-17T06:45:51.529558+00:00,21.29728050000267,591,316.91474949082743,238.67503643502403,316.0,238.0,316.0,238.0,1.1368556722728673,TRACKING,1.3499999999999996,-0.5125000000000001,36.31860000314191,27.494281192377098,True,True
2026-09-17T06:45:51.566276+00:00,21.333993699998246,592,316.8280581913355,239.54101263488923,316.0,239.0,316.0,239.0,0.9891284240924578,TRACKING,1.3249999999999997,-0.51875,36.66919999523088,27.23815957531736,True,True
2026-09-17T06:45:51.602335+00:00,21.370047600008547,593,316.60835628332626,239.61309335935678,316.0,239.0,316.0,239.0,0.863701820508631,TRACKING,1.2999999999999998,-0.525,35.98699999565724,27.73625043932192,True,True
2026-09-17T06:45:51.639760+00:00,21.407484399998793,594,316.2582809431351,239.8935979233645,316.0,239.0,316.0,239.0,0.9301754104619723,TRACKING,1.275,-0.53125,37.36209998896811,26.71168476634071,True,True
2026-09-17T06:45:51.676067+00:00,21.443792400008533,595,315.7805508262488,240.38432469079632,315.0,240.0,315.0,240.0,0.8700373901812574,TRACKING,1.24375,-0.53125,36.27379999670666,27.542139466006,True,True
2026-09-17T06:45:51.715496+00:00,21.483216799999354,596,316.17796436823346,240.0865465795093,316.0,240.0,316.0,240.0,0.19789296800415865,TRACKING,1.21875,-0.53125,39.37470000528265,25.365002390215675,True,True
2026-09-17T06:45:51.756652+00:00,21.524362299998756,597,315.4533980358051,240.00100787970183,315.0,240.0,315.0,240.0,0.45339915603517683,TRACKING,1.1875,-0.53125,41.09109999262728,24.303994361826483,True,True
2026-09-17T06:45:51.789839+00:00,21.55755670000508,598,315.60980452913,240.12792239357577,315.0,240.0,315.0,240.0,0.6230776055400998,TRACKING,1.15625,-0.53125,33.121300002676435,30.12556334229606,True,True
2026-09-17T06:45:51.824444+00:00,21.592167199996766,599,315.65021093648414,240.46697290094218,315.0,240.0,315.0,240.0,0.8005235487716416,TRACKING,1.125,-0.53125,34.56259999074973,28.892966014365978,True,True
2026-09-17T06:45:51.858329+00:00,21.626044899996486,600,315.5777168424215,241.01731195210675,315.0,241.0,315.0,241.0,0.5779761705323514,TRACKING,1.09375,-0.525,33.834700006991625,29.517942481580558,True,True
2026-09-17T06:45:51.896682+00:00,21.664398799999617,601,315.39549239063354,240.77756398605263,315.0,240.0,315.0,240.0,0.87236459319202,TRACKING,1.0625,-0.525,38.289799995254725,26.072967805578504,True,True
2026-09-17T06:45:51.932796+00:00,21.70052030000079,602,315.106776302714,241.74582876862655,315.0,241.0,315.0,241.0,0.7534332956090247,TRACKING,1.03125,-0.51875,36.07200000260491,27.68434311884997,True,True
2026-09-17T06:45:51.969371+00:00,21.737096199998632,603,314.71487385406283,241.91968614213465,314.0,241.0,314.0,241.0,1.1648464393460463,TRACKING,0.99375,-0.5125000000000001,36.53430000122171,27.340407209637686,True,True
2026-09-17T06:45:52.002813+00:00,21.77053930000693,604,315.22315480819657,242.29620207447624,315.0,242.0,315.0,242.0,0.37085541299174263,TRACKING,0.9625,-0.5000000000000001,33.41039999213535,29.901534240302418,True,True
2026-09-17T06:45:52.037506+00:00,21.805231999998796,605,314.6350513107559,241.87193599269597,314.0,241.0,314.0,241.0,1.078685562456217,TRACKING,0.925,-0.49375000000000013,34.662899997783825,28.82450775622782,True,True
2026-09-17T06:45:52.073961+00:00,21.841684500002884,606,314.95405574452536,242.6429493826249,314.0,242.0,314.0,242.0,1.1504808874029908,TRACKING,0.8875000000000001,-0.4812500000000001,36.42079999553971,27.43296069920692,True,True
2026-09-17T06:45:52.113843+00:00,21.881565200004843,607,315.1837185468099,242.60481563311401,315.0,242.0,315.0,242.0,0.6321031992491877,TRACKING,0.8562500000000001,-0.4687500000000001,39.836900003138,25.074785546665044,True,True
2026-09-17T06:45:52.151287+00:00,21.918997800006764,608,314.3276459905255,242.7526311002573,314.0,242.0,314.0,242.0,0.8208565454340803,TRACKING,0.8187500000000001,-0.4562500000000001,37.39310000673868,26.714681853482862,True,True
2026-09-17T06:45:52.190220+00:00,21.957944800000405,609,314.38949793039643,243.08102736394756,314.0,243.0,314.0,243.0,0.39783673974557987,TRACKING,0.7812500000000001,-0.4375000000000001,38.86610000336077,25.675918560178577,True,True
2026-09-17T06:45:52.228083+00:00,21.995802600009483,610,314.3729855156656,242.58418464613078,314.0,242.0,314.0,242.0,0.6931016488735917,TRACKING,0.7437500000000001,-0.4250000000000001,37.81970001000445,26.41463581508167,True,True
2026-09-17T06:45:52.267329+00:00,22.035053600004176,611,314.2818688707455,243.2558463572209,314.0,243.0,314.0,243.0,0.38066707080930084,TRACKING,0.7062500000000002,-0.4062500000000001,39.20139999536332,25.477057912797694,True,True
2026-09-17T06:45:52.305946+00:00,22.073668500001077,612,314.1199547452652,243.08933473431455,314.0,243.0,314.0,243.0,0.14956548955788854,TRACKING,0.6687500000000002,-0.3875000000000001,38.58150000451133,25.896739343627868,True,True
2026-09-17T06:45:52.342349+00:00,22.11007090000203,613,313.8910941349742,243.0775675321213,313.0,243.0,313.0,243.0,0.8944637943621858,TRACKING,0.6250000000000002,-0.36875000000000013,36.3599999982398,27.470716215794642,True,True
2026-09-17T06:45:52.378137+00:00,22.14586010000494,614,314.5991798749957,243.21307572488806,314.0,243.0,314.0,243.0,0.6359385089270934,TRACKING,0.5875000000000002,-0.35000000000000014,35.74740000476595,27.941390137770632,True,True
2026-09-17T06:45:52.416013+00:00,22.18373079999583,615,314.24814420693195,243.48802217507387,314.0,243.0,314.0,243.0,0.5474862471311176,TRACKING,0.5500000000000003,-0.33125000000000016,37.82719999435358,26.40563813820594,True,True
2026-09-17T06:45:52.448533+00:00,22.216257799998857,616,313.8419563213395,243.89422122211283,313.0,243.0,313.0,243.0,1.2282190525800158,TRACKING,0.5062500000000003,-0.31250000000000017,32.468699995661154,30.743689854794102,True,True
2026-09-17T06:45:52.482606+00:00,22.25032970000757,617,314.384619877117,244.4231591423013,314.0,244.0,314.0,244.0,0.5718357365421325,TRACKING,0.46875000000000033,-0.28750000000000014,34.036199998809025,29.349698717838056,True,True
2026-09-17T06:45:52.516252+00:00,22.283977300001425,618,313.88017049934655,244.06601542867415,313.0,244.0,313.0,244.0,0.8826427050301741,TRACKING,0.4250000000000003,-0.2625000000000001,33.6064000002807,29.719801714910055,True,True
2026-09-17T06:45:52.549399+00:00,22.31711849999556,619,314.33267325716037,243.8136848376783,314.0,243.0,314.0,243.0,0.8790645659433897,TRACKING,0.3875000000000003,-0.24375000000000013,33.09730000910349,30.173922494568895,True,True
2026-09-17T06:45:52.584338+00:00,22.35205250000581,620,313.74622012320503,244.65680014753949,313.0,244.0,313.0,244.0,0.994098036455171,TRACKING,0.3437500000000003,-0.21875000000000014,34.88169999036472,28.62540790366135,True,True
2026-09-17T06:45:52.617674+00:00,22.385398300000816,621,314.12492741629,244.5857555714394,314.0,244.0,314.0,244.0,0.5989294188910625,TRACKING,0.30625000000000024,-0.19375000000000014,33.26779999770224,29.988784199204037,True,True
2026-09-17T06:45:52.653320+00:00,22.421044400005485,622,313.4729332288252,244.5907307669784,313.0,244.0,313.0,244.0,0.7567223255474216,TRACKING,0.26250000000000023,-0.16875000000000015,35.603100011940114,28.053559852803254,True,True
2026-09-17T06:45:52.688235+00:00,22.455958300008206,623,313.7943948406461,244.66171538191838,313.0,244.0,313.0,244.0,1.0338909079358904,TRACKING,0.21875000000000022,-0.14375000000000016,34.87699999823235,28.641887612729374,True,True
2026-09-17T06:45:52.722430+00:00,22.490154800005257,624,314.0934861208494,244.78853407484988,314.0,244.0,314.0,244.0,0.7940564476098767,TRACKING,0.18125000000000022,-0.11875000000000016,34.154000008129515,29.24275876438303,True,True
2026-09-17T06:45:52.759181+00:00,22.52689740000642,625,313.3743949192615,244.96087194824582,313.0,244.0,313.0,244.0,1.0312354030455573,TRACKING,0.1375000000000002,-0.09375000000000017,36.70490000513382,27.216364654879534,True,True
2026-09-17T06:45:52.793283+00:00,22.56100480000896,626,313.6413204491665,245.1683003303349,313.0,245.0,313.0,245.0,0.6630361375596278,TRACKING,0.0937500000000002,-0.06250000000000017,34.04460000456311,29.319150680659526,True,True
2026-09-17T06:45:52.831371+00:00,22.599093700002413,627,313.8984706629378,244.40030284134792,313.0,244.0,313.0,244.0,0.9836116596254618,TRACKING,0.05000000000000019,-0.037500000000000165,38.040100000216626,26.254368074999757,True,True
2026-09-17T06:45:52.863264+00:00,22.63098159999936,628,314.15005962220255,244.64630167899168,314.0,244.0,314.0,244.0,0.6634935949073144,TRACKING,0.012500000000000185,-0.012500000000000164,31.84049999981653,31.359857503811302,True,True
2026-09-17T06:45:52.895657+00:00,22.663380800004234,629,313.40030486419084,244.8956840574455,313.0,244.0,313.0,244.0,0.9810677423383519,TRACKING,-0.03124999999999982,0.012499999999999838,32.349200002499856,30.864959623988916,True,True
2026-09-17T06:45:52.930319+00:00,22.698042500007432,630,313.653424765913,245.1378287337985,313.0,245.0,313.0,245.0,0.667802878526981,TRACKING,-0.07499999999999982,0.04374999999999984,34.62299999955576,28.850287201947012,True,True
2026-09-17T06:45:52.963410+00:00,22.731128800005536,631,313.91363590780895,244.36213255562666,313.0,244.0,313.0,244.0,0.9827871386432485,TRACKING,-0.11874999999999983,0.06874999999999984,33.04739999293815,30.22398999154682,True,True
2026-09-17T06:45:52.996224+00:00,22.76395120000234,632,314.18515043852597,244.55803696335002,314.0,244.0,314.0,244.0,0.5879506249263358,TRACKING,-0.15624999999999983,0.09374999999999983,32.76850000838749,30.466998150573957,True,True
2026-09-17T06:45:53.031326+00:00,22.799051000009058,633,313.47217344246064,244.71505438113397,313.0,244.0,313.0,244.0,0.8568841973942664,TRACKING,-0.19999999999999984,0.11874999999999983,35.07030000037048,28.490190821844163,True,True
2026-09-17T06:45:53.067792+00:00,22.835514500009594,634,313.77890031171876,244.822794430367,313.0,244.0,313.0,244.0,1.1329944263934086,TRACKING,-0.24374999999999986,0.14374999999999982,36.43089999968652,27.42468495852807,True,True
2026-09-17T06:45:53.100919+00:00,22.868639100008295,635,314.10951412413203,244.87098990019527,314.0,244.0,314.0,244.0,0.8778477941115825,TRACKING,-0.2812499999999999,0.16874999999999982,33.07969999150373,30.189043793411322,True,True
2026-09-17T06:45:53.134326+00:00,22.90204739999899,636,313.46818302896884,244.8495224102043,313.0,244.0,313.0,244.0,0.9699915845272763,TRACKING,-0.3249999999999999,0.1937499999999998,33.37199999077711,29.93268140786777,True,True
2026-09-17T06:45:53.167893+00:00,22.93561660000705,637,313.8590576419795,244.74844770109846,313.0,244.0,313.0,244.0,1.1393656101194973,TRACKING,-0.3687499999999999,0.2187499999999998,33.52179999637883,29.789211531996692,True,True
2026-09-17T06:45:53.204933+00:00,22.97264079999877,638,314.28626845139456,244.55802049017151,314.0,244.0,314.0,244.0,0.6271654436551002,TRACKING,-0.4062499999999999,0.2437499999999998,36.97860000829678,27.00936145071718,True,True
2026-09-17T06:45:53.239621+00:00,23.007343899997068,639,313.7539232365046,244.26871882943797,313.0,244.0,313.0,244.0,0.8003811940794653,TRACKING,-0.4499999999999999,0.2687499999999998,34.62469999794848,28.81586947705235,True,True
2026-09-17T06:45:53.272434+00:00,23.040158600008,640,314.26610450043233,243.8712679055437,314.0,243.0,314.0,243.0,0.9109991044896005,TRACKING,-0.48749999999999993,0.2874999999999998,32.77350000280421,30.474147247022934,True,True
2026-09-17T06:45:53.305824+00:00,23.073549299995648,641,313.8268669186989,244.3566632219706,313.0,244.0,313.0,244.0,0.9005096085800822,TRACKING,-0.5312499999999999,0.31249999999999983,33.35279999009799,29.948458713650624,True,True
2026-09-17T06:45:53.342825+00:00,23.11054310000327,642,314.4402348051884,243.71619310558523,314.0,243.0,314.0,243.0,0.8406778504201902,TRACKING,-0.5687499999999999,0.3312499999999998,36.956600000848994,27.03155663365137,True,True
2026-09-17T06:45:53.376655+00:00,23.144376800002647,643,314.1101995970771,243.94146048128854,314.0,243.0,314.0,243.0,0.947888067771724,TRACKING,-0.6062499999999998,0.3499999999999998,33.7848000053782,29.556329931943882,True,True
2026-09-17T06:45:53.411610+00:00,23.179336000001058,644,313.8407173603175,244.02440386032848,313.0,244.0,313.0,244.0,0.841071476355118,TRACKING,-0.6499999999999998,0.37499999999999983,34.91970000322908,28.60477356591235,True,True
2026-09-17T06:45:53.446178+00:00,23.21390390000306,645,314.63570631722905,242.95731748982232,314.0,242.0,314.0,242.0,1.1491646087852787,TRACKING,-0.6874999999999998,0.38749999999999984,34.53000000445172,28.92857246005873,True,True
2026-09-17T06:45:53.482526+00:00,23.250247000003583,646,314.49904439773,243.73287061312917,314.0,243.0,314.0,243.0,0.8866479834150837,TRACKING,-0.7249999999999998,0.40624999999999983,36.30969999358058,27.515539400481362,True,True
2026-09-17T06:45:53.512846+00:00,23.280570700007956,647,314.4345668157648,243.34412579292004,314.0,243.0,314.0,243.0,0.5543201951190416,TRACKING,-0.7624999999999997,0.4249999999999998,30.280899998615496,32.97750603837154,True,True
2026-09-17T06:45:53.544967+00:00,23.31269350000366,648,314.4460636724141,242.78455625116132,314.0,242.0,314.0,242.0,0.9024972637542137,TRACKING,-0.7999999999999997,0.43749999999999983,32.08220000669826,31.13053657009101,True,True
2026-09-17T06:45:53.579543+00:00,23.347266900003888,649,314.5372775872074,243.04806218265927,314.0,243.0,314.0,243.0,0.5394230057361357,TRACKING,-0.8374999999999997,0.4562499999999998,34.54440001223702,28.923970451082145,True,True
2026-09-17T06:45:53.613051+00:00,23.38077489999705,650,314.7119013591104,242.12898600139565,314.0,242.0,314.0,242.0,0.7234921794043744,TRACKING,-0.8749999999999997,0.46874999999999983,33.474700001534075,29.84361944025498,True,True
2026-09-17T06:45:53.647404+00:00,23.415129500004696,651,314.97357565863985,242.02212648154833,314.0,242.0,314.0,242.0,0.9738270607668061,TRACKING,-0.9124999999999996,0.48124999999999984,34.314699994865805,29.108183468223906,True,True
2026-09-17T06:45:53.681324+00:00,23.44904839999799,652,315.32588675256955,241.72275175784497,315.0,241.0,315.0,241.0,0.792825503480006,TRACKING,-0.9437499999999996,0.4874999999999998,33.885600001667626,29.482088163167273,True,True
2026-09-17T06:45:53.718592+00:00,23.486317400005646,653,314.7723642626247,242.22661115276358,314.0,242.0,314.0,242.0,0.8049218401414168,TRACKING,-0.9812499999999996,0.49999999999999983,37.22869999182876,26.831951482320797,True,True
2026-09-17T06:45:53.750575+00:00,23.51829780000844,654,315.31647895958594,241.5299458010119,315.0,241.0,315.0,241.0,0.6172531764768381,TRACKING,-1.0124999999999997,0.5062499999999999,31.947499999660067,31.269152353085744,True,True
2026-09-17T06:45:53.786785+00:00,23.554509399997187,655,314.96164059417237,241.6294980447324,314.0,241.0,314.0,241.0,1.149356524618056,TRACKING,-1.0499999999999998,0.5124999999999998,36.16899999906309,27.615460247842453,True,True
2026-09-17T06:45:53.821951+00:00,23.589678000003914,656,315.7111957660534,241.52251957595197,315.0,241.0,315.0,241.0,0.8825112604977254,TRACKING,-1.0812499999999998,0.5187499999999998,35.13209999073297,28.434455730643446,True,True
2026-09-17T06:45:53.854306+00:00,23.622029500009376,657,315.5684258323387,241.2067783059189,315.0,241.0,315.0,241.0,0.6048679150596497,TRACKING,-1.1124999999999998,0.5249999999999998,32.31999999843538,30.91046782471259,True,True
2026-09-17T06:45:53.889261+00:00,23.65697789999831,658,315.5365448568317,240.68056394416342,315.0,240.0,315.0,240.0,0.8666300626494774,TRACKING,-1.1437499999999998,0.5249999999999998,34.90710000914987,28.613613221681877,True,True
2026-09-17T06:45:53.922186+00:00,23.689909200009424,659,315.61869760134664,240.94269227333277,315.0,240.0,315.0,240.0,1.127588330958327,TRACKING,-1.1749999999999998,0.5249999999999998,32.87329999147914,30.366247298542813,True,True
2026-09-17T06:45:53.956099+00:00,23.723823200009065,660,315.8179575603367,240.99250810911772,315.0,240.0,315.0,240.0,1.2861286549861237,TRACKING,-1.2062499999999998,0.5249999999999998,33.87020000081975,29.486347821271455,True,True
2026-09-17T06:45:53.990100+00:00,23.757825299995602,661,316.13732504005543,240.82988693787243,316.0,240.0,316.0,240.0,0.8411720967064378,TRACKING,-1.2312499999999997,0.5249999999999998,33.89059999608435,29.40994822072565,True,True
2026-09-17T06:45:54.024177+00:00,23.791900299998815,662,315.579725283468,240.45523522783358,315.0,240.0,315.0,240.0,0.7371027858804745,TRACKING,-1.2624999999999997,0.5249999999999998,34.043699997710064,29.347028610585653,True,True
2026-09-17T06:45:54.059555+00:00,23.827281699996092,663,316.14800664206547,239.86948941316146,316.0,239.0,316.0,239.0,0.8819964884824407,TRACKING,-1.2874999999999996,0.5187499999999998,35.34420000505634,28.263437853701554,True,True
2026-09-17T06:45:54.098236+00:00,23.865957600006368,664,315.8449387957394,240.07411355334202,315.0,240.0,315.0,240.0,0.8481829916559842,TRACKING,-1.3187499999999996,0.5187499999999998,38.64290000637993,25.85589474929643,True,True
2026-09-17T06:45:54.131844+00:00,23.899563099999796,665,316.673211021824,239.07109567380135,316.0,239.0,316.0,239.0,0.676954706563568,TRACKING,-1.3437499999999996,0.5124999999999998,33.56309999071527,29.75703382468862,True,True
2026-09-17T06:45:54.163623+00:00,23.931350300001213,666,316.63543051438126,238.86294279687635,316.0,238.0,316.0,238.0,1.0716539596752352,TRACKING,-1.3687499999999995,0.49999999999999983,31.73840000818018,31.4592037032328,True,True
2026-09-17T06:45:54.197018+00:00,23.964740399998846,667,316.73412075479393,239.45267467556593,316.0,239.0,316.0,239.0,0.8624660251383452,TRACKING,-1.3937499999999994,0.49374999999999986,33.35659998992924,29.948996860474004,True,True
2026-09-17T06:45:54.228891+00:00,23.996610800008057,668,316.9717199346683,238.84381624571964,316.0,238.0,316.0,238.0,1.2869597849086403,TRACKING,-1.4187499999999993,0.48124999999999984,31.834699999308214,31.377077153439586,True,True
2026-09-17T06:45:54.267703+00:00,24.035425699999905,669,317.35057943204475,239.0403888155346,317.0,239.0,317.0,239.0,0.3528982779684691,TRACKING,-1.4374999999999993,0.47499999999999987,38.766199999372475,25.76330224243807,True,True
2026-09-17T06:45:54.303782+00:00,24.071485200009192,670,316.87296234186533,238.04690001438004,316.0,238.0,316.0,238.0,0.8742212887272036,TRACKING,-1.4624999999999992,0.46249999999999986,36.0142999998061,27.73194303144662,True,True
2026-09-17T06:45:54.337572+00:00,24.105294200009666,671,317.54104206160923,237.86833252606922,317.0,237.0,317.0,237.0,1.0230972037202177,TRACKING,-1.4812499999999993,0.44374999999999987,33.70510000968352,29.577923037829535,True,True
2026-09-17T06:45:54.374178+00:00,24.14189320000878,672,317.35690093299365,238.51013163474758,317.0,238.0,317.0,238.0,0.6225853842983939,TRACKING,-1.4999999999999993,0.43124999999999986,36.41230000357609,27.323150906423667,True,True
2026-09-17T06:45:54.405007+00:00,24.1727297000034,673,317.32252894057535,237.97819161451585,317.0,237.0,317.0,237.0,1.0299921126968816,TRACKING,-1.5187499999999994,0.41249999999999987,30.77270000358112,32.42910188168069,True,True
2026-09-17T06:45:54.451651+00:00,24.219354400003795,674,317.4398224680761,238.27884099681538,317.0,238.0,317.0,238.0,0.5207649229062438,TRACKING,-1.5374999999999994,0.39999999999999986,46.580900001572445,21.447859181754875,True,True
2026-09-17T06:45:54.494751+00:00,24.26247620000504,675,317.71058311320587,237.41882675239648,317.0,237.0,317.0,237.0,0.8248298062608634,TRACKING,-1.5562499999999995,0.38124999999999987,43.05649999878369,23.190126571041294,True,True
2026-09-17T06:45:54.531504+00:00,24.299228600008064,676,318.1365165617201,237.40529742740287,318.0,237.0,318.0,237.0,0.4276713414331894,TRACKING,-1.5687499999999994,0.3624999999999999,36.714799993205816,27.20910743020073,True,True
2026-09-17T06:45:54.569711+00:00,24.33743549999781,677,317.7192315214247,237.24578527573206,317.0,237.0,317.0,237.0,0.7600686700408055,TRACKING,-1.5874999999999995,0.3437499999999999,38.16929999447893,26.17328284337101,True,True
2026-09-17T06:45:54.605651+00:00,24.37337450000632,678,318.46023871678346,236.94818743232065,318.0,236.0,318.0,236.0,1.0539824871587382,TRACKING,-1.5999999999999994,0.31874999999999987,35.89549999742303,27.824925561734386,True,True
2026-09-17T06:45:54.635802+00:00,24.403527600006782,679,318.3609499447657,237.52074617442108,318.0,237.0,318.0,237.0,0.6336098490400496,TRACKING,-1.6124999999999994,0.2999999999999999,30.11500000138767,33.16408594753749,True,True
2026-09-17T06:45:54.669532+00:00,24.43725380000251,680,318.42267719251953,236.97202832020204,318.0,236.0,318.0,236.0,1.0599505008966201,TRACKING,-1.6249999999999993,0.27499999999999986,33.69609999936074,29.650538754046295,True,True
2026-09-17T06:45:54.701479+00:00,24.46919990000606,681,318.6466318174212,237.31090381616158,318.0,237.0,318.0,237.0,0.7174913868509576,TRACKING,-1.6374999999999993,0.25624999999999987,31.909800003631972,31.302725524831587,True,True
2026-09-17T06:45:54.737027+00:00,24.504751000000397,682,319.0339237900179,236.54652356688408,319.0,236.0,319.0,236.0,0.5475754127870183,TRACKING,-1.6437499999999994,0.23124999999999987,35.50349999568425,28.128524860252224,True,True
2026-09-17T06:45:54.773559+00:00,24.54127719999815,683,318.5855610003305,236.68829656254078,318.0,236.0,318.0,236.0,0.9036779532076034,TRACKING,-1.6562499999999993,0.20624999999999988,36.481500006630085,27.377608403325436,True,True
2026-09-17T06:45:54.809408+00:00,24.577133700004197,684,319.30244862795615,236.74586636131633,319.0,236.0,319.0,236.0,0.8048551431753561,TRACKING,-1.6624999999999994,0.18124999999999988,35.79770000942517,27.88894621146312,True,True
2026-09-17T06:45:54.841487+00:00,24.60920890000125,685,319.1853885763609,236.72908698553684,319.0,236.0,319.0,236.0,0.752287682156439,TRACKING,-1.6687499999999995,0.1562499999999999,32.04370000457857,31.17673467638212,True,True
2026-09-17T06:45:54.874420+00:00,24.64214300000458,686,319.2350789717148,236.64799829174243,319.0,236.0,319.0,236.0,0.6893213394662863,TRACKING,-1.6749999999999996,0.1312499999999999,32.88830000383314,30.3636656200977,True,True
2026-09-17T06:45:54.907270+00:00,24.674975900008576,687,319.452113726587,236.51280087627882,319.0,236.0,319.0,236.0,0.6836457858282466,TRACKING,-1.6812499999999997,0.1062499999999999,32.789200005936436,30.457254762092308,True,True
2026-09-17T06:45:54.943981+00:00,24.711686700000428,688,319.836982168769,236.33383057911487,319.0,236.0,319.0,236.0,0.9011004418983642,TRACKING,-1.6874999999999998,0.0812499999999999,36.63490001054015,27.23994029609706,True,True
2026-09-17T06:45:54.987459+00:00,24.755182299995795,689,320.390068735461,236.12153264962728,320.0,236.0,320.0,236.0,0.40856309587329553,TRACKING,-1.6874999999999998,0.056249999999999904,43.4153999958653,22.990831258943693,True,True
2026-09-17T06:45:55.043926+00:00,24.811648500006413,690,320.1116527330113,235.8864356389186,320.0,235.0,320.0,235.0,0.8934396872391208,TRACKING,-1.6874999999999998,0.024999999999999904,56.40889999631327,17.70970952201414,True,True
2026-09-17T06:45:55.083398+00:00,24.85111630000756,691,320.00190816235846,236.63912508391851,320.0,236.0,320.0,236.0,0.6391279324027661,TRACKING,-1.6874999999999998,-9.71445146547012e-17,39.42279999318998,25.337110251164482,True,True
2026-09-17T06:45:55.119519+00:00,24.887238700001035,692,320.0609036102869,236.39021704905915,320.0,236.0,320.0,236.0,0.3949412552803368,TRACKING,-1.6874999999999998,-0.0250000000000001,36.07070000725798,27.683653361367817,True,True
2026-09-17T06:45:55.152876+00:00,24.920596600000863,693,320.288602206562,236.15033159163852,320.0,236.0,320.0,236.0,0.32540869852700044,TRACKING,-1.6874999999999998,-0.0500000000000001,33.30989999813028,29.97790628322388,True,True
2026-09-17T06:45:55.188455+00:00,24.956179700006032,694,320.6848616469731,235.93006621720988,320.0,235.0,320.0,235.0,1.1550145643626386,TRACKING,-1.6874999999999998,-0.0812500000000001,35.5377999949269,28.10322877587178,True,True
2026-09-17T06:45:55.224838+00:00,24.992563000007067,695,321.24943428226857,236.73996939133883,321.0,236.0,321.0,236.0,0.780879095180039,TRACKING,-1.6812499999999997,-0.1062500000000001,36.33979998994619,27.485137411162984,True,True
2026-09-17T06:45:55.257677+00:00,25.025403599996935,696,320.9819672729291,236.59051417392857,320.0,236.0,320.0,236.0,1.145847596635086,TRACKING,-1.6812499999999997,-0.1312500000000001,32.80609998910222,30.45011358831835,True,True
2026-09-17T06:45:55.292371+00:00,25.06009169999743,697,321.88200280968044,236.4920720420294,321.0,236.0,321.0,236.0,1.0099821042133301,TRACKING,-1.6749999999999996,-0.15625000000000008,34.658499993383884,28.828330176220497,True,True
2026-09-17T06:45:55.324676+00:00,25.09239940000407,698,321.9489783996095,236.45488696654297,321.0,236.0,321.0,236.0,1.0523697806645835,TRACKING,-1.6687499999999995,-0.18125000000000008,32.26409999479074,30.952373576406252,True,True
2026-09-17T06:45:55.358907+00:00,25.126629599995795,699,322.1822272177044,236.4890498076321,322.0,236.0,322.0,236.0,0.5218969948345096,TRACKING,-1.6562499999999996,-0.20625000000000007,34.18789998977445,29.21396895845582,True,True
2026-09-17T06:45:55.395405+00:00,25.163127200008603,700,321.58097852359737,236.60447309282716,321.0,236.0,321.0,236.0,0.8384054895057713,TRACKING,-1.6499999999999995,-0.23125000000000007,36.45269999105949,27.39906184650689,True,True
2026-09-17T06:45:55.429745+00:00,25.19746930000838,701,322.144358143254,236.81086624086566,322.0,236.0,322.0,236.0,0.8236160113179919,TRACKING,-1.6374999999999995,-0.2562500000000001,34.29659998801071,29.118778409198022,True,True
2026-09-17T06:45:55.465811+00:00,25.233528800003114,702,321.87138901530193,237.11771129320624,321.0,237.0,321.0,237.0,0.8793035679088034,TRACKING,-1.6312499999999994,-0.2750000000000001,36.02119999413844,27.731943042637923,True,True
2026-09-17T06:45:55.502706+00:00,25.27043109999795,703,322.7609918016633,236.53423921385956,322.0,236.0,322.0,236.0,0.9297957086500412,TRACKING,-1.6187499999999995,-0.3000000000000001,36.85570000379812,27.098581934999906,True,True
2026-09-17T06:45:55.532584+00:00,25.300300600007176,704,322.81198556210643,237.06940681678748,322.0,237.0,322.0,237.0,0.8149465376856716,TRACKING,-1.6062499999999995,-0.3187500000000001,29.831499996362254,33.478966828741775,True,True
2026-09-17T06:45:55.569052+00:00,25.336775200004922,705,323.0230884922931,236.7318743785337,323.0,236.0,323.0,236.0,0.7322384751093332,TRACKING,-1.5874999999999995,-0.3437500000000001,36.41490000882186,27.416339043109485,True,True
2026-09-17T06:45:55.602291+00:00,25.37001140000939,706,322.39291872486695,237.5299839920396,322.0,237.0,322.0,237.0,0.6597485552612457,TRACKING,-1.5749999999999995,-0.3625000000000001,33.19139999803156,30.087675482323615,True,True
2026-09-17T06:45:55.639469+00:00,25.40719440000248,707,322.9199951930735,237.47173871576013,322.0,237.0,322.0,237.0,1.0338900189214102,TRACKING,-1.5624999999999996,-0.3812500000000001,37.132500001462176,26.894010708812456,True,True
2026-09-17T06:45:55.671779+00:00,25.43950069999846,708,323.60273855638013,237.5647825701821,323.0,237.0,323.0,237.0,0.8259982560082726,TRACKING,-1.5437499999999995,-0.4000000000000001,32.270099996821955,30.95371491394641,True,True
2026-09-17T06:45:55.706990+00:00,25.474596400003065,709,323.4394721875123,237.81638143175564,323.0,237.0,323.0,237.0,0.9271539493052107,TRACKING,-1.5249999999999995,-0.41875000000000007,35.04050000628922,28.493519145331877,True,True
2026-09-17T06:45:55.743296+00:00,25.511022100006812,710,323.42842322028946,238.23340487198794,323.0,238.0,323.0,238.0,0.4878773308434195,TRACKING,-1.5062499999999994,-0.4312500000000001,36.26480000093579,27.453144343063713,True,True
2026-09-17T06:45:55.778951+00:00,25.546675200006575,711,323.56772365761157,237.8223089870895,323.0,237.0,323.0,237.0,0.9992508302023255,TRACKING,-1.4874999999999994,-0.45000000000000007,35.619799993583,28.048051922740107,True,True
2026-09-17T06:45:55.812751+00:00,25.580476400005864,712,323.8554115388929,238.58912026109874,323.0,238.0,323.0,238.0,1.0386489218731036,TRACKING,-1.4687499999999993,-0.4625000000000001,33.7600999919232,29.584748471091114,True,True
2026-09-17T06:45:55.847099+00:00,25.614822600007756,713,324.28943216622713,238.53942050280813,324.0,238.0,324.0,238.0,0.6121645674952951,TRACKING,-1.4437499999999994,-0.4750000000000001,34.31000000273343,29.115302419042646,True,True
2026-09-17T06:45:55.879965+00:00,25.647689000004902,714,323.86763938850476,238.67833289415012,323.0,238.0,323.0,238.0,1.1013326580879097,TRACKING,-1.4249999999999994,-0.4875000000000001,32.826399998157285,30.42621035728927,True,True
2026-09-17T06:45:55.911510+00:00,25.679234399998677,715,324.5877969426865,239.0105091849112,324.0,239.0,324.0,239.0,0.5878908817111431,TRACKING,-1.3999999999999995,-0.4937500000000001,31.505000006291084,31.700343003967333,True,True
2026-09-17T06:45:55.946893+00:00,25.7146153000067,716,324.4475798513986,238.5401180657782,324.0,238.0,324.0,238.0,0.7014664983860253,TRACKING,-1.3749999999999996,-0.5062500000000001,35.34459999355022,28.26383726172233,True,True
2026-09-17T06:45:55.982980+00:00,25.750698700008797,717,324.4445758759632,239.27083474878447,324.0,239.0,324.0,239.0,0.5205758068116499,TRACKING,-1.3499999999999996,-0.5125000000000001,36.042299994733185,27.713574661529655,True,True
2026-09-17T06:45:56.017761+00:00,25.785487900007865,718,324.5762870239733,239.20583178119227,324.0,239.0,324.0,239.0,0.6119423634205914,TRACKING,-1.3249999999999997,-0.51875,34.737900001346134,28.7445529079942,True,True
2026-09-17T06:45:56.050566+00:00,25.81829049999942,719,324.8401311104551,239.3477711157777,324.0,239.0,324.0,239.0,0.9092662050927635,TRACKING,-1.2999999999999998,-0.525,32.77370000432711,30.485388361210365,True,True
2026-09-17T06:45:56.085955+00:00,25.853676900005667,720,325.2334433716474,239.69879745733516,325.0,239.0,325.0,239.0,0.736758911818647,TRACKING,-1.2687499999999998,-0.53125,35.3507000108948,28.259444301299272,True,True
2026-09-17T06:45:56.125264+00:00,25.89298879999842,721,324.75347813039673,240.26053290203166,324.0,240.0,324.0,240.0,0.79724945031476,TRACKING,-1.24375,-0.53125,39.26849999697879,25.43759014914891,True,True
2026-09-17T06:45:56.161954+00:00,25.929675400009728,722,325.3974105121111,240.03407288301176,325.0,240.0,325.0,240.0,0.39886849523763457,TRACKING,-1.2125,-0.53125,36.65300000284333,27.257908873860604,True,True
2026-09-17T06:45:56.192616+00:00,25.96032140000898,723,325.16233821021905,240.01998343238486,325.0,240.0,325.0,240.0,0.16356354137461088,TRACKING,-1.18125,-0.53125,30.598199999076314,32.63068589781483,True,True
2026-09-17T06:45:56.227486+00:00,25.99519770000188,724,325.04528330001506,240.21829976643994,325.0,240.0,325.0,240.0,0.22294700107421597,TRACKING,-1.15,-0.53125,34.77559999737423,28.67276632565706,True,True
2026-09-17T06:45:56.261757+00:00,26.029472099995473,725,325.04319409976324,240.62852619762293,325.0,240.0,325.0,240.0,0.6300086597442117,TRACKING,-1.11875,-0.53125,34.151700005168095,29.176294849420074,True,True
2026-09-17T06:45:56.297131+00:00,26.064842000007047,726,325.1529470779044,241.24963737349776,325.0,241.0,325.0,241.0,0.2927654810361974,TRACKING,-1.0875,-0.525,35.311799991177395,28.272627281184707,True,True
2026-09-17T06:45:56.328646+00:00,26.09636500000488,727,325.3713488051552,241.0800808395931,325.0,241.0,325.0,241.0,0.3798853458086236,TRACKING,-1.05625,-0.51875,31.44869999960065,31.72286901845476,True,True
2026-09-17T06:45:56.363535+00:00,26.131260699999984,728,325.6951379503033,241.11778091973034,325.0,241.0,325.0,241.0,0.7050454701680057,TRACKING,-1.025,-0.5125000000000001,34.844399997382425,28.65682591666874,True,True
2026-09-17T06:45:56.398706+00:00,26.166431500008912,729,326.1209873184305,241.36014390413305,326.0,241.0,326.0,241.0,0.3799231013049831,TRACKING,-0.9874999999999999,-0.5062500000000001,35.139100000378676,28.43267709992858,True,True
2026-09-17T06:45:56.434929+00:00,26.20265429999563,730,325.6455059302991,241.80406453235003,325.0,241.0,325.0,241.0,1.031114774520568,TRACKING,-0.9562499999999999,-0.5000000000000001,36.18989999813493,27.606921617508714,True,True
2026-09-17T06:45:56.470146+00:00,26.237867400006508,731,326.26524114160924,242.44593375479047,326.0,242.0,326.0,242.0,0.5188542925173715,TRACKING,-0.91875,-0.4875000000000001,35.17699999792967,28.398522132134612,True,True
2026-09-17T06:45:56.507461+00:00,26.275186600003508,732,325.97668080078245,242.28164775346676,325.0,242.0,325.0,242.0,1.0164796326783494,TRACKING,-0.8875,-0.4750000000000001,37.27300000900868,26.7958584342745,True,True
2026-09-17T06:45:56.545265+00:00,26.312989500002004,733,326.776255443948,242.30661819940383,326.0,242.0,326.0,242.0,0.8346180170979758,TRACKING,-0.85,-0.4625000000000001,37.76640001160558,26.45299699334648,True,True
2026-09-17T06:45:56.578790+00:00,26.34651180000219,734,326.66034052573906,242.5157837210714,326.0,242.0,326.0,242.0,0.8379036083318789,TRACKING,-0.8125,-0.45000000000000007,33.48090000508819,29.830888691839437,True,True
2026-09-17T06:45:56.610773+00:00,26.378496799996356,735,326.62525868451297,242.90362255517573,326.0,242.0,326.0,242.0,1.0988549243558978,TRACKING,-0.775,-0.43750000000000006,31.94039998925291,31.264655312878567,True,True
2026-09-17T06:45:56.647562+00:00,26.415286600007676,736,326.66728204058876,243.46416634819474,326.0,243.0,326.0,243.0,0.8128442166176351,TRACKING,-0.7375,-0.41875000000000007,36.74939999473281,27.18144702315057,True,True
2026-09-17T06:45:56.683274+00:00,26.450995799998054,737,326.78263452604347,243.19101507415064,326.0,243.0,326.0,243.0,0.805607571903378,TRACKING,-0.7000000000000001,-0.4000000000000001,35.67250000196509,28.003987775403395,True,True
2026-09-17T06:45:56.718754+00:00,26.486478000006173,738,326.96749424463786,243.0773530313441,326.0,243.0,326.0,243.0,0.9705815807367815,TRACKING,-0.6625000000000001,-0.3812500000000001,35.43959998933133,28.183145345305377,True,True
2026-09-17T06:45:56.753194+00:00,26.520920099996147,739,327.2179958603746,243.1159658780585,327.0,243.0,327.0,243.0,0.24692160702199828,TRACKING,-0.6187500000000001,-0.3625000000000001,34.40540000156034,29.034234274074432,True,True
2026-09-17T06:45:56.788932+00:00,26.556651400009287,740,326.5302330132047,243.29925866465504,326.0,243.0,326.0,243.0,0.6088536742627347,TRACKING,-0.5812500000000002,-0.3437500000000001,35.68120001000352,27.986667141477067,True,True
2026-09-17T06:45:56.826613+00:00,26.594338199996855,741,326.90026076038146,243.61927481699507,326.0,243.0,326.0,243.0,1.092689679482185,TRACKING,-0.5437500000000002,-0.3250000000000001,37.639599991962314,26.53448953824318,True,True
2026-09-17T06:45:56.860867+00:00,26.628589500003727,742,327.3240980419147,244.0677160237277,327.0,244.0,327.0,244.0,0.33109666359300916,TRACKING,-0.5000000000000002,-0.3000000000000001,34.21410000009928,29.195972117828052,True,True
2026-09-17T06:45:56.894906+00:00,26.66262909999932,743,326.7977301686092,243.63596297775007,326.0,243.0,326.0,243.0,1.0202070039839766,TRACKING,-0.46250000000000024,-0.2812500000000001,33.99520000675693,29.377548506134726,True,True
2026-09-17T06:45:56.929680+00:00,26.697403900005156,744,327.3171113311124,244.31509691998474,327.0,244.0,327.0,244.0,0.4470410107627227,TRACKING,-0.41875000000000023,-0.2562500000000001,34.72830000100657,28.756455819507778,True,True
2026-09-17T06:45:56.965220+00:00,26.732944800009136,745,326.87816712841106,244.09592193163098,326.0,244.0,326.0,244.0,0.8833903567447143,TRACKING,-0.3812500000000002,-0.2312500000000001,35.50149999500718,28.136597550653438,True,True
2026-09-17T06:45:57.000381+00:00,26.76810580000165,746,327.47679711420517,243.96898791917636,327.0,243.0,327.0,243.0,1.0799412371162158,TRACKING,-0.3375000000000002,-0.21250000000000008,35.12250000494532,28.440601809190067,True,True
2026-09-17T06:45:57.035369+00:00,26.803093599999556,747,327.10887735954657,244.92461423470473,327.0,244.0,327.0,244.0,0.9310025576981266,TRACKING,-0.2937500000000002,-0.18750000000000008,34.94779999891762,28.58139122950906,True,True
2026-09-17T06:45:57.070522+00:00,26.838243699996383,748,326.77026303016635,244.95291387247812,326.0,244.0,326.0,244.0,1.2252958761059678,TRACKING,-0.2562500000000002,-0.1625000000000001,35.11609999986831,28.4494211990942,True,True
2026-09-17T06:45:57.106497+00:00,26.874219999997877,749,327.45679097685877,245.0438181813006,327.0,245.0,327.0,245.0,0.4588878180471571,TRACKING,-0.2125000000000002,-0.1312500000000001,35.92989999742713,27.796076860557708,True,True
2026-09-17T06:45:57.141129+00:00,26.908854100009194,750,327.16428233731096,244.18710203090075,327.0,244.0,327.0,244.0,0.24898967111014364,TRACKING,-0.16875000000000018,-0.1062500000000001,34.59499999007676,28.87327806044446,True,True
2026-09-17T06:45:57.175651+00:00,26.94337039999664,751,326.8885451477631,244.37240936943618,326.0,244.0,326.0,244.0,0.9634319997058691,TRACKING,-0.13125000000000017,-0.0812500000000001,34.48430000571534,28.97181912208873,True,True
2026-09-17T06:45:57.210599+00:00,26.978323300005286,752,327.62537696284085,244.5892791082254,327.0,244.0,327.0,244.0,0.8592707449011506,TRACKING,-0.08750000000000016,-0.0562500000000001,34.911200011265464,28.609929355006017,True,True
2026-09-17T06:45:57.243857+00:00,27.011581800004933,753,327.3705674819539,244.82717126902529,327.0,244.0,327.0,244.0,0.9063843373440235,TRACKING,-0.04375000000000016,-0.0312500000000001,33.22160000971053,30.06750154127856,True,True
2026-09-17T06:45:57.278124+00:00,27.045848599998862,754,327.11990118059447,245.07549332848603,327.0,245.0,327.0,245.0,0.1416881637747037,TRACKING,-1.5265566588595902e-16,-9.71445146547012e-17,34.22919999866281,29.18276583098379,True,True
2026-09-17T06:45:57.311684+00:00,27.079407600002014,755,326.86915994489914,244.3236266939411,326.0,244.0,326.0,244.0,0.9274552532862788,TRACKING,0.03749999999999985,0.024999999999999904,33.52630000154022,29.79826573813546,True,True
2026-09-17T06:45:57.347894+00:00,27.11561760000768,756,327.61412570784,244.56095324436316,327.0,244.0,327.0,244.0,0.8317565313188363,TRACKING,0.08124999999999985,0.049999999999999906,36.170199993648566,27.616680470684717,True,True
2026-09-17T06:45:57.383340+00:00,27.151065700003528,757,327.3505830853714,244.776881870132,327.0,244.0,327.0,244.0,0.852322673573996,TRACKING,0.12499999999999986,0.0749999999999999,35.40130000328645,28.210256688430725,True,True
2026-09-17T06:45:57.414539+00:00,27.182262900008936,758,327.07432201091456,244.96087494529698,327.0,244.0,327.0,244.0,0.9637449983298776,TRACKING,0.16874999999999987,0.0999999999999999,31.161799997789785,32.054158700993646,True,True
2026-09-17T06:45:57.447904+00:00,27.215629700003774,759,326.7811403665091,245.10247466615218,326.0,245.0,326.0,245.0,0.7878333132033302,TRACKING,0.20624999999999988,0.1312499999999999,33.32180000143126,29.96991021478595,True,True
2026-09-17T06:45:57.481897+00:00,27.249624300005962,760,327.4668466089971,244.1913291902978,327.0,244.0,327.0,244.0,0.5045320756821323,TRACKING,0.2499999999999999,0.1562499999999999,33.963599998969585,29.4164367262927,True,True
2026-09-17T06:45:57.516277+00:00,27.284002700005658,761,327.12726238960823,244.21721851085883,327.0,244.0,327.0,244.0,0.2517530481811981,TRACKING,0.2937499999999999,0.18124999999999988,34.34769999876153,29.08803202036301,True,True
2026-09-17T06:45:57.548473+00:00,27.31619650000357,762,326.75822516528353,244.17008000117542,326.0,244.0,326.0,244.0,0.7770666689989177,TRACKING,0.33124999999999993,0.20624999999999988,32.16210000391584,31.061881482298915,True,True
2026-09-17T06:45:57.583139+00:00,27.350863100000424,763,327.35559080013627,244.04003356613285,327.0,244.0,327.0,244.0,0.35783725848333,TRACKING,0.37499999999999994,0.23124999999999987,34.62230000877753,28.846209322251422,True,True
2026-09-17T06:45:57.618221+00:00,27.385946900001727,764,326.91523615539916,243.81740633725204,326.0,243.0,326.0,243.0,1.2271146402555964,TRACKING,0.4125,0.2499999999999999,35.04620000603609,28.503183804572707,True,True
2026-09-17T06:45:57.650175+00:00,27.41789240000071,765,327.43306166624893,244.49275684982183,327.0,244.0,327.0,244.0,0.6560119814611891,TRACKING,0.45625,0.2749999999999999,31.91000000515487,31.30331345672585,True,True
2026-09-17T06:45:57.680459+00:00,27.44818230000965,766,326.9049939039076,244.05689864164742,326.0,244.0,326.0,244.0,0.9067808012586377,TRACKING,0.49375,0.29999999999999993,30.226800008676946,33.01430508865691,True,True
2026-09-17T06:45:57.714656+00:00,27.482378400003654,767,327.32698812139523,243.5009232144174,327.0,243.0,327.0,243.0,0.5982017203885788,TRACKING,0.5375,0.3187499999999999,34.15649999806192,29.243100826564838,True,True
2026-09-17T06:45:57.747911+00:00,27.5156197000033,768,326.6950307813727,243.81622230031417,326.0,243.0,326.0,243.0,1.0720478676746046,TRACKING,0.575,0.3374999999999999,33.186500004376285,30.083059327122587,True,True
2026-09-17T06:45:57.780495+00:00,27.54822110000532,769,327.00514206446434,243.99450937819637,327.0,243.0,327.0,243.0,0.9945226715100487,TRACKING,0.6187499999999999,0.3562499999999999,32.50770000158809,30.67352935573226,True,True
2026-09-17T06:45:57.815119+00:00,27.582843199998024,770,326.2533783565222,244.02784038558974,326.0,244.0,326.0,244.0,0.25490327307368804,TRACKING,0.6562499999999999,0.3812499999999999,34.59060000022873,28.883285537583497,True,True
2026-09-17T06:45:57.850437+00:00,27.61816150000959,771,326.4358347132535,242.90863357470442,326.0,242.0,326.0,242.0,1.0077533777452141,TRACKING,0.6937499999999999,0.39374999999999993,35.280699987197295,28.31393356057542,True,True
2026-09-17T06:45:57.884217+00:00,27.651944800003548,772,326.5486473006812,243.62968846285492,326.0,243.0,326.0,243.0,0.8351774786219592,TRACKING,0.7312499999999998,0.4124999999999999,33.748200003174134,29.600423883365192,True,True
2026-09-17T06:45:57.917360+00:00,27.685086199999205,773,326.58799580992047,243.18420382991957,326.0,243.0,326.0,243.0,0.616173776982653,TRACKING,0.7687499999999998,0.4312499999999999,33.114000005298294,30.17374040116151,True,True
2026-09-17T06:45:57.951565+00:00,27.719283900005394,774,326.55010584474053,242.5657947178459,326.0,242.0,326.0,242.0,0.7891388364286835,TRACKING,0.8062499999999998,0.4437499999999999,34.16280000237748,29.241732625849927,True,True
2026-09-17T06:45:57.984043+00:00,27.7517649000074,775,326.4312512804456,242.76850838972308,326.0,242.0,326.0,242.0,0.8812393613319548,TRACKING,0.8437499999999998,0.45624999999999993,32.42909999971744,30.78722945531792,True,True
2026-09-17T06:45:58.015555+00:00,27.783278500006418,776,326.2277565925789,242.78683920852274,326.0,242.0,326.0,242.0,0.8191391856893608,TRACKING,0.8812499999999998,0.46874999999999994,31.470300004002638,31.73233143884608,True,True
2026-09-17T06:45:58.049184+00:00,27.816906799998833,777,325.93599915400284,242.61574239832368,325.0,242.0,325.0,242.0,1.1203718656711394,TRACKING,0.9124999999999998,0.48124999999999996,33.595600005355664,29.736858545497405,True,True
2026-09-17T06:45:58.081220+00:00,27.848939100003918,778,326.5524114989296,242.2506466536263,326.0,242.0,326.0,242.0,0.6066153716513376,TRACKING,0.9499999999999997,0.49374999999999997,31.988999995519407,31.218488832873668,True,True
2026-09-17T06:45:58.117241+00:00,27.884961600007955,779,326.0734835524641,241.68746556523354,326.0,241.0,326.0,241.0,0.6913817584118135,TRACKING,0.9874999999999997,0.49999999999999994,35.97040000022389,27.760427507472365,True,True
2026-09-17T06:45:58.152293+00:00,27.920017099997494,780,325.49576482429234,241.92260783414747,325.0,241.0,325.0,241.0,1.0473719380601612,TRACKING,1.0187499999999998,0.50625,35.006399994017556,28.52619418631603,True,True
2026-09-17T06:45:58.188371+00:00,27.95609800000966,781,325.815866565123,241.95298624794555,325.0,241.0,325.0,241.0,1.254520243303746,TRACKING,1.0499999999999998,0.5125,36.04199999244884,27.715494892389234,True,True
2026-09-17T06:45:58.224910+00:00,27.992635300004622,782,326.03046388454334,241.7760253972038,326.0,241.0,326.0,241.0,0.7766231166832332,TRACKING,1.0875,0.5187499999999999,36.5040000033332,27.36929111176535,True,True
2026-09-17T06:45:58.260706+00:00,28.0284304000088,783,325.1362978289728,241.38966811267971,325.0,241.0,325.0,241.0,0.4128175580350985,TRACKING,1.11875,0.5249999999999999,35.76040000189096,27.936784640446344,True,True
2026-09-17T06:45:58.294921+00:00,28.06264299999748,784,325.1301774183966,240.79238060716347,325.0,240.0,325.0,240.0,0.8030026070126731,TRACKING,1.15,0.5249999999999999,34.17759999865666,29.22899751351678,True,True
2026-09-17T06:45:58.327028+00:00,28.094752300006803,785,325.00898164062994,240.98315630914743,325.0,240.0,325.0,240.0,0.9831973342543229,TRACKING,1.18125,0.5249999999999999,32.06859999045264,31.143625046625438,True,True
2026-09-17T06:45:58.361484+00:00,28.129208800004562,786,324.7696614018465,240.96151837873077,324.0,240.0,324.0,240.0,1.2316234270788307,TRACKING,1.2062499999999998,0.5249999999999999,34.41649999876972,29.022100331288193,True,True
2026-09-17T06:45:58.396149+00:00,28.16387200000463,787,325.409241432161,240.7275208994708,325.0,240.0,325.0,240.0,0.8347246306201785,TRACKING,1.2374999999999998,0.5249999999999999,34.623600004124455,28.84903874997211,True,True
2026-09-17T06:45:58.426869+00:00,28.19459579999966,788,324.9248221450807,240.2817487432019,324.0,240.0,324.0,240.0,0.9667876469667768,TRACKING,1.2624999999999997,0.5249999999999999,30.680399999255314,32.54805721173015,True,True
2026-09-17T06:45:58.461026+00:00,28.228746599997976,789,325.3135814496472,239.62531610816137,325.0,239.0,325.0,239.0,0.6995381052443931,TRACKING,1.2937499999999997,0.5187499999999999,34.118499999749474,29.281890908831958,True,True
2026-09-17T06:45:58.494551+00:00,28.262271300001885,790,324.57277651415603,239.75986373407318,324.0,239.0,324.0,239.0,0.9515596825887327,TRACKING,1.3187499999999996,0.5125,33.4790999913821,29.82875312481248,True,True
2026-09-17T06:45:58.527370+00:00,28.295094400004018,791,324.69974548033525,239.68755480115345,324.0,239.0,324.0,239.0,0.9810073097784634,TRACKING,1.3437499999999996,0.50625,32.775300001958385,30.466348392900322,True,True
2026-09-17T06:45:58.561060+00:00,28.32878399999754,792,324.6919091269186,239.4110695232872,324.0,239.0,324.0,239.0,0.8048082957380583,TRACKING,1.3687499999999995,0.5,33.65009999834001,29.682750765585716,True,True
2026-09-17T06:45:58.595934+00:00,28.363655799999833,793,324.5467724815784,238.933598448888,324.0,238.0,324.0,238.0,1.081927081820895,TRACKING,1.3937499999999994,0.4875,34.83209999103565,28.676466369222485,True,True
2026-09-17T06:45:58.628611+00:00,28.396332999996957,794,324.26192638019825,239.25883448619015,324.0,239.0,324.0,239.0,0.3682400302589023,TRACKING,1.4187499999999993,0.48125,32.62909999466501,30.60237719535347,True,True
2026-09-17T06:45:58.661820+00:00,28.429544700004044,795,323.83504897252556,238.3909636729001,323.0,238.0,323.0,238.0,0.9220408776423815,TRACKING,1.4374999999999993,0.46875,33.174500000313856,30.10987091255861,True,True
2026-09-17T06:45:58.694509+00:00,28.46223459999601,796,324.2639071732508,238.33465471328236,324.0,238.0,324.0,238.0,0.42619335191357394,TRACKING,1.4624999999999992,0.45625,32.656600000336766,30.59048820112013,True,True
2026-09-17T06:45:58.729354+00:00,28.497077899999567,797,323.54635805761154,238.09504730883168,323.0,238.0,323.0,238.0,0.554563898963142,TRACKING,1.4812499999999993,0.44375,34.808099997462705,28.699922220279774,True,True
2026-09-17T06:45:58.764182+00:00,28.531892900005914,798,323.6803502006545,237.67773931169336,323.0,237.0,323.0,237.0,0.9603160782498785,TRACKING,1.4999999999999993,0.425,34.771899998304434,28.723251466830234,True,True
2026-09-17T06:45:58.798029+00:00,28.565747700005886,799,323.6639249593053,238.08877273295144,323.0,238.0,323.0,238.0,0.6698335238730591,TRACKING,1.5187499999999994,0.4125,33.7846000038553,29.537908952373986,True,True
2026-09-17T06:45:58.833025+00:00,28.60074720000557,800,323.4952176964596,237.33461864074462,323.0,237.0,323.0,237.0,0.597670646443765,TRACKING,1.5374999999999994,0.39375,34.94700000737794,28.57183674078184,True,True
2026-09-17T06:45:58.866081+00:00,28.633802399999695,801,323.1724589463197,237.42216098596737,323.0,237.0,323.0,237.0,0.45602849279254226,TRACKING,1.5562499999999995,0.375,33.00830000080168,30.252426249963005,True,True
2026-09-17T06:45:58.899859+00:00,28.66758399999526,802,322.6939755202517,237.3586793959787,322.0,237.0,322.0,237.0,0.7811868738069259,TRACKING,1.5687499999999994,0.35625,33.731699993950315,29.60191347157393,True,True
2026-09-17T06:45:58.934812+00:00,28.702537500008475,803,323.0581915524764,237.15183097932243,323.0,237.0,323.0,237.0,0.1626004399182829,TRACKING,1.5874999999999995,0.3375,34.91719999874476,28.609438242862268,True,True
2026-09-17T06:45:58.970033+00:00,28.73775719999685,804,322.2636294849316,236.80963118694666,322.0,236.0,322.0,236.0,0.8514711763776568,TRACKING,1.5999999999999994,0.3125,35.18549998989329,28.39320040574126,True,True
2026-09-17T06:45:59.002122+00:00,28.769840900000418,805,322.30891099070004,237.340433777748,322.0,237.0,322.0,237.0,0.45969681009013863,TRACKING,1.6124999999999994,0.29375,32.035399999585934,31.168474954222496,True,True
2026-09-17T06:45:59.036735+00:00,28.804459400009364,806,322.19275783541764,236.7529099385257,322.0,236.0,322.0,236.0,0.7771929996118548,TRACKING,1.6249999999999993,0.26875,34.57000000344124,28.886289115402892,True,True
2026-09-17T06:45:59.070896+00:00,28.838621100003365,807,321.9139926761276,237.05602661053268,321.0,237.0,321.0,237.0,0.9157082467154216,TRACKING,1.6312499999999994,0.25,34.12830000161193,29.27254791698277,True,True
2026-09-17T06:45:59.107844+00:00,28.875570400006836,808,322.47153979708366,236.2590240767882,322.0,236.0,322.0,236.0,0.537999305380295,TRACKING,1.6437499999999994,0.225,36.913399992045015,27.064112172789862,True,True
2026-09-17T06:45:59.139323+00:00,28.90704839999671,809,321.86442578203525,236.37139286618697,321.0,236.0,321.0,236.0,0.9408318626098032,TRACKING,1.6499999999999995,0.2,31.446599998162128,31.768219083857424,True,True
2026-09-17T06:45:59.173699+00:00,28.941422700008843,810,322.09178012258246,236.40285003211574,322.0,236.0,322.0,236.0,0.4131727717031969,TRACKING,1.6624999999999994,0.17500000000000002,34.34099999140017,29.091501489399274,True,True
2026-09-17T06:45:59.207372+00:00,28.975093900007778,811,321.1528357622144,236.36331486488206,321.0,236.0,321.0,236.0,0.39415283996937817,TRACKING,1.6687499999999995,0.15000000000000002,33.636200008913875,29.69897122857625,True,True
2026-09-17T06:45:59.243139+00:00,29.01085659999808,812,321.04692957569506,236.26288409865583,321.0,236.0,321.0,236.0,0.2670401363110186,TRACKING,1.6749999999999996,0.12500000000000003,35.72200000053272,27.962094592165005,True,True
2026-09-17T06:45:59.277417+00:00,29.04514129999734,813,320.7735027834952,236.11180667488838,320.0,236.0,320.0,236.0,0.7815416102962162,TRACKING,1.6749999999999996,0.10000000000000003,34.24069999891799,29.16752954004369,True,True
2026-09-17T06:45:59.309963+00:00,29.0776884000079,814,321.3321013010107,235.92045812530108,321.0,235.0,321.0,235.0,0.9785368846220296,TRACKING,1.6812499999999997,0.06875000000000003,32.50849999312777,30.724703573452683,True,True
2026-09-17T06:45:59.344497+00:00,29.112221700008377,815,320.7223760223515,236.6993146384551,320.0,236.0,320.0,236.0,1.0054193559037783,TRACKING,1.6812499999999997,0.04375000000000003,34.495300002163276,28.957556908439805,True,True
2026-09-17T06:45:59.376433+00:00,29.144157999995514,816,320.9440830385208,236.4589268747379,320.0,236.0,320.0,236.0,1.0497174191082619,TRACKING,1.6812499999999997,0.01875000000000003,31.899800000246614,31.312331121725453,True,True
2026-09-17T06:45:59.410019+00:00,29.17774339999596,817,320.99708378985,236.20989359520877,320.0,236.0,320.0,236.0,1.0189364088555029,TRACKING,1.6812499999999997,-0.006249999999999971,33.55189999274444,29.774842639560003,True,True
2026-09-17T06:45:59.447837+00:00,29.21556430000055,818,320.8813451525953,235.96283517021155,320.0,235.0,320.0,235.0,1.3053048850745794,TRACKING,1.6812499999999997,-0.03749999999999997,37.78359999705572,26.440407284825067,True,True
2026-09-17T06:45:59.482267+00:00,29.249983400004567,819,320.5969394596371,236.72836703398468,320.0,236.0,320.0,236.0,0.9417299266071323,TRACKING,1.6812499999999997,-0.06249999999999997,34.388900006888434,29.053635913877336,True,True
2026-09-17T06:45:59.512600+00:00,29.280325100000482,820,320.14404445527583,236.51707315159973,320.0,236.0,320.0,236.0,0.5367620042448892,TRACKING,1.6812499999999997,-0.08749999999999997,30.283700005384162,32.957942374178764,True,True
2026-09-17T06:45:59.545767+00:00,29.313489100008155,821,319.52294318414675,236.33947956456262,319.0,236.0,319.0,236.0,0.6234708883349523,TRACKING,1.6749999999999996,-0.11249999999999996,33.12009999353904,30.15317813799993,True,True
2026-09-17T06:45:59.579583+00:00,29.347308399999747,822,319.73402381432703,236.20602808119347,319.0,236.0,319.0,236.0,0.7623900118964476,TRACKING,1.6687499999999995,-0.13749999999999996,33.774700001231395,29.56891479860968,True,True
2026-09-17T06:45:59.611524+00:00,29.379249100005836,823,319.7777793947417,236.12705017753956,319.0,236.0,319.0,236.0,0.788087897697697,TRACKING,1.6624999999999994,-0.16249999999999995,31.903000010061078,31.308017664276615,True,True
2026-09-17T06:45:59.648796+00:00,29.41651809999894,824,319.6548075470265,236.1127411740706,319.0,236.0,319.0,236.0,0.6644422442723602,TRACKING,1.6562499999999993,-0.18749999999999994,37.23760000139009,26.8319514927975,True,True
2026-09-17T06:45:59.683244+00:00,29.450968400007696,825,319.36581009203167,236.17313475268298,319.0,236.0,319.0,236.0,0.404713066281302,TRACKING,1.6499999999999992,-0.21249999999999994,34.41099998599384,29.027323412156253,True,True
2026-09-17T06:45:59.717987+00:00,29.485710000008112,826,318.91159261120754,236.3180778777222,318.0,236.0,318.0,236.0,0.9654919083578274,TRACKING,1.6374999999999993,-0.23749999999999993,34.70180000294931,28.78393626050694,True,True
2026-09-17T06:45:59.753142+00:00,29.520870000007562,827,319.2930639431437,236.55720618370196,319.0,236.0,319.0,236.0,0.6295754171873591,TRACKING,1.6312499999999992,-0.26249999999999996,35.12179999961518,28.441410694414902,True,True
2026-09-17T06:45:59.805677+00:00,29.57339810000849,828,318.5112356155713,236.89991989123217,318.0,236.0,318.0,236.0,1.0349964566431622,TRACKING,1.6187499999999992,-0.2875,52.50109999906272,19.03742948978448,True,True
2026-09-17T06:45:59.878233+00:00,29.645958299995982,829,318.5672212131949,237.35536031136715,318.0,237.0,318.0,237.0,0.6693436005470209,TRACKING,1.6062499999999993,-0.30624999999999997,72.51430000178516,13.78165992062279,True,True
2026-09-17T06:45:59.921298+00:00,29.68901509999705,830,318.46223568173525,236.93238699708508,318.0,236.0,318.0,236.0,1.0406763847626102,TRACKING,1.5937499999999993,-0.33125,43.0013000004692,23.225135169710583,True,True
2026-09-17T06:45:59.965708+00:00,29.733430000007502,831,318.1975945686289,237.63955559902115,318.0,237.0,318.0,237.0,0.6693840286344975,TRACKING,1.5812499999999994,-0.35,44.349500007228926,22.514966818898184,True,True
2026-09-17T06:46:00.001806+00:00,29.769528600008925,832,317.774713200855,237.485096480798,317.0,237.0,317.0,237.0,0.9140564201741564,TRACKING,1.5624999999999993,-0.36874999999999997,36.055400007171556,27.701905335956603,True,True
2026-09-17T06:46:00.042881+00:00,29.810600400000112,833,318.1951058003996,237.4768941473998,318.0,237.0,318.0,237.0,0.51526139111498,TRACKING,1.5499999999999994,-0.38749999999999996,41.030799999134615,24.347605905136433,True,True
2026-09-17T06:46:00.082460+00:00,29.85018080000009,834,317.46038453791857,237.6224675380194,317.0,237.0,317.0,237.0,0.7742220344593911,TRACKING,1.5312499999999993,-0.40624999999999994,39.52979999303352,25.265030166460644,True,True
2026-09-17T06:46:00.121288+00:00,29.88901569999871,835,317.57225852518195,237.9289512326231,317.0,237.0,317.0,237.0,1.0910683810996373,TRACKING,1.5124999999999993,-0.42499999999999993,38.787800003774464,25.75003411971075,True,True
2026-09-17T06:46:00.156785+00:00,29.924512700003106,836,317.5325327469344,238.40307761921792,317.0,238.0,317.0,238.0,0.6678792508170139,TRACKING,1.4937499999999992,-0.43749999999999994,35.466100001940504,28.17139476226471,True,True
2026-09-17T06:46:00.190426+00:00,29.958148899997468,837,317.3431069328411,238.05116006638855,317.0,238.0,317.0,238.0,0.3469001581961648,TRACKING,1.4749999999999992,-0.44999999999999996,33.605699994950555,29.72987436653422,True,True
2026-09-17T06:46:00.225669+00:00,29.99339730000065,838,317.0059743702145,237.87907714316142,317.0,237.0,317.0,237.0,0.879097444387317,TRACKING,1.4562499999999992,-0.46874999999999994,35.21240000554826,28.370082043714895,True,True
2026-09-17T06:46:00.258869+00:00,30.026593200003845,839,316.5232206582789,238.89225792564628,316.0,238.0,316.0,238.0,1.0343520015586518,TRACKING,1.4312499999999992,-0.48124999999999996,33.17039999819826,30.124202082299774,True,True
2026-09-17T06:46:00.294994+00:00,30.062716000000364,840,316.89702240473525,239.09566842717112,316.0,239.0,316.0,239.0,0.9021095513042815,TRACKING,1.4062499999999993,-0.48749999999999993,36.08839999651536,27.683346808562817,True,True
2026-09-17T06:46:00.335560+00:00,30.103285600009258,841,317.12964586545354,238.49379918583622,317.0,238.0,317.0,238.0,0.5105347063243741,TRACKING,1.3874999999999993,-0.49999999999999994,40.52660000161268,24.648998259306914,True,True
2026-09-17T06:46:00.370099+00:00,30.13782390000415,842,316.22344552813865,239.090654040508,316.0,239.0,316.0,239.0,0.24113493962010318,TRACKING,1.3624999999999994,-0.50625,34.502700000302866,28.95336481957366,True,True
2026-09-17T06:46:00.402932+00:00,30.170642099998076,843,316.18086264084786,238.8897401233055,316.0,238.0,316.0,238.0,0.907936551678668,TRACKING,1.3374999999999995,-0.5187499999999999,32.779800007119775,30.470897251679773,True,True
2026-09-17T06:46:00.440664+00:00,30.20838630000071,844,316.0044236862951,239.89405909359823,316.0,239.0,316.0,239.0,0.8940700374389728,TRACKING,1.3124999999999996,-0.5249999999999999,37.66950000135694,26.494136845666105,True,True
2026-09-17T06:46:00.478684+00:00,30.246407099999487,845,315.69673880287763,240.10609963541953,315.0,240.0,315.0,240.0,0.7047709500763443,TRACKING,1.2812499999999996,-0.5249999999999999,37.97340000164695,26.301392922615815,True,True
2026-09-17T06:46:00.515776+00:00,30.28350030000729,846,316.26050015342554,239.52783123705353,316.0,239.0,316.0,239.0,0.5886137483479236,TRACKING,1.2562499999999996,-0.5312499999999999,37.05089999129996,26.959119185986737,True,True
2026-09-17T06:46:00.547786+00:00,30.315509100008057,847,315.6984802426903,240.1606992683399,315.0,240.0,315.0,240.0,0.7167279150931061,TRACKING,1.2249999999999996,-0.5312499999999999,31.975199992302805,31.241408611882697,True,True
2026-09-17T06:46:00.579088+00:00,30.34680759999901,848,316.0135301846147,240.0056213680017,316.0,240.0,316.0,240.0,0.0146514734384713,TRACKING,1.1999999999999997,-0.5312499999999999,31.25230000296142,31.9504129683228,True,True
2026-09-17T06:46:00.610224+00:00,30.377942999999505,849,315.2085779204845,240.06298515002675,315.0,240.0,315.0,240.0,0.217880421418577,TRACKING,1.1687499999999997,-0.5312499999999999,31.086700008017942,32.11778233085602,True,True
2026-09-17T06:46:00.642816+00:00,30.410539999997127,850,315.2866263890563,240.3326472348345,315.0,240.0,315.0,240.0,0.4391000680329068,TRACKING,1.1374999999999997,-0.5312499999999999,32.54679999372456,30.677669726445416,True,True
2026-09-17T06:46:00.676667+00:00,30.444392999997945,851,315.25075164982013,240.8139336076503,315.0,240.0,315.0,240.0,0.8516832201882171,TRACKING,1.1062499999999997,-0.5312499999999999,33.80920000199694,29.539479513657447,True,True
2026-09-17T06:46:00.711139+00:00,30.478859700000612,852,315.10410096056455,241.50564130319106,315.0,241.0,315.0,241.0,0.5162461985169584,TRACKING,1.0749999999999997,-0.5249999999999999,34.43489999335725,29.013511590103104,True,True
2026-09-17T06:46:00.741788+00:00,30.509508999995887,853,314.84989081043824,241.4060414124525,314.0,241.0,314.0,241.0,0.9419044634642074,TRACKING,1.0374999999999996,-0.5187499999999999,30.60669999103993,32.62717256688265,True,True
2026-09-17T06:46:00.777370+00:00,30.54509310000867,854,315.49140490975446,241.51288340408058,315.0,241.0,315.0,241.0,0.7103014652329531,TRACKING,1.0062499999999996,-0.5125,35.537900010240264,28.102439000585694,True,True
2026-09-17T06:46:00.807893+00:00,30.575599100004183,855,315.0319921377743,241.82340074952856,315.0,241.0,315.0,241.0,0.8240220210671334,TRACKING,0.9749999999999996,-0.50625,30.460599999059923,32.78043664023864,True,True
2026-09-17T06:46:00.840807+00:00,30.60853159999533,856,314.47506444976784,242.33431783793714,314.0,242.0,314.0,242.0,0.5809084680017871,TRACKING,0.9374999999999997,-0.49374999999999997,32.8600000066217,30.365140826502664,True,True
2026-09-17T06:46:00.876258+00:00,30.643978499996592,857,314.82409474465584,242.04185816345534,314.0,242.0,314.0,242.0,0.8251571086873246,TRACKING,0.8999999999999997,-0.48124999999999996,35.40680000151042,28.211211698749818,True,True
2026-09-17T06:46:00.909355+00:00,30.677065500000026,858,315.08261469455545,241.9417537645397,315.0,241.0,315.0,241.0,0.9453704780567149,TRACKING,0.8687499999999997,-0.475,33.04670000215992,30.223350557506556,True,True
2026-09-17T06:46:00.939636+00:00,30.707352700002957,859,314.2542125376063,243.02925589163343,314.0,243.0,314.0,243.0,0.2558904481833926,TRACKING,0.8312499999999997,-0.45625,30.2291999978479,33.01724820726989,True,True
2026-09-17T06:46:00.971853+00:00,30.739576399995713,860,314.342530835433,242.29914687656913,314.0,242.0,314.0,242.0,0.45477052123407125,TRACKING,0.7937499999999997,-0.44375,32.15780000027735,31.03305952528174,True,True
2026-09-17T06:46:01.003865+00:00,30.771590999996988,861,314.35126419666506,242.74575317402127,314.0,242.0,314.0,242.0,0.8243387243248691,TRACKING,0.7562499999999998,-0.43124999999999997,31.970399999408983,31.235748688415836,True,True
2026-09-17T06:46:01.035999+00:00,30.803722700002254,862,314.2841569679292,243.36295954241336,314.0,243.0,314.0,243.0,0.4609607487103937,TRACKING,0.7187499999999998,-0.4125,32.10159999434836,31.12191386811515,True,True
2026-09-17T06:46:01.069445+00:00,30.837165100005222,863,314.14500089374883,243.14422432883998,314.0,243.0,314.0,243.0,0.20451385336280423,TRACKING,0.6812499999999998,-0.39375,33.399699997971766,29.90216012939369,True,True
2026-09-17T06:46:01.101306+00:00,30.869032000002335,864,313.93763274683386,243.0825958197889,313.0,243.0,313.0,243.0,0.9412636386166222,TRACKING,0.6374999999999998,-0.375,31.816800008527935,31.380523367212255,True,True
2026-09-17T06:46:01.135789+00:00,30.90351640000881,865,314.66593193021674,243.17072961680748,314.0,243.0,314.0,243.0,0.6874692267566785,TRACKING,0.5999999999999999,-0.35625,34.45520000241231,28.99861966025745,True,True
2026-09-17T06:46:01.167410+00:00,30.935134300001664,866,314.3338180527543,243.40090699367258,314.0,243.0,314.0,243.0,0.5216904349518448,TRACKING,0.5624999999999999,-0.3375,31.587799996486865,31.627653962662276,True,True
2026-09-17T06:46:01.197130+00:00,30.964853700003005,867,313.9452484795024,243.765054189185,313.0,243.0,313.0,243.0,1.216060278272083,TRACKING,0.5187499999999999,-0.31875000000000003,29.67860001081135,33.64805480443391,True,True
2026-09-17T06:46:01.229184+00:00,30.996775899999193,868,314.50421585848574,244.25476258737095,314.0,244.0,314.0,244.0,0.5649226565402097,TRACKING,0.48124999999999996,-0.29375,31.881299990345724,31.32616173444833,True,True
2026-09-17T06:46:01.260231+00:00,31.027957700003753,869,314.0147456254296,243.8613097346389,314.0,243.0,314.0,243.0,0.8614359479688739,TRACKING,0.44375,-0.275,30.984100012574345,32.069989540493005,True,True
2026-09-17T06:46:01.292230+00:00,31.059951400005957,870,313.4808934879874,244.57568114137467,313.0,244.0,313.0,244.0,0.7501115405878703,TRACKING,0.39999999999999997,-0.25,31.960299995262176,31.256153553078292,True,True
2026-09-17T06:46:01.323194+00:00,31.090921299997717,871,313.90674289105783,244.3885928134692,313.0,244.0,313.0,244.0,0.9865024303892077,TRACKING,0.35624999999999996,-0.225,30.92609999293927,32.289416506545514,True,True
2026-09-17T06:46:01.353127+00:00,31.12085059999663,872,314.2964024647682,244.2905144574671,314.0,244.0,314.0,244.0,0.41503381924619875,TRACKING,0.31875,-0.2,29.899000001023524,33.41207445668129,True,True
2026-09-17T06:46:01.388346+00:00,31.15606970000954,873,313.65400345670713,244.27169330134112,313.0,244.0,313.0,244.0,0.7081933149772807,TRACKING,0.27499999999999997,-0.17500000000000002,35.174700009520166,28.39368409849906,True,True
2026-09-17T06:46:01.419848+00:00,31.187573500006692,874,313.9836971500371,244.32217847133822,313.0,244.0,313.0,244.0,1.0351130616434578,TRACKING,0.23124999999999996,-0.15000000000000002,31.464799991226755,31.742202530816858,True,True
2026-09-17T06:46:01.458607+00:00,31.226332999998704,875,314.28965226907104,244.4318458639859,314.0,244.0,314.0,244.0,0.5199896991477142,TRACKING,0.19374999999999995,-0.12500000000000003,38.72070000215899,25.800126425937236,True,True
2026-09-17T06:46:01.491809+00:00,31.259513400000287,876,313.57605237395796,244.59042345107653,313.0,244.0,313.0,244.0,0.8248855612287852,TRACKING,0.14999999999999994,-0.10000000000000003,33.146299989311956,30.138274401522356,True,True
2026-09-17T06:46:01.524258+00:00,31.291983400005847,877,313.8470932460972,244.78751695438655,313.0,244.0,313.0,244.0,1.1566113958584938,TRACKING,0.10624999999999993,-0.07500000000000004,32.339800003683195,30.797659372613648,True,True
2026-09-17T06:46:01.555042+00:00,31.322764800002915,878,314.1069802659046,245.01263582596292,314.0,245.0,314.0,245.0,0.1077239128085602,TRACKING,0.06874999999999992,-0.04375000000000004,30.750699996133335,32.487151334743196,True,True
2026-09-17T06:46:01.590376+00:00,31.358100400000694,879,313.3599257845946,244.25521946902484,313.0,244.0,313.0,244.0,0.4412295862534316,TRACKING,0.024999999999999918,-0.018750000000000037,35.291699998197146,28.300071317958217,True,True
2026-09-17T06:46:01.623817+00:00,31.391536499999347,880,313.61014649159097,244.50466363396015,313.0,244.0,313.0,244.0,0.7918106621172954,TRACKING,-0.018750000000000086,0.006249999999999964,33.39949999644887,29.90779427146969,True,True
2026-09-17T06:46:01.657355+00:00,31.425070099998266,881,313.861860779236,244.75034692342484,313.0,244.0,313.0,244.0,1.1427267863660178,TRACKING,-0.06250000000000008,0.031249999999999965,33.48319999349769,29.820836415781645,True,True
2026-09-17T06:46:01.687945+00:00,31.455669900009525,882,314.1192861064357,244.98165734030314,314.0,244.0,314.0,244.0,0.9888783084685568,TRACKING,-0.10000000000000009,0.05624999999999997,30.529700001352467,32.679952144525124,True,True
2026-09-17T06:46:01.720196+00:00,31.48791959999653,883,313.3866363628784,245.18801881217794,313.0,245.0,313.0,245.0,0.4299287741389686,TRACKING,-0.1437500000000001,0.08749999999999997,32.21849999681581,31.008040397366045,True,True
2026-09-17T06:46:01.753265+00:00,31.520991600002162,884,313.66811923549847,244.35891762599903,313.0,244.0,313.0,244.0,0.7584228207905086,TRACKING,-0.1875000000000001,0.11249999999999996,33.03040000901092,30.237058533796375,True,True
2026-09-17T06:46:01.784986+00:00,31.552711199998157,885,313.96793357880244,244.48392870689463,313.0,244.0,313.0,244.0,1.082165609474824,TRACKING,-0.23125000000000012,0.13749999999999996,31.68869999353774,31.52624875869382,True,True
2026-09-17T06:46:01.819644+00:00,31.587369000000763,886,314.2902667907243,244.55274167542728,314.0,244.0,314.0,244.0,0.624322168076332,TRACKING,-0.26875000000000016,0.16249999999999995,34.62109999964014,28.853533690102015,True,True
2026-09-17T06:46:01.855264+00:00,31.622990000003483,887,313.639292195641,244.55518661817132,313.0,244.0,313.0,244.0,0.8467152369031878,TRACKING,-0.31250000000000017,0.18749999999999994,35.58409999823198,28.073327529368335,True,True
2026-09-17T06:46:01.890976+00:00,31.658702900007484,888,314.01916643617426,244.48125950720407,314.0,244.0,314.0,244.0,0.4816410131518374,TRACKING,-0.3500000000000002,0.21249999999999994,35.673899998073466,28.001086439017396,True,True
2026-09-17T06:46:01.921201+00:00,31.688924400004908,889,313.43402687543096,244.3211472049611,313.0,244.0,313.0,244.0,0.5399211570689677,TRACKING,-0.3937500000000002,0.23749999999999993,30.192700010957196,33.08902602733943,True,True
2026-09-17T06:46:01.953388+00:00,31.72111440000299,890,313.8879890112801,244.0652519919734,313.0,244.0,313.0,244.0,0.8903832358095892,TRACKING,-0.4375000000000002,0.26249999999999996,32.146199999260716,31.065548308779125,True,True
2026-09-17T06:46:01.986117+00:00,31.75384020000638,891,314.3851439043033,243.704215556166,314.0,243.0,314.0,243.0,0.8026552040372926,TRACKING,-0.4750000000000002,0.28124999999999994,32.69350000482518,30.5569306142673,True,True
2026-09-17T06:46:02.016231+00:00,31.783957300009206,892,313.92955562101736,244.228942383763,313.0,244.0,313.0,244.0,0.9573339373740258,TRACKING,-0.5187500000000002,0.30624999999999997,30.070900000282563,33.20372811147686,True,True
2026-09-17T06:46:02.047135+00:00,31.81485930000781,893,314.525258693959,243.6306224933387,314.0,243.0,314.0,243.0,0.820720064750618,TRACKING,-0.5562500000000001,0.32499999999999996,30.871000009938143,32.360365026378446,True,True
2026-09-17T06:46:02.078448+00:00,31.846174200007226,894,314.1762556002408,243.9007534561789,314.0,243.0,314.0,243.0,0.9178359469068962,TRACKING,-0.5937500000000001,0.34374999999999994,31.274800014216453,31.933680133695628,True,True
2026-09-17T06:46:02.110222+00:00,31.877946599997813,895,313.88651426012626,244.0311616479283,313.0,244.0,313.0,244.0,0.8870617688238063,TRACKING,-0.6375000000000001,0.36874999999999997,31.74109999963548,31.473857823024925,True,True
2026-09-17T06:46:02.142585+00:00,31.9103111000004,896,314.6599655572123,243.01402267839296,314.0,243.0,314.0,243.0,0.660114514471406,TRACKING,-0.675,0.38749999999999996,32.330200003343634,30.898051875360007,True,True
2026-09-17T06:46:02.176677+00:00,31.944402499997523,897,314.5005008817569,242.8418809484399,314.0,242.0,314.0,242.0,0.9794205756392448,TRACKING,-0.7125,0.39999999999999997,34.059700003126636,29.332910941890788,True,True
2026-09-17T06:46:02.207246+00:00,31.974968700000318,898,314.4119696986814,243.50766828511496,314.0,243.0,314.0,243.0,0.6537936374294253,TRACKING,-0.75,0.41874999999999996,30.53449999424629,32.71587570285336,True,True
2026-09-17T06:46:02.240668+00:00,32.00838559999829,899,314.3981771417866,243.00472160839087,314.0,243.0,314.0,243.0,0.3982051353601025,TRACKING,-0.7875,0.43749999999999994,33.37729998747818,29.924978081768014,True,True
