timestamp,elapsed_s,frame_number,ground_truth_x,ground_truth_y,detected_x,detected_y,tracked_x,tracked_y,pixel_error,tracking_state,pan_deg,tilt_deg,processing_time_ms,fps,ground_truth_in_fov,lock_retained
2026-09-17T06:53:12.587687+00:00,0.08005079999566078,0,320.0,240.0,320.0,240.0,320.0,240.0,0.0,ACQUIRING,0.0,0.0,80.04410000285134,0.0,True,False
2026-09-17T06:53:12.634971+00:00,0.12733770000340883,1,326.74929689697234,244.24822938800764,326.0,244.0,326.0,244.0,0.7893438217171437,TRACKING,0.037500000000000006,0.025,47.2349000046961,21.147505965418503,True,True
2026-09-17T06:53:12.684625+00:00,0.1769925999979023,2,327.49437570308316,244.4858404149804,327.0,244.0,328.0,245.0,0.7211213549051017,TRACKING,0.08750000000000001,0.05625,49.612200004048645,20.13899937591046,True,True
2026-09-17T06:53:12.751278+00:00,0.24363810000068042,3,326.23102096364045,243.70224126025593,326.0,243.0,327.0,243.0,1.0413796358515497,TRACKING,0.13125,0.07500000000000001,66.59659999422729,15.004764011948515,True,True
2026-09-17T06:53:12.808893+00:00,0.3012601999944309,4,325.9550224946436,244.8868931175802,325.0,244.0,325.0,244.0,1.3033216668521852,TRACKING,0.1625,0.1,57.54759999399539,17.354452546999457,True,True
2026-09-17T06:53:12.871643+00:00,0.3640104999940377,5,327.6621780140115,245.02933653663445,327.0,245.0,326.0,245.0,1.662436880800254,TRACKING,0.2,0.13125,62.70270000095479,15.936178791276953,True,True
2026-09-17T06:53:12.923174+00:00,0.415545399999246,6,328.3482957678718,244.11921756621388,328.0,244.0,328.0,244.0,0.36813417392487435,TRACKING,0.25,0.15625,51.49209999945015,19.404325998477457,True,True
2026-09-17T06:53:12.971386+00:00,0.46375729999272153,7,327.0091971502709,244.14631363371336,327.0,244.0,327.0,244.0,0.14660241124726847,TRACKING,0.29375,0.18125,48.1766000011703,20.741767076911078,True,True
2026-09-17T06:53:13.024410+00:00,0.5167492000036873,8,326.6407193146665,244.10055909623532,326.0,244.0,326.0,244.0,0.6485625428764665,TRACKING,0.33125000000000004,0.20625,52.95480000495445,18.870808553629274,True,True
2026-09-17T06:53:13.072589+00:00,0.564958499991917,9,327.2387177755713,243.9720703994546,327.0,243.0,327.0,243.0,1.0009530647685294,TRACKING,0.37500000000000006,0.22499999999999998,48.13080000167247,20.742885713838383,True,True
2026-09-17T06:53:13.124166+00:00,0.6165310999931535,10,326.79906899872117,244.75117078135725,326.0,244.0,326.0,244.0,1.0967081687860747,TRACKING,0.4125000000000001,0.24999999999999997,51.52490000182297,19.390141276104472,True,True
2026-09-17T06:53:13.172476+00:00,0.6648447999905329,11,327.3176729781505,244.42841445910602,327.0,244.0,327.0,244.0,0.5333432945281147,TRACKING,0.4562500000000001,0.27499999999999997,48.26429999957327,20.698062869418827,True,True
2026-09-17T06:53:13.222749+00:00,0.7151209000003291,12,326.7904557985617,243.994610238578,326.0,243.0,326.0,243.0,1.2704605055506435,TRACKING,0.49375000000000013,0.29374999999999996,50.23300000175368,19.89016649670821,True,True
2026-09-17T06:53:13.269149+00:00,0.7615183000016259,13,327.21337218139024,244.44084448756337,327.0,244.0,327.0,244.0,0.48976683228474976,TRACKING,0.5375000000000001,0.31875,46.350600008736365,21.55293184471653,True,True
2026-09-17T06:53:13.318749+00:00,0.811121099992306,14,326.5824080129719,243.75850341520373,326.0,243.0,326.0,243.0,0.9563088018258453,TRACKING,0.5750000000000001,0.33749999999999997,49.56010000023525,20.160152253257703,True,True
2026-09-17T06:53:13.367313+00:00,0.8596851000038441,15,326.89358285323283,243.93929460198342,326.0,243.0,326.0,243.0,1.296443082015911,TRACKING,0.6125,0.35624999999999996,48.53039998852182,20.591384559805892,True,True
2026-09-17T06:53:13.418566+00:00,0.910933399994974,16,327.14295242333566,243.97526772645944,327.0,243.0,327.0,243.0,0.9856888624768432,TRACKING,0.65625,0.37499999999999994,51.21349998808,19.512842380587863,True,True
2026-09-17T06:53:13.471073+00:00,0.9634373000008054,17,326.3266110707247,243.8588344369249,326.0,243.0,326.0,243.0,0.9188424138926334,TRACKING,0.69375,0.39374999999999993,52.4588000116637,19.046204184621224,True,True
2026-09-17T06:53:13.525362+00:00,1.0177283999946667,18,326.4406942100322,243.5827873183361,326.0,243.0,326.0,243.0,0.7306520684766928,TRACKING,0.73125,0.4124999999999999,54.24939999647904,18.41922525263018,True,True
2026-09-17T06:53:13.573855+00:00,1.0662194000033196,19,326.48138073831797,243.1403179070968,326.0,243.0,326.0,243.0,0.5014145293822038,TRACKING,0.7687499999999999,0.4312499999999999,48.44390001380816,20.62238353140905,True,True
2026-09-17T06:53:13.629337+00:00,1.121704299992416,20,326.4448954231348,242.52503370867123,326.0,242.0,326.0,242.0,0.6881804507303159,TRACKING,0.8062499999999999,0.4437499999999999,55.428200008464046,18.022921555171116,True,True
2026-09-17T06:53:13.678477+00:00,1.1708488000003854,21,326.32751126192545,242.73097417549144,326.0,242.0,326.0,242.0,0.8009911809273508,TRACKING,0.8437499999999999,0.45624999999999993,49.099500000011176,20.348156962383154,True,True
2026-09-17T06:53:13.729334+00:00,1.2217067000019597,22,326.125551811278,242.75262560522202,326.0,242.0,326.0,242.0,0.7630259228564922,TRACKING,0.8812499999999999,0.46874999999999994,50.82400000537746,19.66262861756079,True,True
2026-09-17T06:53:13.780465+00:00,1.2728308999940054,23,325.8353934845835,242.58493492214427,325.0,242.0,325.0,242.0,1.0198191688865708,TRACKING,0.9124999999999999,0.48124999999999996,51.08979999204166,19.56020828014104,True,True
2026-09-17T06:53:13.830263+00:00,1.322632600000361,24,326.45346781665955,242.2233223072143,326.0,242.0,326.0,242.0,0.505475927859573,TRACKING,0.9499999999999998,0.49374999999999997,49.74300001049414,20.079635833161984,True,True
2026-09-17T06:53:13.880379+00:00,1.372751299990341,25,325.9762636939248,241.66369264522484,325.0,241.0,325.0,241.0,1.1804993551041256,TRACKING,0.9812499999999998,0.49999999999999994,50.07589999877382,19.952632454551367,True,True
2026-09-17T06:53:13.930905+00:00,1.42327590000059,26,326.4003295487307,241.90244576046143,326.0,241.0,326.0,241.0,0.9872548293939912,TRACKING,1.0187499999999998,0.50625,50.49109998799395,19.79233877748961,True,True
2026-09-17T06:53:13.983779+00:00,1.4761461000016425,27,325.72227551647893,241.93648541526602,325.0,241.0,325.0,241.0,1.1826609212749342,TRACKING,1.0499999999999998,0.5125,52.833399997325614,18.914246588439067,True,True
2026-09-17T06:53:14.034727+00:00,1.5270995000028051,28,325.9387755541766,241.76322704901912,325.0,241.0,325.0,241.0,1.209882254384272,TRACKING,1.0812499999999998,0.5187499999999999,50.90399998880457,19.625775708337066,True,True
2026-09-17T06:53:14.087232+00:00,1.579601299992646,29,326.0465695191044,241.38060423819502,326.0,241.0,326.0,241.0,0.38344270268402314,TRACKING,1.11875,0.5249999999999999,52.45679999643471,19.046966012470033,True,True
2026-09-17T06:53:14.141335+00:00,1.633700399994268,30,325.0424652063002,240.78707386134465,325.0,240.0,325.0,240.0,0.7882185971912238,TRACKING,1.15,0.5249999999999999,54.05459999747109,18.484595861484166,True,True
2026-09-17T06:53:14.191384+00:00,1.6837536999955773,31,324.92334034358294,240.98161995609536,324.0,240.0,324.0,240.0,1.3476405783043588,TRACKING,1.1749999999999998,0.5249999999999999,50.00149999978021,19.978702702396102,True,True
2026-09-17T06:53:14.240583+00:00,1.7329459000029601,32,325.68614454287115,240.96375625852795,325.0,240.0,325.0,240.0,1.1830555606410256,TRACKING,1.2062499999999998,0.5249999999999999,49.147800003993325,20.328426048233656,True,True
2026-09-17T06:53:14.284344+00:00,1.7767134000023361,33,325.32790120657626,240.7335274185831,325.0,240.0,325.0,240.0,0.8034809736934303,TRACKING,1.2374999999999998,0.5249999999999999,43.71059998811688,22.848003656006327,True,True
2026-09-17T06:53:14.331394+00:00,1.8237594999955036,34,324.84570938787897,240.29150888845982,324.0,240.0,324.0,240.0,0.8945399939620914,TRACKING,1.2624999999999997,0.5249999999999999,47.00659999798518,21.25574702568823,True,True
2026-09-17T06:53:14.378956+00:00,1.8713239999924554,35,325.23674560372734,239.63880548428466,325.0,239.0,325.0,239.0,0.6812642127958748,TRACKING,1.2937499999999997,0.5187499999999999,47.507600000244565,21.02408308852371,True,True
2026-09-17T06:53:14.428419+00:00,1.9207886999938637,36,324.49826559942056,239.77704862464657,324.0,239.0,324.0,239.0,0.9230780967128707,TRACKING,1.3187499999999996,0.5125,49.40309999801684,20.216437175835054,True,True
2026-09-17T06:53:14.475556+00:00,1.9679248000029474,37,324.62760606367993,239.70839225290052,324.0,239.0,324.0,239.0,0.946419016681988,TRACKING,1.3437499999999996,0.50625,47.09100000036415,21.215162047926892,True,True
2026-09-17T06:53:14.522552+00:00,2.014800999997533,38,324.62218629313094,239.4355074534302,324.0,239.0,324.0,239.0,0.7594619973068296,TRACKING,1.3687499999999995,0.5,46.820999996270984,21.33278721644474,True,True
2026-09-17T06:53:14.569324+00:00,2.061691199996858,39,324.47950980515964,238.96157577532887,324.0,238.0,324.0,238.0,1.0745034317970072,TRACKING,1.3937499999999994,0.4875,46.69899999862537,21.326417887200222,True,True
2026-09-17T06:53:14.616163+00:00,2.108531799996854,40,324.1971658981322,239.29028128018297,324.0,239.0,324.0,239.0,0.3509096935266086,TRACKING,1.4187499999999993,0.48125,46.75320000387728,21.349000653281287,True,True
2026-09-17T06:53:14.660505+00:00,2.1528755000035744,41,323.7728311580054,238.4258013338369,323.0,238.0,323.0,238.0,0.8823688427642942,TRACKING,1.4374999999999993,0.46875,44.302299997070804,22.551117742733304,True,True
2026-09-17T06:53:14.708861+00:00,2.2012305999960518,42,324.2042709103847,238.37279616515428,324.0,238.0,324.0,238.0,0.42509244357332143,TRACKING,1.4624999999999992,0.45625,48.311299993656576,20.68034189062935,True,True
2026-09-17T06:53:14.776738+00:00,2.269105200000922,43,323.48934061712316,238.1363972178723,323.0,238.0,323.0,238.0,0.5079945281297592,TRACKING,1.4812499999999993,0.44375,67.82430000021122,14.733051832765769,True,True
2026-09-17T06:53:14.826270+00:00,2.3186408000037773,44,323.62598721658765,237.72219432466517,323.0,237.0,323.0,237.0,0.9557325137870564,TRACKING,1.4999999999999993,0.425,49.078299998654984,20.187501512899075,True,True
2026-09-17T06:53:14.870860+00:00,2.3632281000027433,45,323.61225040675583,238.13622173547333,323.0,238.0,323.0,238.0,0.6272215890640638,TRACKING,1.5187499999999994,0.4125,44.548999998369254,22.42791108730938,True,True
2026-09-17T06:53:14.916446+00:00,2.408815200004028,46,323.4462638703408,237.3849430350212,323.0,237.0,323.0,237.0,0.5893492870809754,TRACKING,1.5374999999999994,0.39375,45.53959998884238,21.93603014826158,True,True
2026-09-17T06:53:14.976821+00:00,2.469187700000475,47,323.12625644117907,237.47523498722177,323.0,237.0,323.0,237.0,0.4917204307519435,TRACKING,1.5562499999999995,0.375,60.326499995426275,16.563832871901134,True,True
2026-09-17T06:53:15.030892+00:00,2.523261199996341,48,322.6505532111513,237.41437034684782,322.0,237.0,322.0,237.0,0.7713120411908887,TRACKING,1.5687499999999994,0.35625,54.02250000042841,18.493347019824018,True,True
2026-09-17T06:53:15.080895+00:00,2.573265099999844,49,323.01757657694554,237.2099996814328,323.0,237.0,323.0,237.0,0.21073396085824006,TRACKING,1.5874999999999995,0.3375,49.960500007728115,19.998440120269496,True,True
2026-09-17T06:53:15.133929+00:00,2.626297099996009,50,322.22584722600834,236.87013224883628,322.0,236.0,322.0,236.0,0.8989644597872337,TRACKING,1.5999999999999994,0.3125,52.98860000038985,18.8565394492442,True,True
2026-09-17T06:53:15.186668+00:00,2.679038100002799,51,322.27398506106636,237.40311597827042,322.0,237.0,322.0,237.0,0.48741184395175785,TRACKING,1.6124999999999994,0.29375,52.69320000661537,18.960580949759247,True,True
2026-09-17T06:53:15.239965+00:00,2.732329699996626,52,322.16071006264224,236.81761660482448,322.0,236.0,322.0,236.0,0.8332614455974674,TRACKING,1.6249999999999993,0.26875,53.2524000009289,18.764683366906564,True,True
2026-09-17T06:53:15.291088+00:00,2.783457500001532,53,321.8848430890256,237.12259600964,321.0,237.0,321.0,237.0,0.8932956250738093,TRACKING,1.6312499999999994,0.25,51.07510001107585,19.55883100591154,True,True
2026-09-17T06:53:15.338643+00:00,2.830992899995181,54,322.4453066131981,236.32728981987555,322.0,236.0,322.0,236.0,0.5526450994554652,TRACKING,1.6437499999999994,0.225,47.4953000084497,21.036953515350895,True,True
2026-09-17T06:53:15.387642+00:00,2.8800105999980588,55,321.8411253962521,236.44118432444822,321.0,236.0,321.0,236.0,0.9498081597665256,TRACKING,1.6499999999999995,0.2,48.936599996523,20.400793997704646,True,True
2026-09-17T06:53:15.434509+00:00,2.926878199999919,56,322.07142709688435,236.47399276325189,322.0,236.0,322.0,236.0,0.47934431235228436,TRACKING,1.6624999999999994,0.17500000000000002,46.82200000388548,21.33670168645941,True,True
2026-09-17T06:53:15.481617+00:00,2.973916699993424,57,321.1354428165798,236.4356310491163,321.0,236.0,321.0,236.0,0.4562007973658537,TRACKING,1.6687499999999995,0.15000000000000002,46.994799995445646,21.259181311863248,True,True
2026-09-17T06:53:15.528652+00:00,3.021014500001911,58,321.0325075801489,236.33619298318848,321.0,236.0,321.0,236.0,0.3377609579455676,TRACKING,1.6749999999999996,0.12500000000000003,46.980300001450814,21.232414249068988,True,True
2026-09-17T06:53:15.573889+00:00,3.066248599992832,59,320.76206075131523,236.1859250256873,320.0,236.0,320.0,236.0,0.7844136051038147,TRACKING,1.6749999999999996,0.10000000000000003,45.171800011303276,22.10721557852835,True,True
2026-09-17T06:53:15.618754+00:00,3.111119299996062,60,321.32364638309474,235.99520068508872,321.0,235.0,321.0,235.0,1.0465043644874885,TRACKING,1.6812499999999997,0.06875000000000003,44.79459999129176,22.28625806880693,True,True
2026-09-17T06:53:15.667650+00:00,3.16002060000028,61,320.716913502748,236.77449458975713,320.0,236.0,320.0,236.0,1.0553704752291893,TRACKING,1.6812499999999997,0.04375000000000003,48.849800004973076,20.449354105386753,True,True
2026-09-17T06:53:15.714297+00:00,3.206666600002791,62,320.94161633112645,236.5343563068297,320.0,236.0,320.0,236.0,1.0826716850886575,TRACKING,1.6812499999999997,0.01875000000000003,46.597400010796264,21.438065427821726,True,True
2026-09-17T06:53:15.761771+00:00,3.2541377000015927,63,320.9976144362768,236.28538397379234,320.0,236.0,320.0,236.0,1.0376312331292947,TRACKING,1.6812499999999997,-0.006249999999999971,47.42740000074264,21.06544824167204,True,True
2026-09-17T06:53:15.810173+00:00,3.3025313999969512,64,320.88487282120644,236.0381978086557,320.0,236.0,320.0,236.0,0.8856968907566215,TRACKING,1.6812499999999997,-0.031249999999999972,48.34500000288244,20.6638467423634,True,True
2026-09-17T06:53:15.856238+00:00,3.3486061000003247,65,320.60346194575465,235.8034135649408,320.0,235.0,320.0,235.0,1.0048082783819325,TRACKING,1.6812499999999997,-0.06249999999999997,46.000100002856925,21.7038852109028,True,True
2026-09-17T06:53:15.900836+00:00,3.3931975000014063,66,320.1535576825582,236.59161599782385,320.0,236.0,320.0,236.0,0.6112196419894831,TRACKING,1.6812499999999997,-0.08749999999999997,44.538700007251464,22.425848929967287,True,True
2026-09-17T06:53:15.946883+00:00,3.4392504999996163,67,319.53544120713656,236.41333240776103,319.0,236.0,319.0,236.0,0.6764177448924489,TRACKING,1.6749999999999996,-0.11249999999999996,45.992800005478784,21.714112002233694,True,True
2026-09-17T06:53:15.993958+00:00,3.4863288999913493,68,319.7494988221666,236.27900632771932,319.0,236.0,319.0,236.0,0.7997455941338452,TRACKING,1.6687499999999995,-0.13749999999999996,47.02769999857992,21.241163679640774,True,True
2026-09-17T06:53:16.040550+00:00,3.5329168000025675,69,319.7962217160551,236.1989714197835,319.0,236.0,319.0,236.0,0.8207061879919924,TRACKING,1.6624999999999994,-0.16249999999999995,46.549799997592345,21.4648009409998,True,True
2026-09-17T06:53:16.084164+00:00,3.5765301999927033,70,319.67620565596314,236.18342564638232,319.0,236.0,319.0,236.0,0.700641889203977,TRACKING,1.6562499999999993,-0.18749999999999994,43.561999991652556,22.92873291754767,True,True
2026-09-17T06:53:16.129815+00:00,3.6221860999939963,71,319.3901506154699,236.2424057806934,319.0,236.0,319.0,236.0,0.4593234865158955,TRACKING,1.6499999999999992,-0.21249999999999994,45.60019999917131,21.902974204246952,True,True
2026-09-17T06:53:16.177519+00:00,3.6698886999947717,72,318.9388603371128,236.38576231993756,318.0,236.0,318.0,236.0,1.015022807668487,TRACKING,1.6374999999999993,-0.23749999999999993,47.664700003224425,20.96321793746556,True,True
2026-09-17T06:53:16.223644+00:00,3.715999099993496,73,319.3232418300745,236.62313486426552,319.0,236.0,319.0,236.0,0.7019845723184522,TRACKING,1.6312499999999992,-0.26249999999999996,46.0297000099672,21.687081439928146,True,True
2026-09-17T06:53:16.270532+00:00,3.7629016999999294,74,318.5443048033311,236.96392802277808,318.0,236.0,318.0,236.0,1.106989138169911,TRACKING,1.6187499999999992,-0.2875,46.81919999711681,21.320779655346165,True,True
2026-09-17T06:53:16.314756+00:00,3.807119999997667,75,318.60316103461753,237.41728790690078,318.0,237.0,318.0,237.0,0.7334387710821695,TRACKING,1.6062499999999993,-0.30624999999999997,44.180900003993884,22.615071136863328,True,True
2026-09-17T06:53:16.360296+00:00,3.8526642999931937,76,318.501023675602,236.99207926986884,318.0,236.0,318.0,236.0,1.1114162142137634,TRACKING,1.5937499999999993,-0.33125,45.490599994082004,21.956644412104684,True,True
2026-09-17T06:53:16.407990+00:00,3.900359799998114,77,318.2392064937068,237.69686334946078,318.0,237.0,318.0,237.0,0.7367755930086123,TRACKING,1.5812499999999994,-0.35,47.640100005082786,20.966338541305614,True,True
2026-09-17T06:53:16.452591+00:00,3.9449557999905664,78,317.8191230510448,237.5398764693622,317.0,237.0,317.0,237.0,0.9810347470523,TRACKING,1.5624999999999993,-0.36874999999999997,44.54479999549221,22.42353574691094,True,True
2026-09-17T06:53:16.500162+00:00,3.9925336000014795,79,318.2422858209909,237.52900945264648,318.0,237.0,318.0,237.0,0.5818534351901345,TRACKING,1.5499999999999994,-0.38749999999999996,47.52849999931641,21.01820596519022,True,True
2026-09-17T06:53:16.544979+00:00,4.037347899997258,80,317.5103052429341,237.6717878988261,317.0,237.0,317.0,237.0,0.8436293155025115,TRACKING,1.5312499999999993,-0.40624999999999994,44.776399998227134,22.314305926773557,True,True
2026-09-17T06:53:16.596454+00:00,4.088823700003559,81,317.6248887158059,237.97535337377343,317.0,237.0,317.0,237.0,1.1583609588003165,TRACKING,1.5124999999999993,-0.42499999999999993,51.43000000680331,19.426604343741918,True,True
2026-09-17T06:53:16.642523+00:00,4.134892399990349,82,317.58783953101147,238.44644555952505,317.0,238.0,317.0,238.0,0.7381523906615857,TRACKING,1.4937499999999992,-0.43749999999999994,46.03029999998398,21.706711938620778,True,True
2026-09-17T06:53:16.688253+00:00,4.18062369999825,83,317.4010557454309,238.09138540858703,317.0,238.0,317.0,238.0,0.4113356340578068,TRACKING,1.4749999999999992,-0.44999999999999996,45.68769999605138,21.866861423734434,True,True
2026-09-17T06:53:16.734895+00:00,4.227263299995684,84,317.066528995196,237.916059344845,317.0,237.0,317.0,237.0,0.9184720085444258,TRACKING,1.4562499999999992,-0.46874999999999994,46.60269999294542,21.441007213934537,True,True
2026-09-17T06:53:16.782692+00:00,4.2750599999999395,85,316.58634325098217,238.9259045505704,316.0,238.0,316.0,238.0,1.0959460044816653,TRACKING,1.4312499999999992,-0.48124999999999996,47.75250000238884,20.921946492351328,True,True
2026-09-17T06:53:16.829072+00:00,4.32144139999582,86,316.9626735155945,239.12589537629634,316.0,239.0,316.0,239.0,0.9708707140499305,TRACKING,1.4062499999999993,-0.48749999999999993,46.335099992575124,21.560366873117765,True,True
2026-09-17T06:53:16.886988+00:00,4.379351600000518,87,317.19778446466205,238.5205309075318,317.0,238.0,317.0,238.0,0.5568403004071503,TRACKING,1.3874999999999993,-0.49999999999999994,57.86509999597911,17.268115114761514,True,True
2026-09-17T06:53:16.931499+00:00,4.423861499992199,88,316.29402903128937,239.11382371939112,316.0,239.0,316.0,239.0,0.31529178602842417,TRACKING,1.3624999999999994,-0.50625,44.45480000867974,22.4669118597639,True,True
2026-09-17T06:53:16.982557+00:00,4.474925299989991,89,316.25384693554963,238.9092898472457,316.0,238.0,316.0,238.0,0.9440584160908961,TRACKING,1.3374999999999995,-0.5187499999999999,51.00159998983145,19.583344757798027,True,True
2026-09-17T06:53:17.035134+00:00,4.5275038999971,90,316.07976315973883,239.90993999846677,316.0,239.0,316.0,239.0,0.9134292323224744,TRACKING,1.3124999999999996,-0.5249999999999999,52.53310000989586,19.019144668454206,True,True
2026-09-17T06:53:17.088425+00:00,4.580790699998033,91,315.77438637034476,240.11827202722492,315.0,240.0,315.0,240.0,0.7833661487450294,TRACKING,1.2812499999999996,-0.5249999999999999,53.246499999659136,18.766373660690657,True,True
2026-09-17T06:53:17.138333+00:00,4.630702099995688,92,316.3404072877145,239.5362646911555,316.0,239.0,316.0,239.0,0.6351826040669517,TRACKING,1.2562499999999996,-0.5312499999999999,49.85300000407733,20.03550291210016,True,True
2026-09-17T06:53:17.185283+00:00,4.677654999992228,93,315.78059700444265,240.16537270549526,315.0,240.0,315.0,240.0,0.7979221860981601,TRACKING,1.2249999999999996,-0.5312499999999999,46.90210000262596,21.297939000012352,True,True
2026-09-17T06:53:17.231164+00:00,4.723528599992278,94,316.09780525352807,240.0065231070514,316.0,240.0,316.0,240.0,0.09802254099590185,TRACKING,1.1999999999999997,-0.5312499999999999,45.83200000342913,21.799030379105016,True,True
2026-09-17T06:53:17.280582+00:00,4.772950999991735,95,315.29495862738344,240.06011293709287,315.0,240.0,315.0,240.0,0.3010218548109959,TRACKING,1.1687499999999997,-0.5312499999999999,49.3677999911597,20.23374016662442,True,True
2026-09-17T06:53:17.325664+00:00,4.818035199990845,96,315.3750587488107,240.32600824895354,315.0,240.0,315.0,240.0,0.4969410864933732,TRACKING,1.1374999999999997,-0.5312499999999999,45.00309999275487,22.18071963170566,True,True
2026-09-17T06:53:17.368885+00:00,4.8612560000037774,97,315.34118039508456,240.80354444282938,315.0,240.0,315.0,240.0,0.872976364853043,TRACKING,1.1062499999999997,-0.5312499999999999,43.18359999160748,23.13700810028478,True,True
2026-09-17T06:53:17.414055+00:00,4.9064242000022205,98,315.196469576316,241.49152792693172,315.0,241.0,315.0,241.0,0.5293392082319184,TRACKING,1.0749999999999997,-0.5249999999999999,45.12609999801498,22.1394698047403,True,True
2026-09-17T06:53:17.458498+00:00,4.9508688999922015,99,314.94414156929935,241.38823910084523,314.0,241.0,314.0,241.0,1.020849108489665,TRACKING,1.0374999999999996,-0.5187499999999999,44.40050000266638,22.499870630815952,True,True
2026-09-17T06:53:17.507524+00:00,4.9998918999917805,100,315.5874789080683,241.49143665363323,315.0,241.0,315.0,241.0,0.7659252260889151,TRACKING,1.0062499999999996,-0.5125,48.98449999745935,20.398588417856658,True,True
2026-09-17T06:53:17.587144+00:00,5.079512700001942,101,315.1298293324191,241.798363165948,315.0,241.0,315.0,241.0,0.808850666253595,TRACKING,0.9749999999999996,-0.50625,79.57310001074802,12.559532180942375,True,True
2026-09-17T06:53:17.637346+00:00,5.129713999995147,102,314.5746036956826,242.30575200214275,314.0,242.0,314.0,242.0,0.6508868518462984,TRACKING,0.9374999999999997,-0.49374999999999997,50.1559999975143,19.919802876327054,True,True
2026-09-17T06:53:17.690843+00:00,5.183210899995174,103,314.9252738330511,242.00983547516012,314.0,242.0,314.0,242.0,0.9253261061381088,TRACKING,0.8999999999999997,-0.48124999999999996,53.44709999917541,18.692671911820838,True,True
2026-09-17T06:53:17.739757+00:00,5.232125499998801,104,315.1853703917954,241.90635426378697,315.0,241.0,315.0,241.0,0.9251163351920633,TRACKING,0.8687499999999997,-0.475,48.867899997276254,20.443793875976656,True,True
2026-09-17T06:53:17.788921+00:00,5.281288300000597,105,314.3584806247241,242.99056805873968,314.0,242.0,314.0,242.0,1.0534388626293847,TRACKING,0.8312499999999997,-0.46249999999999997,49.115900008473545,20.34058271627085,True,True
2026-09-17T06:53:17.837264+00:00,5.3296326999989105,106,314.44824614826825,243.25726741096844,314.0,243.0,314.0,243.0,0.5168279502733273,TRACKING,0.7937499999999997,-0.44375,48.29029999382328,20.68491903994837,True,True
2026-09-17T06:53:17.884892+00:00,5.377260900000692,107,314.45836066658933,242.70078675256678,314.0,242.0,314.0,242.0,0.8373748104936724,TRACKING,0.7562499999999998,-0.43124999999999997,47.58199999923818,20.995964574823095,True,True
2026-09-17T06:53:17.930614+00:00,5.4229859999904875,108,314.3925676631341,243.3150185577411,314.0,243.0,314.0,243.0,0.5033349400348265,TRACKING,0.7187499999999998,-0.4125,45.68239999935031,21.86982642406859,True,True
2026-09-17T06:53:17.978813+00:00,5.471182199995383,109,314.25465806107957,243.093428608444,314.0,243.0,314.0,243.0,0.2712556597540119,TRACKING,0.6812499999999998,-0.39375,48.158799996599555,20.748523740428322,True,True
2026-09-17T06:53:18.025980+00:00,5.518350400001509,110,314.0484678541296,243.02907232651668,314.0,243.0,314.0,243.0,0.056518431091311834,TRACKING,0.6437499999999998,-0.375,47.12620000645984,21.200724213985595,True,True
2026-09-17T06:53:18.073007+00:00,5.565377899998566,111,313.777875709143,243.1146121315178,313.0,243.0,313.0,243.0,0.7862738451492608,TRACKING,0.5999999999999999,-0.35625,46.98800000187475,21.264153953805327,True,True
2026-09-17T06:53:18.119109+00:00,5.611479400002281,112,314.44680054209425,243.34233578085272,314.0,243.0,314.0,243.0,0.5628716650070066,TRACKING,0.5624999999999999,-0.3375,46.05889999947976,21.691268178246172,True,True
2026-09-17T06:53:18.165703+00:00,5.658075300001656,113,314.0591990688771,243.7041756463642,314.0,243.0,314.0,243.0,0.7066596568988227,TRACKING,0.5249999999999999,-0.31875000000000003,46.55609998735599,21.461115677847694,True,True
2026-09-17T06:53:18.213675+00:00,5.706045099999756,114,313.619063332487,244.1917288792008,313.0,244.0,313.0,244.0,0.6480735859063196,TRACKING,0.4812499999999999,-0.29375,47.93549999885727,20.84644922512935,True,True
2026-09-17T06:53:18.262598+00:00,5.754963600003975,115,314.1304182081236,243.79627841256303,314.0,243.0,314.0,243.0,0.8068879843720985,TRACKING,0.44374999999999987,-0.275,48.88209998898674,20.442164005718443,True,True
2026-09-17T06:53:18.309871+00:00,5.80224009999074,116,313.59731888777515,244.5088147498307,313.0,244.0,313.0,244.0,0.7846542571975286,TRACKING,0.39999999999999986,-0.25,47.234300000127405,21.152158054846474,True,True
2026-09-17T06:53:18.355260+00:00,5.847624999994878,117,314.0238483458554,244.320058483612,314.0,244.0,314.0,244.0,0.32094575325442964,TRACKING,0.3624999999999998,-0.225,45.34159999457188,22.033760125258393,True,True
2026-09-17T06:53:18.399772+00:00,5.892141799995443,118,313.4141147874773,244.22048348942994,313.0,244.0,313.0,244.0,0.469152455304829,TRACKING,0.3187499999999998,-0.2,44.46279999683611,22.463429536429064,True,True
2026-09-17T06:53:18.448205+00:00,5.940573600004427,119,313.7722490809588,244.20034073607204,313.0,244.0,313.0,244.0,0.7978126682195226,TRACKING,0.2749999999999998,-0.17500000000000002,48.38329998892732,20.64759104172251,True,True
2026-09-17T06:53:18.501001+00:00,5.9933653000043705,120,314.1024021761642,244.2496826530913,314.0,244.0,314.0,244.0,0.2698659536471345,TRACKING,0.2374999999999998,-0.15000000000000002,52.74769999959972,18.942371622832237,True,True
2026-09-17T06:53:18.553146+00:00,6.045510199997807,121,313.4087425102961,244.35838799455172,313.0,244.0,313.0,244.0,0.543610517155416,TRACKING,0.19374999999999978,-0.12500000000000003,52.083699993090704,19.177330863150033,True,True
2026-09-17T06:53:18.608489+00:00,6.10086130000127,122,313.695453402758,244.51618713687193,313.0,244.0,313.0,244.0,0.8660857900229825,TRACKING,0.14999999999999977,-0.10000000000000003,55.2966999966884,18.066488289075227,True,True
2026-09-17T06:53:18.663176+00:00,6.15554880000127,123,313.9667304407148,244.71268774753608,313.0,244.0,313.0,244.0,1.2010377056914903,TRACKING,0.10624999999999976,-0.07500000000000004,54.654300009133294,18.285714285714285,True,True
2026-09-17T06:53:18.715212+00:00,6.207580999995116,124,314.2267788569885,244.93740076051282,314.0,244.0,314.0,244.0,0.9644422407728849,TRACKING,0.06874999999999976,-0.05000000000000004,51.998399998410605,19.21886831843114,True,True
2026-09-17T06:53:18.767009+00:00,6.259378000002471,125,313.479810901924,245.17976659345766,313.0,245.0,313.0,245.0,0.5123812347544456,TRACKING,0.02499999999999975,-0.018750000000000037,51.75270000472665,19.306137418344886,True,True
2026-09-17T06:53:18.825162+00:00,6.317534300003899,126,313.73004321086984,244.4291815411698,313.0,244.0,313.0,244.0,0.8468529299813728,TRACKING,-0.018750000000000253,0.006249999999999964,58.10909999127034,17.195041637370974,True,True
2026-09-17T06:53:18.881195+00:00,6.373565999994753,127,313.9816941689187,244.6750242793323,313.0,244.0,313.0,244.0,1.1913778657407745,TRACKING,-0.06250000000000025,0.031249999999999965,55.997300005401485,17.84704016053832,True,True
2026-09-17T06:53:18.938126+00:00,6.4304976999992505,128,314.23898127455345,244.90668241229196,314.0,244.0,314.0,244.0,0.937648679595271,TRACKING,-0.10000000000000026,0.05624999999999997,56.89240001083817,17.564906720175248,True,True
2026-09-17T06:53:18.993990+00:00,6.486359000002267,129,313.5061185038483,245.11357899852138,313.0,245.0,313.0,245.0,0.5187062066746201,TRACKING,-0.14375000000000027,0.08749999999999997,55.798900008085184,17.90148098855563,True,True
2026-09-17T06:53:19.049848+00:00,6.542212300002575,130,313.7873136768708,244.2851989874643,313.0,244.0,313.0,244.0,0.8373776258286636,TRACKING,-0.18750000000000028,0.11249999999999996,55.8045000070706,17.904045060801852,True,True
2026-09-17T06:53:19.107265+00:00,6.599633099991479,131,314.0867658279312,244.41111550168625,314.0,244.0,314.0,244.0,0.420171708499421,TRACKING,-0.22500000000000028,0.13749999999999996,57.36919998889789,17.415292022981905,True,True
2026-09-17T06:53:19.166756+00:00,6.659122400000342,132,313.4086625813229,244.48101589863717,313.0,244.0,313.0,244.0,0.6311746193528617,TRACKING,-0.26875000000000027,0.16249999999999995,59.44380001164973,16.809745615615107,True,True
2026-09-17T06:53:19.224571+00:00,6.716938500001561,133,313.7571775341935,244.48472754688805,313.0,244.0,313.0,244.0,0.8990431652592883,TRACKING,-0.3125000000000003,0.18749999999999994,57.766199999605305,17.296220256622647,True,True
2026-09-17T06:53:19.284871+00:00,6.777239799994277,134,314.13646764818213,244.41224325241086,314.0,244.0,314.0,244.0,0.4342440767110668,TRACKING,-0.3500000000000003,0.21249999999999994,60.25470000167843,16.5833904098385,True,True
2026-09-17T06:53:19.343998+00:00,6.836366999996244,135,313.55067065145414,244.2537462713525,313.0,244.0,313.0,244.0,0.606321149720363,TRACKING,-0.3937500000000003,0.23749999999999993,59.084699998493306,16.91268992894523,True,True
2026-09-17T06:53:19.408268+00:00,6.900637600003392,136,314.0039024527555,243.99963484678176,314.0,243.0,314.0,243.0,0.9996424641029917,TRACKING,-0.43125000000000036,0.2562499999999999,64.21730000874959,15.559213697845914,True,True
2026-09-17T06:53:19.463587+00:00,6.95595350000076,137,313.5002545691041,244.640546208081,313.0,244.0,313.0,244.0,0.8127447807254362,TRACKING,-0.47500000000000037,0.28124999999999994,55.266900002607144,18.07798481173749,True,True
2026-09-17T06:53:19.517407+00:00,7.009776599996258,138,314.04379156872415,244.16737997299703,314.0,244.0,314.0,244.0,0.1730137475803775,TRACKING,-0.5125000000000004,0.30624999999999997,53.776999993715435,18.579383203190666,True,True
2026-09-17T06:53:19.571936+00:00,7.064297899996745,139,313.638548530824,243.57132089385703,313.0,243.0,313.0,243.0,0.8568265810390497,TRACKING,-0.5562500000000004,0.32499999999999996,54.48029999388382,18.341455541064732,True,True
2026-09-17T06:53:19.627921+00:00,7.120290199993178,140,314.2885285238027,243.84386089109705,314.0,243.0,314.0,243.0,0.8918239246459367,TRACKING,-0.5937500000000003,0.34374999999999994,55.93909999879543,17.859598553081547,True,True
2026-09-17T06:53:19.682575+00:00,7.174933799993596,141,313.9977001034624,243.97682031902997,313.0,243.0,313.0,243.0,1.396274841182328,TRACKING,-0.6375000000000003,0.36249999999999993,54.59980000159703,18.300404804814367,True,True
2026-09-17T06:53:19.734352+00:00,7.226724699998158,142,314.7699948327908,243.96236841069953,314.0,243.0,314.0,243.0,1.2324954362742628,TRACKING,-0.6750000000000003,0.3812499999999999,51.73140000260901,19.30841132152396,True,True
2026-09-17T06:53:19.787467+00:00,7.2798310999933165,143,314.60930482486134,243.79304285071998,314.0,243.0,314.0,243.0,1.0000846627548032,TRACKING,-0.7125000000000002,0.3999999999999999,53.071900008944795,18.83012217154933,True,True
2026-09-17T06:53:19.843449+00:00,7.3358195000037085,144,314.5194803103899,243.46176842717801,314.0,243.0,314.0,243.0,0.6950466698152284,TRACKING,-0.7500000000000002,0.4187499999999999,55.80220000410918,17.860842599795472,True,True
2026-09-17T06:53:19.903264+00:00,7.395631199993659,145,314.5043272314656,242.96187471597796,314.0,242.0,314.0,242.0,1.0860704054689205,TRACKING,-0.7875000000000002,0.4312499999999999,59.77079999865964,16.71913689408632,True,True
2026-09-17T06:53:19.959404+00:00,7.451775399997132,146,314.5676048629611,243.287112753428,314.0,243.0,314.0,243.0,0.6360888409947973,TRACKING,-0.8250000000000002,0.4499999999999999,56.09110000659712,17.811278813094493,True,True
2026-09-17T06:53:20.024694+00:00,7.517062500002794,147,314.7130234631082,242.431670655395,314.0,242.0,314.0,242.0,0.8335118557476842,TRACKING,-0.8625000000000002,0.4624999999999999,65.25020000117365,15.316961542376278,True,True
2026-09-17T06:53:20.080914+00:00,7.573282900004415,148,314.9442419547068,242.39018814398827,314.0,242.0,314.0,242.0,1.0216847149377948,TRACKING,-0.9000000000000001,0.4749999999999999,56.080899987136945,17.7871377644266,True,True
2026-09-17T06:53:20.127344+00:00,7.619713399995817,149,315.26486563841786,242.15776994546252,315.0,242.0,315.0,242.0,0.30829395405318355,TRACKING,-0.9312500000000001,0.48749999999999993,46.38830000476446,21.5375669050555,True,True
2026-09-17T06:53:20.176972+00:00,7.669341999993776,150,314.6784439395672,241.7299980258528,314.0,241.0,314.0,241.0,0.9965858201301492,TRACKING,-0.9687500000000001,0.4937499999999999,49.576699995668605,20.149671762675624,True,True
2026-09-17T06:53:20.225396+00:00,7.7177667999931145,151,315.1884681898708,242.1029426337588,315.0,242.0,315.0,242.0,0.21474972511825297,TRACKING,-1.0,0.5062499999999999,48.383799992734566,20.65057573833364,True,True
2026-09-17T06:53:20.274111+00:00,7.766480199992657,152,314.7983694454658,241.27317212267636,314.0,241.0,314.0,241.0,0.8438108674702601,TRACKING,-1.0375,0.5124999999999998,48.67259999446105,20.528232478320106,True,True
2026-09-17T06:53:20.321371+00:00,7.813738900003955,153,315.51151634261225,241.237761528327,315.0,241.0,315.0,241.0,0.5640740315878878,TRACKING,-1.06875,0.5187499999999998,47.21500001323875,21.160125008959866,True,True
2026-09-17T06:53:20.380041+00:00,7.872409299990977,154,315.33121299240486,240.99429987954508,315.0,240.0,315.0,240.0,1.0480144544810175,TRACKING,-1.1,0.5187499999999998,58.62359999446198,17.04436990750353,True,True
2026-09-17T06:53:20.439611+00:00,7.931975200001034,155,315.2606969158113,241.54089622445,315.0,241.0,315.0,241.0,0.6004428428566599,TRACKING,-1.13125,0.5249999999999998,59.52169999363832,16.788128775543814,True,True
2026-09-17T06:53:20.486863+00:00,7.979231799996342,156,315.303137020327,240.8761843568415,315.0,240.0,315.0,240.0,0.9271413485906307,TRACKING,-1.1625,0.5249999999999998,47.20059999090154,21.16106533477431,True,True
2026-09-17T06:53:20.533694+00:00,8.026066099992022,157,315.4616316195113,240.9993262310031,315.0,240.0,315.0,240.0,1.1007981959030848,TRACKING,-1.19375,0.5249999999999998,46.78609999245964,21.35187245442406,True,True
2026-09-17T06:53:20.586592+00:00,8.0789611999935,158,315.7392064966417,240.91001405638067,315.0,240.0,315.0,240.0,1.1724128229799118,TRACKING,-1.225,0.5249999999999998,52.86029999842867,18.905342838411254,True,True
2026-09-17T06:53:20.634124+00:00,8.126491499991971,159,316.1388130136986,240.6084710668977,316.0,240.0,316.0,240.0,0.6241042316982849,TRACKING,-1.25,0.5249999999999998,47.486099996604025,21.039210777802325,True,True
2026-09-17T06:53:20.681628+00:00,8.173999999999069,160,315.66332626685937,240.09545096298748,315.0,240.0,315.0,240.0,0.6701586548279657,TRACKING,-1.28125,0.5249999999999998,47.458800007007085,21.048864936813484,True,True
2026-09-17T06:53:20.729695+00:00,8.222064699992188,161,316.31554328965746,239.37223602773398,316.0,239.0,316.0,239.0,0.4879828152619906,TRACKING,-1.30625,0.5187499999999998,48.02999999083113,20.8052895397901,True,True
2026-09-17T06:53:20.775555+00:00,8.267926699991222,162,316.0981813049274,239.44063392183236,316.0,239.0,316.0,239.0,0.45143972101113095,TRACKING,-1.3312499999999998,0.5124999999999998,45.8199999993667,21.80454406744317,True,True
2026-09-17T06:53:20.822581+00:00,8.314951099993777,163,316.0138760266281,239.3029731653783,316.0,239.0,316.0,239.0,0.30329075662526367,TRACKING,-1.3562499999999997,0.5062499999999999,46.990599992568605,21.265555752878228,True,True
2026-09-17T06:53:20.872736+00:00,8.365106600002036,164,316.06518001260906,238.9620973177807,316.0,238.0,316.0,238.0,0.964302692583876,TRACKING,-1.3812499999999996,0.49374999999999986,50.113100005546585,19.937992838977436,True,True
2026-09-17T06:53:20.920538+00:00,8.412903399992501,165,316.25456106934337,239.42135787034394,316.0,239.0,316.0,239.0,0.49228426028669536,TRACKING,-1.4062499999999996,0.4874999999999999,47.759499997482635,20.921902725694853,True,True
2026-09-17T06:53:20.968737+00:00,8.461107399998582,166,316.5844007096294,238.68460586928495,316.0,238.0,316.0,238.0,0.9001163178582758,TRACKING,-1.4312499999999995,0.47499999999999987,48.15729999972973,20.745166373617476,True,True
2026-09-17T06:53:21.016956+00:00,8.509324400001788,167,317.05699266422323,238.75618229012358,317.0,238.0,317.0,238.0,0.7583269873028373,TRACKING,-1.4499999999999995,0.46249999999999986,48.17470000125468,20.739573178205134,True,True
2026-09-17T06:53:21.087438+00:00,8.579801200001384,168,316.67454144833107,238.64090718750387,316.0,238.0,316.0,238.0,0.9304666509395695,TRACKING,-1.4749999999999994,0.44999999999999984,70.43240001075901,14.189066473019839,True,True
2026-09-17T06:53:21.136413+00:00,8.628784899992752,169,317.43916098385944,238.34406764756855,317.0,238.0,317.0,238.0,0.5578932835657243,TRACKING,-1.4937499999999995,0.43749999999999983,48.930000004475005,20.414954365967187,True,True
2026-09-17T06:53:21.183417+00:00,8.675784699997166,170,317.35287327828235,237.87140457299668,317.0,237.0,317.0,237.0,0.9401412023548686,TRACKING,-1.5124999999999995,0.41874999999999984,46.96559999138117,21.276686281773085,True,True
2026-09-17T06:53:21.233042+00:00,8.725411699997494,171,317.41760716095274,238.22909833373646,317.0,238.0,317.0,238.0,0.4763210969501884,TRACKING,-1.5312499999999996,0.40624999999999983,49.57990000548307,20.150321397493183,True,True
2026-09-17T06:53:21.279187+00:00,8.771544299990637,172,317.63519707764715,237.42375331929966,317.0,237.0,317.0,237.0,0.7635720025439388,TRACKING,-1.5499999999999996,0.38749999999999984,46.080799991614185,21.67664515220542,True,True
2026-09-17T06:53:21.325528+00:00,8.817900099995313,173,318.00738194409587,237.46238143122682,318.0,237.0,318.0,237.0,0.4624403540371384,TRACKING,-1.5624999999999996,0.36874999999999986,46.27809999510646,21.572273586026526,True,True
2026-09-17T06:53:21.371553+00:00,8.863922399992589,174,317.5358040592186,237.35238455698553,317.0,237.0,317.0,237.0,0.641296238782843,TRACKING,-1.5812499999999996,0.34999999999999987,45.988400001078844,21.7285967902342,True,True
2026-09-17T06:53:21.420427+00:00,8.91279570000188,175,318.2220080787401,237.1015360691064,318.0,237.0,318.0,237.0,0.24412529642674374,TRACKING,-1.5937499999999996,0.3312499999999999,48.82809999980964,20.461069741758845,True,True
2026-09-17T06:53:21.468173+00:00,8.960541299995384,176,318.06744004983057,236.7179613957998,318.0,236.0,318.0,236.0,0.7211218525186517,TRACKING,-1.6062499999999995,0.30624999999999986,47.703999996883795,20.944338329312902,True,True
2026-09-17T06:53:21.514502+00:00,9.006873999998788,177,318.07344650737423,237.21011771161753,318.0,237.0,318.0,237.0,0.2225844607803052,TRACKING,-1.6187499999999995,0.28749999999999987,46.28680000314489,21.583028831182464,True,True
2026-09-17T06:53:21.560981+00:00,9.053348699992057,178,318.2412736324274,236.58677279892024,318.0,236.0,318.0,236.0,0.634440921802341,TRACKING,-1.6312499999999994,0.26249999999999984,46.438000004854985,21.517083491552185,True,True
2026-09-17T06:53:21.610487+00:00,9.102858899990679,179,318.57206647339746,236.85698313298812,318.0,236.0,318.0,236.0,1.030378639244591,TRACKING,-1.6437499999999994,0.23749999999999985,49.46599999675527,20.197858219676675,True,True
2026-09-17T06:53:21.658029+00:00,9.15039959999558,180,319.06686823042367,237.03007124554935,319.0,237.0,319.0,237.0,0.0733187564602795,TRACKING,-1.6499999999999995,0.21874999999999983,47.50590000185184,21.03460823877002,True,True
2026-09-17T06:53:21.705571+00:00,9.197931599992444,181,318.72661960341156,236.11560242330498,318.0,236.0,318.0,236.0,0.7357580909075764,TRACKING,-1.6624999999999994,0.19374999999999984,47.49479999009054,21.038458303164,True,True
2026-09-17T06:53:21.755528+00:00,9.247899900001357,182,319.55215820412604,236.12336079969495,319.0,236.0,319.0,236.0,0.565770774505962,TRACKING,-1.6687499999999995,0.16874999999999984,49.912400005268864,20.012688040650108,True,True
2026-09-17T06:53:21.803186+00:00,9.295556999990367,183,319.5442180327113,236.0633248996588,319.0,236.0,319.0,236.0,0.5478898703616794,TRACKING,-1.6749999999999996,0.14374999999999985,47.62359999585897,20.983232303908657,True,True
2026-09-17T06:53:21.854942+00:00,9.347314099999494,184,319.7034290189645,235.9456426985209,319.0,235.0,319.0,235.0,1.178580713395274,TRACKING,-1.6812499999999997,0.11249999999999985,51.72050000692252,19.321020687474086,True,True
2026-09-17T06:53:21.902250+00:00,9.39462160000403,185,320.03031662865055,236.78060625733687,320.0,236.0,320.0,236.0,0.7811947433042623,TRACKING,-1.6812499999999997,0.08749999999999986,47.272900003008544,21.13829730812506,True,True
2026-09-17T06:53:21.948464+00:00,9.44083409999439,186,319.52530153510247,236.57862599810028,319.0,236.0,319.0,236.0,0.7815047974635579,TRACKING,-1.6874999999999998,0.062499999999999854,46.17760000110138,21.63916689658824,True,True
2026-09-17T06:53:21.995495+00:00,9.487863799993647,187,320.18869935631494,236.3502046831105,320.0,236.0,320.0,236.0,0.39780744983747157,TRACKING,-1.6874999999999998,0.03749999999999985,46.98859999189153,21.263159238009145,True,True
2026-09-17T06:53:22.045701+00:00,9.538068399997428,188,320.02072045769273,236.10591116353544,320.0,236.0,320.0,236.0,0.10791900633543051,TRACKING,-1.6874999999999998,0.012499999999999852,50.15919999277685,19.91849352299774,True,True
2026-09-17T06:53:22.092899+00:00,9.585266099995351,189,320.02146982057945,235.8563539627889,320.0,235.0,320.0,235.0,0.8566230575813056,TRACKING,-1.6874999999999998,-0.01875000000000015,47.15139999461826,21.187473119325713,True,True
2026-09-17T06:53:22.139760+00:00,9.632130199999665,190,320.19094697664787,236.61215476074625,320.0,236.0,320.0,236.0,0.6412442584501317,TRACKING,-1.6874999999999998,-0.04375000000000015,46.81650000566151,21.33829519627939,True,True
2026-09-17T06:53:22.186370+00:00,9.6787142999965,191,320.5290460081921,236.3839218450761,320.0,236.0,320.0,236.0,0.6536709125474531,TRACKING,-1.6874999999999998,-0.06875000000000014,46.542500000214204,21.466551893627692,True,True
2026-09-17T06:53:22.238356+00:00,9.73072520000278,192,321.035555614323,236.1822235960466,321.0,236.0,321.0,236.0,0.18566001364334153,TRACKING,-1.6812499999999997,-0.09375000000000014,51.945100000011735,19.226739008155036,True,True
2026-09-17T06:53:22.292089+00:00,9.78445880000072,193,320.7101592430243,236.0175620710784,320.0,236.0,320.0,236.0,0.7103763627777883,TRACKING,-1.6812499999999997,-0.11875000000000013,53.68769999768119,18.610329477986372,True,True
2026-09-17T06:53:22.338830+00:00,9.831201900000451,194,321.5524352889874,235.90034675506976,321.0,235.0,321.0,235.0,1.056318620437621,TRACKING,-1.6749999999999996,-0.15000000000000013,46.70210000767838,21.393531879694887,True,True
2026-09-17T06:53:22.385252+00:00,9.877620600003866,195,321.56185735710085,236.84086854210676,321.0,236.0,321.0,236.0,1.0113078635277692,TRACKING,-1.6687499999999995,-0.17500000000000013,46.3840999873355,21.543041919020634,True,True
2026-09-17T06:53:22.431654+00:00,9.924019099998986,196,321.7377945914302,236.8492740135861,321.0,236.0,321.0,236.0,1.1249920929927892,TRACKING,-1.6624999999999994,-0.20000000000000012,46.34000000078231,21.55242087794128,True,True
2026-09-17T06:53:22.480273+00:00,9.97264439999708,197,322.07951206948235,236.93554007704702,322.0,236.0,322.0,236.0,0.9389128846461288,TRACKING,-1.6499999999999995,-0.22500000000000012,48.56679998920299,20.565425818230636,True,True
2026-09-17T06:53:22.527356+00:00,10.019728799990844,198,321.58617126150824,237.1094490290977,321.0,237.0,321.0,237.0,0.5963018009268399,TRACKING,-1.6437499999999994,-0.24375000000000013,47.04900000069756,21.238456901488348,True,True
2026-09-17T06:53:22.574507+00:00,10.066878700003144,199,322.256830554557,236.38056410476813,322.0,236.0,322.0,236.0,0.459119779133957,TRACKING,-1.6312499999999994,-0.26875000000000016,47.116299989284016,21.208952717590545,True,True
2026-09-17T06:53:22.629185+00:00,10.121556500002043,200,322.0904458409525,236.7582055744036,322.0,236.0,322.0,236.0,0.7635811307269867,TRACKING,-1.6187499999999995,-0.2937500000000002,54.64329999813344,18.288958224729896,True,True
2026-09-17T06:53:22.677543+00:00,10.169908800002304,201,322.08587117082766,237.25142744784193,322.0,237.0,322.0,237.0,0.2656870706444356,TRACKING,-1.6062499999999995,-0.31250000000000017,48.312800005078316,20.68153945095912,True,True
2026-09-17T06:53:22.725655+00:00,10.21802509999543,202,322.2418594683052,236.86899484410495,322.0,236.0,322.0,236.0,0.9020244129123475,TRACKING,-1.5937499999999996,-0.3375000000000002,48.064100003102794,20.782977912742002,True,True
2026-09-17T06:53:22.770877+00:00,10.263246000002255,203,322.5570633108795,237.6193620831652,322.0,237.0,322.0,237.0,0.8330239626750331,TRACKING,-1.5812499999999996,-0.3562500000000002,45.178699991083704,22.113668676410065,True,True
2026-09-17T06:53:22.818530+00:00,10.310902199998964,204,323.0300357715123,237.51065155454882,323.0,237.0,323.0,237.0,0.5115341217684903,TRACKING,-1.5624999999999996,-0.37500000000000017,47.61900000448804,20.983628574436473,True,True
2026-09-17T06:53:22.867237+00:00,10.359608999991906,205,322.65923132291414,237.55063341559242,322.0,237.0,322.0,237.0,0.8589430106113526,TRACKING,-1.5499999999999996,-0.39375000000000016,48.672099990653805,20.531014152949954,True,True
2026-09-17T06:53:22.914474+00:00,10.406845799996518,206,323.44300680344975,237.7467061700955,323.0,237.0,323.0,237.0,0.8682310362809338,TRACKING,-1.5312499999999996,-0.41250000000000014,47.202600006130524,21.16993530261089,True,True
2026-09-17T06:53:22.961514+00:00,10.453882699992391,207,323.3796224440594,238.1058781759149,323.0,238.0,323.0,238.0,0.39411088308838477,TRACKING,-1.5124999999999995,-0.42500000000000016,47.00320000119973,21.259904459854393,True,True
2026-09-17T06:53:23.008807+00:00,10.501166300004115,208,323.46724295555856,237.63475012771946,323.0,237.0,323.0,237.0,0.7881774572765742,TRACKING,-1.4937499999999995,-0.44375000000000014,47.23789999843575,21.148981882767984,True,True
2026-09-17T06:53:23.055898+00:00,10.548270400002366,209,323.7039386756342,238.3394985586909,323.0,238.0,323.0,238.0,0.7815298653326446,TRACKING,-1.4749999999999994,-0.45625000000000016,47.02790000010282,21.229574496426828,True,True
2026-09-17T06:53:23.102990+00:00,10.595361999992747,210,324.0876867748201,238.22586040240807,324.0,238.0,324.0,238.0,0.24228473301941228,TRACKING,-1.4499999999999995,-0.46875000000000017,47.05759999342263,21.23520968079791,True,True
2026-09-17T06:53:23.149317+00:00,10.641686599992681,211,323.6163725207001,238.29911865350002,323.0,238.0,323.0,238.0,0.685118276756555,TRACKING,-1.4312499999999995,-0.4812500000000002,46.28999999840744,21.586802692336583,True,True
2026-09-17T06:53:23.196196+00:00,10.688557899993611,212,324.2877905995467,238.5640891629114,324.0,238.0,324.0,238.0,0.6332614096102273,TRACKING,-1.4062499999999996,-0.4937500000000002,46.82090001006145,21.33501737694824,True,True
2026-09-17T06:53:23.243615+00:00,10.735980299999937,213,324.0996464945703,239.0251086007829,324.0,239.0,324.0,239.0,0.10276120724002628,TRACKING,-1.3812499999999996,-0.5000000000000002,47.31320000428241,21.087081207754245,True,True
2026-09-17T06:53:23.294066+00:00,10.78643340000417,214,324.049557919918,238.686023617034,324.0,238.0,324.0,238.0,0.6878113044687668,TRACKING,-1.3562499999999997,-0.5125000000000002,50.40510000253562,19.82038764547851,True,True
2026-09-17T06:53:23.340319+00:00,10.832686800000374,215,324.13505630952386,239.55018122674235,324.0,239.0,324.0,239.0,0.566515303413708,TRACKING,-1.3312499999999998,-0.5187500000000002,46.20419999992009,21.62003225886277,True,True
2026-09-17T06:53:23.388886+00:00,10.881258299996261,216,324.3535883598835,239.62042044434824,324.0,239.0,324.0,239.0,0.7141052135437427,TRACKING,-1.30625,-0.5250000000000001,48.52730000857264,20.58820501908884,True,True
2026-09-17T06:53:23.436323+00:00,10.928695299997344,217,324.7025176257842,239.89906518759767,324.0,239.0,324.0,239.0,1.1409860762022905,TRACKING,-1.28125,-0.5312500000000001,47.40250000031665,21.080591099293517,True,True
2026-09-17T06:53:23.483514+00:00,10.975787599993055,218,325.17912616799856,240.38791846895793,325.0,240.0,325.0,240.0,0.4272785070893653,TRACKING,-1.25,-0.5312500000000001,47.0562999980757,21.234894029195324,True,True
2026-09-17T06:53:23.530059+00:00,11.022428800002672,219,324.78061625190776,240.08825788902556,324.0,240.0,324.0,240.0,0.7855897069830822,TRACKING,-1.225,-0.5312500000000001,46.495600006892346,21.440271686702065,True,True
2026-09-17T06:53:23.577018+00:00,11.06938749999972,220,325.5041120959942,240.00083244319023,325.0,240.0,325.0,240.0,0.5041127833028081,TRACKING,-1.19375,-0.5312500000000001,46.91580000508111,21.295308431937983,True,True
2026-09-17T06:53:23.627975+00:00,11.120345499992254,221,325.34666166911194,240.12586064953615,325.0,240.0,325.0,240.0,0.3688024077106016,TRACKING,-1.1625,-0.5312500000000001,50.9161999943899,19.624004084668176,True,True
2026-09-17T06:53:23.674006+00:00,11.166375499989954,222,325.30523853540944,240.46303000266096,325.0,240.0,325.0,240.0,0.5545875466174017,TRACKING,-1.13125,-0.5312500000000001,45.981699993717484,21.724961982402245,True,True
2026-09-17T06:53:23.720810+00:00,11.213181400002213,223,325.37674374575374,241.01149775477614,325.0,241.0,325.0,241.0,0.3769191535720266,TRACKING,-1.1,-0.5250000000000001,46.76120000658557,21.364827932762335,True,True
2026-09-17T06:53:23.765915+00:00,11.258284900002764,224,325.55800777447337,240.7698930221381,325.0,240.0,325.0,240.0,0.9508459086043567,TRACKING,-1.06875,-0.5250000000000001,45.06740000215359,22.171228396638767,True,True
2026-09-17T06:53:23.816207+00:00,11.308578500000294,225,325.8457925002074,241.73632021154282,325.0,241.0,325.0,241.0,1.1213975242230172,TRACKING,-1.0375,-0.5187500000000002,50.25010000099428,19.883245582919056,True,True
2026-09-17T06:53:23.862729+00:00,11.35508999999729,226,326.23679322962744,241.90836375832245,326.0,241.0,326.0,241.0,0.9387202730478774,TRACKING,-1.0,-0.5125000000000002,46.47359999944456,21.500059126551406,True,True
2026-09-17T06:53:23.911277+00:00,11.403641400000197,227,325.7276407627621,242.28309416399858,325.0,242.0,325.0,242.0,0.7807710197766682,TRACKING,-0.96875,-0.5000000000000002,48.49050000484567,20.596728414425222,True,True
2026-09-17T06:53:23.958028+00:00,11.450399900000775,228,326.3149034986378,241.8570753185026,326.0,241.0,326.0,241.0,0.9130949102041296,TRACKING,-0.93125,-0.49375000000000024,46.697199999471195,21.38648587930817,True,True
2026-09-17T06:53:24.005228+00:00,11.49759769999946,229,325.9950895799183,242.62637308866198,325.0,242.0,325.0,242.0,1.1758173830412055,TRACKING,-0.9,-0.48125000000000023,47.16260000714101,21.18742822817729,True,True
2026-09-17T06:53:24.053790+00:00,11.546162200000254,230,326.7646490752003,242.58656515148363,326.0,242.0,326.0,242.0,0.9637151473021763,TRACKING,-0.8625,-0.4687500000000002,48.52380001102574,20.59117256398524,True,True
2026-09-17T06:53:24.103193+00:00,11.595564899995225,231,326.61997619760695,242.7327520476589,326.0,242.0,326.0,242.0,0.9598416791051869,TRACKING,-0.8250000000000001,-0.4562500000000002,49.36900000029709,20.241808648146662,True,True
2026-09-17T06:53:24.150743+00:00,11.643115400001989,232,326.5574115582857,243.05956942765985,326.0,243.0,326.0,243.0,0.5605855528126131,TRACKING,-0.7875000000000001,-0.4375000000000002,47.515199999907054,21.0302730751043,True,True
2026-09-17T06:53:24.199626+00:00,11.69199409999419,233,326.5732444534078,242.56120145981947,326.0,242.0,326.0,242.0,0.8022195970345908,TRACKING,-0.7500000000000001,-0.4250000000000002,48.83989998779725,20.45880925964791,True,True
2026-09-17T06:53:24.248354+00:00,11.740725700001349,234,326.6637151832381,243.2313953668823,326.0,243.0,326.0,243.0,0.7028951986429842,TRACKING,-0.7125000000000001,-0.4062500000000002,48.68510000233073,20.520565707941035,True,True
2026-09-17T06:53:24.297596+00:00,11.789967399992747,235,326.8250174018233,243.0634770546906,326.0,243.0,326.0,243.0,0.8274557690797991,TRACKING,-0.6750000000000002,-0.38750000000000023,49.20289998699445,20.307990994922584,True,True
2026-09-17T06:53:24.344932+00:00,11.83730289999221,236,327.0533004958363,243.05036779394462,327.0,243.0,327.0,243.0,0.07333387705040498,TRACKING,-0.6312500000000002,-0.36875000000000024,47.296400007326156,21.125793537859586,True,True
2026-09-17T06:53:24.387091+00:00,11.879461099990294,237,326.34467199108246,243.1846019133389,326.0,243.0,326.0,243.0,0.3909944345449575,TRACKING,-0.5937500000000002,-0.35000000000000026,42.121300008147955,23.72017780753061,True,True
2026-09-17T06:53:24.430918+00:00,11.923282100004144,238,326.69519998517,243.45834545985224,326.0,243.0,326.0,243.0,0.8326965713556999,TRACKING,-0.5562500000000002,-0.33125000000000027,43.783600005554035,22.82010907290907,True,True
2026-09-17T06:53:24.476169+00:00,11.968534899991937,239,327.1009156048218,243.86341577955136,327.0,243.0,327.0,243.0,0.8692932575804521,TRACKING,-0.5125000000000003,-0.3125000000000003,45.19849999633152,22.09808012476028,True,True
2026-09-17T06:53:24.520869+00:00,12.013239299994893,240,326.55781548629005,244.39130196996308,326.0,244.0,326.0,244.0,0.6813775373770378,TRACKING,-0.4750000000000003,-0.28750000000000026,44.6520999976201,22.36916276549664,True,True
2026-09-17T06:53:24.565772+00:00,12.05814079999982,241,327.06186427733047,244.03318615289925,327.0,244.0,327.0,244.0,0.0702033443211484,TRACKING,-0.4312500000000003,-0.26250000000000023,44.86049999832176,22.270970900533356,True,True
2026-09-17T06:53:24.609828+00:00,12.102198900000076,242,326.6089971591644,243.77996551455905,326.0,243.0,326.0,243.0,0.9895573473890636,TRACKING,-0.39375000000000027,-0.24375000000000024,44.01490000600461,22.697301971582394,True,True
2026-09-17T06:53:24.655884+00:00,12.148252099999809,243,327.19512238685877,244.62227505782312,327.0,244.0,327.0,244.0,0.6521495177045118,TRACKING,-0.35000000000000026,-0.21875000000000025,46.01520000142045,21.714017701393168,True,True
2026-09-17T06:53:24.700716+00:00,12.19308219999948,244,326.8161238465344,244.55051100986975,326.0,244.0,326.0,244.0,0.9844391829208942,TRACKING,-0.3125000000000002,-0.19375000000000026,44.78660000313539,22.30644143125536,True,True
2026-09-17T06:53:24.748238+00:00,12.240609300002689,245,327.4678636278014,244.55485482660424,327.0,244.0,327.0,244.0,0.7257825106914121,TRACKING,-0.2687500000000002,-0.16875000000000026,47.47629999474157,21.040627345924765,True,True
2026-09-17T06:53:24.792487+00:00,12.284856500002206,246,327.1461846098205,244.62529773390696,327.0,244.0,327.0,244.0,0.6421582329749888,TRACKING,-0.2250000000000002,-0.14375000000000027,44.209999992745,22.600300132232068,True,True
2026-09-17T06:53:24.839931+00:00,12.33230039999762,247,326.84691305936644,244.75166574435525,326.0,244.0,326.0,244.0,1.1323705759876317,TRACKING,-0.1875000000000002,-0.11875000000000027,47.40429999947082,21.07752524764301,True,True
2026-09-17T06:53:24.888846+00:00,12.381210899999132,248,327.56586123927605,244.92364508689377,327.0,244.0,327.0,244.0,1.0831985915140512,TRACKING,-0.14375000000000018,-0.09375000000000028,48.86949999490753,20.445507610208356,True,True
2026-09-17T06:53:24.934966+00:00,12.427322799994727,249,327.2988300256485,245.13080798589124,327.0,245.0,327.0,245.0,0.3262056305492057,TRACKING,-0.10000000000000017,-0.06250000000000028,46.05959999025799,21.68637597009761,True,True
2026-09-17T06:53:24.980294+00:00,12.472659699997166,250,327.04161153215966,244.362638725148,327.0,244.0,327.0,244.0,0.365018307192452,TRACKING,-0.05625000000000017,-0.037500000000000276,45.2610999927856,22.057088154377375,True,True
2026-09-17T06:53:25.026121+00:00,12.518491499999072,251,326.7899917398553,244.60855993171103,326.0,244.0,326.0,244.0,0.9972121838022768,TRACKING,-0.018750000000000162,-0.012500000000000275,45.75960000511259,21.81891175904957,True,True
2026-09-17T06:53:25.072437+00:00,12.56480449999799,252,327.53975313077467,244.85795901379683,327.0,244.0,327.0,244.0,1.0136207927702978,TRACKING,0.024999999999999842,0.012499999999999727,46.27150000305846,21.592209531305834,True,True
2026-09-17T06:53:25.117461+00:00,12.609831299996586,253,327.2866773237624,245.10021468674427,327.0,245.0,327.0,245.0,0.30368877390975385,TRACKING,0.06874999999999984,0.04374999999999973,44.97970000375062,22.208995532242913,True,True
2026-09-17T06:53:25.162875+00:00,12.655243899993366,254,327.02654771082024,244.3247235206953,327.0,244.0,327.0,244.0,0.3258069149704261,TRACKING,0.11249999999999985,0.06874999999999973,45.373300003120676,22.020320353181813,True,True
2026-09-17T06:53:25.207764+00:00,12.700130600002012,255,326.755152092348,244.52092644364643,326.0,244.0,326.0,244.0,0.917397973764755,TRACKING,0.14999999999999986,0.09374999999999972,44.84240000601858,22.278314062013216,True,True
2026-09-17T06:53:25.252934+00:00,12.745303399991826,256,327.4682853096333,244.67833513363087,327.0,244.0,327.0,244.0,0.8242752481643274,TRACKING,0.19374999999999987,0.11874999999999972,45.124299998860806,22.137215320402788,True,True
2026-09-17T06:53:25.298498+00:00,12.790868500000215,257,327.161751872937,244.78655823406,327.0,244.0,327.0,244.0,0.8030177606791898,TRACKING,0.23749999999999988,0.1437499999999997,45.521000007283874,21.946621423323776,True,True
2026-09-17T06:53:25.342875+00:00,12.835243299996364,258,326.83136858353845,244.83532732670398,326.0,244.0,326.0,244.0,1.17853530470374,TRACKING,0.2749999999999999,0.1687499999999997,44.33479999715928,22.535312837168576,True,True
2026-09-17T06:53:25.388091+00:00,12.880460999993375,259,327.47296714809954,244.8145225973895,327.0,244.0,327.0,244.0,0.9418837427408695,TRACKING,0.3187499999999999,0.1937499999999997,45.172600002842955,22.115233637847798,True,True
2026-09-17T06:53:25.433901+00:00,12.926270900003146,260,327.0823967837102,244.71419813026455,327.0,244.0,327.0,244.0,0.718935462499354,TRACKING,0.36249999999999993,0.2187499999999997,45.77149999386165,21.829342561033485,True,True
2026-09-17T06:53:25.479742+00:00,12.972105900000315,261,326.65552681199495,244.52460676740884,326.0,244.0,326.0,244.0,0.8395997032249422,TRACKING,0.3999999999999999,0.2437499999999997,45.792699995217845,21.81738845994916,True,True
2026-09-17T06:53:25.523536+00:00,13.015903399995295,262,327.1882492406504,244.23622447165195,327.0,244.0,327.0,244.0,0.30205922865010826,TRACKING,0.4437499999999999,0.2687499999999997,43.73979999218136,22.832353447448245,True,True
2026-09-17T06:53:25.567376+00:00,13.05974789999891,263,326.67648133080775,243.83977413170618,326.0,243.0,326.0,243.0,1.0783541084515262,TRACKING,0.48124999999999996,0.2874999999999997,43.795500008855015,22.80787783912556,True,True
2026-09-17T06:53:25.611153+00:00,13.10352389999025,264,327.11616814861225,244.32624875011413,327.0,244.0,327.0,244.0,0.34631385433307516,TRACKING,0.5249999999999999,0.3124999999999997,43.73900000064168,22.843567255981217,True,True
2026-09-17T06:53:25.659241+00:00,13.151611199995386,265,326.50328509942307,243.68693395605032,326.0,243.0,326.0,243.0,0.8515715773064741,TRACKING,0.5624999999999999,0.3312499999999997,48.049699995317496,20.795511494577426,True,True
2026-09-17T06:53:25.705534+00:00,13.197887899994384,266,326.8338404430561,243.91342978671128,326.0,243.0,326.0,243.0,1.2367877181341123,TRACKING,0.5999999999999999,0.3499999999999997,46.235499990871176,21.60914672009133,True,True
2026-09-17T06:53:25.751697+00:00,13.24406509999244,267,327.10387778848985,243.99767168284666,327.0,243.0,327.0,243.0,1.0030649937544551,TRACKING,0.6437499999999998,0.3687499999999997,46.11019999720156,21.655708878886283,True,True
2026-09-17T06:53:25.795255+00:00,13.287624000004143,268,326.3094785664815,243.93195064595818,326.0,243.0,326.0,243.0,0.9819923572071864,TRACKING,0.6812499999999998,0.3874999999999997,43.51130001305137,22.95742086534143,True,True
2026-09-17T06:53:25.840051+00:00,13.332418099991628,269,326.4467644785466,243.7089325067813,326.0,243.0,326.0,243.0,0.837964079458202,TRACKING,0.7187499999999998,0.40624999999999967,44.74800000025425,22.324368617282193,True,True
2026-09-17T06:53:25.885496+00:00,13.377865899994504,270,326.5118999207667,243.32167625688783,326.0,243.0,326.0,243.0,0.6045801378860707,TRACKING,0.7562499999999998,0.42499999999999966,45.40499999711756,22.00326528317596,True,True
2026-09-17T06:53:25.932009+00:00,13.4243773999915,271,326.50109438091977,242.76365139759343,326.0,242.0,326.0,242.0,0.9133778164789043,TRACKING,0.7937499999999997,0.43749999999999967,46.469200009596534,21.500059126551406,True,True
2026-09-17T06:53:25.975844+00:00,13.468200699993758,272,326.4106048074245,243.0287542628023,326.0,243.0,326.0,243.0,0.4116103928588236,TRACKING,0.8312499999999997,0.45624999999999966,43.772699995315634,22.81891139983633,True,True
2026-09-17T06:53:26.022569+00:00,13.51493799999298,273,326.23673794862697,242.11132327499405,326.0,242.0,326.0,242.0,0.26160605473785425,TRACKING,0.8687499999999997,0.46874999999999967,46.65469999599736,21.396186771949658,True,True
2026-09-17T06:53:26.070870+00:00,13.563226500002202,274,325.9758526609632,242.0061530962194,325.0,242.0,325.0,242.0,0.9758720594945018,TRACKING,0.8999999999999997,0.4812499999999997,48.243299999739975,20.708864425464512,True,True
2026-09-17T06:53:26.117652+00:00,13.610023000001092,275,326.62436218455395,241.70850763873335,326.0,241.0,326.0,241.0,0.9443575655674518,TRACKING,0.9374999999999997,0.48749999999999966,46.73640000692103,21.36911948593811,True,True
2026-09-17T06:53:26.165411+00:00,13.657781699992483,276,326.17873638481404,242.214131902749,326.0,242.0,326.0,242.0,0.2789250204468872,TRACKING,0.9749999999999996,0.49999999999999967,47.71849999087863,20.938593390947815,True,True
2026-09-17T06:53:26.211079+00:00,13.703426299995044,277,325.6355039586711,241.51926261172002,325.0,241.0,325.0,241.0,0.8206698126633817,TRACKING,1.0062499999999996,0.5062499999999996,45.606899991980754,21.90839661085644,True,True
2026-09-17T06:53:26.258456+00:00,13.750804700001027,278,325.99125460401655,241.62063761857303,325.0,241.0,325.0,241.0,1.1695198773736168,TRACKING,1.0374999999999996,0.5124999999999996,47.30970000673551,21.106664637761817,True,True
2026-09-17T06:53:26.303527+00:00,13.795893000002252,279,326.2426411510346,241.51550405937593,326.0,241.0,326.0,241.0,0.5697535988552052,TRACKING,1.0749999999999997,0.5187499999999996,45.01499999605585,22.17870267836271,True,True
2026-09-17T06:53:26.348142+00:00,13.840499500001897,280,325.3863816540731,241.201625234064,325.0,241.0,325.0,241.0,0.4358250997999367,TRACKING,1.1062499999999997,0.5249999999999996,44.55940000480041,22.418257429028387,True,True
2026-09-17T06:53:26.395516+00:00,13.887874099993496,281,325.419261442754,240.67728619702575,325.0,240.0,325.0,240.0,0.7965530428425889,TRACKING,1.1374999999999997,0.5249999999999996,47.31049999827519,21.10835764686835,True,True
2026-09-17T06:53:26.440964+00:00,13.933332000000519,282,325.33813513103644,240.94129804357306,325.0,240.0,325.0,240.0,1.0001886690397428,TRACKING,1.1687499999999997,0.5249999999999996,45.40080000879243,21.998376516414428,True,True
2026-09-17T06:53:26.486255+00:00,13.978624399998807,283,325.1399285829813,240.99300088158435,325.0,240.0,325.0,240.0,1.0028114275188829,TRACKING,1.1999999999999997,0.5249999999999996,45.24669999955222,22.078759351188843,True,True
2026-09-17T06:53:26.533258+00:00,14.025622499990277,284,324.8216408339867,240.83226548089078,324.0,240.0,324.0,240.0,1.169512501325536,TRACKING,1.2249999999999996,0.5249999999999996,46.95380000339355,21.277455901015237,True,True
2026-09-17T06:53:26.580545+00:00,14.072915800003102,285,325.3803459662916,240.45949359628486,325.0,240.0,325.0,240.0,0.5964875682703562,TRACKING,1.2562499999999996,0.5249999999999996,47.23599999852013,21.1446441616216,True,True
2026-09-17T06:53:26.630261+00:00,14.12262219999684,286,324.81319493758104,239.87561696334222,324.0,239.0,324.0,239.0,1.194985804518237,TRACKING,1.2812499999999996,0.5187499999999996,49.66049999347888,20.118133683509097,True,True
2026-09-17T06:53:26.676102+00:00,14.168470899996464,287,325.11741736154323,240.08209496956806,325.0,240.0,325.0,240.0,0.14327044642966327,TRACKING,1.3124999999999996,0.5187499999999996,45.783199995639734,21.810869228750267,True,True
2026-09-17T06:53:26.722650+00:00,14.215018499991857,288,324.29032323927146,239.0809110066886,324.0,239.0,324.0,239.0,0.3013870837717448,TRACKING,1.3374999999999995,0.5124999999999996,46.5012999920873,21.483384752360752,True,True
2026-09-17T06:53:26.771685+00:00,14.264055399995414,289,324.32930464042636,238.87456751320457,324.0,238.0,324.0,238.0,0.9345105036109301,TRACKING,1.3624999999999994,0.4999999999999996,48.99429999932181,20.392806232193735,True,True
2026-09-17T06:53:26.815135+00:00,14.30750110000372,290,324.23183733310657,239.4660797195981,324.0,239.0,324.0,239.0,0.5205562928662074,TRACKING,1.3874999999999993,0.49374999999999963,43.406600001617335,23.01723760484525,True,True
2026-09-17T06:53:26.858402+00:00,14.350770999997621,291,323.9954823614123,238.85896811182687,323.0,238.0,323.0,238.0,1.3148427088509307,TRACKING,1.4062499999999993,0.4812499999999996,43.220100007602014,23.11075366804471,True,True
2026-09-17T06:53:26.904779+00:00,14.397135499995784,292,324.6178875697126,239.05724963194285,324.0,239.0,324.0,239.0,0.6205340999195184,TRACKING,1.4312499999999992,0.47499999999999964,46.31770000560209,21.568225690768404,True,True
2026-09-17T06:53:26.950842+00:00,14.44321260000288,293,324.09678907266664,238.06542763782892,324.0,238.0,324.0,238.0,0.1168285084195629,TRACKING,1.4562499999999992,0.46249999999999963,45.990500002517365,21.702754727315536,True,True
2026-09-17T06:53:26.993023+00:00,14.485393299997668,294,323.43001267007844,237.88848064714938,323.0,237.0,323.0,237.0,0.9870707962385316,TRACKING,1.4749999999999992,0.44374999999999964,42.143700004089624,23.70752500844163,True,True
2026-09-17T06:53:27.035341+00:00,14.527713000003132,295,323.61547520570036,238.53184989364905,323.0,238.0,323.0,238.0,0.8134334872664226,TRACKING,1.4937499999999992,0.43124999999999963,42.28299998794682,23.62965710699465,True,True
2026-09-17T06:53:27.078005+00:00,14.570374499991885,296,323.65118586913934,238.0014257269019,323.0,238.0,323.0,238.0,0.6511874299032164,TRACKING,1.5124999999999993,0.4187499999999996,42.62570000719279,23.440338484667095,True,True
2026-09-17T06:53:27.124494+00:00,14.616855200001737,297,323.5352474400472,237.30353288950556,323.0,237.0,323.0,237.0,0.6153227097131163,TRACKING,1.5312499999999993,0.39999999999999963,46.43569998734165,21.514305933173276,True,True
2026-09-17T06:53:27.167708+00:00,14.660052299994277,298,323.26585747382217,237.444914708518,323.0,237.0,323.0,237.0,0.5182946017881839,TRACKING,1.5499999999999994,0.38124999999999964,43.1484000000637,23.149702183079487,True,True
2026-09-17T06:53:27.211998+00:00,14.704366799996933,299,322.8413094280787,237.4327162406521,322.0,237.0,322.0,237.0,0.9460681258229883,TRACKING,1.5624999999999993,0.36249999999999966,44.18689999147318,22.56597727470832,True,True
2026-09-17T06:53:27.257462+00:00,14.749823299993295,300,323.25999372917966,237.27446641335501,323.0,237.0,323.0,237.0,0.3780589256620051,TRACKING,1.5812499999999994,0.34374999999999967,45.407500001601875,21.999054042436768,True,True
2026-09-17T06:53:27.303858+00:00,14.79622720000043,301,322.52039877816856,236.97805920641002,322.0,236.0,322.0,236.0,1.107887494090772,TRACKING,1.5937499999999993,0.31874999999999964,46.341000008396804,21.549912827289006,True,True
2026-09-17T06:53:27.347006+00:00,14.839368799992371,302,322.6211118954692,237.55173392109896,322.0,237.0,322.0,237.0,0.8307769293766956,TRACKING,1.6062499999999993,0.29999999999999966,43.0859999905806,23.179483380004587,True,True
2026-09-17T06:53:27.388726+00:00,14.881095999997342,303,322.56082020376425,237.00405458623953,322.0,237.0,322.0,237.0,0.5608348603820471,TRACKING,1.6187499999999992,0.28124999999999967,41.67629999574274,23.96518337872844,True,True
2026-09-17T06:53:27.436126+00:00,14.928496299995459,304,322.3383114485015,236.34388855257288,322.0,236.0,322.0,236.0,0.48240436645810164,TRACKING,1.6312499999999992,0.25624999999999964,47.355000002426095,21.09691288957522,True,True
2026-09-17T06:53:27.479265+00:00,14.971623599994928,305,321.9524747555125,236.58038432900588,321.0,236.0,321.0,236.0,1.1153717448654743,TRACKING,1.6374999999999993,0.23124999999999965,43.086600009701215,23.18716914836573,True,True
2026-09-17T06:53:27.523113+00:00,15.015480300004128,306,322.40230132527415,236.72294871610205,322.0,236.0,322.0,236.0,0.8273458783549633,TRACKING,1.6499999999999992,0.20624999999999966,43.76859999320004,22.801533170307145,True,True
2026-09-17T06:53:27.566938+00:00,15.05930909999006,307,321.6868850633738,236.7812232939802,321.0,236.0,321.0,236.0,1.040250414728713,TRACKING,1.6562499999999993,0.18124999999999966,43.77980000572279,22.816047902771537,True,True
2026-09-17T06:53:27.609023+00:00,15.101394400000572,308,321.8054231467902,236.76506032338477,321.0,236.0,321.0,236.0,1.1108662132781904,TRACKING,1.6624999999999994,0.15624999999999967,42.0423000032315,23.76126580421686,True,True
2026-09-17T06:53:27.652764+00:00,15.145134399994276,309,321.7572165256314,236.68449812016473,321.0,236.0,321.0,236.0,1.0207421531407193,TRACKING,1.6687499999999995,0.13124999999999967,43.68699999758974,22.862368544671593,True,True
2026-09-17T06:53:27.695796+00:00,15.188163700004225,310,321.5416703600177,236.54973596471274,321.0,236.0,321.0,236.0,0.7717618867373143,TRACKING,1.6749999999999996,0.10624999999999968,42.99050000554416,23.239978334967198,True,True
2026-09-17T06:53:27.739930+00:00,15.232298399991123,311,321.1582943918376,236.37110860907467,321.0,236.0,321.0,236.0,0.4034584417465753,TRACKING,1.6812499999999997,0.08124999999999968,44.05840000254102,22.6579086364438,True,True
2026-09-17T06:53:27.784317+00:00,15.276688400001149,312,320.6067032511434,236.15906044545264,320.0,236.0,320.0,236.0,0.6272073502882292,TRACKING,1.6812499999999997,0.05624999999999968,44.340200009173714,22.527596300386243,True,True
2026-09-17T06:53:27.828892+00:00,15.321260400000028,313,320.8866166969943,235.9241194006636,320.0,235.0,320.0,235.0,1.280658359622864,TRACKING,1.6812499999999997,0.024999999999999682,44.533899999805726,22.43560980043831,True,True
2026-09-17T06:53:27.871097+00:00,15.363465599992196,314,320.99785979259815,236.67687062180457,320.0,236.0,320.0,236.0,1.205768636325445,TRACKING,1.6812499999999997,-3.191891195797325e-16,42.161299992585555,23.693762858263323,True,True
2026-09-17T06:53:27.916722+00:00,15.409092899993993,315,320.94036301464126,236.4279300188986,320.0,236.0,320.0,236.0,1.0331537641511819,TRACKING,1.6812499999999997,-0.02500000000000032,45.533500000601634,21.91670337628152,True,True
2026-09-17T06:53:27.960694+00:00,15.453062999993563,316,320.7141622967385,236.18791773064711,320.0,236.0,320.0,236.0,0.7384719761604779,TRACKING,1.6812499999999997,-0.05000000000000032,43.934100001933984,22.74272744455423,True,True
2026-09-17T06:53:28.003273+00:00,15.49564090000058,317,320.3193990069752,235.96743157961524,320.0,235.0,320.0,235.0,1.0187932012403502,TRACKING,1.6812499999999997,-0.08125000000000032,42.533300002105534,23.4863626396599,True,True
2026-09-17T06:53:28.047356+00:00,15.539726399991196,318,319.75631985955744,236.77702058319397,319.0,236.0,319.0,236.0,1.0843342273801388,TRACKING,1.6749999999999996,-0.10625000000000032,44.03779999120161,22.68319515969832,True,True
2026-09-17T06:53:28.089956+00:00,15.58232699999644,319,320.0252767606233,236.6271585865502,320.0,236.0,320.0,236.0,0.6276677523270133,TRACKING,1.6749999999999996,-0.1312500000000003,42.56250000617001,23.473847783291912,True,True
2026-09-17T06:53:28.131979+00:00,15.624349399993662,320,319.12672658831315,236.5282180834695,319.0,236.0,319.0,236.0,0.5432071169357903,TRACKING,1.6687499999999995,-0.1562500000000003,41.98490000271704,23.79683216727512,True,True
2026-09-17T06:53:28.175609+00:00,15.667978899989976,321,319.0612309072356,236.49044429052233,319.0,236.0,319.0,236.0,0.49425178412105836,TRACKING,1.6624999999999994,-0.1812500000000003,43.59120001026895,22.920271836360445,True,True
2026-09-17T06:53:28.222211+00:00,15.714582300002803,322,318.82945561750796,236.52392953935927,318.0,236.0,318.0,236.0,0.9810702235970328,TRACKING,1.6499999999999995,-0.2062500000000003,46.56030000478495,21.457661881423938,True,True
2026-09-17T06:53:28.270449+00:00,15.762821399999666,323,319.4321705385903,236.63858805113728,319.0,236.0,319.0,236.0,0.771081106940595,TRACKING,1.6437499999999994,-0.2312500000000003,48.204100006842054,20.730071665205852,True,True
2026-09-17T06:53:28.321754+00:00,15.814122199997655,324,318.8702489281734,236.8441311561304,318.0,236.0,318.0,236.0,1.212390451025161,TRACKING,1.6312499999999994,-0.2562500000000003,51.26330000348389,19.492873406247046,True,True
2026-09-17T06:53:28.374060+00:00,15.866431799993734,325,319.1446669364209,237.15004302046077,319.0,237.0,319.0,237.0,0.20842607918011893,TRACKING,1.6249999999999993,-0.2750000000000003,52.2631000058027,19.116949853850194,True,True
2026-09-17T06:53:28.423028+00:00,15.915400099998806,326,318.25650299590757,236.56555694062382,318.0,236.0,318.0,236.0,0.6210059903071259,TRACKING,1.6124999999999994,-0.3000000000000003,48.9337000035448,20.42137464229771,True,True
2026-09-17T06:53:28.472798+00:00,15.965163699991535,327,318.2069371476339,237.0996322650549,318.0,237.0,318.0,237.0,0.22967274829813322,TRACKING,1.5999999999999994,-0.3187500000000003,49.728500001947396,20.095009206450023,True,True
2026-09-17T06:53:28.521066+00:00,16.01343769999221,328,317.99725030353875,236.76093200042428,317.0,236.0,317.0,236.0,1.2544025180052125,TRACKING,1.5812499999999994,-0.34375000000000033,48.21930000616703,20.71508472440718,True,True
2026-09-17T06:53:28.570041+00:00,16.062413799998467,329,318.6288234459714,237.5578011586323,318.0,237.0,318.0,237.0,0.8405718641347056,TRACKING,1.5687499999999994,-0.3625000000000003,48.94160000549164,20.418122306027634,True,True
2026-09-17T06:53:28.617972+00:00,16.110341399995377,330,318.10313676462204,237.4982458986246,318.0,237.0,318.0,237.0,0.5088085766896282,TRACKING,1.5562499999999995,-0.3812500000000003,47.885399995720945,20.86480441466844,True,True
2026-09-17T06:53:28.667167+00:00,16.159537600004114,331,317.42176873145183,237.58991351516593,317.0,237.0,317.0,237.0,0.7251805418003962,TRACKING,1.5374999999999994,-0.4000000000000003,49.15029999392573,20.326773202450727,True,True
2026-09-17T06:53:28.717208+00:00,16.20957739998994,332,317.58639511419926,237.8400733245847,317.0,237.0,317.0,237.0,1.0244912984674621,TRACKING,1.5187499999999994,-0.4187500000000003,49.99889999453444,19.984092667901805,True,True
2026-09-17T06:53:28.767707+00:00,16.26007629999367,333,317.5987879290799,238.25559849526826,317.0,238.0,317.0,238.0,0.651058810550308,TRACKING,1.4999999999999993,-0.4312500000000003,50.4532999912044,19.802411536213903,True,True
2026-09-17T06:53:28.813938+00:00,16.306303699995624,334,317.4608143333336,237.84294886832157,317.0,237.0,317.0,237.0,0.9606834256977143,TRACKING,1.4812499999999993,-0.4500000000000003,46.180199991795234,21.632192162175347,True,True
2026-09-17T06:53:28.864202+00:00,16.35657249999349,335,317.174435458312,238.60815481132806,317.0,238.0,317.0,238.0,0.6326768556364268,TRACKING,1.4624999999999992,-0.4625000000000003,50.217700001667254,19.89305493750495,True,True
2026-09-17T06:53:28.910816+00:00,16.403138599998783,336,316.74170518383585,238.5568021455722,316.0,238.0,316.0,238.0,0.9274455288817585,TRACKING,1.4374999999999993,-0.4750000000000003,46.51650000596419,21.474849727297926,True,True
2026-09-17T06:53:28.960950+00:00,16.453317999999854,337,317.16476885458655,238.69401818439442,317.0,238.0,317.0,238.0,0.7133092006359492,TRACKING,1.4187499999999993,-0.4875000000000003,50.01849999825936,19.928496553937816,True,True
2026-09-17T06:53:29.013022+00:00,16.505394399995566,338,316.4458619393355,239.0244589175786,316.0,239.0,316.0,239.0,0.44653231416899547,TRACKING,1.3937499999999994,-0.4937500000000003,52.032399995368905,19.20255624586818,True,True
2026-09-17T06:53:29.061517+00:00,16.553888900001766,339,316.5873086338495,238.55229737380228,316.0,238.0,316.0,238.0,0.8062033369461101,TRACKING,1.3687499999999995,-0.5062500000000003,48.44519999460317,20.6208951504223,True,True
2026-09-17T06:53:29.111854+00:00,16.60422359999211,340,316.5915204083425,239.28121319023774,316.0,239.0,316.0,239.0,0.6549635500158393,TRACKING,1.3437499999999996,-0.5125000000000003,50.29999998805579,19.867010237308083,True,True
2026-09-17T06:53:29.160035+00:00,16.652403699990828,341,316.46099450038713,239.21438341537612,316.0,239.0,316.0,239.0,0.5084055253196108,TRACKING,1.3187499999999996,-0.5187500000000003,48.13679998915177,20.755457129118145,True,True
2026-09-17T06:53:29.209115+00:00,16.70148679999693,342,316.1983123542216,239.35447456806037,316.0,239.0,316.0,239.0,0.4061773125600554,TRACKING,1.2937499999999997,-0.5250000000000002,49.039000004995614,20.373611281188563,True,True
2026-09-17T06:53:29.259582+00:00,16.7519517000037,343,315.8061380074309,239.70363597257693,315.0,239.0,315.0,239.0,1.070029003779304,TRACKING,1.2624999999999997,-0.5312500000000002,50.43059999297839,19.81575312476174,True,True
2026-09-17T06:53:29.308829+00:00,16.80119129999366,344,316.2872164260106,240.26349438646437,316.0,240.0,316.0,240.0,0.3897724555026279,TRACKING,1.2374999999999998,-0.5312500000000002,49.19589999190066,20.308857102898916,True,True
2026-09-17T06:53:29.357380+00:00,16.84974949999014,345,315.64437178885134,240.03514993446657,315.0,240.0,315.0,240.0,0.6453297762853396,TRACKING,1.2062499999999998,-0.5312500000000002,48.49839999224059,20.593844089618912,True,True
2026-09-17T06:53:29.406511+00:00,16.898881300003268,346,315.8805057227204,240.0191733587941,315.0,240.0,315.0,240.0,0.8807144516986175,TRACKING,1.1749999999999998,-0.5312500000000002,49.08090000390075,20.353416722627436,True,True
2026-09-17T06:53:29.455540+00:00,16.947910899994895,347,315.99859548883865,240.21560459256565,315.0,240.0,315.0,240.0,1.021605741303511,TRACKING,1.1437499999999998,-0.5312500000000002,48.98690000118222,20.395842514945535,True,True
2026-09-17T06:53:29.507130+00:00,16.999502199993003,348,316.0016921221892,240.62395265999626,316.0,240.0,316.0,240.0,0.6239549544589861,TRACKING,1.11875,-0.5312500000000002,51.55239999294281,19.383113044964308,True,True
2026-09-17T06:53:29.560274+00:00,17.05264680000255,349,314.89291852472024,241.2431969035808,314.0,241.0,314.0,241.0,0.9254448798820331,TRACKING,1.0812499999999998,-0.5250000000000002,53.11069999879692,18.816587194566953,True,True
2026-09-17T06:53:29.607817+00:00,17.10018300000229,350,315.67546751363193,241.07178953520668,315.0,241.0,315.0,241.0,0.6792717418951646,TRACKING,1.0499999999999998,-0.5187500000000003,47.502300003543496,21.03659947588285,True,True
2026-09-17T06:53:29.656197+00:00,17.148565900002723,351,315.3525998259711,241.10765950481732,315.0,241.0,315.0,241.0,0.36866950816734056,TRACKING,1.0187499999999998,-0.5125000000000003,48.33350000262726,20.66845931085242,True,True
2026-09-17T06:53:29.705298+00:00,17.197667500004172,352,314.9276420807756,241.3482176769595,314.0,241.0,314.0,241.0,0.9908457905107182,TRACKING,0.9812499999999998,-0.5062500000000003,49.0558999881614,20.365935121675783,True,True
2026-09-17T06:53:29.752815+00:00,17.245184500003234,353,315.4039847000464,241.79036330227302,315.0,241.0,315.0,241.0,0.8876248010570132,TRACKING,0.9499999999999998,-0.5000000000000003,47.45740001089871,21.045099648962616,True,True
2026-09-17T06:53:29.801191+00:00,17.29355889999715,354,314.78507978984385,242.4304917677494,314.0,242.0,314.0,242.0,0.8953621828742079,TRACKING,0.9124999999999999,-0.4875000000000003,48.33189999044407,20.672091025950287,True,True
2026-09-17T06:53:29.849638+00:00,17.341988799991668,355,315.07443898283293,242.2645036063875,315.0,242.0,315.0,242.0,0.2747786744949441,TRACKING,0.8812499999999999,-0.4750000000000003,48.381699991296045,20.648401093399336,True,True
2026-09-17T06:53:29.899594+00:00,17.391963200003374,356,314.2756312436288,242.28781474372565,314.0,242.0,314.0,242.0,0.39850960988441847,TRACKING,0.8437499999999999,-0.4625000000000003,49.912200003745966,20.010245240878465,True,True
2026-09-17T06:53:29.951219+00:00,17.443588299996918,357,314.39228063830944,242.49536795564046,314.0,242.0,314.0,242.0,0.6318809307677155,TRACKING,0.8062499999999999,-0.4500000000000003,51.57880000479054,19.370422529449073,True,True
2026-09-17T06:53:29.999561+00:00,17.491933500001323,358,314.42806406949165,242.88164550877372,314.0,242.0,314.0,242.0,0.980070227448329,TRACKING,0.7687499999999999,-0.4375000000000003,48.307900011423044,20.684576750305663,True,True
2026-09-17T06:53:30.048866+00:00,17.541225599998143,359,314.3867089783878,243.44068295199168,314.0,243.0,314.0,243.0,0.5862979602060914,TRACKING,0.73125,-0.4187500000000003,49.25669998920057,20.287226554854236,True,True
2026-09-17T06:53:30.098040+00:00,17.590408999996725,360,314.2719910152743,243.16608402440755,314.0,243.0,314.0,243.0,0.31868952846516735,TRACKING,0.69375,-0.4000000000000003,49.11279999942053,20.332063257701023,True,True
2026-09-17T06:53:30.146061+00:00,17.638430799997877,361,314.0877316798359,243.05103664270172,314.0,243.0,314.0,243.0,0.10149673169658577,TRACKING,0.65625,-0.3812500000000003,47.97359999793116,20.823875822564208,True,True
2026-09-17T06:53:30.194474+00:00,17.686846099997638,362,313.837795932851,243.08832992778255,313.0,243.0,313.0,243.0,0.8424394347629762,TRACKING,0.6125,-0.3625000000000003,48.37319999933243,20.654627772727785,True,True
2026-09-17T06:53:30.243117+00:00,17.735487099998863,363,314.52608978071714,243.2703722282292,314.0,243.0,314.0,243.0,0.5914994498498184,TRACKING,0.5750000000000001,-0.34375000000000033,48.603899995214306,20.55878785335011,True,True
2026-09-17T06:53:30.290973+00:00,17.78334549999272,364,314.1565578343251,243.5892100954659,314.0,243.0,314.0,243.0,0.6096547318667224,TRACKING,0.5375000000000001,-0.32500000000000034,47.81329999968875,20.894973507855873,True,True
2026-09-17T06:53:30.337897+00:00,17.830266199991456,365,313.7331808438031,244.03654816324237,313.0,244.0,313.0,244.0,0.7340912190976087,TRACKING,0.4937500000000001,-0.3000000000000003,46.88670000177808,21.312555013606595,True,True
2026-09-17T06:53:30.387337+00:00,17.87970979999227,366,314.25997321068087,243.60376988172789,314.0,243.0,314.0,243.0,0.6573614989892729,TRACKING,0.45625000000000004,-0.28125000000000033,49.40459999488667,20.225064517623004,True,True
2026-09-17T06:53:30.436606+00:00,17.928977999996278,367,313.74098047901697,244.28195905439938,313.0,244.0,313.0,244.0,0.7928133315238896,TRACKING,0.41250000000000003,-0.2562500000000003,49.2346999963047,20.297067883922207,True,True
2026-09-17T06:53:30.485238+00:00,17.977610300004017,368,314.1802768070664,244.0619221238891,314.0,244.0,314.0,244.0,0.19061499571908147,TRACKING,0.375,-0.23125000000000032,48.59779999242164,20.562465683113178,True,True
2026-09-17T06:53:30.535132+00:00,18.02750240000023,369,313.5819624210645,243.93421115108976,313.0,243.0,313.0,243.0,1.1006501416670378,TRACKING,0.33125,-0.2125000000000003,49.85740000847727,20.043253342230287,True,True
2026-09-17T06:53:30.582862+00:00,18.075234000003547,370,313.9501610527171,244.88914743008297,313.0,244.0,313.0,244.0,1.3013028773208715,TRACKING,0.2875,-0.1875000000000003,47.69099999975879,20.950481440607632,True,True
2026-09-17T06:53:30.631875+00:00,18.124246399995172,371,314.28901736200544,244.9168456798621,314.0,244.0,314.0,244.0,0.961320464893141,TRACKING,0.24999999999999997,-0.1625000000000003,48.978999999235384,20.40300006061477,True,True
2026-09-17T06:53:30.679122+00:00,18.17149100000097,372,313.6026943469067,245.00723875238728,313.0,245.0,313.0,245.0,0.6027378164089144,TRACKING,0.20624999999999996,-0.1312500000000003,47.20960000122432,21.16644018315947,True,True
2026-09-17T06:53:30.727862+00:00,18.220231500003138,373,313.895370741656,244.1501027952128,313.0,244.0,313.0,244.0,0.9078654163169249,TRACKING,0.16249999999999995,-0.10625000000000032,48.697500009438954,20.516818661185606,True,True
2026-09-17T06:53:30.775106+00:00,18.267475599990576,374,314.1712384051744,244.33508280579315,314.0,244.0,314.0,244.0,0.37630184446117043,TRACKING,0.12499999999999994,-0.08125000000000032,47.202999994624406,21.166664202850658,True,True
2026-09-17T06:53:30.824246+00:00,18.316614700001082,375,313.4344997012912,244.55171851359796,313.0,244.0,313.0,244.0,0.7022701109038372,TRACKING,0.08124999999999993,-0.05625000000000032,49.092200002633035,20.35039306349083,True,True
2026-09-17T06:53:30.873863+00:00,18.366234100001748,376,313.6893648724066,244.78947052533883,313.0,244.0,313.0,244.0,1.0480876097382952,TRACKING,0.03749999999999993,-0.03125000000000032,49.5773000002373,20.153407739444475,True,True
2026-09-17T06:53:30.922854+00:00,18.415225999997347,377,313.9400494082249,245.037746667965,313.0,245.0,313.0,245.0,0.9408069413256295,TRACKING,-0.006250000000000075,-3.191891195797325e-16,48.95710000710096,20.411537419243434,True,True
2026-09-17T06:53:30.975108+00:00,18.467470299990964,378,314.19077141121164,244.28592846357932,314.0,244.0,314.0,244.0,0.34372782491458936,TRACKING,-0.04375000000000008,0.024999999999999682,52.20840001129545,19.140844075280313,True,True
2026-09-17T06:53:31.024034+00:00,18.516403000001446,379,313.4457489604169,244.52339767010278,313.0,244.0,313.0,244.0,0.6874861866116007,TRACKING,-0.08750000000000008,0.049999999999999684,48.85390000708867,20.436231799712317,True,True
2026-09-17T06:53:31.072231+00:00,18.564601099991705,380,313.7091974753115,244.739562821351,313.0,244.0,313.0,244.0,1.0246532221746318,TRACKING,-0.1312500000000001,0.07499999999999968,48.15459999372251,20.7477058266219,True,True
2026-09-17T06:53:31.119408+00:00,18.611774699995294,381,313.9853270812899,244.92388570018193,313.0,244.0,313.0,244.0,1.3507161967356007,TRACKING,-0.1750000000000001,0.09999999999999967,47.132799998507835,21.19829735114387,True,True
2026-09-17T06:53:31.166838+00:00,18.659210099998745,382,314.2783399784769,245.06590767855164,314.0,245.0,314.0,245.0,0.286036650991749,TRACKING,-0.2125000000000001,0.13124999999999967,47.38370000268333,21.081302148337528,True,True
2026-09-17T06:53:31.216540+00:00,18.708903199993074,383,313.59242781548994,244.15527585863765,313.0,244.0,313.0,244.0,0.612438820488907,TRACKING,-0.2562500000000001,0.15624999999999967,49.65579998679459,20.123518156728487,True,True
2026-09-17T06:53:31.264141+00:00,18.756510099992738,384,313.931769069795,244.18176894969145,313.0,244.0,313.0,244.0,0.949333213628683,TRACKING,-0.3000000000000001,0.18124999999999966,47.555900004226714,21.005358467093096,True,True
2026-09-17T06:53:31.312021+00:00,18.804392899997765,385,314.30052643629494,244.13532281594223,314.0,244.0,314.0,244.0,0.329588233143531,TRACKING,-0.33750000000000013,0.20624999999999966,47.8447000059532,20.884325893536147,True,True
2026-09-17T06:53:31.360180+00:00,18.85255209999741,386,313.70284422577834,244.00605563169597,313.0,244.0,313.0,244.0,0.7028703126361113,TRACKING,-0.38125000000000014,0.23124999999999965,48.124200009624474,20.764464526141715,True,True
2026-09-17T06:53:31.416676+00:00,18.90904659999069,387,314.14284577486353,243.7842925807517,314.0,243.0,314.0,243.0,0.7971949370251411,TRACKING,-0.4187500000000002,0.24999999999999967,56.460099993273616,17.7008381367919,True,True
2026-09-17T06:53:31.468940+00:00,18.961308500001905,388,313.62463086904506,244.46059003840452,313.0,244.0,313.0,244.0,0.776084342092705,TRACKING,-0.4625000000000002,0.2749999999999997,52.220700003090315,19.134398094699296,True,True
2026-09-17T06:53:31.518604+00:00,19.010974899996654,389,314.15227318046215,244.02575917558897,314.0,244.0,314.0,244.0,0.15443657796998994,TRACKING,-0.5000000000000002,0.2999999999999997,49.61830000684131,20.134336293867335,True,True
2026-09-17T06:53:31.576382+00:00,19.06663459999254,390,313.72981772198614,243.47088892616614,313.0,243.0,313.0,243.0,0.8685449257873394,TRACKING,-0.5437500000000002,0.3187499999999997,55.61029999807943,17.966320337226406,True,True
2026-09-17T06:53:31.655373+00:00,19.147740699991118,391,314.36127831921783,243.7873682599489,314.0,243.0,314.0,243.0,0.8662971780583189,TRACKING,-0.5812500000000002,0.3374999999999997,78.93170000170358,12.329528851930093,True,True
2026-09-17T06:53:31.705398+00:00,19.19776219999767,392,314.05063510197937,243.96690770579158,314.0,243.0,314.0,243.0,0.9682326296255491,TRACKING,-0.6187500000000001,0.3562499999999997,49.96699999901466,19.991403693792428,True,True
2026-09-17T06:53:31.753685+00:00,19.246052899994538,393,313.80183201686134,244.0015600709517,313.0,244.0,313.0,244.0,0.8018335345227827,TRACKING,-0.6625000000000001,0.3812499999999997,48.23729999770876,20.707920988199277,True,True
2026-09-17T06:53:31.805956+00:00,19.29832859999442,394,314.61877436238456,242.88374030493287,314.0,242.0,314.0,242.0,1.0788320713193775,TRACKING,-0.7000000000000001,0.3937499999999997,52.220700003090315,19.129346905010532,True,True
2026-09-17T06:53:31.854649+00:00,19.347017599997343,395,314.5053263483163,243.60624445816023,314.0,243.0,314.0,243.0,0.7892319439510151,TRACKING,-0.7375,0.4124999999999997,48.65100000461098,20.538519993016024,True,True
2026-09-17T06:53:31.903003+00:00,19.39537489999202,396,314.46530868066327,243.162267688104,314.0,243.0,314.0,243.0,0.4927910012400927,TRACKING,-0.775,0.4312499999999997,48.3127999905264,20.67940104410441,True,True
2026-09-17T06:53:31.951944+00:00,19.44431340000301,397,314.50249617385697,242.5454212678402,314.0,242.0,314.0,242.0,0.7416109250498546,TRACKING,-0.8125,0.4437499999999997,48.90059999888763,20.433809777075748,True,True
2026-09-17T06:53:32.002867+00:00,19.495234899994102,398,314.6206153916163,242.74974855454195,314.0,242.0,314.0,242.0,0.973286370678639,TRACKING,-0.85,0.4562499999999997,50.87690000073053,19.638070366641912,True,True
2026-09-17T06:53:32.051594+00:00,19.54396270000143,399,314.82334231796665,242.76973987798385,314.0,242.0,314.0,242.0,1.1271166986223253,TRACKING,-0.8875,0.4687499999999997,48.680300009436905,20.522165988401376,True,True
2026-09-17T06:53:32.099554+00:00,19.591921799990814,400,315.1143000598702,242.6003463118484,315.0,242.0,315.0,242.0,0.6111302625760724,TRACKING,-0.91875,0.48124999999999973,47.9102000099374,20.851100212917814,True,True
2026-09-17T06:53:32.148617+00:00,19.640982500000973,401,314.49705658289986,242.23699229341258,314.0,242.0,314.0,242.0,0.5506637755845579,TRACKING,-0.9562499999999999,0.49374999999999974,49.00680000719149,20.382913407124825,True,True
2026-09-17T06:53:32.198069+00:00,19.690439500001958,402,314.9751224813802,241.6755870600711,314.0,241.0,314.0,241.0,1.1862890581256311,TRACKING,-0.9937499999999999,0.4999999999999997,49.40610000630841,20.219584689328016,True,True
2026-09-17T06:53:32.247268+00:00,19.739639599996735,403,315.5519487843778,241.91253487411296,315.0,241.0,315.0,241.0,1.0664742645973813,TRACKING,-1.025,0.5062499999999998,49.150899998494424,20.325161942885156,True,True
2026-09-17T06:53:32.295228+00:00,19.787594499997795,404,315.2309247989215,241.94474401019306,315.0,241.0,315.0,241.0,0.9725572001443382,TRACKING,-1.05625,0.5124999999999997,47.92080000333954,20.852926394965078,True,True
2026-09-17T06:53:32.344133+00:00,19.836499999990338,405,315.0153759917956,241.76963448303525,315.0,241.0,315.0,241.0,0.7697880608327408,TRACKING,-1.0875,0.5187499999999997,48.857699992368,20.447597921552376,True,True
2026-09-17T06:53:32.392084+00:00,19.884453299993766,406,314.90856191123055,241.3851444960522,314.0,241.0,314.0,241.0,0.9868237073450381,TRACKING,-1.125,0.5249999999999997,47.90720000164583,20.85362216841205,True,True
2026-09-17T06:53:32.441389+00:00,19.933744399997522,407,315.913674149793,240.7897355947627,315.0,240.0,315.0,240.0,1.2076765964591494,TRACKING,-1.15625,0.5249999999999997,49.2484999995213,20.287638131909976,True,True
2026-09-17T06:53:32.489759+00:00,19.98212620000413,408,316.0338343497432,240.98239651212697,316.0,240.0,316.0,240.0,0.9829789775278901,TRACKING,-1.18125,0.5249999999999997,48.307900011423044,20.668929222628975,True,True
2026-09-17T06:53:32.539507+00:00,20.031876099994406,409,315.27209225211067,240.96264569618745,315.0,240.0,315.0,240.0,1.00036040007933,TRACKING,-1.2125,0.5249999999999997,49.69919999712147,20.100542919593536,True,True
2026-09-17T06:53:32.588416+00:00,20.08078599999135,410,315.63142379070524,240.730532513698,315.0,240.0,315.0,240.0,0.9655950274512018,TRACKING,-1.24375,0.5249999999999997,48.86669998813886,20.445758426463886,True,True
2026-09-17T06:53:32.636548+00:00,20.12891810000292,411,316.1147292322544,240.28663712673261,316.0,240.0,316.0,240.0,0.30874526580209694,TRACKING,-1.2687499999999998,0.5249999999999997,48.09179999574553,20.77615561672133,True,True
2026-09-17T06:53:32.687570+00:00,20.17994249999174,412,315.72483136383266,239.63206904258243,315.0,239.0,315.0,239.0,0.9617129408438821,TRACKING,-1.2999999999999998,0.5187499999999997,50.982200002181344,19.59846662026662,True,True
2026-09-17T06:53:32.736151+00:00,20.228522199991858,413,316.4644737287107,239.76846434056534,316.0,239.0,316.0,239.0,0.897927217196883,TRACKING,-1.3249999999999997,0.5124999999999997,48.545500001637265,20.584729835663076,True,True
2026-09-17T06:53:32.786580+00:00,20.278948799998034,414,316.33631891172956,239.69798158267992,316.0,239.0,316.0,239.0,0.7747830019736606,TRACKING,-1.3499999999999996,0.5062499999999998,50.38559999957215,19.830803581393983,True,True
2026-09-17T06:53:32.835277+00:00,20.327642999996897,415,316.342946875273,239.42329641832407,316.0,239.0,316.0,239.0,0.5447865793368184,TRACKING,-1.3749999999999996,0.4999999999999998,48.64919999090489,20.53632670879384,True,True
2026-09-17T06:53:32.882339+00:00,20.374710399992182,416,316.48685334687343,238.94759489656545,316.0,238.0,316.0,238.0,1.0653460796186112,TRACKING,-1.3999999999999995,0.48749999999999977,47.00569999113213,21.24612789531977,True,True
2026-09-17T06:53:32.930317+00:00,20.42268879999756,417,316.77044825946507,239.27456550267812,316.0,239.0,316.0,239.0,0.8179099802384378,TRACKING,-1.4249999999999994,0.4812499999999998,47.94060000858735,20.8427125516468,True,True
2026-09-17T06:53:32.984100+00:00,20.47646999999415,418,317.19605424525326,238.40838993884975,317.0,238.0,317.0,238.0,0.45301170982164585,TRACKING,-1.4437499999999994,0.4687499999999998,53.74629999278113,18.593858077978158,True,True
2026-09-17T06:53:33.031823+00:00,20.524194700003136,419,316.76590518414554,238.3537326721046,316.0,238.0,316.0,238.0,0.8436453961323264,TRACKING,-1.4687499999999993,0.45624999999999977,47.68419999163598,20.953510442427923,True,True
2026-09-17T06:53:33.080356+00:00,20.572727599996142,420,317.482144807649,238.11572927556483,317.0,238.0,317.0,238.0,0.49583957160116954,TRACKING,-1.4874999999999994,0.44374999999999976,48.49770000146236,20.60457957682532,True,True
2026-09-17T06:53:33.129031+00:00,20.62139980000211,421,317.34682535910747,237.69997359219184,317.0,237.0,317.0,237.0,0.7811855474123749,TRACKING,-1.5062499999999994,0.42499999999999977,48.635300001478754,20.545609195339452,True,True
2026-09-17T06:53:33.179469+00:00,20.67183959999238,422,317.36190631111754,238.11250375309294,317.0,238.0,317.0,238.0,0.3789898052543099,TRACKING,-1.5249999999999995,0.41249999999999976,50.39740000211168,19.825613903957997,True,True
2026-09-17T06:53:33.227770+00:00,20.72014219999255,423,317.52925314092084,237.3597870853377,317.0,237.0,317.0,237.0,0.6399653380850997,TRACKING,-1.5437499999999995,0.39374999999999977,48.26409999805037,20.70281930986074,True,True
2026-09-17T06:53:33.276859+00:00,20.769230799996876,424,317.8506361645419,237.44870394700834,317.0,237.0,317.0,237.0,0.9617261130319067,TRACKING,-1.5624999999999996,0.3749999999999998,49.053399998229,20.371328575512447,True,True
2026-09-17T06:53:33.325232+00:00,20.817603599993163,425,318.32772943039856,237.38653052988812,318.0,237.0,318.0,237.0,0.5067666426324418,TRACKING,-1.5749999999999995,0.3562499999999998,48.338199994759634,20.672774784109368,True,True
2026-09-17T06:53:33.379021+00:00,20.871380999989924,426,317.9621096730748,237.18092067277033,317.0,237.0,317.0,237.0,0.9789725802389724,TRACKING,-1.5937499999999996,0.3374999999999998,53.74070000834763,18.59517195067492,True,True
2026-09-17T06:53:33.429944+00:00,20.922305999993114,427,318.75525532791517,236.83988673084863,318.0,236.0,318.0,236.0,1.129522169326414,TRACKING,-1.6062499999999995,0.3124999999999998,50.85470000631176,19.636720666418523,True,True
2026-09-17T06:53:33.479297+00:00,20.971669399994425,428,318.7085456070491,237.371779549001,318.0,237.0,318.0,237.0,0.800160552841692,TRACKING,-1.6187499999999995,0.2937499999999998,49.31820000638254,20.25792388639008,True,True
2026-09-17T06:53:33.529229+00:00,21.021597400002065,429,318.82325963742875,236.78526758902674,318.0,236.0,318.0,236.0,1.137717722897552,TRACKING,-1.6312499999999994,0.26874999999999977,49.8924999992596,20.028841528741125,True,True
2026-09-17T06:53:33.576928+00:00,21.069297299996833,430,319.10057566141666,237.08931526300668,319.0,237.0,319.0,237.0,0.1345090326905617,TRACKING,-1.6374999999999995,0.24999999999999978,47.65180000686087,20.964404539835126,True,True
2026-09-17T06:53:33.626249+00:00,21.118608899996616,431,318.5415703004219,236.29316052694068,318.0,236.0,318.0,236.0,0.6158258559488915,TRACKING,-1.6499999999999995,0.22499999999999978,49.27109999698587,20.279204081887592,True,True
2026-09-17T06:53:33.675382+00:00,21.16773980000289,432,319.1472178820472,236.40629179066994,319.0,236.0,319.0,236.0,0.4321413240599023,TRACKING,-1.6562499999999996,0.1999999999999998,49.06960000516847,20.353789567711303,True,True
2026-09-17T06:53:33.725047+00:00,21.21741589999874,433,318.91838983116605,236.43842420179303,318.0,236.0,318.0,236.0,1.0176716870912068,TRACKING,-1.6687499999999995,0.1749999999999998,49.56260000471957,20.130404763730407,True,True
2026-09-17T06:53:33.774060+00:00,21.266428399991128,434,319.8558541253101,236.39947536285663,319.0,236.0,319.0,236.0,0.944492905923457,TRACKING,-1.6749999999999996,0.1499999999999998,48.96970000118017,20.40295843214158,True,True
2026-09-17T06:53:33.823897+00:00,21.316268700000364,435,319.96027481470855,236.29954054251456,319.0,236.0,319.0,236.0,1.0059086719844244,TRACKING,-1.6812499999999997,0.1249999999999998,49.791400000685826,20.06408468277026,True,True
2026-09-17T06:53:33.873542+00:00,21.365913100002217,436,320.23221160727803,236.14886744261221,320.0,236.0,320.0,236.0,0.27583282260193015,TRACKING,-1.6812499999999997,0.09999999999999981,49.6090000087861,20.143258856239154,True,True
2026-09-17T06:53:33.921407+00:00,21.41377859999193,437,319.6721195188238,235.95783058427097,319.0,235.0,319.0,235.0,1.17012139359505,TRACKING,-1.6874999999999998,0.06874999999999981,47.83080000197515,20.891874110057188,True,True
2026-09-17T06:53:33.971451+00:00,21.46382239999366,438,320.28034858866937,236.73690537698678,320.0,236.0,320.0,236.0,0.7884319030841791,TRACKING,-1.6874999999999998,0.04374999999999981,50.0090999994427,19.982495333396095,True,True
2026-09-17T06:53:34.021072+00:00,21.513441100003547,439,320.05714366089336,236.4966419355626,320.0,236.0,320.0,236.0,0.4999186035142662,TRACKING,-1.6874999999999998,0.01874999999999981,49.58360000455286,20.15369205160027,True,True
2026-09-17T06:53:34.070923+00:00,21.56328639999265,440,320.00264423131,236.2476387103157,320.0,236.0,320.0,236.0,0.24765282717151244,TRACKING,-1.6874999999999998,-0.006250000000000193,49.79960000491701,20.062072055312075,True,True
2026-09-17T06:53:34.118496+00:00,21.61086489999434,441,320.11688436028874,236.00051599647054,320.0,236.0,320.0,236.0,0.1168854992394897,TRACKING,-1.6874999999999998,-0.031250000000000194,47.51479999686126,21.017896738326193,True,True
2026-09-17T06:53:34.167538+00:00,21.659892900002887,442,320.3997926514677,235.76588938895324,320.0,235.0,320.0,235.0,0.8639564342481257,TRACKING,-1.6874999999999998,-0.0625000000000002,48.98249999678228,20.396508114254246,True,True
2026-09-17T06:53:34.219825+00:00,21.712195500003872,443,320.8511922963739,236.55434324893173,320.0,236.0,320.0,236.0,1.0157877549185297,TRACKING,-1.6874999999999998,-0.08750000000000019,52.22019999928307,19.11950839883998,True,True
2026-09-17T06:53:34.269318+00:00,21.76169069999014,444,321.4708011849229,236.37640424842525,321.0,236.0,321.0,236.0,0.6027718589627192,TRACKING,-1.6812499999999997,-0.11250000000000018,49.45409999345429,20.203979381383334,True,True
2026-09-17T06:53:34.318304+00:00,21.810676099994453,445,321.2582320817286,236.24251505910672,321.0,236.0,321.0,236.0,0.35425606830005396,TRACKING,-1.6749999999999996,-0.13750000000000018,48.95070000202395,20.41424587554589,True,True
2026-09-17T06:53:34.368025+00:00,21.860397299999022,446,321.21299286811245,236.16300825106103,321.0,236.0,321.0,236.0,0.26821195309072926,TRACKING,-1.6687499999999995,-0.16250000000000017,49.687000006088056,20.112145320468986,True,True
2026-09-17T06:53:34.416507+00:00,21.90887849999126,447,321.3344868496618,236.1480804667425,321.0,236.0,321.0,236.0,0.36579950413765233,TRACKING,-1.6624999999999994,-0.18750000000000017,48.444899992318824,20.626552151351287,True,True
2026-09-17T06:53:34.465298+00:00,21.957669600000372,448,321.6220131291443,236.20776693467795,321.0,236.0,321.0,236.0,0.6557952668122597,TRACKING,-1.6562499999999993,-0.21250000000000016,48.753100010799244,20.495541191185502,True,True
2026-09-17T06:53:34.514271+00:00,22.006640899999184,449,322.07476704454615,236.35191638662195,322.0,236.0,322.0,236.0,0.35977111351971647,TRACKING,-1.6437499999999994,-0.23750000000000016,48.937500003376044,20.42012362392402,True,True
2026-09-17T06:53:34.564124+00:00,22.05649000000267,450,321.6918406719593,236.59016644085673,321.0,236.0,321.0,236.0,0.9093623828214018,TRACKING,-1.6374999999999993,-0.2625000000000002,49.710099992807955,20.060542716520384,True,True
2026-09-17T06:53:34.615246+00:00,22.10761459999776,451,322.4722233930048,236.93191951316467,322.0,236.0,322.0,236.0,1.0447338952661847,TRACKING,-1.6249999999999993,-0.2875000000000002,51.07519999728538,19.56005523947394,True,True
2026-09-17T06:53:34.665004+00:00,22.15737519999675,452,322.4148025264359,237.3863193156871,322.0,237.0,322.0,237.0,0.5668366163283304,TRACKING,-1.6124999999999994,-0.3062500000000002,49.716699999407865,20.096220705142134,True,True
2026-09-17T06:53:34.713006+00:00,22.20537749999494,453,322.5183640235278,236.96222800240483,322.0,236.0,322.0,236.0,1.092970260116857,TRACKING,-1.5999999999999994,-0.3312500000000002,47.967599995899945,20.832335118061845,True,True
2026-09-17T06:53:34.762332+00:00,22.254701800004113,454,322.78159322681876,237.6682040183688,322.0,237.0,322.0,237.0,1.0282920705583523,TRACKING,-1.5874999999999995,-0.3500000000000002,49.28359999030363,20.273982597096808,True,True
2026-09-17T06:53:34.811934+00:00,22.304306199992425,455,323.20307569172786,237.5124807080448,323.0,237.0,323.0,237.0,0.551249682710874,TRACKING,-1.5687499999999994,-0.3687500000000002,49.56290000700392,20.159501984413428,True,True
2026-09-17T06:53:34.860282+00:00,22.35265430000436,456,322.78129807053745,237.5029457362392,322.0,237.0,322.0,237.0,0.9291830221365104,TRACKING,-1.5562499999999995,-0.3875000000000002,48.3129999920493,20.683336051533253,True,True
2026-09-17T06:53:34.909129+00:00,22.401500499996473,457,323.51464905818546,237.6471213730463,323.0,237.0,323.0,237.0,0.8268190397810811,TRACKING,-1.5374999999999994,-0.40625000000000017,48.80869999760762,20.472421604167156,True,True
2026-09-17T06:53:34.957557+00:00,22.449929199996404,458,323.401420399279,237.95214569208943,323.0,237.0,323.0,237.0,1.0333052578603172,TRACKING,-1.5187499999999994,-0.42500000000000016,48.395200006780215,20.64891273152943,True,True
2026-09-17T06:53:35.007557+00:00,22.49992740000016,459,323.43980795569826,238.42475472905485,323.0,238.0,323.0,238.0,0.6114307955524828,TRACKING,-1.4999999999999993,-0.43750000000000017,49.96170000231359,20.000720024418342,True,True
2026-09-17T06:53:35.055452+00:00,22.54782140000316,460,323.62791283412423,238.07126564511051,323.0,238.0,323.0,238.0,0.6319440793542908,TRACKING,-1.4812499999999993,-0.4500000000000002,47.8537999879336,20.8794421000001,True,True
2026-09-17T06:53:35.104315+00:00,22.596687600002042,461,323.9637425727854,237.89756093729252,323.0,237.0,323.0,237.0,1.3169720508623068,TRACKING,-1.4624999999999992,-0.46875000000000017,48.82599999837112,20.46404263116116,True,True
2026-09-17T06:53:35.152183+00:00,22.644554600003175,462,324.44521238668096,238.90907373532707,324.0,238.0,324.0,238.0,1.0122396581421178,TRACKING,-1.4374999999999993,-0.4812500000000002,47.83260000112932,20.8912194199829,True,True
2026-09-17T06:53:35.201813+00:00,22.694185500004096,463,324.070146470504,239.11077422163495,324.0,239.0,324.0,239.0,0.13111619084995796,TRACKING,-1.4124999999999994,-0.48750000000000016,49.5972999924561,20.14873798342268,True,True
2026-09-17T06:53:35.251770+00:00,22.744135200002347,464,323.8362793584488,238.50715720846412,323.0,238.0,323.0,238.0,0.9780447839770138,TRACKING,-1.3937499999999994,-0.5000000000000001,49.893899995367974,20.020140261803615,True,True
2026-09-17T06:53:35.301999+00:00,22.79436810000334,465,324.7412573400529,239.10223090319994,324.0,239.0,324.0,239.0,0.7482737478699981,TRACKING,-1.3687499999999995,-0.5062500000000001,50.1842000085162,19.907271926969127,True,True
2026-09-17T06:53:35.352346+00:00,22.844719000000623,466,324.7826399311911,238.899506889934,324.0,238.0,324.0,238.0,1.1923245811999232,TRACKING,-1.3437499999999996,-0.51875,50.30550000083167,19.860618182672948,True,True
2026-09-17T06:53:35.401493+00:00,22.893865299993195,467,324.95790139929625,239.90199135233297,324.0,239.0,324.0,239.0,1.3157368621640004,TRACKING,-1.3187499999999996,-0.525,49.109300001873635,20.34741171056924,True,True
2026-09-17T06:53:35.450232+00:00,22.94260409999697,468,325.26443234186127,240.1121775597448,325.0,240.0,325.0,240.0,0.28724252528574185,TRACKING,-1.2874999999999996,-0.525,48.7044000037713,20.517534283210466,True,True
2026-09-17T06:53:35.498739+00:00,22.99111119999725,469,324.69954131723085,239.53203963532388,324.0,239.0,324.0,239.0,0.8788766853595833,TRACKING,-1.2624999999999997,-0.53125,48.47259999951348,20.6155387560635,True,True
2026-09-17T06:53:35.546197+00:00,23.03856879999512,470,325.26045652666403,240.16302762175133,325.0,240.0,325.0,240.0,0.30727122829152664,TRACKING,-1.2312499999999997,-0.53125,47.423299998627044,21.071440613197648,True,True
2026-09-17T06:53:35.592927+00:00,23.08529699999781,471,324.9443275466198,240.00606385688323,324.0,240.0,324.0,240.0,0.9443470154901867,TRACKING,-1.2062499999999998,-0.53125,46.6935000004014,21.400353532608495,True,True
2026-09-17T06:53:35.639659+00:00,23.13201069999195,472,325.7482271101769,240.06154066838664,325.0,240.0,325.0,240.0,0.7507536628409939,TRACKING,-1.1749999999999998,-0.53125,46.63649998838082,21.406996237193344,True,True
2026-09-17T06:53:35.688781+00:00,23.181148699994083,473,325.66915293648185,240.32931939312462,325.0,240.0,325.0,240.0,0.7457995140051059,TRACKING,-1.1437499999999998,-0.53125,49.038700002711266,20.350848629505375,True,True
2026-09-17T06:53:35.735046+00:00,23.22741859999951,474,325.7040296070762,240.80873072374175,325.0,240.0,325.0,240.0,1.072242076754941,TRACKING,-1.1124999999999998,-0.53125,46.21820000465959,21.612322479251215,True,True
2026-09-17T06:53:35.783967+00:00,23.276331000000937,475,325.84971048793284,241.49857638158403,325.0,241.0,325.0,241.0,0.9851833948948224,TRACKING,-1.0812499999999998,-0.525,48.87560001225211,20.44471340541094,True,True
2026-09-17T06:53:35.832778+00:00,23.325150000004214,476,326.102979696001,241.39713211177164,326.0,241.0,326.0,241.0,0.41026665961135667,TRACKING,-1.0437499999999997,-0.51875,48.775899995234795,20.48382801640484,True,True
2026-09-17T06:53:35.879794+00:00,23.372164200001862,477,325.4605541090266,241.5021519929378,325.0,241.0,325.0,241.0,0.681371199385971,TRACKING,-1.0124999999999997,-0.5125000000000001,46.97619999933522,21.27016943923399,True,True
2026-09-17T06:53:35.949464+00:00,23.441834400000516,478,325.91908541739815,241.81087405086288,325.0,241.0,325.0,241.0,1.2256568568880553,TRACKING,-0.9812499999999997,-0.5062500000000001,69.58550000854302,14.353339017532797,True,True
2026-09-17T06:53:36.005863+00:00,23.498234600003343,479,326.4751622167307,242.32002716197132,326.0,242.0,326.0,242.0,0.5728843832815443,TRACKING,-0.9437499999999998,-0.4937500000000001,56.35919999622274,17.730433579134125,True,True
2026-09-17T06:53:36.060988+00:00,23.553354999996372,480,326.12531213988257,242.025839229437,326.0,242.0,326.0,242.0,0.12794841999745754,TRACKING,-0.9062499999999998,-0.48125000000000007,55.085500003769994,18.142103470338768,True,True
2026-09-17T06:53:36.122896+00:00,23.615267599991057,481,325.86600402707256,241.92404661146116,325.0,241.0,325.0,241.0,1.2664221709440961,TRACKING,-0.8749999999999998,-0.4750000000000001,61.85249998816289,16.151801088725943,True,True
2026-09-17T06:53:36.170351+00:00,23.662719100000686,482,326.69365013273864,243.009904778156,326.0,243.0,326.0,243.0,0.693720845353988,TRACKING,-0.8374999999999998,-0.4562500000000001,47.416000001248904,21.074149390368653,True,True
2026-09-17T06:53:36.218524+00:00,23.710893399998895,483,326.6046083677628,242.2782001703987,326.0,242.0,326.0,242.0,0.6655423451431673,TRACKING,-0.7999999999999998,-0.4437500000000001,48.12760000640992,20.757956006359823,True,True
2026-09-17T06:53:36.266453+00:00,23.758820999995805,484,326.595184575658,242.72326323101402,326.0,242.0,326.0,242.0,0.9366719705628035,TRACKING,-0.7624999999999998,-0.4312500000000001,47.87159999250434,20.86480441466844,True,True
2026-09-17T06:53:36.315778+00:00,23.808141100002103,485,326.6616348412957,243.3389825757145,326.0,243.0,326.0,243.0,0.7434176819624748,TRACKING,-0.7249999999999999,-0.4125000000000001,49.275200013653375,20.275709089647027,True,True
2026-09-17T06:53:36.364431+00:00,23.856801200003247,486,326.8001678307321,243.11882026837907,326.0,243.0,326.0,243.0,0.8089417862344607,TRACKING,-0.6874999999999999,-0.3937500000000001,48.60890000418294,20.550718144362722,True,True
2026-09-17T06:53:36.415584+00:00,23.907956600000034,487,327.0069471606664,243.05582816248733,327.0,243.0,327.0,243.0,0.05625874836891339,TRACKING,-0.6437499999999999,-0.3750000000000001,51.10599999898113,19.548278384350482,True,True
2026-09-17T06:53:36.464277+00:00,23.95664589999069,488,326.2780937960567,243.14266526786815,326.0,243.0,326.0,243.0,0.3125532563597866,TRACKING,-0.60625,-0.3562500000000001,48.65389999758918,20.538393449729483,True,True
2026-09-17T06:53:36.511749+00:00,24.00411759999406,489,326.60968847439045,243.37161609935185,326.0,243.0,326.0,243.0,0.7140157989162738,TRACKING,-0.56875,-0.33750000000000013,47.42859999532811,21.06518199114413,True,True
2026-09-17T06:53:36.560283+00:00,24.052653999999166,490,326.9977741550956,243.73460996146446,326.0,243.0,326.0,243.0,1.239033922077832,TRACKING,-0.53125,-0.31875000000000014,48.49190000095405,20.6030937583921,True,True
2026-09-17T06:53:36.606768+00:00,24.09913869999582,491,327.4383584925638,244.22324112096456,327.0,244.0,327.0,244.0,0.4919296353060203,TRACKING,-0.4875,-0.2937500000000001,46.448399996734224,21.512454637159795,True,True
2026-09-17T06:53:36.655501+00:00,24.14787190000061,492,326.92741633123376,243.82878981679715,326.0,243.0,326.0,243.0,1.2437819792333962,TRACKING,-0.44999999999999996,-0.27500000000000013,48.693100005039014,20.5198919812717,True,True
2026-09-17T06:53:36.707143+00:00,24.199511099999654,493,327.46089222118417,244.54224405495611,327.0,244.0,327.0,244.0,0.7116531842711905,TRACKING,-0.40624999999999994,-0.2500000000000001,51.60069999692496,19.3651334648581,True,True
2026-09-17T06:53:36.751163+00:00,24.243531899992377,494,327.0347029526577,244.3543221337756,327.0,244.0,327.0,244.0,0.35601751278057253,TRACKING,-0.36249999999999993,-0.22500000000000012,43.9773999969475,22.716534005863604,True,True
2026-09-17T06:53:36.798028+00:00,24.290400999991107,495,326.6447401079335,244.25549584335027,326.0,244.0,326.0,244.0,0.6935185165137053,TRACKING,-0.32499999999999996,-0.20000000000000012,46.826099991449155,21.33601882748104,True,True
2026-09-17T06:53:36.847385+00:00,24.339754599990556,496,327.2868726289565,244.23601428109865,327.0,244.0,327.0,244.0,0.37148169016374116,TRACKING,-0.28124999999999994,-0.17500000000000013,49.31909999868367,20.261946443849283,True,True
2026-09-17T06:53:36.894592+00:00,24.386964599994826,497,326.9569493991112,244.28592822394,326.0,244.0,326.0,244.0,0.9987527730648542,TRACKING,-0.24374999999999994,-0.15000000000000013,47.16780000308063,21.181952974148498,True,True
2026-09-17T06:53:36.942412+00:00,24.434784400000353,498,327.6508018375367,244.39511499617169,327.0,244.0,327.0,244.0,0.7613533292373947,TRACKING,-0.19999999999999993,-0.12500000000000014,47.78620001161471,20.91183986307797,True,True
2026-09-17T06:53:36.989502+00:00,24.481868699993356,499,327.3642465043533,244.5533037708862,327.0,244.0,327.0,244.0,0.6624353393429971,TRACKING,-0.15624999999999992,-0.10000000000000014,47.04900000069756,21.238502009132777,True,True
2026-09-17T06:53:37.037698+00:00,24.530066699997406,500,327.09308771517584,244.75010124168932,327.0,244.0,327.0,244.0,0.7558552741765587,TRACKING,-0.1124999999999999,-0.07500000000000015,48.15550000057556,20.747748867504548,True,True
2026-09-17T06:53:37.084627+00:00,24.576995600000373,501,326.83312016328165,244.9750176005545,326.0,244.0,326.0,244.0,1.2824774960433076,TRACKING,-0.0749999999999999,-0.05000000000000015,46.88059999898542,21.308831017491666,True,True
2026-09-17T06:53:37.132010+00:00,24.62438110000221,502,327.58013154778786,245.2174927568782,327.0,245.0,327.0,245.0,0.6195609026021649,TRACKING,-0.031249999999999896,-0.01875000000000015,47.33929999929387,21.103502125359494,True,True
2026-09-17T06:53:37.178535+00:00,24.67090699999244,503,327.3299052062037,244.4669227322079,327.0,244.0,327.0,244.0,0.5717117131324181,TRACKING,0.012500000000000108,0.006249999999999853,46.49009999411646,21.49340475326675,True,True
2026-09-17T06:53:37.227583+00:00,24.71995519999473,504,327.0782227497074,244.7126861646657,327.0,244.0,327.0,244.0,0.7169660855840432,TRACKING,0.05625000000000011,0.031249999999999854,49.01350000000093,20.38810802339992,True,True
2026-09-17T06:53:37.276627+00:00,24.768997899998794,505,326.8208666995009,244.94417085682096,326.0,244.0,326.0,244.0,1.2511118036448898,TRACKING,0.09375000000000011,0.056249999999999856,49.00959999940824,20.390394491271987,True,True
2026-09-17T06:53:37.325707+00:00,24.818078099997365,506,327.5536231225992,245.15080030065857,327.0,245.0,327.0,245.0,0.5737937717989163,TRACKING,0.13750000000000012,0.08749999999999986,49.04250000254251,20.37481509914637,True,True
2026-09-17T06:53:37.378182+00:00,24.870553100001416,507,327.27228426539796,244.32206011333884,327.0,244.0,327.0,244.0,0.42173621825393265,TRACKING,0.18125000000000013,0.11249999999999985,52.433300006669015,19.056693662178112,True,True
2026-09-17T06:53:37.428567+00:00,24.920939299991005,508,326.97265118338487,244.4475243176802,326.0,244.0,326.0,244.0,1.070667240301635,TRACKING,0.21875000000000014,0.13749999999999984,50.345499999821186,19.846704061957944,True,True
2026-09-17T06:53:37.477783+00:00,24.970155699993484,509,327.6505363653425,244.51688140167207,327.0,244.0,327.0,244.0,0.8308814271768734,TRACKING,0.2625000000000001,0.16249999999999984,49.181700000190176,20.318430440861956,True,True
2026-09-17T06:53:37.526682+00:00,25.019050799994147,510,327.3017663504062,244.51996009188431,327.0,244.0,327.0,244.0,0.6011833558822234,TRACKING,0.30625000000000013,0.18749999999999983,48.86090000218246,20.45194712734869,True,True
2026-09-17T06:53:37.574380+00:00,25.066749999998137,511,326.9221843363431,244.4467547763551,326.0,244.0,326.0,244.0,1.0247018007169955,TRACKING,0.3437500000000001,0.21249999999999983,47.65999999654014,20.964712194677297,True,True
2026-09-17T06:53:37.621823+00:00,25.11418560000311,512,327.5076527774155,244.28745051340812,327.0,244.0,327.0,244.0,0.5833859272182204,TRACKING,0.3875000000000001,0.23749999999999982,47.39490000065416,21.08121326377543,True,True
2026-09-17T06:53:37.670525+00:00,25.16289359999064,513,327.05405597021394,244.03244756389634,327.0,244.0,327.0,244.0,0.06304674708957804,TRACKING,0.43125000000000013,0.26249999999999984,48.65109999082051,20.53050834064347,True,True
2026-09-17T06:53:37.717927+00:00,25.210295800003223,514,326.55730262583756,243.67238538555037,326.0,243.0,326.0,243.0,0.8733202868748471,TRACKING,0.4687500000000001,0.28124999999999983,47.357400006148964,21.09606726553878,True,True
2026-09-17T06:53:37.770355+00:00,25.262727099994663,515,327.013328426816,244.1981660294588,327.0,244.0,327.0,244.0,0.19861375126827527,TRACKING,0.5125000000000001,0.30624999999999986,52.38540000573266,19.07257687990305,True,True
2026-09-17T06:53:37.819305+00:00,25.311676199999056,516,326.41809856717714,243.60097688020338,326.0,243.0,326.0,243.0,0.7321062917463285,TRACKING,0.55,0.32499999999999984,48.915200008195825,20.429384808101894,True,True
2026-09-17T06:53:37.870744+00:00,25.3631091999996,517,326.7676102740671,243.8723126828066,326.0,243.0,326.0,243.0,1.1619616815707254,TRACKING,0.5875,0.34374999999999983,51.39649999910034,19.442770205693687,True,True
2026-09-17T06:53:37.920094+00:00,25.41245849999541,518,327.05789530935476,244.00399680144082,327.0,244.0,327.0,244.0,0.05803310492331936,TRACKING,0.63125,0.36874999999999986,49.24320000282023,20.26371194900212,True,True
2026-09-17T06:53:37.969853+00:00,25.462225299997954,519,326.2850224496505,242.9882016567589,326.0,242.0,326.0,242.0,1.028484473011524,TRACKING,0.66875,0.38124999999999987,49.66150000109337,20.09371709551102,True,True
2026-09-17T06:53:38.020173+00:00,25.512545099991257,520,326.44509994319304,243.81746829076624,326.0,243.0,326.0,243.0,0.9307891092179434,TRACKING,0.7062499999999999,0.39999999999999986,50.28729999321513,19.872892979166785,True,True
2026-09-17T06:53:38.069492+00:00,25.561864399991464,521,326.5342779420689,243.4847250103318,326.0,243.0,326.0,243.0,0.7213953527869131,TRACKING,0.7437499999999999,0.41874999999999984,49.28029999427963,20.276037980989422,True,True
2026-09-17T06:53:38.117834+00:00,25.610206400000607,522,326.54875090823975,242.98330506273695,326.0,242.0,326.0,242.0,1.126062345386819,TRACKING,0.7812499999999999,0.43124999999999986,48.30730000685435,20.685945964396854,True,True
2026-09-17T06:53:38.166950+00:00,25.65931930000079,523,326.4847599918811,243.30696329908594,326.0,243.0,326.0,243.0,0.5737758418705788,TRACKING,0.8187499999999999,0.44999999999999984,49.075000002630986,20.361249284735674,True,True
2026-09-17T06:53:38.215375+00:00,25.707746300002327,524,326.3385953805413,242.44989178392578,326.0,242.0,326.0,242.0,0.5630714421526033,TRACKING,0.8562499999999998,0.46249999999999986,48.39020001236349,20.649637598204095,True,True
2026-09-17T06:53:38.266448+00:00,25.758817399997497,525,326.1065986176525,242.40673431205974,326.0,242.0,326.0,242.0,0.4204712426458314,TRACKING,0.8937499999999998,0.47499999999999987,51.035199998295866,19.580545555012094,True,True
2026-09-17T06:53:38.317211+00:00,25.809583700000076,526,325.785164888949,242.17259979627173,325.0,242.0,325.0,242.0,0.8039120552096066,TRACKING,0.9249999999999998,0.4874999999999999,50.72240000299644,19.698106813953462,True,True
2026-09-17T06:53:38.366850+00:00,25.859222899991437,527,326.37074527535594,241.7430744924959,326.0,241.0,326.0,241.0,0.8304286607510633,TRACKING,0.9624999999999998,0.49374999999999986,49.59919999237172,20.145368986084204,True,True
2026-09-17T06:53:38.413327+00:00,25.905699099996127,528,325.85984897095057,242.11423303187937,325.0,242.0,325.0,242.0,0.8674038496669811,TRACKING,0.9937499999999998,0.5062499999999999,46.4434000023175,21.516389031355427,True,True
2026-09-17T06:53:38.461761+00:00,25.95412709999073,529,326.24904546460107,241.282648232159,326.0,241.0,326.0,241.0,0.37671430365858466,TRACKING,1.0312499999999998,0.5124999999999998,48.39150000771042,20.64921120243418,True,True
2026-09-17T06:53:38.509027+00:00,26.001396299994667,530,325.5349666839245,241.24539966383296,325.0,241.0,325.0,241.0,0.5885663496314564,TRACKING,1.0624999999999998,0.5187499999999998,47.22520000359509,21.15542467223211,True,True
2026-09-17T06:53:38.557520+00:00,26.049889499990968,531,325.71430910022355,241.00008094971352,325.0,241.0,325.0,241.0,0.7143091048103942,TRACKING,1.0937499999999998,0.5249999999999998,48.44790000061039,20.62144795716264,True,True
2026-09-17T06:53:38.604712+00:00,26.097083400003612,532,325.78383579308263,240.54480577961627,325.0,240.0,325.0,240.0,0.9545741919938788,TRACKING,1.1249999999999998,0.5249999999999998,47.148499987088144,21.189179104335174,True,True
2026-09-17T06:53:38.652659+00:00,26.14503079999122,533,325.740378473339,240.87821262515368,325.0,240.0,325.0,240.0,1.1486590872678775,TRACKING,1.1562499999999998,0.5249999999999998,47.909899993101135,20.85618824500358,True,True
2026-09-17T06:53:38.700867+00:00,26.19323799999256,534,325.5808394631598,240.99946814284678,325.0,240.0,325.0,240.0,1.1559892086561023,TRACKING,1.1874999999999998,0.5249999999999998,48.17289998754859,20.743789308902777,True,True
2026-09-17T06:53:38.749806+00:00,26.242172099999152,535,325.3021936319898,240.90826925705008,325.0,240.0,325.0,240.0,0.9572220403425103,TRACKING,1.2187499999999998,0.5249999999999998,48.89540000294801,20.435647122667362,True,True
2026-09-17T06:53:38.798519+00:00,26.290890899996157,536,324.9014902871611,240.60484391748255,324.0,240.0,324.0,240.0,1.0855970257703538,TRACKING,1.2437499999999997,0.5249999999999998,48.67010000452865,20.52595712664273,True,True
2026-09-17T06:53:38.846862+00:00,26.339234200000647,537,325.37585501797736,240.08995052947225,325.0,240.0,325.0,240.0,0.38646874684907917,TRACKING,1.2749999999999997,0.5249999999999998,48.30890000448562,20.68538970047821,True,True
2026-09-17T06:53:38.895716+00:00,26.388089000000036,538,324.72249149212865,239.36487605833796,324.0,239.0,324.0,239.0,0.8094000828678807,TRACKING,1.2999999999999996,0.5187499999999998,48.82190001080744,20.46881780321463,True,True
2026-09-17T06:53:38.943553+00:00,26.435924799996428,539,324.9386832033077,239.43143281264597,324.0,239.0,324.0,239.0,1.033082972466185,TRACKING,1.3249999999999995,0.5124999999999998,47.802300003240816,20.904845326626237,True,True
2026-09-17T06:53:38.995740+00:00,26.488107400000445,540,325.02179516893773,239.2919539143828,325.0,239.0,325.0,239.0,0.2927663189515765,TRACKING,1.3562499999999995,0.5062499999999999,52.14840000553522,19.16347594644635,True,True
2026-09-17T06:53:39.044698+00:00,26.53706790000433,541,323.9692755769519,238.9492874673647,323.0,238.0,323.0,238.0,1.35670256127535,TRACKING,1.3749999999999996,0.49374999999999986,48.91440000210423,20.424628014840973,True,True
2026-09-17T06:53:39.093468+00:00,26.585831999997026,542,324.7786573805908,239.4067894384623,324.0,239.0,324.0,239.0,0.8785129273909461,TRACKING,1.3999999999999995,0.4874999999999999,48.721700004534796,20.506889292528673,True,True
2026-09-17T06:53:39.143296+00:00,26.635667399998056,543,324.4475598402281,238.6683152694303,324.0,238.0,324.0,238.0,0.8043351975008411,TRACKING,1.4249999999999994,0.47499999999999987,49.784200004069135,20.06605746074763,True,True
2026-09-17T06:53:39.192955+00:00,26.685326399994665,544,323.97369001125423,238.73821024031147,323.0,238.0,323.0,238.0,1.2218946750505937,TRACKING,1.4437499999999994,0.46249999999999986,49.624100007349625,20.137336637231613,True,True
2026-09-17T06:53:39.242408+00:00,26.734780200000387,545,324.3548441770927,238.62129860849942,324.0,238.0,324.0,238.0,0.7154902871038058,TRACKING,1.4687499999999993,0.44999999999999984,49.41990000952501,20.22089303318044,True,True
2026-09-17T06:53:39.289977+00:00,26.782349599990994,546,323.5889092264516,238.32287155060723,323.0,238.0,323.0,238.0,0.6716100916390126,TRACKING,1.4874999999999994,0.43749999999999983,47.5356999959331,21.021917455285493,True,True
2026-09-17T06:53:39.338883+00:00,26.831255500001134,547,323.6738639739482,237.84867393728197,323.0,237.0,323.0,237.0,1.0836697408375526,TRACKING,1.5062499999999994,0.41874999999999984,48.87219998636283,20.44743067385838,True,True
2026-09-17T06:53:39.387377+00:00,26.87974979999126,548,323.607780423285,238.2048899740199,323.0,238.0,323.0,238.0,0.6413867354275357,TRACKING,1.5249999999999995,0.40624999999999983,48.45980000391137,20.62098020187181,True,True
2026-09-17T06:53:39.435759+00:00,26.9281309999933,549,323.38882497218424,237.398127743873,323.0,237.0,323.0,237.0,0.5564984810720355,TRACKING,1.5437499999999995,0.38749999999999984,48.34730000584386,20.669185550540707,True,True
2026-09-17T06:53:39.484329+00:00,26.976700699990033,550,323.0152595583295,237.43540269068333,323.0,237.0,323.0,237.0,0.4356700094965189,TRACKING,1.5624999999999996,0.36874999999999986,48.534399989875965,20.58896802054083,True,True
2026-09-17T06:53:39.530727+00:00,27.02309729999979,551,322.48544274559896,237.32412008412612,322.0,237.0,322.0,237.0,0.5837023969357846,TRACKING,1.5749999999999995,0.34999999999999987,46.362400011275895,21.553303470290977,True,True
2026-09-17T06:53:39.579440+00:00,27.0718091000017,552,322.79783074990837,237.0720565103933,322.0,237.0,322.0,237.0,0.8010780524951455,TRACKING,1.5874999999999995,0.3312499999999999,48.66910001146607,20.528906752794427,True,True
2026-09-17T06:53:39.632105+00:00,27.124477099991054,553,322.9509784040266,236.6873404347772,322.0,236.0,322.0,236.0,1.1733698471516698,TRACKING,1.5999999999999994,0.30624999999999986,52.62439999205526,18.98686109596246,True,True
2026-09-17T06:53:39.683540+00:00,27.175904899995658,554,322.94354006075775,237.17843188474083,322.0,237.0,322.0,237.0,0.9602633929016107,TRACKING,1.6124999999999994,0.28749999999999987,51.387900006375276,19.444736113745662,True,True
2026-09-17T06:53:39.731495+00:00,27.223858800003654,555,322.77427043392674,236.55410130425528,322.0,236.0,322.0,236.0,0.9521149931759901,TRACKING,1.6249999999999993,0.26249999999999984,47.903399987262674,20.853361245555455,True,True
2026-09-17T06:53:39.780785+00:00,27.273151899993536,556,322.44202537664364,236.8234076322564,322.0,236.0,322.0,236.0,0.9345515301228868,TRACKING,1.6374999999999993,0.23749999999999985,49.24219999520574,20.28681499449755,True,True
2026-09-17T06:53:39.828626+00:00,27.32099300000118,557,321.9457625963569,236.9956756600167,321.0,236.0,321.0,236.0,1.3732577720942942,TRACKING,1.6437499999999994,0.21249999999999986,47.78740000620019,20.90252941174436,True,True
2026-09-17T06:53:39.878845+00:00,27.371215099992696,558,322.2845423062528,237.08047272402254,322.0,237.0,322.0,237.0,0.295702863292285,TRACKING,1.6562499999999993,0.19374999999999987,50.15379999531433,19.91155288546166,True,True
2026-09-17T06:53:39.928344+00:00,27.420716299995547,559,321.45752781259193,236.08758479261562,321.0,236.0,321.0,236.0,0.46583558815603626,TRACKING,1.6624999999999994,0.16874999999999987,49.45999999472406,20.201530466784767,True,True
2026-09-17T06:53:39.977818+00:00,27.47019019999425,560,321.4639860376151,236.0269920061689,321.0,236.0,321.0,236.0,0.46477049336072407,TRACKING,1.6687499999999995,0.14374999999999988,49.43489999277517,20.212677796297317,True,True
2026-09-17T06:53:40.026493+00:00,27.518865499994718,561,321.3032879776934,235.90884373193208,321.0,235.0,321.0,235.0,0.9581130029832514,TRACKING,1.6749999999999996,0.11249999999999988,48.64069999894127,20.544300702622884,True,True
2026-09-17T06:53:40.074690+00:00,27.567061900001136,562,320.9749090964346,236.74343319590085,320.0,236.0,320.0,236.0,1.2260263712817436,TRACKING,1.6749999999999996,0.08749999999999988,48.16190000565257,20.748437639882525,True,True
2026-09-17T06:53:40.123716+00:00,27.6160882999975,563,321.4784296525018,236.54117175511146,321.0,236.0,321.0,236.0,0.7223308112793035,TRACKING,1.6812499999999997,0.06249999999999988,48.98680000042077,20.397173769115295,True,True
2026-09-17T06:53:40.172817+00:00,27.665189499995904,564,320.81353496193793,236.31256287467045,320.0,236.0,320.0,236.0,0.8715128713436237,TRACKING,1.6812499999999997,0.03749999999999988,49.06730000220705,20.36610103281603,True,True
2026-09-17T06:53:40.221017+00:00,27.71338869999454,565,320.9800155948323,236.06817587456223,320.0,236.0,320.0,236.0,0.9823840979916411,TRACKING,1.6812499999999997,0.01249999999999988,48.1625999964308,20.747232319796236,True,True
2026-09-17T06:53:40.271203+00:00,27.7635711000039,566,320.97776750620886,235.81861951185246,320.0,235.0,320.0,235.0,1.2752126102667982,TRACKING,1.6812499999999997,-0.01875000000000012,50.14790000859648,19.927305186946818,True,True
2026-09-17T06:53:40.321607+00:00,27.813975500001106,567,320.8067921010498,236.5745154643221,320.0,236.0,320.0,236.0,0.9904451085555227,TRACKING,1.6812499999999997,-0.04375000000000012,50.359800006845035,19.839537819226933,True,True
2026-09-17T06:53:40.370460+00:00,27.862828600002103,568,320.4671962334176,236.34647178180325,320.0,236.0,320.0,236.0,0.5816485331413789,TRACKING,1.6812499999999997,-0.06875000000000012,48.75420000462327,20.469530080580157,True,True
2026-09-17T06:53:40.418570+00:00,27.910938799992437,569,319.9591921396756,236.14505637157967,319.0,236.0,319.0,236.0,0.9700984031279287,TRACKING,1.6749999999999996,-0.09375000000000011,48.06669999379665,20.78561303426162,True,True
2026-09-17T06:53:40.466843+00:00,27.959213299996918,570,320.28309730584596,235.98077058412233,320.0,235.0,320.0,235.0,1.0208109635269824,TRACKING,1.6749999999999996,-0.1250000000000001,48.228999992716126,20.714870167628163,True,True
2026-09-17T06:53:40.513812+00:00,28.006184400001075,571,319.4393342691919,236.8640229651812,319.0,236.0,319.0,236.0,0.9693040206492791,TRACKING,1.6687499999999995,-0.1500000000000001,46.927599993068725,21.289686635218203,True,True
2026-09-17T06:53:40.559596+00:00,28.051968200001284,572,319.42843035414563,236.8051032398432,319.0,236.0,319.0,236.0,0.9119998876970081,TRACKING,1.6624999999999994,-0.1750000000000001,45.750700010103174,21.84178683279779,True,True
2026-09-17T06:53:40.608491+00:00,28.10086350000347,573,319.251017342748,236.81415659357714,319.0,236.0,319.0,236.0,0.8519745684146935,TRACKING,1.6562499999999993,-0.2000000000000001,48.860999988391995,20.451863470625618,True,True
2026-09-17T06:53:40.658993+00:00,28.151356799993664,574,318.9078310798044,236.9011583145538,318.0,236.0,318.0,236.0,1.2791573700480645,TRACKING,1.6437499999999994,-0.2250000000000001,50.459599995519966,19.80460774388296,True,True
2026-09-17T06:53:40.708103+00:00,28.200474700002815,575,319.3997110130066,237.07588886062103,319.0,237.0,319.0,237.0,0.40685134027690883,TRACKING,1.6374999999999993,-0.24375000000000008,49.070699998992495,20.35917658966896,True,True
2026-09-17T06:53:40.762953+00:00,28.255323399993358,576,318.72759966830506,236.34790941325122,318.0,236.0,318.0,236.0,0.8064999920312708,TRACKING,1.6249999999999993,-0.2687500000000001,54.81459999282379,18.231972684355508,True,True
2026-09-17T06:53:40.817193+00:00,28.309564499999397,577,318.8925420608605,236.7265379795689,318.0,236.0,318.0,236.0,1.1508643561085348,TRACKING,1.6124999999999994,-0.2937500000000001,54.20420000154991,18.43620427846552,True,True
2026-09-17T06:53:40.866500+00:00,28.358871499993256,578,318.8956850419439,237.22082610218447,318.0,237.0,318.0,237.0,0.9225052096156807,TRACKING,1.5999999999999994,-0.3125000000000001,49.271399999270216,20.28109599295293,True,True
2026-09-17T06:53:40.916969+00:00,28.40934109999216,579,318.7382765821916,236.83953623505198,318.0,236.0,318.0,236.0,1.1179773708701564,TRACKING,1.5874999999999995,-0.33750000000000013,50.43439999280963,19.8139077785774,True,True
2026-09-17T06:53:40.967185+00:00,28.459553900000174,580,318.42166499166456,237.59111984189778,318.0,237.0,318.0,237.0,0.7261019437246575,TRACKING,1.5749999999999995,-0.3562500000000001,50.17650000809226,19.91524073225232,True,True
2026-09-17T06:53:41.019592+00:00,28.51196329999948,581,317.9472980771974,237.48369627196172,317.0,237.0,317.0,237.0,1.0636426705296915,TRACKING,1.5562499999999995,-0.3750000000000001,52.363700000569224,19.08054661975236,True,True
2026-09-17T06:53:41.071859+00:00,28.564228899995214,582,318.31672223756766,237.52503246585388,318.0,237.0,318.0,237.0,0.6131656105575998,TRACKING,1.5437499999999995,-0.3937500000000001,52.231099994969554,19.133043533061908,True,True
2026-09-17T06:53:41.120703+00:00,28.61307150000357,583,317.53158149704643,237.72252354224736,317.0,237.0,317.0,237.0,0.897005661689934,TRACKING,1.5249999999999995,-0.4125000000000001,48.80150000099093,20.47393054073518,True,True
2026-09-17T06:53:41.171292+00:00,28.663661600003252,584,317.59361647793605,238.08317431393266,317.0,238.0,317.0,238.0,0.5994151227449741,TRACKING,1.5062499999999994,-0.4250000000000001,50.54520000703633,19.76671325034549,True,True
2026-09-17T06:53:41.222419+00:00,28.714789899997413,585,317.5046633127389,237.61358177943424,317.0,237.0,317.0,237.0,0.7944606090161359,TRACKING,1.4874999999999994,-0.4437500000000001,51.08210000616964,19.55863973795718,True,True
2026-09-17T06:53:41.274607+00:00,28.766979399995762,586,317.2666524966329,238.31991863394904,317.0,238.0,317.0,238.0,0.416475072853564,TRACKING,1.4687499999999993,-0.4562500000000001,52.1528999961447,19.16094233575028,True,True
2026-09-17T06:53:41.325110+00:00,28.81748030000017,587,316.8816076809768,238.20791784082428,316.0,238.0,316.0,238.0,0.9057935370106812,TRACKING,1.4437499999999994,-0.4687500000000001,50.46720000973437,19.801627296002806,True,True
2026-09-17T06:53:41.376065+00:00,28.86843269999372,588,317.35164440859205,238.28285830213412,317.0,238.0,317.0,238.0,0.45128993915247906,TRACKING,1.4249999999999994,-0.4812500000000001,50.91530000208877,19.626160889901648,True,True
2026-09-17T06:53:41.424769+00:00,28.91713919999893,589,316.678968791619,238.54955166417352,316.0,238.0,316.0,238.0,0.8735019471005598,TRACKING,1.3999999999999995,-0.49375000000000013,48.66149999725167,20.531140605320367,True,True
2026-09-17T06:53:41.472612+00:00,28.964981400000397,590,316.86587613276754,239.012330290849,316.0,239.0,316.0,239.0,0.8659639215168784,TRACKING,1.3749999999999996,-0.5000000000000001,47.79870000493247,20.902048818183474,True,True
2026-09-17T06:53:41.525967+00:00,29.01832370000193,591,316.91474949082743,238.67503643502403,316.0,238.0,316.0,238.0,1.1368556722728673,TRACKING,1.3499999999999996,-0.5125000000000001,53.30030000186525,18.746848185610347,True,True
2026-09-17T06:53:41.578767+00:00,29.071131299991976,592,316.8280581913355,239.54101263488923,316.0,239.0,316.0,239.0,0.9891284240924578,TRACKING,1.3249999999999997,-0.51875,52.7245999983279,18.936668210418283,True,True
2026-09-17T06:53:41.629356+00:00,29.121723399992334,593,316.60835628332626,239.61309335935678,316.0,239.0,316.0,239.0,0.863701820508631,TRACKING,1.2999999999999998,-0.525,50.52610000711866,19.765931835067533,True,True
2026-09-17T06:53:41.678610+00:00,29.170981599992956,594,316.2582809431351,239.8935979233645,316.0,239.0,316.0,239.0,0.9301754104619723,TRACKING,1.275,-0.53125,49.21929999545682,20.301188431314305,True,True
2026-09-17T06:53:41.724810+00:00,29.21718009999313,595,315.7805508262488,240.38432469079632,315.0,240.0,315.0,240.0,0.8700373901812574,TRACKING,1.24375,-0.53125,46.16359999636188,21.64572442820114,True,True
2026-09-17T06:53:41.775775+00:00,29.268147199996747,596,316.17796436823346,240.0865465795093,316.0,240.0,316.0,240.0,0.19789296800415865,TRACKING,1.21875,-0.53125,50.926500000059605,19.6205002821235,True,True
2026-09-17T06:53:41.826120+00:00,29.318491500001983,597,315.4533980358051,240.00100787970183,315.0,240.0,315.0,240.0,0.45339915603517683,TRACKING,1.1875,-0.53125,50.31059999600984,19.863221852245477,True,True
2026-09-17T06:53:41.878191+00:00,29.37055639999744,598,315.60980452913,240.12792239357577,315.0,240.0,315.0,240.0,0.6230776055400998,TRACKING,1.15625,-0.53125,52.029600003152154,19.206797671507083,True,True
2026-09-17T06:53:41.929896+00:00,29.422264499997254,599,315.65021093648414,240.46697290094218,315.0,240.0,315.0,240.0,0.8005235487716416,TRACKING,1.125,-0.53125,51.65389999456238,19.33932981493405,True,True
2026-09-17T06:53:41.981129+00:00,29.47348729999794,600,315.5777168424215,241.01731195210675,315.0,241.0,315.0,241.0,0.5779761705323514,TRACKING,1.09375,-0.525,51.17769999196753,19.52255636135833,True,True
2026-09-17T06:53:42.031343+00:00,29.52371339999081,601,315.39549239063354,240.77756398605263,315.0,240.0,315.0,240.0,0.87236459319202,TRACKING,1.0625,-0.525,50.1702000037767,19.90996713147088,True,True
2026-09-17T06:53:42.083116+00:00,29.575487599999178,602,315.106776302714,241.74582876862655,315.0,241.0,315.0,241.0,0.7534332956090247,TRACKING,1.03125,-0.51875,51.73310000100173,19.31463933461822,True,True
2026-09-17T06:53:42.128593+00:00,29.620963800000027,603,314.71487385406283,241.91968614213465,314.0,241.0,314.0,241.0,1.1648464393460463,TRACKING,0.99375,-0.5125000000000001,45.44180000084452,21.98952419026522,True,True
2026-09-17T06:53:42.177464+00:00,29.669836300003226,604,315.22315480819657,242.29620207447624,315.0,242.0,315.0,242.0,0.37085541299174263,TRACKING,0.9625,-0.5000000000000001,48.836799993296154,20.461404674091607,True,True
2026-09-17T06:53:42.228111+00:00,29.720482699995046,605,314.6350513107559,241.87193599269597,314.0,241.0,314.0,241.0,1.078685562456217,TRACKING,0.925,-0.49375000000000013,50.61279999790713,19.74474000445282,True,True
2026-09-17T06:53:42.278725+00:00,29.77109239999845,606,314.95405574452536,242.6429493826249,314.0,242.0,314.0,242.0,1.1504808874029908,TRACKING,0.8875000000000001,-0.4812500000000001,50.575200002640486,19.75905804485504,True,True
2026-09-17T06:53:42.328996+00:00,29.821366199990734,607,315.1837185468099,242.60481563311401,315.0,242.0,315.0,242.0,0.6321031992491877,TRACKING,0.8562500000000001,-0.4687500000000001,50.22520000056829,19.891076468329466,True,True
2026-09-17T06:53:42.377289+00:00,29.869657899995218,608,314.3276459905255,242.7526311002573,314.0,242.0,314.0,242.0,0.8208565454340803,TRACKING,0.8187500000000001,-0.4562500000000001,48.25029999483377,20.707492175822274,True,True
2026-09-17T06:53:42.424749+00:00,29.91711199999554,609,314.38949793039643,243.08102736394756,314.0,243.0,314.0,243.0,0.39783673974557987,TRACKING,0.7812500000000001,-0.4375000000000001,47.41079999075737,21.072994746359065,True,True
2026-09-17T06:53:42.471461+00:00,29.963832900000853,610,314.3729855156656,242.58418464613078,314.0,242.0,314.0,242.0,0.6931016488735917,TRACKING,0.7437500000000001,-0.4250000000000001,46.66900000302121,21.40369727223384,True,True
2026-09-17T06:53:42.518807+00:00,30.0111665000004,611,314.2818688707455,243.2558463572209,314.0,243.0,314.0,243.0,0.38066707080930084,TRACKING,0.7062500000000002,-0.4062500000000001,47.299600002588704,21.12664154024985,True,True
2026-09-17T06:53:42.566665+00:00,30.059036699996796,612,314.1199547452652,243.08933473431455,314.0,243.0,314.0,243.0,0.14956548955788854,TRACKING,0.6687500000000002,-0.3875000000000001,47.81699999875855,20.88982289765423,True,True
2026-09-17T06:53:42.614155+00:00,30.106520499990438,613,313.8910941349742,243.0775675321213,313.0,243.0,313.0,243.0,0.8944637943621858,TRACKING,0.6250000000000002,-0.36875000000000013,47.449899997445755,21.05981408678087,True,True
2026-09-17T06:53:42.662824+00:00,30.15518790000351,614,314.5991798749957,243.21307572488806,314.0,243.0,314.0,243.0,0.6359385089270934,TRACKING,0.5875000000000002,-0.35000000000000014,48.502499994356185,20.54763557805376,True,True
2026-09-17T06:53:42.710590+00:00,30.202960099995835,615,314.24814420693195,243.48802217507387,314.0,243.0,314.0,243.0,0.5474862471311176,TRACKING,0.5500000000000003,-0.33125000000000016,47.72649999358691,20.932676329762792,True,True
2026-09-17T06:53:42.757284+00:00,30.249653499995475,616,313.8419563213395,243.89422122211283,313.0,243.0,313.0,243.0,1.2282190525800158,TRACKING,0.5062500000000003,-0.31250000000000017,46.6483999916818,21.4163029466201,True,True
2026-09-17T06:53:42.804184+00:00,30.296555900000385,617,314.384619877117,244.4231591423013,314.0,244.0,314.0,244.0,0.5718357365421325,TRACKING,0.46875000000000033,-0.28750000000000014,46.85379999864381,21.320870571555144,True,True
2026-09-17T06:53:42.851383+00:00,30.343754899993655,618,313.88017049934655,244.06601542867415,313.0,244.0,313.0,244.0,0.8826427050301741,TRACKING,0.4250000000000003,-0.2625000000000001,47.164000003249384,21.186889555765635,True,True
2026-09-17T06:53:42.897412+00:00,30.3897799999977,619,314.33267325716037,243.8136848376783,314.0,243.0,314.0,243.0,0.8790645659433897,TRACKING,0.3875000000000003,-0.24375000000000013,45.988400001078844,21.72727489809098,True,True
2026-09-17T06:53:42.946720+00:00,30.439082800003234,620,313.74622012320503,244.65680014753949,313.0,244.0,313.0,244.0,0.994098036455171,TRACKING,0.3437500000000003,-0.21875000000000014,49.25540000840556,20.282823691306405,True,True
2026-09-17T06:53:42.995165+00:00,30.487534300002153,621,314.12492741629,244.5857555714394,314.0,244.0,314.0,244.0,0.5989294188910625,TRACKING,0.30625000000000024,-0.19375000000000014,48.402700005681254,20.63919589738845,True,True
2026-09-17T06:53:43.043321+00:00,30.535690299991984,622,313.4729332288252,244.5907307669784,313.0,244.0,313.0,244.0,0.7567223255474216,TRACKING,0.26250000000000023,-0.16875000000000015,48.110599993378855,20.76584434361596,True,True
2026-09-17T06:53:43.093562+00:00,30.585930300003383,623,313.7943948406461,244.66171538191838,313.0,244.0,313.0,244.0,1.0338909079358904,TRACKING,0.21875000000000022,-0.14375000000000016,50.195100004202686,19.90445859420982,True,True
2026-09-17T06:53:43.144591+00:00,30.63696039999195,624,314.0934861208494,244.78853407484988,314.0,244.0,314.0,244.0,0.7940564476098767,TRACKING,0.18125000000000022,-0.11875000000000016,50.98329999600537,19.596277495518688,True,True
2026-09-17T06:53:43.193144+00:00,30.685515999997733,625,313.3743949192615,244.96087194824582,313.0,244.0,313.0,244.0,1.0312354030455573,TRACKING,0.1375000000000002,-0.09375000000000017,48.51259999850299,20.594946821393975,True,True
2026-09-17T06:53:43.256618+00:00,30.748987300001318,626,313.6413204491665,245.1683003303349,313.0,245.0,313.0,245.0,0.6630361375596278,TRACKING,0.0937500000000002,-0.06250000000000017,63.43600001127925,15.755152327800534,True,True
2026-09-17T06:53:43.310229+00:00,30.802600499999244,627,313.8984706629378,244.40030284134792,313.0,244.0,313.0,244.0,0.9836116596254618,TRACKING,0.05000000000000019,-0.037500000000000165,53.570600008242764,18.652122985359615,True,True
2026-09-17T06:53:43.357393+00:00,30.849755699993693,628,314.15005962220255,244.64630167899168,314.0,244.0,314.0,244.0,0.6634935949073144,TRACKING,0.012500000000000185,-0.012500000000000164,47.11949999909848,21.20656894929312,True,True
2026-09-17T06:53:43.401939+00:00,30.89430309999443,629,313.40030486419084,244.8956840574455,313.0,244.0,313.0,244.0,0.9810677423383519,TRACKING,-0.03124999999999982,0.012499999999999838,44.49410000233911,22.44799920945855,True,True
2026-09-17T06:53:43.448415+00:00,30.940782599995146,630,313.653424765913,245.1378287337985,313.0,245.0,313.0,245.0,0.667802878526981,TRACKING,-0.07499999999999982,0.04374999999999984,46.438000004854985,21.51486139017484,True,True
2026-09-17T06:53:43.495178+00:00,30.987538899993524,631,313.91363590780895,244.36213255562666,313.0,244.0,313.0,244.0,0.9827871386432485,TRACKING,-0.11874999999999983,0.06874999999999984,46.717399993212894,21.387492167572763,True,True
2026-09-17T06:53:43.541312+00:00,31.03367910000088,632,314.18515043852597,244.55803696335002,314.0,244.0,314.0,244.0,0.5879506249263358,TRACKING,-0.15624999999999983,0.09374999999999983,46.08490000828169,21.673074668955433,True,True
2026-09-17T06:53:43.589392+00:00,31.081748500000685,633,313.47217344246064,244.71505438113397,313.0,244.0,313.0,244.0,0.8568841973942664,TRACKING,-0.19999999999999984,0.11874999999999983,48.022600007243454,20.803255293473192,True,True
2026-09-17T06:53:43.640967+00:00,31.133336899991264,634,313.77890031171876,244.822794430367,313.0,244.0,313.0,244.0,1.1329944263934086,TRACKING,-0.24374999999999986,0.14374999999999982,51.529299991670996,19.38420265374841,True,True
2026-09-17T06:53:43.687781+00:00,31.180148100000224,635,314.10951412413203,244.87098990019527,314.0,244.0,314.0,244.0,0.8778477941115825,TRACKING,-0.2812499999999999,0.16874999999999982,46.76669999025762,21.362408992048557,True,True
2026-09-17T06:53:43.742048+00:00,31.234419899992645,636,313.46818302896884,244.8495224102043,313.0,244.0,313.0,244.0,0.9699915845272763,TRACKING,-0.3249999999999999,0.1937499999999998,54.22609999368433,18.425775451333,True,True
2026-09-17T06:53:43.788229+00:00,31.28059919999214,637,313.8590576419795,244.74844770109846,313.0,244.0,313.0,244.0,1.1393656101194973,TRACKING,-0.3687499999999999,0.2187499999999998,46.14500000025146,21.654724086570283,True,True
2026-09-17T06:53:43.834701+00:00,31.327069199993275,638,314.28626845139456,244.55802049017151,314.0,244.0,314.0,244.0,0.6271654436551002,TRACKING,-0.4062499999999999,0.2437499999999998,46.428899993770756,21.519259736938874,True,True
2026-09-17T06:53:43.881702+00:00,31.374071899990668,639,313.7539232365046,244.26871882943797,313.0,244.0,313.0,244.0,0.8003811940794653,TRACKING,-0.4499999999999999,0.2687499999999998,46.95689999789465,21.27537354355124,True,True
2026-09-17T06:53:43.929792+00:00,31.422159099995042,640,314.26610450043233,243.8712679055437,314.0,243.0,314.0,243.0,0.9109991044896005,TRACKING,-0.48749999999999993,0.2874999999999998,48.0429000017466,20.79555474032648,True,True
2026-09-17T06:53:43.977578+00:00,31.469947599995066,641,313.8268669186989,244.3566632219706,313.0,244.0,313.0,244.0,0.9005096085800822,TRACKING,-0.5312499999999999,0.31249999999999983,47.74100000213366,20.925536478430864,True,True
2026-09-17T06:53:44.024702+00:00,31.51707049999095,642,314.4402348051884,243.71619310558523,314.0,243.0,314.0,243.0,0.8406778504201902,TRACKING,-0.5687499999999999,0.3312499999999998,47.08319999917876,21.221104815012396,True,True
2026-09-17T06:53:44.074427+00:00,31.566799599997466,643,314.1101995970771,243.94146048128854,314.0,243.0,314.0,243.0,0.947888067771724,TRACKING,-0.6062499999999998,0.3499999999999998,49.68670000380371,20.10895029005086,True,True
2026-09-17T06:53:44.120769+00:00,31.613138000000617,644,313.8407173603175,244.02440386032848,313.0,244.0,313.0,244.0,0.841071476355118,TRACKING,-0.6499999999999998,0.37499999999999983,46.30390000238549,21.580373943252237,True,True
2026-09-17T06:53:44.169116+00:00,31.661486400000285,645,314.63570631722905,242.95731748982232,314.0,242.0,314.0,242.0,1.1491646087852787,TRACKING,-0.6874999999999998,0.38749999999999984,48.29289999906905,20.683207717460537,True,True
2026-09-17T06:53:44.214932+00:00,31.707303899995168,646,314.49904439773,243.73287061312917,314.0,243.0,314.0,243.0,0.8866479834150837,TRACKING,-0.7249999999999998,0.40624999999999983,45.77680000511464,21.825721615358667,True,True
2026-09-17T06:53:44.261714+00:00,31.754085399996256,647,314.4345668157648,243.34412579292004,314.0,243.0,314.0,243.0,0.5543201951190416,TRACKING,-0.7624999999999997,0.4249999999999998,46.747600004891865,21.375971270197144,True,True
2026-09-17T06:53:44.309284+00:00,31.801648699998623,648,314.4460636724141,242.78455625116132,314.0,242.0,314.0,242.0,0.9024972637542137,TRACKING,-0.7999999999999997,0.43749999999999983,47.52839999855496,21.024613513996073,True,True
2026-09-17T06:53:44.358076+00:00,31.85044769999513,649,314.5372775872074,243.04806218265927,314.0,243.0,314.0,243.0,0.5394230057361357,TRACKING,-0.8374999999999997,0.4562499999999998,48.75000000174623,20.49222320276209,True,True
2026-09-17T06:53:44.404343+00:00,31.89671339999768,650,314.7119013591104,242.12898600139565,314.0,242.0,314.0,242.0,0.7234921794043744,TRACKING,-0.8749999999999997,0.46874999999999983,46.231800006353296,21.614284447114827,True,True
2026-09-17T06:53:44.450741+00:00,31.943112799999653,651,314.97357565863985,242.02212648154833,314.0,242.0,314.0,242.0,0.9738270607668061,TRACKING,-0.9124999999999996,0.48124999999999984,46.35740000230726,21.55200282670594,True,True
2026-09-17T06:53:44.497550+00:00,31.989921999993385,652,315.32588675256955,241.72275175784497,315.0,241.0,315.0,241.0,0.792825503480006,TRACKING,-0.9437499999999996,0.4874999999999998,46.77400000218768,21.363321743031648,True,True
2026-09-17T06:53:44.543704+00:00,32.0360670999944,653,314.7723642626247,242.22661115276358,314.0,242.0,314.0,242.0,0.8049218401414168,TRACKING,-0.9812499999999996,0.49999999999999983,46.11090000253171,21.670773277727204,True,True
2026-09-17T06:53:44.589427+00:00,32.08179879999079,654,315.31647895958594,241.5299458010119,315.0,241.0,315.0,241.0,0.6172531764768381,TRACKING,-1.0124999999999997,0.5062499999999999,45.668999999179505,21.86667016705761,True,True
2026-09-17T06:53:44.641003+00:00,32.13337270000193,655,314.96164059417237,241.6294980447324,314.0,241.0,314.0,241.0,1.149356524618056,TRACKING,-1.0499999999999998,0.5124999999999998,51.533300007577054,19.389652513850827,True,True
2026-09-17T06:53:44.692307+00:00,32.184679199999664,656,315.7111957660534,241.52251957595197,315.0,241.0,315.0,241.0,0.8825112604977254,TRACKING,-1.0812499999999998,0.5187499999999998,51.25820000830572,19.490707805914024,True,True
2026-09-17T06:53:44.738208+00:00,32.2305755999987,657,315.5684258323387,241.2067783059189,315.0,241.0,315.0,241.0,0.6048679150596497,TRACKING,-1.1124999999999998,0.5249999999999998,45.86179999751039,21.788201253714313,True,True
2026-09-17T06:53:44.783723+00:00,32.276095199995325,658,315.5365448568317,240.68056394416342,315.0,240.0,315.0,240.0,0.8666300626494774,TRACKING,-1.1437499999999998,0.5249999999999998,45.472700003301725,21.968558600562726,True,True
2026-09-17T06:53:44.829507+00:00,32.32187449999037,659,315.61869760134664,240.94269227333277,315.0,240.0,315.0,240.0,1.127588330958327,TRACKING,-1.1749999999999998,0.5249999999999998,45.74489999504294,21.84393383271898,True,True
2026-09-17T06:53:44.875104+00:00,32.36746909999056,660,315.8179575603367,240.99250810911772,315.0,240.0,315.0,240.0,1.2861286549861237,TRACKING,-1.2062499999999998,0.5249999999999998,45.545300003141165,21.932421821792996,True,True
2026-09-17T06:53:44.922342+00:00,32.414714300000924,661,316.13732504005543,240.82988693787243,316.0,240.0,316.0,240.0,0.8411720967064378,TRACKING,-1.2312499999999997,0.5249999999999998,47.19400001340546,21.166171373612464,True,True
2026-09-17T06:53:44.969174+00:00,32.46154609999212,662,315.579725283468,240.45523522783358,315.0,240.0,315.0,240.0,0.7371027858804745,TRACKING,-1.2624999999999997,0.5249999999999998,46.79769999347627,21.353012273455032,True,True
2026-09-17T06:53:45.018071+00:00,32.5104399999982,663,316.14800664206547,239.86948941316146,316.0,239.0,316.0,239.0,0.8819964884824407,TRACKING,-1.2874999999999996,0.5187499999999998,48.85849999845959,20.452449075972385,True,True
2026-09-17T06:53:45.066501+00:00,32.55887029999576,664,315.8449387957394,240.07411355334202,315.0,240.0,315.0,240.0,0.8481829916559842,TRACKING,-1.3187499999999996,0.5187499999999998,48.390800002380274,20.648230550922236,True,True
2026-09-17T06:53:45.113164+00:00,32.605533699999796,665,316.673211021824,239.07109567380135,316.0,239.0,316.0,239.0,0.676954706563568,TRACKING,-1.3437499999999996,0.5124999999999998,46.622499998193234,21.43007153172535,True,True
2026-09-17T06:53:45.161815+00:00,32.6541850999929,666,316.63543051438126,238.86294279687635,316.0,238.0,316.0,238.0,1.0716539596752352,TRACKING,-1.3687499999999995,0.49999999999999983,48.610800004098564,20.5543930933483,True,True
2026-09-17T06:53:45.209628+00:00,32.70199750000029,667,316.73412075479393,239.45267467556593,316.0,239.0,316.0,239.0,0.8624660251383452,TRACKING,-1.3937499999999994,0.49374999999999986,47.771500001545064,20.915076420457606,True,True
2026-09-17T06:53:45.258511+00:00,32.750873600001796,668,316.9717199346683,238.84381624571964,316.0,238.0,316.0,238.0,1.2869597849086403,TRACKING,-1.4187499999999993,0.48124999999999984,48.830900006578304,20.4598975771217,True,True
2026-09-17T06:53:45.304563+00:00,32.79693489999045,669,317.35057943204475,239.0403888155346,317.0,239.0,317.0,239.0,0.3528982779684691,TRACKING,-1.4374999999999993,0.47499999999999987,45.99589999997988,21.710199239847665,True,True
2026-09-17T06:53:45.350861+00:00,32.84323169999698,670,316.87296234186533,238.04690001438004,316.0,238.0,316.0,238.0,0.8742212887272036,TRACKING,-1.4624999999999992,0.46249999999999986,46.26259999349713,21.599764991510174,True,True
2026-09-17T06:53:45.397450+00:00,32.88981860000058,671,317.54104206160923,237.86833252606922,317.0,237.0,317.0,237.0,1.0230972037202177,TRACKING,-1.4812499999999993,0.44374999999999987,46.55100000672974,21.465261692077526,True,True
2026-09-17T06:53:45.444508+00:00,32.93687669999781,672,317.35690093299365,238.51013163474758,317.0,238.0,317.0,238.0,0.6225853842983939,TRACKING,-1.4999999999999993,0.43124999999999986,47.01049999857787,21.2503267250243,True,True
2026-09-17T06:53:45.492395+00:00,32.98476510000182,673,317.32252894057535,237.97819161451585,317.0,237.0,317.0,237.0,1.0299921126968816,TRACKING,-1.5187499999999994,0.41249999999999987,47.82939999131486,20.88188371121631,True,True
2026-09-17T06:53:45.538433+00:00,33.03080449999834,674,317.4398224680761,238.27884099681538,317.0,238.0,317.0,238.0,0.5207649229062438,TRACKING,-1.5374999999999994,0.39999999999999986,46.002100003534,21.72052633343762,True,True
2026-09-17T06:53:45.585482+00:00,33.07785279999371,675,317.71058311320587,237.41882675239648,317.0,237.0,317.0,237.0,0.8248298062608634,TRACKING,-1.5562499999999995,0.38124999999999987,47.01049999857787,21.25475309625352,True,True
2026-09-17T06:53:45.634623+00:00,33.12699340000108,676,318.1365165617201,237.40529742740287,318.0,237.0,318.0,237.0,0.4276713414331894,TRACKING,-1.5687499999999994,0.3624999999999999,48.956500002532266,20.349771876002475,True,True
2026-09-17T06:53:45.682538+00:00,33.174907699998585,677,317.7192315214247,237.24578527573206,317.0,237.0,317.0,237.0,0.7600686700408055,TRACKING,-1.5874999999999995,0.3437499999999999,47.87370000849478,20.870596044440887,True,True
2026-09-17T06:53:45.742083+00:00,33.23445209999045,678,318.46023871678346,236.94818743232065,318.0,236.0,318.0,236.0,1.0539824871587382,TRACKING,-1.5999999999999994,0.31874999999999987,59.50099999608938,16.794190555898318,True,True
2026-09-17T06:53:45.797614+00:00,33.28998390000197,679,318.3609499447657,237.52074617442108,318.0,237.0,318.0,237.0,0.6336098490400496,TRACKING,-1.6124999999999994,0.2999999999999999,55.48940000880975,18.00770008882321,True,True
2026-09-17T06:53:45.851064+00:00,33.34343110000191,680,318.42267719251953,236.97202832020204,318.0,236.0,318.0,236.0,1.0599505008966201,TRACKING,-1.6249999999999993,0.27499999999999986,53.40790000627749,18.710054034658157,True,True
2026-09-17T06:53:45.898506+00:00,33.39087499999732,681,318.6466318174212,237.31090381616158,318.0,237.0,318.0,237.0,0.7174913868509576,TRACKING,-1.6374999999999993,0.25624999999999987,47.396599999046884,21.07752524764301,True,True
2026-09-17T06:53:45.945351+00:00,33.43771919999563,682,319.0339237900179,236.54652356688408,319.0,236.0,319.0,236.0,0.5475754127870183,TRACKING,-1.6437499999999994,0.23124999999999987,46.79979999491479,21.347359972765034,True,True
2026-09-17T06:53:45.992624+00:00,33.484995799997705,683,318.5855610003305,236.68829656254078,318.0,236.0,318.0,236.0,0.9036779532076034,TRACKING,-1.6562499999999993,0.20624999999999988,47.236700003850274,21.152113306710692,True,True
2026-09-17T06:53:46.042855+00:00,33.535224099992774,684,319.30244862795615,236.74586636131633,319.0,236.0,319.0,236.0,0.8048551431753561,TRACKING,-1.6624999999999994,0.18124999999999988,50.193599992780946,19.90909507385605,True,True
2026-09-17T06:53:46.090026+00:00,33.58239429999958,685,319.1853885763609,236.72908698553684,319.0,236.0,319.0,236.0,0.752287682156439,TRACKING,-1.6687499999999995,0.1562499999999999,47.12259999359958,21.199825310381705,True,True
2026-09-17T06:53:46.140195+00:00,33.63256119999278,686,319.2350789717148,236.64799829174243,319.0,236.0,319.0,236.0,0.6893213394662863,TRACKING,-1.6749999999999996,0.1312499999999999,50.12149999674875,19.933462106200142,True,True
2026-09-17T06:53:46.187107+00:00,33.67947979999008,687,319.452113726587,236.51280087627882,319.0,236.0,319.0,236.0,0.6836457858282466,TRACKING,-1.6812499999999997,0.1062499999999999,46.84879998967517,21.31350892945638,True,True
2026-09-17T06:53:46.238947+00:00,33.731316999997944,688,319.836982168769,236.33383057911487,319.0,236.0,319.0,236.0,0.9011004418983642,TRACKING,-1.6874999999999998,0.0812499999999999,51.79929999576416,19.291165414957504,True,True
2026-09-17T06:53:46.286822+00:00,33.77916819999518,689,320.390068735461,236.12153264962728,320.0,236.0,320.0,236.0,0.40856309587329553,TRACKING,-1.6874999999999998,0.056249999999999904,47.797400009585544,20.898117498781307,True,True
2026-09-17T06:53:46.334855+00:00,33.82722439999634,690,320.1116527330113,235.8864356389186,320.0,235.0,320.0,235.0,0.8934396872391208,TRACKING,-1.6874999999999998,0.024999999999999904,47.98659999505617,20.808969497711963,True,True
2026-09-17T06:53:46.381821+00:00,33.874190200003795,691,320.00190816235846,236.63912508391851,320.0,236.0,320.0,236.0,0.6391279324027661,TRACKING,-1.6874999999999998,-9.71445146547012e-17,46.92269999941345,21.292089133821772,True,True
2026-09-17T06:53:46.430567+00:00,33.922938999996404,692,320.0609036102869,236.39021704905915,320.0,236.0,320.0,236.0,0.3949412552803368,TRACKING,-1.6874999999999998,-0.0250000000000001,48.70810000284109,20.513325459326534,True,True
2026-09-17T06:53:46.478330+00:00,33.97070009999152,693,320.288602206562,236.15033159163852,320.0,236.0,320.0,236.0,0.32540869852700044,TRACKING,-1.6874999999999998,-0.0500000000000001,47.71159999654628,20.937541222926246,True,True
2026-09-17T06:53:46.526811+00:00,34.01918010000372,694,320.6848616469731,235.93006621720988,320.0,235.0,320.0,235.0,1.1550145643626386,TRACKING,-1.6874999999999998,-0.0812500000000001,48.434299998916686,20.627062701077705,True,True
2026-09-17T06:53:46.574614+00:00,34.06698659999529,695,321.24943428226857,236.73996939133883,321.0,236.0,321.0,236.0,0.780879095180039,TRACKING,-1.6812499999999997,-0.1062500000000001,47.769199998583645,20.917657644387702,True,True
2026-09-17T06:53:46.622790+00:00,34.11516109999502,696,320.9819672729291,236.59051417392857,320.0,236.0,320.0,236.0,1.145847596635086,TRACKING,-1.6812499999999997,-0.1312500000000001,48.14009999972768,20.757869827513886,True,True
2026-09-17T06:53:46.670567+00:00,34.162939100002404,697,321.88200280968044,236.4920720420294,321.0,236.0,321.0,236.0,1.0099821042133301,TRACKING,-1.6749999999999996,-0.15625000000000008,47.74169999291189,20.930135205438944,True,True
2026-09-17T06:53:46.717605+00:00,34.20997529999295,698,321.9489783996095,236.45488696654297,321.0,236.0,321.0,236.0,1.0523697806645835,TRACKING,-1.6687499999999995,-0.18125000000000008,47.001500002807006,21.260220855448495,True,True
2026-09-17T06:53:46.768963+00:00,34.26133359999221,699,322.1822272177044,236.4890498076321,322.0,236.0,322.0,236.0,0.5218969948345096,TRACKING,-1.6562499999999996,-0.20625000000000007,51.31779999646824,19.471049470374044,True,True
2026-09-17T06:53:46.816951+00:00,34.30931769999734,700,321.58097852359737,236.60447309282716,321.0,236.0,321.0,236.0,0.8384054895057713,TRACKING,-1.6499999999999995,-0.23125000000000007,47.93899999640416,20.8402366595022,True,True
2026-09-17T06:53:46.869854+00:00,34.36222129999078,701,322.144358143254,236.81086624086566,322.0,236.0,322.0,236.0,0.8236160113179919,TRACKING,-1.6374999999999995,-0.2562500000000001,52.85079999885056,18.902305327500546,True,True
2026-09-17T06:53:46.916386+00:00,34.40875089999463,702,321.87138901530193,237.11771129320624,321.0,237.0,321.0,237.0,0.8793035679088034,TRACKING,-1.6312499999999994,-0.2750000000000001,46.48179998912383,21.491695607038167,True,True
2026-09-17T06:53:46.964311+00:00,34.456678000002285,703,322.7609918016633,236.53423921385956,322.0,236.0,322.0,236.0,0.9297957086500412,TRACKING,-1.6187499999999995,-0.3000000000000001,47.86690000037197,20.865022082293237,True,True
2026-09-17T06:53:47.012676+00:00,34.50504609999189,704,322.81198556210643,237.06940681678748,322.0,237.0,322.0,237.0,0.8149465376856716,TRACKING,-1.6062499999999995,-0.3187500000000001,48.326299991458654,20.67478359114725,True,True
2026-09-17T06:53:47.060742+00:00,34.55311389999406,705,323.0230884922931,236.7318743785337,323.0,236.0,323.0,236.0,0.7322384751093332,TRACKING,-1.5874999999999995,-0.3437500000000001,48.02729999937583,20.803947756186087,True,True
2026-09-17T06:53:47.106171+00:00,34.5985406999971,706,322.39291872486695,237.5299839920396,322.0,237.0,322.0,237.0,0.6597485552612457,TRACKING,-1.5749999999999995,-0.3625000000000001,45.39179999846965,22.013437000471644,True,True
2026-09-17T06:53:47.151890+00:00,34.644261900000856,707,322.9199951930735,237.47173871576013,322.0,237.0,322.0,237.0,1.0338900189214102,TRACKING,-1.5624999999999996,-0.3812500000000001,45.67900000256486,21.871691904803157,True,True
2026-09-17T06:53:47.198668+00:00,34.691040599995176,708,323.60273855638013,237.5647825701821,323.0,237.0,323.0,237.0,0.8259982560082726,TRACKING,-1.5437499999999995,-0.4000000000000001,46.74340000201482,21.37725075988477,True,True
2026-09-17T06:53:47.246254+00:00,34.73862519999966,709,323.4394721875123,237.81638143175564,323.0,237.0,323.0,237.0,0.9271539493052107,TRACKING,-1.5249999999999995,-0.41875000000000007,47.550600007525645,21.015202395434006,True,True
2026-09-17T06:53:47.293339+00:00,34.78570769999351,710,323.42842322028946,238.23340487198794,323.0,238.0,323.0,238.0,0.4878773308434195,TRACKING,-1.5062499999999994,-0.4312500000000001,47.04029999265913,21.239313972933704,True,True
2026-09-17T06:53:47.339947+00:00,34.83231939999678,711,323.56772365761157,237.8223089870895,323.0,237.0,323.0,237.0,0.9992508302023255,TRACKING,-1.4874999999999994,-0.45000000000000007,46.56760000216309,21.45384098691712,True,True
2026-09-17T06:53:47.387714+00:00,34.88008639999316,712,323.8554115388929,238.58912026109874,323.0,238.0,323.0,238.0,1.0386489218731036,TRACKING,-1.4687499999999993,-0.4625000000000001,47.73239999485668,20.934955096106258,True,True
2026-09-17T06:53:47.435622+00:00,34.92799430000014,713,324.28943216622713,238.53942050280813,324.0,238.0,324.0,238.0,0.6121645674952951,TRACKING,-1.4437499999999994,-0.4750000000000001,47.87320000468753,20.873384136110907,True,True
2026-09-17T06:53:47.484052+00:00,34.97642099999939,714,323.86763938850476,238.67833289415012,323.0,238.0,323.0,238.0,1.1013326580879097,TRACKING,-1.4249999999999994,-0.4875000000000001,48.39260000153445,20.649765522230517,True,True
2026-09-17T06:53:47.532506+00:00,35.02487789999577,715,324.5877969426865,239.0105091849112,324.0,239.0,324.0,239.0,0.5878908817111431,TRACKING,-1.3999999999999995,-0.4937500000000001,48.419400001876056,20.63689588221037,True,True
2026-09-17T06:53:47.578981+00:00,35.07134999999835,716,324.4475798513986,238.5401180657782,324.0,238.0,324.0,238.0,0.7014664983860253,TRACKING,-1.3749999999999996,-0.5062500000000001,46.43740000028629,21.51828731528371,True,True
2026-09-17T06:53:47.627786+00:00,35.120153600000776,717,324.4445758759632,239.27083474878447,324.0,239.0,324.0,239.0,0.5205758068116499,TRACKING,-1.3499999999999996,-0.5125000000000001,48.75960000208579,20.49029169877263,True,True
2026-09-17T06:53:47.675202+00:00,35.16757079999661,718,324.5762870239733,239.20583178119227,324.0,239.0,324.0,239.0,0.6119423634205914,TRACKING,-1.3249999999999997,-0.51875,47.37539999769069,21.089393723961987,True,True
2026-09-17T06:53:47.721316+00:00,35.2136879000027,719,324.8401311104551,239.3477711157777,324.0,239.0,324.0,239.0,0.9092662050927635,TRACKING,-1.2999999999999998,-0.525,46.07100000430364,21.683930686622436,True,True
2026-09-17T06:53:47.765802+00:00,35.25817040000402,720,325.2334433716474,239.69879745733516,325.0,239.0,325.0,239.0,0.736758911818647,TRACKING,-1.2687499999999998,-0.53125,44.448099986766465,22.480750856410268,True,True
2026-09-17T06:53:47.813292+00:00,35.305653699993854,721,324.75347813039673,240.26053290203166,324.0,240.0,324.0,240.0,0.79724945031476,TRACKING,-1.24375,-0.53125,47.43560000497382,21.06003584868928,True,True
2026-09-17T06:53:47.861696+00:00,35.354028100002324,722,325.3974105121111,240.03407288301176,325.0,240.0,325.0,240.0,0.39886849523763457,TRACKING,-1.2125,-0.53125,47.88870000629686,20.67209101973174,True,True
2026-09-17T06:53:47.908736+00:00,35.401107800003956,723,325.16233821021905,240.01998343238486,325.0,240.0,325.0,240.0,0.16356354137461088,TRACKING,-1.18125,-0.53125,46.965899993665516,21.240577148226055,True,True
2026-09-17T06:53:47.956629+00:00,35.449001200002385,724,325.04528330001506,240.21829976643994,325.0,240.0,325.0,240.0,0.22294700107421597,TRACKING,-1.15,-0.53125,47.85100001026876,20.879703675930237,True,True
2026-09-17T06:53:48.005150+00:00,35.49752279999666,725,325.04319409976324,240.62852619762293,325.0,240.0,325.0,240.0,0.6300086597442117,TRACKING,-1.11875,-0.53125,48.48650000349153,20.609378093838874,True,True
2026-09-17T06:53:48.053482+00:00,35.54585349999252,726,325.1529470779044,241.24963737349776,325.0,241.0,325.0,241.0,0.2927654810361974,TRACKING,-1.0875,-0.525,48.29740000423044,20.690782465093385,True,True
2026-09-17T06:53:48.101049+00:00,35.59342069999548,727,325.3713488051552,241.0800808395931,325.0,241.0,325.0,241.0,0.3798853458086236,TRACKING,-1.05625,-0.51875,47.52520000329241,21.022889721021908,True,True
2026-09-17T06:53:48.148731+00:00,35.641100599998026,728,325.6951379503033,241.11778091973034,325.0,241.0,325.0,241.0,0.7050454701680057,TRACKING,-1.025,-0.5125000000000001,47.62650000338908,20.973198348707335,True,True
2026-09-17T06:53:48.194606+00:00,35.68697169999359,729,326.1209873184305,241.36014390413305,326.0,241.0,326.0,241.0,0.3799231013049831,TRACKING,-0.9874999999999999,-0.5062500000000001,45.8232999953907,21.800218440296195,True,True
2026-09-17T06:53:48.242409+00:00,35.734780999991926,730,325.6455059302991,241.80406453235003,325.0,241.0,325.0,241.0,1.031114774520568,TRACKING,-0.9562499999999999,-0.5000000000000001,47.75810000137426,20.916432577654014,True,True
2026-09-17T06:53:48.290578+00:00,35.78293760000088,731,326.26524114160924,242.44593375479047,326.0,242.0,326.0,242.0,0.5188542925173715,TRACKING,-0.91875,-0.4875000000000001,48.11480001080781,20.765585606419823,True,True
2026-09-17T06:53:48.339032+00:00,35.83140429999912,732,325.97668080078245,242.28164775346676,325.0,242.0,325.0,242.0,1.0164796326783494,TRACKING,-0.8875,-0.4750000000000001,48.40349999722093,20.632723086907856,True,True
2026-09-17T06:53:48.385876+00:00,35.878248399996664,733,326.776255443948,242.30661819940383,326.0,242.0,326.0,242.0,0.8346180170979758,TRACKING,-0.85,-0.4625000000000001,46.80979999830015,21.347405544187097,True,True
2026-09-17T06:53:48.432498+00:00,35.92486749999807,734,326.66034052573906,242.5157837210714,326.0,242.0,326.0,242.0,0.8379036083318789,TRACKING,-0.8125,-0.45000000000000007,46.58360000757966,21.450435550446112,True,True
2026-09-17T06:53:48.478800+00:00,35.97116919999826,735,326.62525868451297,242.90362255517573,326.0,242.0,326.0,242.0,1.0988549243558978,TRACKING,-0.775,-0.43750000000000006,46.258600006694905,21.597479142147982,True,True
2026-09-17T06:53:48.526282+00:00,36.01865220000036,736,326.66728204058876,243.46416634819474,326.0,243.0,326.0,243.0,0.8128442166176351,TRACKING,-0.7375,-0.41875000000000007,47.424700009287335,21.060168901621886,True,True
2026-09-17T06:53:48.572422+00:00,36.064792299992405,737,326.78263452604347,243.19101507415064,326.0,243.0,326.0,243.0,0.805607571903378,TRACKING,-0.7000000000000001,-0.4000000000000001,46.10130000219215,21.673121648466854,True,True
2026-09-17T06:53:48.619367+00:00,36.11173459999554,738,326.96749424463786,243.0773530313441,326.0,243.0,326.0,243.0,0.9705815807367815,TRACKING,-0.6625000000000001,-0.3812500000000001,46.898899992811494,21.302748266129782,True,True
2026-09-17T06:53:48.667881+00:00,36.16024430000107,739,327.2179958603746,243.1159658780585,327.0,243.0,327.0,243.0,0.24692160702199828,TRACKING,-0.6187500000000001,-0.3625000000000001,48.458699995535426,20.614433811920286,True,True
2026-09-17T06:53:48.715596+00:00,36.20796129999508,740,326.5302330132047,243.29925866465504,326.0,243.0,326.0,243.0,0.6088536742627347,TRACKING,-0.5812500000000002,-0.3437500000000001,47.654900001361966,20.95689167645822,True,True
2026-09-17T06:53:48.760588+00:00,36.25295500000357,741,326.90026076038146,243.61927481699507,326.0,243.0,326.0,243.0,1.092689679482185,TRACKING,-0.5437500000000002,-0.3250000000000001,44.93910000019241,22.225333764756048,True,True
2026-09-17T06:53:48.804844+00:00,36.297211900004186,742,327.3240980419147,244.0677160237277,327.0,244.0,327.0,244.0,0.33109666359300916,TRACKING,-0.5000000000000002,-0.3000000000000001,44.20389998995233,22.595346713981744,True,True
2026-09-17T06:53:48.856290+00:00,36.348659499999485,743,326.7977301686092,243.63596297775007,326.0,243.0,326.0,243.0,1.0202070039839766,TRACKING,-0.46250000000000024,-0.2812500000000001,51.40100000426173,19.43725266273587,True,True
2026-09-17T06:53:48.902669+00:00,36.39503980000154,744,327.3171113311124,244.31509691998474,327.0,244.0,327.0,244.0,0.4470410107627227,TRACKING,-0.41875000000000023,-0.2562500000000001,46.33599999942817,21.560878216735706,True,True
2026-09-17T06:53:48.949936+00:00,36.442308600002434,745,326.87816712841106,244.09592193163098,326.0,244.0,326.0,244.0,0.8833903567447143,TRACKING,-0.3812500000000002,-0.2312500000000001,47.22810001112521,21.155603695907427,True,True
2026-09-17T06:53:48.996749+00:00,36.489121499995235,746,327.47679711420517,243.96898791917636,327.0,243.0,327.0,243.0,1.0799412371162158,TRACKING,-0.3375000000000002,-0.21250000000000008,46.77869999432005,21.361633228314783,True,True
2026-09-17T06:53:49.045823+00:00,36.538195000001,747,327.10887735954657,244.92461423470473,327.0,244.0,327.0,244.0,0.9310025576981266,TRACKING,-0.2937500000000002,-0.18750000000000008,49.03930000727996,20.37759686760882,True,True
2026-09-17T06:53:49.094059+00:00,36.5864317999949,748,326.77026303016635,244.95291387247812,326.0,244.0,326.0,244.0,1.2252958761059678,TRACKING,-0.2562500000000002,-0.1625000000000001,48.20130000007339,20.73106010611044,True,True
2026-09-17T06:53:49.141056+00:00,36.633425899999565,749,327.45679097685877,245.0438181813006,327.0,245.0,327.0,245.0,0.4588878180471571,TRACKING,-0.2125000000000002,-0.1312500000000001,46.96059999696445,21.279266969697915,True,True
2026-09-17T06:53:49.189569+00:00,36.681939000001876,750,327.16428233731096,244.18710203090075,327.0,244.0,327.0,244.0,0.24898967111014364,TRACKING,-0.16875000000000018,-0.1062500000000001,48.46950000501238,20.612989067950288,True,True
2026-09-17T06:53:49.239300+00:00,36.73167090000061,751,326.8885451477631,244.37240936943618,326.0,244.0,326.0,244.0,0.9634319997058691,TRACKING,-0.13125000000000017,-0.0812500000000001,49.69030000211205,20.107818121275876,True,True
2026-09-17T06:53:49.286976+00:00,36.77934539999114,752,327.62537696284085,244.5892791082254,327.0,244.0,327.0,244.0,0.8592707449011506,TRACKING,-0.08750000000000016,-0.0562500000000001,47.63400000229012,20.975573948306423,True,True
2026-09-17T06:53:49.332641+00:00,36.82501400000183,753,327.3705674819539,244.82717126902529,327.0,244.0,327.0,244.0,0.9063843373440235,TRACKING,-0.04375000000000016,-0.0312500000000001,45.626900013303384,21.896883192522175,True,True
2026-09-17T06:53:49.381325+00:00,36.87369310000213,754,327.11990118059447,245.07549332848603,327.0,245.0,327.0,245.0,0.1416881637747037,TRACKING,-1.5265566588595902e-16,-9.71445146547012e-17,48.64599999564234,20.542696968387812,True,True
2026-09-17T06:53:49.427704+00:00,36.92007559999183,755,326.86915994489914,244.3236266939411,326.0,244.0,326.0,244.0,0.9274552532862788,TRACKING,0.03749999999999985,0.024999999999999904,46.34230000374373,21.55985555375358,True,True
2026-09-17T06:53:49.473379+00:00,36.965748499991605,756,327.61412570784,244.56095324436316,327.0,244.0,327.0,244.0,0.8317565313188363,TRACKING,0.08124999999999985,0.049999999999999906,45.637899995199405,21.894821655839408,True,True
2026-09-17T06:53:49.519593+00:00,37.01196249999339,757,327.3505830853714,244.776881870132,327.0,244.0,327.0,244.0,0.852322673573996,TRACKING,0.12499999999999986,0.0749999999999999,46.17079999297857,21.638464533721997,True,True
2026-09-17T06:53:49.565993+00:00,37.05836229999841,758,327.07432201091456,244.96087494529698,327.0,244.0,327.0,244.0,0.9637449983298776,TRACKING,0.16874999999999987,0.0999999999999999,46.35980000603013,21.55181703136258,True,True
2026-09-17T06:53:49.612774+00:00,37.10514349999721,759,326.7811403665091,245.10247466615218,326.0,245.0,326.0,245.0,0.7878333132033302,TRACKING,0.20624999999999988,0.1312499999999999,46.73980000370648,21.37610835176434,True,True
2026-09-17T06:53:49.664000+00:00,37.15636880000238,760,327.4668466089971,244.1913291902978,327.0,244.0,327.0,244.0,0.5045320756821323,TRACKING,0.2499999999999999,0.1562499999999999,51.18019999645185,19.521603580633887,True,True
2026-09-17T06:53:49.711749+00:00,37.204120199996396,761,327.12726238960823,244.21721851085883,327.0,244.0,327.0,244.0,0.2517530481811981,TRACKING,0.2937499999999999,0.18124999999999988,47.70329999155365,20.941794379335068,True,True
2026-09-17T06:53:49.756480+00:00,37.24884499999462,762,326.75822516528353,244.17008000117542,326.0,244.0,326.0,244.0,0.7770666689989177,TRACKING,0.33124999999999993,0.20624999999999988,44.687299989163876,22.35895968321327,True,True
2026-09-17T06:53:49.801358+00:00,37.293721399997594,763,327.35559080013627,244.04003356613285,327.0,244.0,327.0,244.0,0.35783725848333,TRACKING,0.37499999999999994,0.23124999999999987,44.82090000237804,22.28342736791866,True,True
2026-09-17T06:53:49.847701+00:00,37.340068799996516,764,326.91523615539916,243.81740633725204,326.0,243.0,326.0,243.0,1.2271146402555964,TRACKING,0.4125,0.2499999999999999,46.295899999677204,21.57618334627749,True,True
2026-09-17T06:53:49.894824+00:00,37.38719589999528,765,327.43306166624893,244.49275684982183,327.0,244.0,327.0,244.0,0.6560119814611891,TRACKING,0.45625,0.2749999999999999,47.07470000721514,21.21921357406442,True,True
2026-09-17T06:53:49.946044+00:00,37.43841190000239,766,326.9049939039076,244.05689864164742,326.0,244.0,326.0,244.0,0.9067808012586377,TRACKING,0.49375,0.29999999999999993,51.18140000558924,19.52514838841484,True,True
2026-09-17T06:53:49.997897+00:00,37.49026690000028,767,327.32698812139523,243.5009232144174,327.0,243.0,327.0,243.0,0.5982017203885788,TRACKING,0.5375,0.3187499999999999,51.804500006255694,19.284543439220315,True,True
2026-09-17T06:53:50.052486+00:00,37.544854099993245,768,326.6950307813727,243.81622230031417,326.0,243.0,326.0,243.0,1.0720478676746046,TRACKING,0.575,0.3374999999999999,54.54699999245349,18.319312954847653,True,True
2026-09-17T06:53:50.116653+00:00,37.60900290000427,769,327.00514206446434,243.99450937819637,327.0,243.0,327.0,243.0,0.9945226715100487,TRACKING,0.6187499999999999,0.3562499999999999,64.10129999858327,15.588756139290561,True,True
2026-09-17T06:53:50.172602+00:00,37.6649713999941,770,326.2533783565222,244.02784038558974,326.0,244.0,326.0,244.0,0.25490327307368804,TRACKING,0.6562499999999999,0.3812499999999999,55.89960000361316,17.867193156537937,True,True
2026-09-17T06:53:50.229306+00:00,37.72167169999739,771,326.4358347132535,242.90863357470442,326.0,242.0,326.0,242.0,1.0077533777452141,TRACKING,0.6937499999999999,0.39374999999999993,56.65909999515861,17.63659098703278,True,True
2026-09-17T06:53:50.277954+00:00,37.770317499991506,772,326.5486473006812,243.62968846285492,326.0,243.0,326.0,243.0,0.8351774786219592,TRACKING,0.7312499999999998,0.4124999999999999,48.59099999885075,20.556759270499924,True,True
2026-09-17T06:53:50.325302+00:00,37.81767140000011,773,326.58799580992047,243.18420382991957,326.0,243.0,326.0,243.0,0.616173776982653,TRACKING,0.7687499999999998,0.4312499999999999,47.297299999627285,21.117584820222728,True,True
2026-09-17T06:53:50.373265+00:00,37.86563629999,774,326.55010584474053,242.5657947178459,326.0,242.0,326.0,242.0,0.7891388364286835,TRACKING,0.8062499999999998,0.4437499999999999,47.91979999572504,20.848578861015497,True,True
2026-09-17T06:53:50.421332+00:00,37.91370099999767,775,326.4312512804456,242.76850838972308,326.0,242.0,326.0,242.0,0.8812393613319548,TRACKING,0.8437499999999998,0.45624999999999993,48.030599995399825,20.80528953349116,True,True
2026-09-17T06:53:50.470815+00:00,37.96318029999384,776,326.2277565925789,242.78683920852274,326.0,242.0,326.0,242.0,0.8191391856893608,TRACKING,0.8812499999999998,0.46874999999999994,49.43499999353662,20.21047185545298,True,True
2026-09-17T06:53:50.518658+00:00,38.01102999999421,777,325.93599915400284,242.61574239832368,325.0,242.0,325.0,242.0,1.1203718656711394,TRACKING,0.9124999999999998,0.48124999999999996,47.79179999604821,20.89877261492275,True,True
2026-09-17T06:53:50.562290+00:00,38.05465809999441,778,326.5524114989296,242.2506466536263,326.0,242.0,326.0,242.0,0.6066153716513376,TRACKING,0.9499999999999997,0.49374999999999997,43.59299999487121,22.921007332322308,True,True
2026-09-17T06:53:50.605962+00:00,38.09833069999877,779,326.0734835524641,241.68746556523354,326.0,241.0,326.0,241.0,0.6913817584118135,TRACKING,0.9874999999999997,0.49999999999999994,43.62769999715965,22.89765207247221,True,True
2026-09-17T06:53:50.651140+00:00,38.14351159999205,780,325.49576482429234,241.92260783414747,325.0,241.0,325.0,241.0,1.0473719380601612,TRACKING,1.0187499999999998,0.50625,45.13220000080764,22.133246574296972,True,True
2026-09-17T06:53:50.694308+00:00,38.18667290000303,781,325.815866565123,241.95298624794555,325.0,241.0,325.0,241.0,1.254520243303746,TRACKING,1.0499999999999998,0.5125,43.125900003360584,23.168903618417993,True,True
2026-09-17T06:53:50.739134+00:00,38.23149740000372,782,326.03046388454334,241.7760253972038,326.0,241.0,326.0,241.0,0.7766231166832332,TRACKING,1.0875,0.5187499999999999,44.76359998807311,22.309228211908383,True,True
2026-09-17T06:53:50.782022+00:00,38.27439019999292,783,325.1362978289728,241.38966811267971,325.0,241.0,325.0,241.0,0.4128175580350985,TRACKING,1.11875,0.5249999999999999,42.840699999942444,23.313936144334225,True,True
2026-09-17T06:53:50.824914+00:00,38.3172787999938,784,325.1301774183966,240.79238060716347,325.0,240.0,325.0,240.0,0.8030026070126731,TRACKING,1.15,0.5249999999999999,42.84179999376647,23.316219227941918,True,True
2026-09-17T06:53:50.867548+00:00,38.359916400004295,785,325.00898164062994,240.98315630914743,325.0,240.0,325.0,240.0,0.9831973342543229,TRACKING,1.18125,0.5249999999999999,42.58459999982733,23.453477675898377,True,True
2026-09-17T06:53:50.913287+00:00,38.405655800001114,786,324.7696614018465,240.96151837873077,324.0,240.0,324.0,240.0,1.2316234270788307,TRACKING,1.2062499999999998,0.5249999999999999,45.688199999858625,21.86298902192741,True,True
2026-09-17T06:53:50.956131+00:00,38.448503099993104,787,325.409241432161,240.7275208994708,325.0,240.0,325.0,240.0,0.8347246306201785,TRACKING,1.2374999999999998,0.5249999999999999,42.8022999985842,23.338693457625865,True,True
2026-09-17T06:53:50.999065+00:00,38.49142419999407,788,324.9248221450807,240.2817487432019,324.0,240.0,324.0,240.0,0.9667876469667768,TRACKING,1.2624999999999997,0.5249999999999999,42.885800008662045,23.298564108968876,True,True
2026-09-17T06:53:51.042122+00:00,38.53448869999556,789,325.3135814496472,239.62531610816137,325.0,239.0,325.0,239.0,0.6995381052443931,TRACKING,1.2937499999999997,0.5187499999999999,43.00959999090992,23.220982478964224,True,True
2026-09-17T06:53:51.087054+00:00,38.57942310000362,790,324.57277651415603,239.75986373407318,324.0,239.0,324.0,239.0,0.9515596825887327,TRACKING,1.3187499999999996,0.5125,44.87740001059137,22.25466457370359,True,True
2026-09-17T06:53:51.129510+00:00,38.621879700003774,791,324.69974548033525,239.68755480115345,324.0,239.0,324.0,239.0,0.9810073097784634,TRACKING,1.3437499999999996,0.50625,42.41139999066945,23.553464007868158,True,True
2026-09-17T06:53:51.173664+00:00,38.666021900004125,792,324.6919091269186,239.4110695232872,324.0,239.0,324.0,239.0,0.8048082957380583,TRACKING,1.3687499999999995,0.5,44.10230000212323,22.654058927557795,True,True
2026-09-17T06:53:51.217875+00:00,38.71024390000093,793,324.5467724815784,238.933598448888,324.0,238.0,324.0,238.0,1.081927081820895,TRACKING,1.3937499999999994,0.4875,44.13639999984298,22.613178962330835,True,True
2026-09-17T06:53:51.263365+00:00,38.75573429999349,794,324.26192638019825,239.25883448619015,324.0,239.0,324.0,239.0,0.3682400302589023,TRACKING,1.4187499999999993,0.48125,45.44560000067577,21.982660081326404,True,True
2026-09-17T06:53:51.307472+00:00,38.7998399999924,795,323.83504897252556,238.3909636729001,323.0,238.0,323.0,238.0,0.9220408776423815,TRACKING,1.4374999999999993,0.46875,44.062699991627596,22.672806463217757,True,True
2026-09-17T06:53:51.351164+00:00,38.84352999999828,796,324.2639071732508,238.33465471328236,324.0,238.0,324.0,238.0,0.42619335191357394,TRACKING,1.4624999999999992,0.45625,43.642299991915934,22.888532841963507,True,True
2026-09-17T06:53:51.396587+00:00,38.88895639999828,797,323.54635805761154,238.09504730883168,323.0,238.0,323.0,238.0,0.554563898963142,TRACKING,1.4812499999999993,0.44375,45.376499998383224,22.013630840217886,True,True
2026-09-17T06:53:51.445483+00:00,38.93785149999894,798,323.6803502006545,237.67773931169336,323.0,237.0,323.0,237.0,0.9603160782498785,TRACKING,1.4999999999999993,0.425,48.85239999566693,20.45194712734869,True,True
2026-09-17T06:53:51.489729+00:00,38.98209819999465,799,323.6639249593053,238.08877273295144,323.0,238.0,323.0,238.0,0.6698335238730591,TRACKING,1.5187499999999994,0.4125,44.19850000704173,22.600555523845728,True,True
2026-09-17T06:53:51.533890+00:00,39.02626109999255,800,323.4952176964596,237.33461864074462,323.0,237.0,323.0,237.0,0.597670646443765,TRACKING,1.5374999999999994,0.39375,44.11799999070354,22.64344053600524,True,True
2026-09-17T06:53:51.579824+00:00,39.072194099993794,801,323.1724589463197,237.42216098596737,323.0,237.0,323.0,237.0,0.45602849279254226,TRACKING,1.5562499999999995,0.375,45.896299998275936,21.770840136132467,True,True
2026-09-17T06:53:51.624232+00:00,39.11659520000103,802,322.6939755202517,237.3586793959787,322.0,237.0,322.0,237.0,0.7811868738069259,TRACKING,1.5687499999999994,0.35625,44.352700002491474,22.521964542253503,True,True
2026-09-17T06:53:51.672011+00:00,39.164381599999615,803,323.0581915524764,237.15183097932243,323.0,237.0,323.0,237.0,0.1626004399182829,TRACKING,1.5874999999999995,0.3375,47.732999999425374,20.926456063432198,True,True
2026-09-17T06:53:51.714676+00:00,39.207046499999706,804,322.2636294849316,236.80963118694666,322.0,236.0,322.0,236.0,0.8514711763776568,TRACKING,1.5999999999999994,0.3125,42.62590000871569,23.438470499119273,True,True
2026-09-17T06:53:51.761724+00:00,39.25409469999431,805,322.30891099070004,237.340433777748,322.0,237.0,322.0,237.0,0.45969681009013863,TRACKING,1.6124999999999994,0.29375,47.00949999096338,21.254798273146456,True,True
2026-09-17T06:53:51.805395+00:00,39.297764100003405,806,322.19275783541764,236.7529099385257,322.0,236.0,322.0,236.0,0.7771929996118548,TRACKING,1.6249999999999993,0.26875,43.609500004095025,22.899329960836603,True,True
2026-09-17T06:53:51.850414+00:00,39.34278110000014,807,321.9139926761276,237.05602661053268,321.0,237.0,321.0,237.0,0.9157082467154216,TRACKING,1.6312499999999994,0.25,44.97730000002775,22.213830332376087,True,True
2026-09-17T06:53:51.901191+00:00,39.39356339999358,808,322.47153979708366,236.2590240767882,322.0,236.0,322.0,236.0,0.537999305380295,TRACKING,1.6437499999999994,0.225,50.728499991237186,19.691900526937808,True,True
2026-09-17T06:53:51.950030+00:00,39.442396999991615,809,321.86442578203525,236.37139286618697,321.0,236.0,321.0,236.0,0.9408318626098032,TRACKING,1.6499999999999995,0.2,48.79590000200551,20.47770387684437,True,True
2026-09-17T06:53:52.002253+00:00,39.49462040000071,810,322.09178012258246,236.40285003211574,322.0,236.0,322.0,236.0,0.4131727717031969,TRACKING,1.6624999999999994,0.17500000000000002,52.16760000621434,19.14850430699257,True,True
2026-09-17T06:53:52.052323+00:00,39.5446929000027,811,321.1528357622144,236.36331486488206,321.0,236.0,321.0,236.0,0.39415283996937817,TRACKING,1.6687499999999995,0.15000000000000002,50.02720000629779,19.971041988322735,True,True
2026-09-17T06:53:52.101735+00:00,39.594100100002834,812,321.04692957569506,236.26288409865583,321.0,236.0,321.0,236.0,0.2670401363110186,TRACKING,1.6749999999999996,0.12500000000000003,49.365800005034544,20.239965025286185,True,True
2026-09-17T06:53:52.149494+00:00,39.641866299993126,813,320.7735027834952,236.11180667488838,320.0,236.0,320.0,236.0,0.7815416102962162,TRACKING,1.6749999999999996,0.10000000000000003,47.71440000331495,20.93530572252426,True,True
2026-09-17T06:53:52.196808+00:00,39.68917719999445,814,321.3321013010107,235.92045812530108,321.0,235.0,321.0,235.0,0.9785368846220296,TRACKING,1.6812499999999997,0.06875000000000003,47.27640000055544,21.136778204855087,True,True
2026-09-17T06:53:52.246004+00:00,39.73837459999777,815,320.7223760223515,236.6993146384551,320.0,236.0,320.0,236.0,1.0054193559037783,TRACKING,1.6812499999999997,0.04375000000000003,49.1526999976486,20.326277403530835,True,True
2026-09-17T06:53:52.295987+00:00,39.7883562999923,816,320.9440830385208,236.4589268747379,320.0,236.0,320.0,236.0,1.0497174191082619,TRACKING,1.6812499999999997,0.01875000000000003,49.93619999731891,20.007322682289562,True,True
2026-09-17T06:53:52.346084+00:00,39.838449999995646,817,320.99708378985,236.20989359520877,320.0,236.0,320.0,236.0,1.0189364088555029,TRACKING,1.6812499999999997,-0.006249999999999971,50.05140000139363,19.962590104808264,True,True
2026-09-17T06:53:52.396753+00:00,39.88910649999161,818,320.8813451525953,235.96283517021155,320.0,235.0,320.0,235.0,1.3053048850745794,TRACKING,1.6812499999999997,-0.03749999999999997,50.59320000873413,19.74080325485625,True,True
2026-09-17T06:53:52.445383+00:00,39.93775219999952,819,320.5969394596371,236.72836703398468,320.0,236.0,320.0,236.0,0.9417299266071323,TRACKING,1.6812499999999997,-0.06249999999999997,48.57329999504145,20.55680152279436,True,True
2026-09-17T06:53:52.492450+00:00,39.98481539999193,820,320.14404445527583,236.51707315159973,320.0,236.0,320.0,236.0,0.5367620042448892,TRACKING,1.6812499999999997,-0.08749999999999997,46.99529999925289,21.248023937201765,True,True
2026-09-17T06:53:52.540326+00:00,40.03269789999467,821,319.52294318414675,236.33947956456262,319.0,236.0,319.0,236.0,0.6234708883349523,TRACKING,1.6749999999999996,-0.11249999999999996,47.83720000705216,20.884456741872693,True,True
2026-09-17T06:53:52.588329+00:00,40.080699700003606,822,319.73402381432703,236.20602808119347,319.0,236.0,319.0,236.0,0.7623900118964476,TRACKING,1.6687499999999995,-0.13749999999999996,47.9670999920927,20.832552108752203,True,True
2026-09-17T06:53:52.638634+00:00,40.13100609999674,823,319.7777793947417,236.12705017753956,319.0,236.0,319.0,236.0,0.788087897697697,TRACKING,1.6624999999999994,-0.16249999999999995,50.26400000497233,19.87818647600519,True,True
2026-09-17T06:53:52.688942+00:00,40.18131089999224,824,319.6548075470265,236.1127411740706,319.0,236.0,319.0,236.0,0.6644422442723602,TRACKING,1.6562499999999993,-0.18749999999999994,50.27049999625888,19.878818722853968,True,True
2026-09-17T06:53:52.738230+00:00,40.23060209999676,825,319.36581009203167,236.17313475268298,319.0,236.0,319.0,236.0,0.404713066281302,TRACKING,1.6499999999999992,-0.21249999999999994,49.24639999808278,20.28759697285398,True,True
2026-09-17T06:53:52.784412+00:00,40.27677660000336,826,318.91159261120754,236.3180778777222,318.0,236.0,318.0,236.0,0.9654919083578274,TRACKING,1.6374999999999993,-0.23749999999999993,46.13759998755995,21.65697516718227,True,True
2026-09-17T06:53:52.831445+00:00,40.32381639999221,827,319.2930639431437,236.55720618370196,319.0,236.0,319.0,236.0,0.6295754171873591,TRACKING,1.6312499999999992,-0.26249999999999996,46.990399991045706,21.258593791576352,True,True
2026-09-17T06:53:52.878954+00:00,40.37132559999009,828,318.5112356155713,236.89991989123217,318.0,236.0,318.0,236.0,1.0349964566431622,TRACKING,1.6187499999999992,-0.2875,47.47299999871757,21.048554807168095,True,True
2026-09-17T06:53:52.927355+00:00,40.41972689999966,829,318.5672212131949,237.35536031136715,318.0,237.0,318.0,237.0,0.6693436005470209,TRACKING,1.6062499999999993,-0.30624999999999997,48.36260000593029,20.66060208717986,True,True
2026-09-17T06:53:52.977325+00:00,40.46969739999622,830,318.46223568173525,236.93238699708508,318.0,236.0,318.0,236.0,1.0406763847626102,TRACKING,1.5937499999999993,-0.33125,49.93530000501778,20.011806967487008,True,True
2026-09-17T06:53:53.025597+00:00,40.51796929999546,831,318.1975945686289,237.63955559902115,318.0,237.0,318.0,237.0,0.6693840286344975,TRACKING,1.5812499999999994,-0.35,48.23729999770876,20.715985905171166,True,True
2026-09-17T06:53:53.073183+00:00,40.565551299994695,832,317.774713200855,237.485096480798,317.0,237.0,317.0,237.0,0.9140564201741564,TRACKING,1.5624999999999993,-0.36874999999999997,47.54839999077376,21.016350721197316,True,True
2026-09-17T06:53:53.123626+00:00,40.6159983999969,833,318.1951058003996,237.4768941473998,318.0,237.0,318.0,237.0,0.51526139111498,TRACKING,1.5499999999999994,-0.38749999999999996,50.39210000541061,19.82274501321872,True,True
2026-09-17T06:53:53.173109+00:00,40.66548119999061,834,317.46038453791857,237.6224675380194,317.0,237.0,317.0,237.0,0.7742220344593911,TRACKING,1.5312499999999993,-0.40624999999999994,49.44759998761583,20.20904233647013,True,True
2026-09-17T06:53:53.220653+00:00,40.713022199997795,835,317.57225852518195,237.9289512326231,317.0,237.0,317.0,237.0,1.0910683810996373,TRACKING,1.5124999999999993,-0.42499999999999993,47.505599999567494,21.034475502173798,True,True
2026-09-17T06:53:53.272711+00:00,40.765080500001204,836,317.5325327469344,238.40307761921792,317.0,238.0,317.0,238.0,0.6678792508170139,TRACKING,1.4937499999999992,-0.43749999999999994,52.015299996128306,19.209232724359197,True,True
2026-09-17T06:53:53.321111+00:00,40.81348189999699,837,317.3431069328411,238.05116006638855,317.0,238.0,317.0,238.0,0.3469001581961648,TRACKING,1.4749999999999992,-0.44999999999999996,48.3581000007689,20.66055940710677,True,True
2026-09-17T06:53:53.370821+00:00,40.86318949999986,838,317.0059743702145,237.87907714316142,317.0,237.0,317.0,237.0,0.879097444387317,TRACKING,1.4562499999999992,-0.46874999999999994,49.66400000557769,20.117648004372583,True,True
2026-09-17T06:53:53.418457+00:00,40.91082589999132,839,316.5232206582789,238.89225792564628,316.0,238.0,316.0,238.0,1.0343520015586518,TRACKING,1.4312499999999992,-0.48124999999999996,47.58149999543093,20.99235039128171,True,True
2026-09-17T06:53:53.466187+00:00,40.958555699995486,840,316.89702240473525,239.09566842717112,316.0,239.0,316.0,239.0,0.9021095513042815,TRACKING,1.4062499999999993,-0.48749999999999993,47.68590000458062,20.95127153084202,True,True
2026-09-17T06:53:53.513747+00:00,41.006117700002505,841,317.12964586545354,238.49379918583622,317.0,238.0,317.0,238.0,0.5105347063243741,TRACKING,1.3874999999999993,-0.49999999999999994,47.51370000303723,21.025188172331195,True,True
2026-09-17T06:53:53.561410+00:00,41.05378220000421,842,316.22344552813865,239.090654040508,316.0,239.0,316.0,239.0,0.24113493962010318,TRACKING,1.3624999999999994,-0.50625,47.62649998883717,20.979974613481772,True,True
2026-09-17T06:53:53.610034+00:00,41.102401900003315,843,316.18086264084786,238.8897401233055,316.0,238.0,316.0,238.0,0.907936551678668,TRACKING,1.3374999999999995,-0.5187499999999999,48.586100005195476,20.567794536337058,True,True
2026-09-17T06:53:53.667254+00:00,41.1596220999927,844,316.0044236862951,239.89405909359823,316.0,239.0,316.0,239.0,0.8940700374389728,TRACKING,1.3124999999999996,-0.5249999999999999,57.172299988451414,17.47634576924693,True,True
2026-09-17T06:53:53.714707+00:00,41.207076099992264,845,315.69673880287763,240.10609963541953,315.0,240.0,315.0,240.0,0.7047709500763443,TRACKING,1.2812499999999996,-0.5249999999999999,47.40579999634065,21.07303915390154,True,True
2026-09-17T06:53:53.770340+00:00,41.262708700000076,846,316.26050015342554,239.52783123705353,316.0,239.0,316.0,239.0,0.5886137483479236,TRACKING,1.2562499999999996,-0.5312499999999999,55.58810000366066,17.97507216739082,True,True
2026-09-17T06:53:53.821775+00:00,41.31413969999994,847,315.6984802426903,240.1606992683399,315.0,240.0,315.0,240.0,0.7167279150931061,TRACKING,1.2249999999999996,-0.5312499999999999,51.38210000586696,19.443526277976463,True,True
2026-09-17T06:53:53.871270+00:00,41.36364159999357,848,316.0135301846147,240.0056213680017,316.0,240.0,316.0,240.0,0.0146514734384713,TRACKING,1.1999999999999997,-0.5312499999999999,49.45380000572186,20.201244803304483,True,True
2026-09-17T06:53:53.928036+00:00,41.42040350000025,849,315.2085779204845,240.06298515002675,315.0,240.0,315.0,240.0,0.217880421418577,TRACKING,1.1687499999999997,-0.5312499999999999,56.722300010733306,17.61745114033124,True,True
2026-09-17T06:53:53.980393+00:00,41.47276249999413,850,315.2866263890563,240.3326472348345,315.0,240.0,315.0,240.0,0.4391000680329068,TRACKING,1.1374999999999997,-0.5312499999999999,52.3135999974329,19.098913274065414,True,True
2026-09-17T06:53:54.032047+00:00,41.52441899999394,851,315.25075164982013,240.8139336076503,315.0,240.0,315.0,240.0,0.8516832201882171,TRACKING,1.1062499999999997,-0.5312499999999999,51.613699994049966,19.358647992096135,True,True
2026-09-17T06:53:54.080467+00:00,41.57283920000191,852,315.10410096056455,241.50564130319106,315.0,241.0,315.0,241.0,0.5162461985169584,TRACKING,1.0749999999999997,-0.5249999999999999,48.385300004156306,20.652537573893703,True,True
2026-09-17T06:53:54.130166+00:00,41.62253469999996,853,314.84989081043824,241.4060414124525,314.0,241.0,314.0,241.0,0.9419044634642074,TRACKING,1.0374999999999996,-0.5187499999999999,49.66080001031514,20.1225463077986,True,True
2026-09-17T06:53:54.181121+00:00,41.673481299993,854,315.49140490975446,241.51288340408058,315.0,241.0,315.0,241.0,0.7103014652329531,TRACKING,1.0062499999999996,-0.5125,50.8960000006482,19.62839522434503,True,True
2026-09-17T06:53:54.228207+00:00,41.720579000000726,855,315.0319921377743,241.82340074952856,315.0,241.0,315.0,241.0,0.8240220210671334,TRACKING,0.9749999999999996,-0.50625,47.032900009071454,21.232459331049466,True,True
2026-09-17T06:53:54.275188+00:00,41.767560099993716,856,314.47506444976784,242.33431783793714,314.0,242.0,314.0,242.0,0.5809084680017871,TRACKING,0.9374999999999997,-0.49374999999999997,46.946300004492514,21.285155097458308,True,True
2026-09-17T06:53:54.322717+00:00,41.81508899999608,857,314.82409474465584,242.04185816345534,314.0,242.0,314.0,242.0,0.8251571086873246,TRACKING,0.8999999999999997,-0.48124999999999996,47.49340000853408,21.039830502079777,True,True
2026-09-17T06:53:54.372050+00:00,41.86442129999341,858,315.08261469455545,241.9417537645397,315.0,241.0,315.0,241.0,0.9453704780567149,TRACKING,0.8687499999999997,-0.475,49.29890000494197,20.270694860245534,True,True
2026-09-17T06:53:54.423361+00:00,41.915730699998676,859,314.2542125376063,243.02925589163343,314.0,243.0,314.0,243.0,0.2558904481833926,TRACKING,0.8312499999999997,-0.45625,51.27399999764748,19.489606191016975,True,True
2026-09-17T06:53:54.475732+00:00,41.968104799991124,860,314.342530835433,242.29914687656913,314.0,242.0,314.0,242.0,0.45477052123407125,TRACKING,0.7937499999999997,-0.44375,52.33599999337457,19.09340685843164,True,True
2026-09-17T06:53:54.524942+00:00,42.01731100000325,861,314.35126419666506,242.74575317402127,314.0,242.0,314.0,242.0,0.8243387243248691,TRACKING,0.7562499999999998,-0.43124999999999997,49.16619999858085,20.322642263650582,True,True
2026-09-17T06:53:54.575822+00:00,42.06819130000076,862,314.2841569679292,243.36295954241336,314.0,243.0,314.0,243.0,0.4609607487103937,TRACKING,0.7187499999999998,-0.4125,50.84080000233371,19.653972167004145,True,True
2026-09-17T06:53:54.626452+00:00,42.118814899993595,863,314.14500089374883,243.14422432883998,314.0,243.0,314.0,243.0,0.20451385336280423,TRACKING,0.6812499999999998,-0.39375,50.57890000171028,19.753632695849184,True,True
2026-09-17T06:53:54.681042+00:00,42.17340200000035,864,313.93763274683386,243.0825958197889,313.0,243.0,313.0,243.0,0.9412636386166222,TRACKING,0.6374999999999998,-0.375,54.53589999524411,18.319346510003786,True,True
2026-09-17T06:53:54.762507+00:00,42.254876799997874,865,314.66593193021674,243.17072961680748,314.0,243.0,314.0,243.0,0.6874692267566785,TRACKING,0.5999999999999999,-0.35625,81.41050000267569,12.273733719265444,True,True
2026-09-17T06:53:54.820588+00:00,42.31295680000039,866,314.3338180527543,243.40090699367258,314.0,243.0,314.0,243.0,0.5216904349518448,TRACKING,0.5624999999999999,-0.3375,58.03800000285264,17.217630853247673,True,True
2026-09-17T06:53:54.873195+00:00,42.36556439999549,867,313.9452484795024,243.765054189185,313.0,243.0,313.0,243.0,1.216060278272083,TRACKING,0.5187499999999999,-0.31875000000000003,52.56179999560118,19.00866034742435,True,True
2026-09-17T06:53:54.931427+00:00,42.42378499999177,868,314.50421585848574,244.25476258737095,314.0,244.0,314.0,244.0,0.5649226565402097,TRACKING,0.48124999999999996,-0.29375,58.17560000286903,17.176051089545215,True,True
2026-09-17T06:53:54.981462+00:00,42.473827800000436,869,314.0147456254296,243.8613097346389,314.0,243.0,314.0,243.0,0.8614359479688739,TRACKING,0.44375,-0.275,49.98429999977816,19.98289463872479,True,True
2026-09-17T06:53:55.029345+00:00,42.52171539999836,870,313.4808934879874,244.57568114137467,313.0,244.0,313.0,244.0,0.7501115405878703,TRACKING,0.39999999999999997,-0.25,47.8414000099292,20.88223256215421,True,True
2026-09-17T06:53:55.078346+00:00,42.570715299996664,871,313.90674289105783,244.3885928134692,313.0,244.0,313.0,244.0,0.9865024303892077,TRACKING,0.35624999999999996,-0.225,48.95860000397079,20.408204915408938,True,True
2026-09-17T06:53:55.126484+00:00,42.61885299999267,872,314.2964024647682,244.2905144574671,314.0,244.0,314.0,244.0,0.41503381924619875,TRACKING,0.31875,-0.2,48.09279998880811,20.773738672246388,True,True
2026-09-17T06:53:55.181007+00:00,42.67337530000077,873,313.65400345670713,244.27169330134112,313.0,244.0,313.0,244.0,0.7081933149772807,TRACKING,0.27499999999999997,-0.17500000000000002,54.47760000242852,18.341119135681993,True,True
2026-09-17T06:53:55.230504+00:00,42.722872400001506,874,313.9836971500371,244.32217847133822,313.0,244.0,313.0,244.0,1.0351130616434578,TRACKING,0.23124999999999996,-0.15000000000000002,49.45070001122076,20.203203823762262,True,True
2026-09-17T06:53:55.280664+00:00,42.77303119999124,875,314.28965226907104,244.4318458639859,314.0,244.0,314.0,244.0,0.5199896991477142,TRACKING,0.19374999999999995,-0.12500000000000003,50.11229999945499,19.936681104905396,True,True
2026-09-17T06:53:55.327184+00:00,42.819552300003124,876,313.57605237395796,244.59042345107653,313.0,244.0,313.0,244.0,0.8248855612287852,TRACKING,0.14999999999999994,-0.10000000000000003,46.46879999199882,21.49562241100234,True,True
2026-09-17T06:53:55.373344+00:00,42.86571410000033,877,313.8470932460972,244.78751695438655,313.0,244.0,313.0,244.0,1.1566113958584938,TRACKING,0.10624999999999993,-0.07500000000000004,46.11680000380147,21.6629334224508,True,True
2026-09-17T06:53:55.421175+00:00,42.913546900002984,878,314.1069802659046,245.01263582596292,314.0,245.0,314.0,245.0,0.1077239128085602,TRACKING,0.06874999999999992,-0.04375000000000004,47.794299985980615,20.90615644379071,True,True
2026-09-17T06:53:55.468941+00:00,42.96131319999404,879,313.3599257845946,244.25521946902484,313.0,244.0,313.0,244.0,0.4412295862534316,TRACKING,0.024999999999999918,-0.018750000000000037,47.731600003317,20.935261893579714,True,True
2026-09-17T06:53:55.519100+00:00,43.01147209999908,880,313.61014649159097,244.50466363396015,313.0,244.0,313.0,244.0,0.7918106621172954,TRACKING,-0.018750000000000086,0.006249999999999964,50.12590000114869,19.936641351772693,True,True
2026-09-17T06:53:55.575363+00:00,43.06773029999749,881,313.861860779236,244.75034692342484,313.0,244.0,313.0,244.0,1.1427267863660178,TRACKING,-0.06250000000000008,0.031249999999999965,56.223099993076175,17.77518655108509,True,True
2026-09-17T06:53:55.636422+00:00,43.12879129999783,882,314.1192861064357,244.98165734030314,314.0,244.0,314.0,244.0,0.9888783084685568,TRACKING,-0.10000000000000009,0.05624999999999997,61.00950000109151,16.377065557303254,True,True
2026-09-17T06:53:55.701029+00:00,43.19339869999385,883,313.3866363628784,245.18801881217794,313.0,245.0,313.0,245.0,0.4299287741389686,TRACKING,-0.1437500000000001,0.08749999999999997,64.56379999872297,15.478103128458814,True,True
2026-09-17T06:53:55.762037+00:00,43.254406899999594,884,313.66811923549847,244.35891762599903,313.0,244.0,313.0,244.0,0.7584228207905086,TRACKING,-0.1875000000000001,0.11249999999999996,60.96550000074785,16.391239208923377,True,True
2026-09-17T06:53:55.824299+00:00,43.31667030000244,885,313.96793357880244,244.48392870689463,313.0,244.0,313.0,244.0,1.082165609474824,TRACKING,-0.23125000000000012,0.13749999999999996,62.220499996328726,16.060799762850294,True,True
2026-09-17T06:53:55.885431+00:00,43.377802999995765,886,314.2902667907243,244.55274167542728,314.0,244.0,314.0,244.0,0.624322168076332,TRACKING,-0.26875000000000016,0.16249999999999995,61.09740000101738,16.35785758046394,True,True
2026-09-17T06:53:55.948448+00:00,43.44081400000141,887,313.639292195641,244.55518661817132,313.0,244.0,313.0,244.0,0.8467152369031878,TRACKING,-0.31250000000000017,0.18749999999999994,62.975599998026155,15.870244876456754,True,True
2026-09-17T06:53:56.002687+00:00,43.49505099999078,888,314.01916643617426,244.48125950720407,314.0,244.0,314.0,244.0,0.4816410131518374,TRACKING,-0.3500000000000002,0.21249999999999994,54.18560000543948,18.437597953352448,True,True
2026-09-17T06:53:56.053641+00:00,43.54601079999702,889,313.43402687543096,244.3211472049611,313.0,244.0,313.0,244.0,0.5399211570689677,TRACKING,-0.3937500000000002,0.23749999999999993,50.907199998619035,19.62331092110952,True,True
2026-09-17T06:53:56.109617+00:00,43.60198809999565,890,313.8879890112801,244.0652519919734,313.0,244.0,313.0,244.0,0.8903832358095892,TRACKING,-0.4375000000000002,0.26249999999999996,55.93700001190882,17.864384313363818,True,True
2026-09-17T06:53:56.162377+00:00,43.6547458999994,891,314.3851439043033,243.704215556166,314.0,243.0,314.0,243.0,0.8026552040372926,TRACKING,-0.4750000000000002,0.28124999999999994,52.71960000391118,18.95454321311704,True,True
2026-09-17T06:53:56.215526+00:00,43.70789499999955,892,313.92955562101736,244.228942383763,313.0,244.0,313.0,244.0,0.9573339373740258,TRACKING,-0.5187500000000002,0.30624999999999997,53.10660001123324,18.81499404499946,True,True
2026-09-17T06:53:56.268474+00:00,43.76084550000087,893,314.525258693959,243.6306224933387,314.0,243.0,314.0,243.0,0.820720064750618,TRACKING,-0.5562500000000001,0.32499999999999996,52.89450001146179,18.88556293094772,True,True
2026-09-17T06:53:56.318192+00:00,43.81056119999266,894,314.1762556002408,243.9007534561789,314.0,243.0,314.0,243.0,0.9178359469068962,TRACKING,-0.5937500000000001,0.34374999999999994,49.677999995765276,20.114370312900576,True,True
2026-09-17T06:53:56.370917+00:00,43.86328520000097,895,313.88651426012626,244.0311616479283,313.0,244.0,313.0,244.0,0.8870617688238063,TRACKING,-0.6375000000000001,0.36874999999999997,52.680599997984245,18.966694481495438,True,True
2026-09-17T06:53:56.426859+00:00,43.919227799997316,896,314.6599655572123,243.01402267839296,314.0,243.0,314.0,243.0,0.660114514471406,TRACKING,-0.675,0.38749999999999996,55.88879999413621,17.87546521015081,True,True
2026-09-17T06:53:56.478266+00:00,43.970636500002,897,314.5005008817569,242.8418809484399,314.0,242.0,314.0,242.0,0.9794205756392448,TRACKING,-0.7125,0.39999999999999997,51.365700011956505,19.45196046406259,True,True
2026-09-17T06:53:56.532152+00:00,44.024523000000045,898,314.4119696986814,243.50766828511496,314.0,243.0,314.0,243.0,0.6537936374294253,TRACKING,-0.75,0.41874999999999996,53.84870000125375,18.557523684713455,True,True
2026-09-17T06:53:56.581895+00:00,44.074266600000556,899,314.3981771417866,243.00472160839087,314.0,243.0,314.0,243.0,0.3982051353601025,TRACKING,-0.7875,0.43749999999999994,49.70080000930466,20.103088638331943,True,True
