timestamp,elapsed_s,frame_number,ground_truth_x,ground_truth_y,detected_x,detected_y,tracked_x,tracked_y,pixel_error,tracking_state,pan_deg,tilt_deg,processing_time_ms,fps,ground_truth_in_fov,lock_retained
2026-09-17T06:42:27.981959+00:00,0.06437119998736307,0,320.0,240.0,320.0,240.0,320.0,240.0,0.0,ACQUIRING,0.0,0.0,64.36430000758264,0.0,True,False
2026-09-17T06:42:28.018761+00:00,0.10119380000105593,1,326.74929689697234,244.24822938800764,326.0,244.0,326.0,244.0,0.7893438217171437,TRACKING,0.037500000000000006,0.025,36.728999999468215,27.15723494886672,True,True
2026-09-17T06:42:28.053503+00:00,0.13593769998988137,2,327.49437570308316,244.4858404149804,327.0,244.0,328.0,245.0,0.7211213549051017,TRACKING,0.08750000000000001,0.05625,34.713100001681596,28.782030811786434,True,True
2026-09-17T06:42:28.094122+00:00,0.17655699999886565,3,326.23102096364045,243.70224126025593,326.0,243.0,327.0,244.0,0.8246144708010182,TRACKING,0.13125,0.08125,40.588499992736615,24.618838822402587,True,True
2026-09-17T06:42:28.132514+00:00,0.2149448999989545,4,325.9550224946436,243.8868931175802,325.0,243.0,326.0,243.0,0.8880328698867034,TRACKING,0.16875,0.1,38.35850000905339,26.049875090788646,True,True
2026-09-17T06:42:28.170566+00:00,0.2530007999885129,5,326.6621780140115,245.02933653663445,326.0,245.0,326.0,244.0,1.2239335880229754,TRACKING,0.20625000000000002,0.125,38.01599999133032,26.27713443314639,True,True
2026-09-17T06:42:28.204850+00:00,0.28728699999919627,6,327.3482957678718,245.11921756621388,327.0,245.0,327.0,245.0,0.36813417392487435,TRACKING,0.25,0.15625,34.25769999739714,29.166253468987687,True,True
2026-09-17T06:42:28.241428+00:00,0.32386099999712314,7,327.0091971502709,244.14631363371336,327.0,244.0,327.0,244.0,0.14660241124726847,TRACKING,0.29375,0.18125,36.54979998827912,27.34182752930177,True,True
2026-09-17T06:42:28.281594+00:00,0.36402670000097714,8,326.6407193146665,244.10055909623532,326.0,244.0,326.0,244.0,0.6485625428764665,TRACKING,0.33125000000000004,0.20625,40.133499991497956,24.89686473543465,True,True
2026-09-17T06:42:28.320805+00:00,0.40323919999354985,9,327.2387177755713,243.9720703994546,327.0,243.0,327.0,243.0,1.0009530647685294,TRACKING,0.37500000000000006,0.22499999999999998,39.17760000331327,25.50207204818391,True,True
2026-09-17T06:42:28.357388+00:00,0.439814799989108,10,326.79906899872117,244.75117078135725,326.0,244.0,326.0,244.0,1.0967081687860747,TRACKING,0.4125000000000001,0.24999999999999997,36.53670000494458,27.34063146254451,True,True
2026-09-17T06:42:28.395318+00:00,0.47772759999497794,11,327.3176729781505,244.42841445910602,327.0,244.0,327.0,244.0,0.5333432945281147,TRACKING,0.4562500000000001,0.27499999999999997,37.839399999938905,26.376316174093514,True,True
2026-09-17T06:42:28.430932+00:00,0.5133657999977004,12,326.7904557985617,243.994610238578,326.0,243.0,326.0,243.0,1.2704605055506435,TRACKING,0.49375000000000013,0.29374999999999996,35.550999993574806,28.059778550084147,True,True
2026-09-17T06:42:28.468092+00:00,0.550525699989521,13,327.21337218139024,244.44084448756337,327.0,244.0,327.0,244.0,0.48976683228474976,TRACKING,0.5375000000000001,0.31875,37.11940000357572,26.910729044483826,True,True
2026-09-17T06:42:28.503987+00:00,0.5864213999884669,14,326.5824080129719,243.75850341520373,326.0,243.0,326.0,243.0,0.9563088018258453,TRACKING,0.5750000000000001,0.33749999999999997,35.86340000038035,27.858490014942316,True,True
2026-09-17T06:42:28.541203+00:00,0.6236346999939997,15,326.89358285323283,243.93929460198342,326.0,243.0,326.0,243.0,1.296443082015911,TRACKING,0.6125,0.35624999999999996,37.18230000231415,26.87211292337207,True,True
2026-09-17T06:42:28.575285+00:00,0.6577144999901066,16,327.14295242333566,243.97526772645944,327.0,243.0,327.0,243.0,0.9856888624768432,TRACKING,0.65625,0.37499999999999994,34.037500008707866,29.34289520813606,True,True
2026-09-17T06:42:28.613056+00:00,0.6954828999878373,17,326.3266110707247,243.8588344369249,326.0,243.0,326.0,243.0,0.9188424138926334,TRACKING,0.69375,0.39374999999999993,37.72239999671001,26.47716080268382,True,True
2026-09-17T06:42:28.650526+00:00,0.7329583999962779,18,326.4406942100322,243.5827873183361,326.0,243.0,326.0,243.0,0.7306520684766928,TRACKING,0.73125,0.4124999999999999,37.43089998897631,26.68410027283881,True,True
2026-09-17T06:42:28.687386+00:00,0.7697890999988886,19,326.48138073831797,243.1403179070968,326.0,243.0,326.0,243.0,0.5014145293822038,TRACKING,0.7687499999999999,0.4312499999999999,36.244400005671196,27.15126239602062,True,True
2026-09-17T06:42:28.725250+00:00,0.8076753999921493,20,326.4448954231348,242.52503370867123,326.0,242.0,326.0,242.0,0.6881804507303159,TRACKING,0.8062499999999999,0.4437499999999999,37.80790000746492,26.394765394822947,True,True
2026-09-17T06:42:28.761655+00:00,0.8440884000010556,21,326.32751126192545,242.73097417549144,326.0,242.0,326.0,242.0,0.8009911809273508,TRACKING,0.8437499999999999,0.45624999999999993,36.356500000692904,27.462719351753783,True,True
2026-09-17T06:42:28.799904+00:00,0.8823375999927521,22,326.125551811278,242.75262560522202,326.0,242.0,326.0,242.0,0.7630259228564922,TRACKING,0.8812499999999999,0.46874999999999994,38.21559999778401,26.14433766502539,True,True
2026-09-17T06:42:28.836421+00:00,0.9188555000000633,23,325.8353934845835,242.58493492214427,325.0,242.0,325.0,242.0,1.0198191688865708,TRACKING,0.9124999999999999,0.48124999999999996,36.48270000121556,27.383830937698768,True,True
2026-09-17T06:42:28.876319+00:00,0.958744099989417,24,326.45346781665955,242.2233223072143,326.0,242.0,326.0,242.0,0.505475927859573,TRACKING,0.9499999999999998,0.49374999999999997,39.8562999907881,25.069819453851512,True,True
2026-09-17T06:42:28.909441+00:00,0.9918723999871872,25,325.9762636939248,241.66369264522484,325.0,241.0,325.0,241.0,1.1804993551041256,TRACKING,0.9812499999999998,0.49999999999999994,32.99449999758508,30.18567207092749,True,True
2026-09-17T06:42:28.945973+00:00,1.0283999999955995,26,326.4003295487307,241.90244576046143,326.0,241.0,326.0,241.0,0.9872548293939912,TRACKING,1.0187499999999998,0.50625,36.48480000265408,27.37655908873567,True,True
2026-09-17T06:42:28.981816+00:00,1.0642406999977538,27,325.72227551647893,241.93648541526602,325.0,241.0,325.0,241.0,1.1826609212749342,TRACKING,1.0499999999999998,0.5125,35.79090000130236,27.901240766499857,True,True
2026-09-17T06:42:29.018670+00:00,1.1011064999911468,28,325.9387755541766,241.76322704901912,325.0,241.0,325.0,241.0,1.209882254384272,TRACKING,1.0812499999999998,0.5187499999999999,36.82200000912417,27.1254116329828,True,True
2026-09-17T06:42:29.055220+00:00,1.1376400000008289,29,326.0465695191044,241.38060423819502,326.0,241.0,326.0,241.0,0.38344270268402314,TRACKING,1.11875,0.5249999999999999,36.503700001048855,27.37213789357664,True,True
2026-09-17T06:42:29.094041+00:00,1.176476399996318,30,325.0424652063002,240.78707386134465,325.0,240.0,325.0,240.0,0.7882185971912238,TRACKING,1.15,0.5249999999999999,38.74020000512246,25.749039563815202,True,True
2026-09-17T06:42:29.134802+00:00,1.2172351999906823,31,324.92334034358294,240.98161995609536,324.0,240.0,324.0,240.0,1.3476405783043588,TRACKING,1.1749999999999998,0.5249999999999999,40.730799999437295,24.53457903908524,True,True
2026-09-17T06:42:29.172372+00:00,1.2546059999876888,32,325.68614454287115,240.96375625852795,325.0,240.0,325.0,240.0,1.1830555606410256,TRACKING,1.2062499999999998,0.5249999999999999,37.334199994802475,26.758859860642573,True,True
2026-09-17T06:42:29.211163+00:00,1.293597999989288,33,325.32790120657626,240.7335274185831,325.0,240.0,325.0,240.0,0.8034809736934303,TRACKING,1.2374999999999998,0.5249999999999999,38.74839999480173,25.646286416674947,True,True
2026-09-17T06:42:29.254497+00:00,1.3369327999971574,34,324.84570938787897,240.29150888845982,324.0,240.0,324.0,240.0,0.8945399939620914,TRACKING,1.2624999999999997,0.5249999999999999,43.307300002197735,23.076142034078906,True,True
2026-09-17T06:42:29.293348+00:00,1.3757818000012776,35,325.23674560372734,239.63880548428466,325.0,239.0,325.0,239.0,0.6812642127958748,TRACKING,1.2937499999999997,0.5187499999999999,38.819399997009896,25.74068830327535,True,True
2026-09-17T06:42:29.327540+00:00,1.409971699991729,36,324.49826559942056,239.77704862464657,324.0,239.0,324.0,239.0,0.9230780967128707,TRACKING,1.3187499999999996,0.5125,34.15289999975357,29.24840377653277,True,True
2026-09-17T06:42:29.367908+00:00,1.4503374999912921,37,324.62760606367993,239.70839225290052,324.0,239.0,324.0,239.0,0.946419016681988,TRACKING,1.3437499999999996,0.50625,40.32809998898301,24.773446829019253,True,True
2026-09-17T06:42:29.403966+00:00,1.486399999994319,38,324.62218629313094,239.4355074534302,324.0,239.0,324.0,239.0,0.7594619973068296,TRACKING,1.3687499999999995,0.5,35.99630000826437,27.72963604619946,True,True
2026-09-17T06:42:29.440676+00:00,1.5230984999943757,39,324.47950980515964,238.96157577532887,324.0,238.0,324.0,238.0,1.0745034317970072,TRACKING,1.3937499999999994,0.4875,36.66220000013709,27.249070125439786,True,True
2026-09-17T06:42:29.476957+00:00,1.559388299996499,40,324.1971658981322,239.29028128018297,324.0,239.0,324.0,239.0,0.3509096935266086,TRACKING,1.4187499999999993,0.48125,36.229800010914914,27.555952359657326,True,True
2026-09-17T06:42:29.511368+00:00,1.5937952999956906,41,323.7728311580054,238.4258013338369,323.0,238.0,323.0,238.0,0.8823688427642942,TRACKING,1.4374999999999993,0.46875,34.37210000993218,29.063853286351467,True,True
2026-09-17T06:42:29.550497+00:00,1.6329317999916384,42,324.2042709103847,238.37279616515428,324.0,238.0,324.0,238.0,0.42509244357332143,TRACKING,1.4624999999999992,0.45625,39.09170000406448,25.551595060967124,True,True
2026-09-17T06:42:29.585632+00:00,1.668064699988463,43,323.48934061712316,238.1363972178723,323.0,238.0,323.0,238.0,0.5079945281297592,TRACKING,1.4812499999999993,0.44375,35.102800000458956,28.463349171015874,True,True
2026-09-17T06:42:29.618604+00:00,1.701033199991798,44,323.62598721658765,237.72219432466517,323.0,237.0,323.0,237.0,0.9557325137870564,TRACKING,1.4999999999999993,0.425,32.91979999630712,30.33198355699655,True,True
2026-09-17T06:42:29.652290+00:00,1.7347196999908192,45,323.61225040675583,238.13622173547333,323.0,238.0,323.0,238.0,0.6272215890640638,TRACKING,1.5187499999999994,0.4125,33.65029999986291,29.685482315736476,True,True
2026-09-17T06:42:29.689293+00:00,1.771726299994043,46,323.4462638703408,237.3849430350212,323.0,237.0,323.0,237.0,0.5893492870809754,TRACKING,1.5374999999999994,0.39375,36.95500000321772,27.022206847234926,True,True
2026-09-17T06:42:29.724803+00:00,1.807229300000472,47,323.12625644117907,237.47523498722177,323.0,237.0,323.0,237.0,0.4917204307519435,TRACKING,1.5562499999999995,0.375,35.467500012600794,28.16663380049345,True,True
2026-09-17T06:42:29.761716+00:00,1.8441497999883723,48,322.6505532111513,237.41437034684782,322.0,237.0,322.0,237.0,0.7713120411908887,TRACKING,1.5687499999999994,0.35625,36.874299999908544,27.085223665110824,True,True
2026-09-17T06:42:29.801995+00:00,1.8844301999924937,49,323.01757657694554,237.2099996814328,323.0,237.0,323.0,237.0,0.21073396085824006,TRACKING,1.5874999999999995,0.3375,40.24080000817776,24.825969948105787,True,True
2026-09-17T06:42:29.838183+00:00,1.9206146999931661,50,322.22584722600834,236.87013224883628,322.0,236.0,322.0,236.0,0.8989644597872337,TRACKING,1.5999999999999994,0.3125,36.156900008791126,27.636142546709696,True,True
2026-09-17T06:42:29.875486+00:00,1.9579184999893187,51,322.27398506106636,237.40311597827042,322.0,237.0,322.0,237.0,0.48741184395175785,TRACKING,1.6124999999999994,0.29375,37.2646000032546,26.806920477354563,True,True
2026-09-17T06:42:29.911996+00:00,1.9944288999977289,52,322.16071006264224,236.81761660482448,322.0,236.0,322.0,236.0,0.8332614455974674,TRACKING,1.6249999999999993,0.26875,36.46840000874363,27.38945614864939,True,True
2026-09-17T06:42:29.946339+00:00,2.028769199998351,53,321.8848430890256,237.12259600964,321.0,237.0,321.0,237.0,0.8932956250738093,TRACKING,1.6312499999999994,0.25,34.07580000930466,29.120304714341138,True,True
2026-09-17T06:42:29.983431+00:00,2.06586749998678,54,322.4453066131981,236.32728981987555,322.0,236.0,322.0,236.0,0.5526450994554652,TRACKING,1.6437499999999994,0.225,37.05389999959152,26.95541305967927,True,True
2026-09-17T06:42:30.024777+00:00,2.1072107999934815,55,321.8411253962521,236.44118432444822,321.0,236.0,321.0,236.0,0.9498081597665256,TRACKING,1.6499999999999995,0.2,41.31499999493826,24.187716022618012,True,True
2026-09-17T06:42:30.060449+00:00,2.1428850999946008,56,322.07142709688435,236.47399276325189,322.0,236.0,322.0,236.0,0.47934431235228436,TRACKING,1.6624999999999994,0.17500000000000002,35.637900000438094,28.031383936576905,True,True
2026-09-17T06:42:30.100428+00:00,2.1828593999962322,57,321.1354428165798,236.4356310491163,321.0,236.0,321.0,236.0,0.4562007973658537,TRACKING,1.6687499999999995,0.15000000000000002,39.94529999908991,25.01607282577022,True,True
2026-09-17T06:42:30.137436+00:00,2.2198521999962395,58,321.0325075801489,236.33619298318848,321.0,236.0,321.0,236.0,0.3377609579455676,TRACKING,1.6749999999999996,0.12500000000000003,36.94829999585636,27.032287364022284,True,True
2026-09-17T06:42:30.170758+00:00,2.253194099990651,59,320.76206075131523,236.1859250256873,320.0,236.0,320.0,236.0,0.7844136051038147,TRACKING,1.6749999999999996,0.10000000000000003,33.27539999736473,29.992291985987954,True,True
2026-09-17T06:42:30.209619+00:00,2.292053599987412,60,321.32364638309474,235.99520068508872,321.0,235.0,321.0,235.0,1.0465043644874885,TRACKING,1.6812499999999997,0.06875000000000003,38.83249999489635,25.73373306613197,True,True
2026-09-17T06:42:30.247870+00:00,2.3303057000011904,61,320.716913502748,236.77449458975713,320.0,236.0,320.0,236.0,1.0553704752291893,TRACKING,1.6812499999999997,0.04375000000000003,38.21759999846108,26.142355573675598,True,True
2026-09-17T06:42:30.285884+00:00,2.3683154999889666,62,320.94161633112645,236.5343563068297,320.0,236.0,320.0,236.0,1.0826716850886575,TRACKING,1.6812499999999997,0.01875000000000003,37.98189999361057,26.309004528347845,True,True
2026-09-17T06:42:30.321380+00:00,2.4038157999893883,63,320.9976144362768,236.28538397379234,320.0,236.0,320.0,236.0,1.0376312331292947,TRACKING,1.6812499999999997,-0.006249999999999971,35.45899999153335,28.16877603817774,True,True
2026-09-17T06:42:30.357614+00:00,2.44004989998939,64,320.88487282120644,236.0381978086557,320.0,236.0,320.0,236.0,0.8856968907566215,TRACKING,1.6812499999999997,-0.031249999999999972,36.20870001032017,27.59831208723161,True,True
2026-09-17T06:42:30.394337+00:00,2.4767571999982465,65,320.60346194575465,235.8034135649408,320.0,235.0,320.0,235.0,1.0048082783819325,TRACKING,1.6812499999999997,-0.06249999999999997,36.67400000267662,27.242537581318192,True,True
2026-09-17T06:42:30.434345+00:00,2.5167762999917613,66,320.1535576825582,236.59161599782385,320.0,236.0,320.0,236.0,0.6112196419894831,TRACKING,1.6812499999999997,-0.08749999999999997,39.949300000444055,24.98806820148509,True,True
2026-09-17T06:42:30.471285+00:00,2.553716099995654,67,319.53544120713656,236.41333240776103,319.0,236.0,319.0,236.0,0.6764177448924489,TRACKING,1.6749999999999996,-0.11249999999999996,36.9046999985585,27.071072390609025,True,True
2026-09-17T06:42:30.509822+00:00,2.5922367999883136,68,319.7494988221666,236.27900632771932,319.0,236.0,319.0,236.0,0.7997455941338452,TRACKING,1.6687499999999995,-0.13749999999999996,38.475100009236485,25.960068228006236,True,True
2026-09-17T06:42:30.545533+00:00,2.6279689999937546,69,319.7962217160551,236.1989714197835,319.0,236.0,319.0,236.0,0.8207061879919924,TRACKING,1.6624999999999994,-0.16249999999999995,35.65760000492446,27.985962237078297,True,True
2026-09-17T06:42:30.579702+00:00,2.6621331999922404,70,319.67620565596314,236.18342564638232,319.0,236.0,319.0,236.0,0.700641889203977,TRACKING,1.6562499999999993,-0.18749999999999994,34.1340000013588,29.270405864744955,True,True
2026-09-17T06:42:30.614492+00:00,2.696924999996554,71,319.3901506154699,236.2424057806934,319.0,236.0,319.0,236.0,0.4593234865158955,TRACKING,1.6499999999999992,-0.21249999999999994,34.750900013023056,28.742404815962782,True,True
2026-09-17T06:42:30.649994+00:00,2.7324298999883467,72,318.9388603371128,236.38576231993756,318.0,236.0,318.0,236.0,1.015022807668487,TRACKING,1.6374999999999993,-0.23749999999999993,35.47079999407288,28.16512651017639,True,True
2026-09-17T06:42:30.685587+00:00,2.768021099996986,73,319.3232418300745,236.62313486426552,319.0,236.0,319.0,236.0,0.7019845723184522,TRACKING,1.6312499999999992,-0.26249999999999996,35.56360000220593,28.096832918172684,True,True
2026-09-17T06:42:30.722986+00:00,2.805420699995011,74,318.5443048033311,236.96392802277808,318.0,236.0,318.0,236.0,1.106989138169911,TRACKING,1.6187499999999992,-0.2875,37.35690000758041,26.738253886480123,True,True
2026-09-17T06:42:30.764587+00:00,2.847020299988799,75,318.60316103461753,237.41728790690078,318.0,237.0,318.0,237.0,0.7334387710821695,TRACKING,1.6062499999999993,-0.30624999999999997,41.56309999234509,24.038692683327135,True,True
2026-09-17T06:42:30.803245+00:00,2.885678199992981,76,318.501023675602,236.99207926986884,318.0,236.0,318.0,236.0,1.1114162142137634,TRACKING,1.5937499999999993,-0.33125,38.6203999951249,25.867933847721165,True,True
2026-09-17T06:42:30.839513+00:00,2.921942199987825,77,318.2392064937068,237.69686334946078,318.0,237.0,318.0,237.0,0.7367755930086123,TRACKING,1.5812499999999994,-0.35,36.228400000254624,27.57555703017246,True,True
2026-09-17T06:42:30.871053+00:00,2.95348899999226,78,317.8191230510448,237.5398764693622,317.0,237.0,317.0,237.0,0.9810347470523,TRACKING,1.5624999999999993,-0.36874999999999997,31.47650000755675,31.698936179245518,True,True
2026-09-17T06:42:30.906854+00:00,2.9892872999917017,79,318.2422858209909,237.52900945264648,318.0,237.0,318.0,237.0,0.5818534351901345,TRACKING,1.5499999999999994,-0.38749999999999996,35.768100002314895,27.93428738279719,True,True
2026-09-17T06:42:30.943313+00:00,3.02574420000019,80,317.5103052429341,237.6717878988261,317.0,237.0,317.0,237.0,0.8436293155025115,TRACKING,1.5312499999999993,-0.40624999999999994,36.4253000007011,27.429649799274344,True,True
2026-09-17T06:42:30.979750+00:00,3.0621818999934476,81,317.6248887158059,237.97535337377343,317.0,237.0,317.0,237.0,1.1583609588003165,TRACKING,1.5124999999999993,-0.42499999999999993,36.39590000966564,27.444103227839417,True,True
2026-09-17T06:42:31.015971+00:00,3.0984032999986084,82,317.58783953101147,238.44644555952505,317.0,238.0,317.0,238.0,0.7381523906615857,TRACKING,1.4937499999999992,-0.43749999999999994,36.180199997033924,27.60798864366148,True,True
2026-09-17T06:42:31.053395+00:00,3.135828300000867,83,317.4010557454309,238.09138540858703,317.0,238.0,317.0,238.0,0.4113356340578068,TRACKING,1.4749999999999992,-0.44999999999999996,37.39149999455549,26.720106878815063,True,True
2026-09-17T06:42:31.091894+00:00,3.1743284999975003,84,317.066528995196,237.916059344845,317.0,237.0,317.0,237.0,0.9184720085444258,TRACKING,1.4562499999999992,-0.46874999999999994,38.46559999510646,25.97389104699306,True,True
2026-09-17T06:42:31.131479+00:00,3.213905899989186,85,316.58634325098217,238.9259045505704,316.0,238.0,316.0,238.0,1.0959460044816653,TRACKING,1.4312499999999992,-0.48124999999999996,39.542400001664646,25.266945282158034,True,True
2026-09-17T06:42:31.166896+00:00,3.2493266999954358,86,316.9626735155945,239.12589537629634,316.0,239.0,316.0,239.0,0.9708707140499305,TRACKING,1.4062499999999993,-0.48749999999999993,35.35890000057407,28.231999272279346,True,True
2026-09-17T06:42:31.198832+00:00,3.2812646999955177,87,317.19778446466205,238.5205309075318,317.0,238.0,317.0,238.0,0.5568403004071503,TRACKING,1.3874999999999993,-0.49999999999999994,31.894300002022646,31.310664412218483,True,True
2026-09-17T06:42:31.235593+00:00,3.318020999999135,88,316.29402903128937,239.11382371939112,316.0,239.0,316.0,239.0,0.31529178602842417,TRACKING,1.3624999999999994,-0.50625,36.72060000826605,27.20622042756189,True,True
2026-09-17T06:42:31.271673+00:00,3.3541049999912502,89,316.25384693554963,238.9092898472457,316.0,238.0,316.0,238.0,0.9440584160908961,TRACKING,1.3374999999999995,-0.5187499999999999,36.015399993630126,27.713113851527165,True,True
2026-09-17T06:42:31.309473+00:00,3.3918978000001516,90,316.07976315973883,239.90993999846677,316.0,239.0,316.0,239.0,0.9134292323224744,TRACKING,1.3124999999999996,-0.5249999999999999,37.741099993581884,26.460066461454787,True,True
2026-09-17T06:42:31.342566+00:00,3.4249966999923345,91,315.77438637034476,240.11827202722492,315.0,240.0,315.0,240.0,0.7833661487450294,TRACKING,1.2812499999999996,-0.5249999999999999,33.03880000021309,30.212484409940377,True,True
2026-09-17T06:42:31.394902+00:00,3.4772957999957725,92,316.3404072877145,239.5362646911555,316.0,239.0,316.0,239.0,0.6351826040669517,TRACKING,1.2562499999999996,-0.5312499999999999,51.61289998795837,19.12078792817202,True,True
2026-09-17T06:42:31.443110+00:00,3.525539700000081,93,315.78059700444265,240.16537270549526,315.0,240.0,315.0,240.0,0.7979221860981601,TRACKING,1.2249999999999996,-0.5312499999999999,48.11770000378601,20.728009135055206,True,True
2026-09-17T06:42:31.483843+00:00,3.566274599987082,94,316.09780525352807,240.0065231070514,316.0,240.0,316.0,240.0,0.09802254099590185,TRACKING,1.1999999999999997,-0.5312499999999999,40.61630000069272,24.54897398346658,True,True
2026-09-17T06:42:31.528632+00:00,3.611060600000201,95,315.29495862738344,240.06011293709287,315.0,240.0,315.0,240.0,0.3010218548109959,TRACKING,1.1687499999999997,-0.5312499999999999,44.75260000617709,22.328406191825177,True,True
2026-09-17T06:42:31.566922+00:00,3.649356699999771,96,315.3750587488107,240.32600824895354,315.0,240.0,315.0,240.0,0.4969410864933732,TRACKING,1.1374999999999997,-0.5312499999999999,38.24470000108704,26.11231953152464,True,True
2026-09-17T06:42:31.604803+00:00,3.6872373999940464,97,315.34118039508456,240.80354444282938,315.0,240.0,315.0,240.0,0.872976364853043,TRACKING,1.1062499999999997,-0.5312499999999999,37.84930000256281,26.398667399259338,True,True
2026-09-17T06:42:31.641553+00:00,3.723983899995801,98,315.196469576316,241.49152792693172,315.0,241.0,315.0,241.0,0.5293392082319184,TRACKING,1.0749999999999997,-0.5249999999999999,36.713500012410805,27.213476112071923,True,True
2026-09-17T06:42:31.679533+00:00,3.7619635999872116,99,314.94414156929935,241.38823910084523,314.0,241.0,314.0,241.0,1.020849108489665,TRACKING,1.0374999999999996,-0.5187499999999999,37.918800007901154,26.329855165421467,True,True
2026-09-17T06:42:31.713335+00:00,3.7957692999916617,100,315.5874789080683,241.49143665363323,315.0,241.0,315.0,241.0,0.7659252260889151,TRACKING,1.0062499999999996,-0.5125,33.76170000410639,29.580810332824466,True,True
2026-09-17T06:42:31.751624+00:00,3.834059000000707,101,315.1298293324191,241.798363165948,315.0,241.0,315.0,241.0,0.808850666253595,TRACKING,0.9749999999999996,-0.50625,38.26050000498071,26.116684115147667,True,True
2026-09-17T06:42:31.791525+00:00,3.873955199989723,102,314.5746036956826,242.30575200214275,314.0,242.0,314.0,242.0,0.6508868518462984,TRACKING,0.9374999999999997,-0.49374999999999997,39.86299999814946,25.065043795532162,True,True
2026-09-17T06:42:31.825511+00:00,3.907942899997579,103,314.9252738330511,242.00983547516012,314.0,242.0,314.0,242.0,0.9253261061381088,TRACKING,0.8999999999999997,-0.48124999999999996,33.93950000463519,29.42240868810954,True,True
2026-09-17T06:42:31.863800+00:00,3.9462356000003638,104,315.1853703917954,241.90635426378697,315.0,241.0,315.0,241.0,0.9251163351920633,TRACKING,0.8687499999999997,-0.475,38.24589999567252,26.114638036160283,True,True
2026-09-17T06:42:31.899367+00:00,3.9818015999917407,105,314.3584806247241,242.99056805873968,314.0,242.0,314.0,242.0,1.0534388626293847,TRACKING,0.8312499999999997,-0.46249999999999997,35.536299998057075,28.11674071423421,True,True
2026-09-17T06:42:31.934083+00:00,4.016516399991815,106,314.44824614826825,243.25726741096844,314.0,243.0,314.0,243.0,0.5168279502733273,TRACKING,0.7937499999999997,-0.44375,34.684199999901466,28.806157604187813,True,True
2026-09-17T06:42:31.973135+00:00,4.055566099996213,107,314.45836066658933,242.70078675256678,314.0,242.0,314.0,242.0,0.8373748104936724,TRACKING,0.7562499999999998,-0.43124999999999997,39.01659999974072,25.60839135479599,True,True
2026-09-17T06:42:32.007876+00:00,4.090307499995106,108,314.3925676631341,243.3150185577411,314.0,243.0,314.0,243.0,0.5033349400348265,TRACKING,0.7187499999999998,-0.4125,34.70090001064818,28.78410196571995,True,True
2026-09-17T06:42:32.043143+00:00,4.125577399987378,109,314.25465806107957,243.093428608444,314.0,243.0,314.0,243.0,0.2712556597540119,TRACKING,0.6812499999999998,-0.39375,35.22379999049008,28.352788077627185,True,True
2026-09-17T06:42:32.079241+00:00,4.1616516999929445,110,314.0484678541296,243.02907232651668,314.0,243.0,314.0,243.0,0.056518431091311834,TRACKING,0.6437499999999998,-0.375,36.03799999109469,27.72056560614338,True,True
2026-09-17T06:42:32.115330+00:00,4.197762600000715,111,313.777875709143,243.1146121315178,313.0,243.0,313.0,243.0,0.7862738451492608,TRACKING,0.5999999999999999,-0.35625,36.00269999878947,27.69246958078637,True,True
2026-09-17T06:42:32.150908+00:00,4.233343199986848,112,314.44680054209425,243.34233578085272,314.0,243.0,314.0,243.0,0.5628716650070066,TRACKING,0.5624999999999999,-0.3375,35.54559999611229,28.105203408310434,True,True
2026-09-17T06:42:32.187388+00:00,4.269819900000584,113,314.0591990688771,243.7041756463642,314.0,243.0,314.0,243.0,0.7066596568988227,TRACKING,0.5249999999999999,-0.31875000000000003,36.446499987505376,27.41476064510835,True,True
2026-09-17T06:42:32.224171+00:00,4.306602199998451,114,313.619063332487,244.1917288792008,313.0,244.0,313.0,244.0,0.6480735859063196,TRACKING,0.4812499999999999,-0.29375,36.74450000107754,27.186989395931946,True,True
2026-09-17T06:42:32.260253+00:00,4.342684299990651,115,314.1304182081236,243.79627841256303,314.0,243.0,314.0,243.0,0.8068879843720985,TRACKING,0.44374999999999987,-0.275,36.04420000920072,27.71457315999288,True,True
2026-09-17T06:42:32.298054+00:00,4.380482499997015,116,313.59731888777515,244.5088147498307,313.0,244.0,313.0,244.0,0.7846542571975286,TRACKING,0.39999999999999986,-0.25,37.720100008300506,26.45628627372823,True,True
2026-09-17T06:42:32.331281+00:00,4.413713799993275,117,314.0238483458554,244.320058483612,314.0,244.0,314.0,244.0,0.32094575325442964,TRACKING,0.3624999999999998,-0.225,32.70330000668764,30.09211195808036,True,True
2026-09-17T06:42:32.367063+00:00,4.449494299988146,118,313.4141147874773,244.22048348942994,313.0,244.0,313.0,244.0,0.469152455304829,TRACKING,0.3187499999999998,-0.2,35.74369999114424,27.94818407074637,True,True
2026-09-17T06:42:32.404575+00:00,4.487008500000229,119,313.7722490809588,244.20034073607204,313.0,244.0,313.0,244.0,0.7978126682195226,TRACKING,0.2749999999999998,-0.17500000000000002,37.469899994903244,26.656572702547415,True,True
2026-09-17T06:42:32.437231+00:00,4.51966249999532,120,314.1024021761642,244.2496826530913,314.0,244.0,314.0,244.0,0.2698659536471345,TRACKING,0.2374999999999998,-0.15000000000000002,32.615899996017106,30.62411956116659,True,True
2026-09-17T06:42:32.472689+00:00,4.555120899996837,121,313.4087425102961,244.35838799455172,313.0,244.0,313.0,244.0,0.543610517155416,TRACKING,0.19374999999999978,-0.12500000000000003,35.41650000261143,28.202062133577087,True,True
2026-09-17T06:42:32.508015+00:00,4.59043679999013,122,313.695453402758,244.51618713687193,313.0,244.0,313.0,244.0,0.8660857900229825,TRACKING,0.14999999999999977,-0.10000000000000003,35.27729999041185,28.315857735182025,True,True
2026-09-17T06:42:32.541260+00:00,4.6236642000003485,123,313.9667304407148,244.71268774753608,313.0,244.0,313.0,244.0,1.2010377056914903,TRACKING,0.10624999999999976,-0.07500000000000004,33.16910000285134,30.09564394723804,True,True
2026-09-17T06:42:32.574526+00:00,4.65695119999873,124,314.2267788569885,244.93740076051282,314.0,244.0,314.0,244.0,0.9644422407728849,TRACKING,0.06874999999999976,-0.05000000000000004,33.187199995154515,30.04175804514155,True,True
2026-09-17T06:42:32.608903+00:00,4.691337600001134,125,313.479810901924,245.17976659345766,313.0,245.0,313.0,245.0,0.5123812347544456,TRACKING,0.02499999999999975,-0.018750000000000037,34.3330000032438,29.081264684005458,True,True
2026-09-17T06:42:32.645744+00:00,4.728175799988094,126,313.73004321086984,244.4291815411698,313.0,244.0,313.0,244.0,0.8468529299813728,TRACKING,-0.018750000000000253,0.006249999999999964,36.8080999905942,27.145734600332958,True,True
2026-09-17T06:42:32.684285+00:00,4.766716699989047,127,313.9816941689187,244.6750242793323,313.0,244.0,313.0,244.0,1.1913778657407745,TRACKING,-0.06250000000000025,0.031249999999999965,38.50209999654908,25.946462069522767,True,True
2026-09-17T06:42:32.723363+00:00,4.805794899992179,128,314.23898127455345,244.90668241229196,314.0,244.0,314.0,244.0,0.937648679595271,TRACKING,-0.10000000000000026,0.05624999999999997,39.03889999492094,25.589714979703448,True,True
2026-09-17T06:42:32.755991+00:00,4.838411199991242,129,313.5061185038483,245.11357899852138,313.0,245.0,313.0,245.0,0.5187062066746201,TRACKING,-0.14375000000000027,0.08749999999999997,32.5518000026932,30.65951686821408,True,True
2026-09-17T06:42:32.788937+00:00,4.871367799991276,130,313.7873136768708,244.2851989874643,313.0,244.0,313.0,244.0,0.8373776258286636,TRACKING,-0.18750000000000028,0.11249999999999996,32.89930000028107,30.342935861070792,True,True
2026-09-17T06:42:32.823450+00:00,4.9058822999941185,131,314.0867658279312,244.41111550168625,314.0,244.0,314.0,244.0,0.420171708499421,TRACKING,-0.22500000000000028,0.13749999999999996,34.478600005968474,28.9733300473032,True,True
2026-09-17T06:42:32.857101+00:00,4.939532699994743,132,313.4086625813229,244.48101589863717,313.0,244.0,313.0,244.0,0.6311746193528617,TRACKING,-0.26875000000000027,0.16249999999999995,33.617699999012984,29.71732876820025,True,True
2026-09-17T06:42:32.891750+00:00,4.974181199999293,133,313.7571775341935,244.48472754688805,313.0,244.0,313.0,244.0,0.8990431652592883,TRACKING,-0.3125000000000003,0.18749999999999994,34.60810000251513,28.861278262224005,True,True
2026-09-17T06:42:32.927614+00:00,5.010043199989013,134,314.13646764818213,244.41224325241086,314.0,244.0,314.0,244.0,0.4342440767110668,TRACKING,-0.3500000000000003,0.21249999999999994,35.82790000655223,27.88466901697208,True,True
2026-09-17T06:42:32.965596+00:00,5.048027899989393,135,313.55067065145414,244.2537462713525,313.0,244.0,313.0,244.0,0.606321149720363,TRACKING,-0.3937500000000003,0.23749999999999993,37.943799994536676,26.32638930911699,True,True
2026-09-17T06:42:33.000497+00:00,5.082915799997863,136,314.0039024527555,243.99963484678176,314.0,243.0,314.0,243.0,0.9996424641029917,TRACKING,-0.43125000000000036,0.2562499999999999,34.84799999569077,28.663232804416456,True,True
2026-09-17T06:42:33.037359+00:00,5.119788500000141,137,313.5002545691041,244.640546208081,313.0,244.0,313.0,244.0,0.8127447807254362,TRACKING,-0.47500000000000037,0.28124999999999994,36.80050000548363,27.120335639598935,True,True
2026-09-17T06:42:33.073006+00:00,5.155437900000834,138,314.04379156872415,244.16737997299703,314.0,244.0,314.0,244.0,0.1730137475803775,TRACKING,-0.5125000000000004,0.30624999999999997,35.60369998740498,28.05096298901392,True,True
2026-09-17T06:42:33.108506+00:00,5.190938499988988,139,313.638548530824,243.57132089385703,313.0,243.0,313.0,243.0,0.8568265810390497,TRACKING,-0.5562500000000004,0.32499999999999996,35.46250000363216,28.1685380059402,True,True
2026-09-17T06:42:33.143700+00:00,5.226133599993773,140,314.2885285238027,243.84386089109705,314.0,243.0,314.0,243.0,0.8918239246459367,TRACKING,-0.5937500000000003,0.34374999999999994,35.15799999877345,28.413046130400264,True,True
2026-09-17T06:42:33.177443+00:00,5.259873499991954,141,313.9977001034624,243.97682031902997,313.0,243.0,313.0,243.0,1.396274841182328,TRACKING,-0.6375000000000003,0.36249999999999993,33.704400004353374,29.63849922655069,True,True
2026-09-17T06:42:33.216259+00:00,5.29869250000047,142,314.7699948327908,243.96236841069953,314.0,243.0,314.0,243.0,1.2324954362742628,TRACKING,-0.6750000000000003,0.3812499999999999,38.77739999734331,25.76058115305965,True,True
2026-09-17T06:42:33.251425+00:00,5.333847599991714,143,314.60930482486134,243.79304285071998,314.0,243.0,314.0,243.0,1.0000846627548032,TRACKING,-0.7125000000000002,0.3999999999999999,35.119799998938106,28.445374931349555,True,True
2026-09-17T06:42:33.286379+00:00,5.368810899992241,144,314.5194803103899,243.46176842717801,314.0,243.0,314.0,243.0,0.6950466698152284,TRACKING,-0.7500000000000002,0.4187499999999999,34.89229999831878,28.601419201989764,True,True
2026-09-17T06:42:33.322988+00:00,5.405421799994656,145,314.5043272314656,242.96187471597796,314.0,242.0,314.0,242.0,1.0860704054689205,TRACKING,-0.7875000000000002,0.4312499999999999,36.57200001180172,27.31426979216649,True,True
2026-09-17T06:42:33.359052+00:00,5.441484399998444,146,314.5676048629611,243.287112753428,314.0,243.0,314.0,243.0,0.6360888409947973,TRACKING,-0.8250000000000002,0.4499999999999999,36.0287000075914,27.729559152555655,True,True
2026-09-17T06:42:33.396569+00:00,5.479001200001221,147,314.7130234631082,242.431670655395,314.0,242.0,314.0,242.0,0.8335118557476842,TRACKING,-0.8625000000000002,0.4624999999999999,37.483899999642745,26.654725347736996,True,True
2026-09-17T06:42:33.431119+00:00,5.513552199990954,148,314.9442419547068,242.39018814398827,314.0,242.0,314.0,242.0,1.0216847149377948,TRACKING,-0.9000000000000001,0.4749999999999999,34.51579999818932,28.942722361064863,True,True
2026-09-17T06:42:33.465281+00:00,5.547714000000269,149,315.26486563841786,242.15776994546252,315.0,242.0,315.0,242.0,0.30829395405318355,TRACKING,-0.9312500000000001,0.48749999999999993,34.125200007110834,29.272462215905776,True,True
2026-09-17T06:42:33.502406+00:00,5.584834799999953,150,314.6784439395672,241.7299980258528,314.0,241.0,314.0,241.0,0.9965858201301492,TRACKING,-0.9687500000000001,0.4937499999999999,37.084600000525825,26.93907458913898,True,True
2026-09-17T06:42:33.540368+00:00,5.622799799995846,151,315.1884681898708,242.1029426337588,315.0,242.0,315.0,242.0,0.21474972511825297,TRACKING,-1.0,0.5062499999999999,37.92139999859501,26.340050048944608,True,True
2026-09-17T06:42:33.575058+00:00,5.657490499987034,152,314.7983694454658,241.27317212267636,314.0,241.0,314.0,241.0,0.8438108674702601,TRACKING,-1.0375,0.5124999999999998,34.649700013687834,28.826169557086363,True,True
2026-09-17T06:42:33.611094+00:00,5.69352760000038,153,315.51151634261225,241.237761528327,315.0,241.0,315.0,241.0,0.5640740315878878,TRACKING,-1.06875,0.5187499999999998,35.98849999252707,27.749180695163425,True,True
2026-09-17T06:42:33.645407+00:00,5.727823199995328,154,315.33121299240486,240.99429987954508,315.0,240.0,315.0,240.0,1.0480144544810175,TRACKING,-1.1,0.5187499999999998,34.256999992066994,29.15825937284385,True,True
2026-09-17T06:42:33.684651+00:00,5.767084999999497,155,315.2606969158113,241.54089622445,315.0,241.0,315.0,241.0,0.6004428428566599,TRACKING,-1.13125,0.5249999999999998,39.18789999443106,25.470049765772497,True,True
2026-09-17T06:42:33.724967+00:00,5.8074014999874635,156,315.303137020327,240.8761843568415,315.0,240.0,315.0,240.0,0.9271413485906307,TRACKING,-1.1625,0.5249999999999998,40.27979999955278,24.80374041145632,True,True
2026-09-17T06:42:33.761724+00:00,5.8441557999904035,157,315.4616316195113,240.9993262310031,315.0,240.0,315.0,240.0,1.1007981959030848,TRACKING,-1.19375,0.5249999999999998,36.71820000454318,27.20770086547722,True,True
2026-09-17T06:42:33.794470+00:00,5.876892499989481,158,315.7392064966417,240.91001405638067,315.0,240.0,315.0,240.0,1.1724128229799118,TRACKING,-1.225,0.5249999999999998,32.69309998722747,30.54675639353347,True,True
2026-09-17T06:42:33.829995+00:00,5.912429299991345,159,316.1388130136986,240.6084710668977,316.0,240.0,316.0,240.0,0.6241042316982849,TRACKING,-1.25,0.5249999999999998,35.485100001096725,28.139843766111138,True,True
2026-09-17T06:42:33.863890+00:00,5.946321799987345,160,315.66332626685937,240.09545096298748,315.0,240.0,315.0,240.0,0.6701586548279657,TRACKING,-1.28125,0.5249999999999998,33.86090000276454,29.505052743763994,True,True
2026-09-17T06:42:33.895869+00:00,5.978282299998682,161,316.31554328965746,239.37223602773398,316.0,239.0,316.0,239.0,0.4879828152619906,TRACKING,-1.30625,0.5187499999999998,31.916299994918518,31.288621881550075,True,True
2026-09-17T06:42:33.929632+00:00,6.012063199988916,162,316.0981813049274,239.44063392183236,316.0,239.0,316.0,239.0,0.45143972101113095,TRACKING,-1.3312499999999998,0.5124999999999998,33.719899991410784,29.602526880252164,True,True
2026-09-17T06:42:33.963982+00:00,6.046403000000282,163,316.0138760266281,239.3029731653783,316.0,239.0,316.0,239.0,0.30329075662526367,TRACKING,-1.3562499999999997,0.5062499999999999,34.29359999427106,29.120728707476346,True,True
2026-09-17T06:42:33.998718+00:00,6.081149599995115,164,316.06518001260906,238.9620973177807,316.0,238.0,316.0,238.0,0.964302692583876,TRACKING,-1.3812499999999996,0.49374999999999986,34.69359999871813,28.779794286310466,True,True
2026-09-17T06:42:34.033459+00:00,6.115886100000353,165,316.25456106934337,239.42135787034394,316.0,239.0,316.0,239.0,0.49228426028669536,TRACKING,-1.4062499999999996,0.4874999999999999,34.694100002525374,28.788162303318256,True,True
2026-09-17T06:42:34.072032+00:00,6.1544663999957265,166,316.5844007096294,238.68460586928495,316.0,238.0,316.0,238.0,0.9001163178582758,TRACKING,-1.4312499999999995,0.47499999999999987,38.477900001453236,25.919964337237072,True,True
2026-09-17T06:42:34.108299+00:00,6.190734199990402,167,317.05699266422323,238.75618229012358,317.0,238.0,317.0,238.0,0.7583269873028373,TRACKING,-1.4499999999999995,0.46249999999999986,36.23399999924004,27.572667769945028,True,True
2026-09-17T06:42:34.144304+00:00,6.22673679998843,168,316.67454144833107,238.64090718750387,316.0,238.0,316.0,238.0,0.9304666509395695,TRACKING,-1.4749999999999994,0.44999999999999984,35.97379999700934,27.77577175133944,True,True
2026-09-17T06:42:34.178744+00:00,6.261173999999301,169,317.43916098385944,238.34406764756855,317.0,238.0,317.0,238.0,0.5578932835657243,TRACKING,-1.4937499999999995,0.43749999999999983,34.35229999013245,29.03836547931702,True,True
2026-09-17T06:42:34.220124+00:00,6.302538199990522,170,317.35287327828235,237.87140457299668,317.0,237.0,317.0,237.0,0.9401412023548686,TRACKING,-1.5124999999999995,0.41874999999999984,41.321299999253824,24.1754947566307,True,True
2026-09-17T06:42:34.282379+00:00,6.3648132999951486,171,317.41760716095274,238.22909833373646,317.0,238.0,317.0,238.0,0.4763210969501884,TRACKING,-1.5312499999999996,0.40624999999999983,62.185900009353645,16.057782322721437,True,True
2026-09-17T06:42:34.324755+00:00,6.407184199997573,172,317.63519707764715,237.42375331929966,317.0,237.0,317.0,237.0,0.7635720025439388,TRACKING,-1.5499999999999996,0.38749999999999984,42.33939999539871,23.60110358625322,True,True
2026-09-17T06:42:34.362145+00:00,6.444575299989083,173,318.00738194409587,237.46238143122682,318.0,237.0,318.0,237.0,0.4624403540371384,TRACKING,-1.5624999999999996,0.36874999999999986,37.33739999006502,26.74433221346972,True,True
2026-09-17T06:42:34.397082+00:00,6.4795142999937525,174,317.5358040592186,237.35238455698553,317.0,237.0,317.0,237.0,0.641296238782843,TRACKING,-1.5812499999999996,0.34999999999999987,34.89380000974052,28.62131142466437,True,True
2026-09-17T06:42:34.432871+00:00,6.515305399996578,175,318.2220080787401,237.1015360691064,318.0,237.0,318.0,237.0,0.24412529642674374,TRACKING,-1.5937499999999996,0.3312499999999999,35.74560000561178,27.93990684614506,True,True
2026-09-17T06:42:34.466283+00:00,6.548714299991843,176,318.06744004983057,236.7179613957998,318.0,236.0,318.0,236.0,0.7211218525186517,TRACKING,-1.6062499999999995,0.30624999999999986,33.375899991369806,29.932143834179303,True,True
2026-09-17T06:42:34.497995+00:00,6.58042949999799,177,318.07344650737423,237.21011771161753,318.0,237.0,318.0,237.0,0.2225844607803052,TRACKING,-1.6187499999999995,0.28749999999999987,31.672400000388734,31.5306225345003,True,True
2026-09-17T06:42:34.531940+00:00,6.614376199999242,178,318.2412736324274,236.58677279892024,318.0,236.0,318.0,236.0,0.634440921802341,TRACKING,-1.6312499999999994,0.26249999999999984,33.91489999194164,29.457944364639925,True,True
2026-09-17T06:42:34.567195+00:00,6.649625599995488,179,318.57206647339746,236.85698313298812,318.0,236.0,318.0,236.0,1.030378639244591,TRACKING,-1.6437499999999994,0.23749999999999985,35.21600000385661,28.369277210576413,True,True
2026-09-17T06:42:34.601799+00:00,6.684232399988105,180,319.06686823042367,237.03007124554935,319.0,237.0,319.0,237.0,0.0733187564602795,TRACKING,-1.6499999999999995,0.21874999999999983,34.56719999667257,28.896055116721573,True,True
2026-09-17T06:42:34.631721+00:00,6.71415299999353,181,318.72661960341156,236.11560242330498,318.0,236.0,318.0,236.0,0.7357580909075764,TRACKING,-1.6624999999999994,0.19374999999999984,29.886400006944314,33.42178966393286,True,True
2026-09-17T06:42:34.665295+00:00,6.747723799999221,182,319.55215820412604,236.12336079969495,319.0,236.0,319.0,236.0,0.565770774505962,TRACKING,-1.6687499999999995,0.16874999999999984,33.530000000610016,29.787791766370592,True,True
2026-09-17T06:42:34.702785+00:00,6.785216699994635,183,319.5442180327113,236.0633248996588,319.0,236.0,319.0,236.0,0.5478898703616794,TRACKING,-1.6749999999999996,0.14374999999999985,37.44339999684598,26.67171651492221,True,True
2026-09-17T06:42:34.739252+00:00,6.821684099995764,184,319.7034290189645,235.9456426985209,319.0,235.0,319.0,235.0,1.178580713395274,TRACKING,-1.6812499999999997,0.11249999999999985,36.42190000391565,27.42175202973168,True,True
2026-09-17T06:42:34.773188+00:00,6.8556196999998065,185,320.03031662865055,236.78060625733687,320.0,236.0,320.0,236.0,0.7811947433042623,TRACKING,-1.6812499999999997,0.08749999999999986,33.87859999202192,29.467579765228177,True,True
2026-09-17T06:42:34.806153+00:00,6.88858519999485,186,319.52530153510247,236.57862599810028,319.0,236.0,319.0,236.0,0.7815047974635579,TRACKING,-1.6874999999999998,0.062499999999999854,32.92409999994561,30.334743903485588,True,True
2026-09-17T06:42:34.842296+00:00,6.9247283000004245,187,320.18869935631494,236.3502046831105,320.0,236.0,320.0,236.0,0.39780744983747157,TRACKING,-1.6874999999999998,0.03749999999999985,36.09009999490809,27.667798275348964,True,True
2026-09-17T06:42:34.874459+00:00,6.95688679999148,188,320.02072045769273,236.10591116353544,320.0,236.0,320.0,236.0,0.10791900633543051,TRACKING,-1.6874999999999998,0.012499999999999852,32.11719999671914,31.095977743928838,True,True
2026-09-17T06:42:34.908258+00:00,6.990689999991446,189,320.02146982057945,235.8563539627889,320.0,235.0,320.0,235.0,0.8566230575813056,TRACKING,-1.6874999999999998,-0.01875000000000015,33.75469999446068,29.58299805938532,True,True
2026-09-17T06:42:34.944433+00:00,7.026851399990846,190,320.19094697664787,236.61215476074625,320.0,236.0,320.0,236.0,0.6412442584501317,TRACKING,-1.6874999999999998,-0.04375000000000015,36.119399999734014,27.653796590192183,True,True
2026-09-17T06:42:34.977930+00:00,7.060359199997038,191,320.5290460081921,236.3839218450761,320.0,236.0,320.0,236.0,0.6536709125474531,TRACKING,-1.6874999999999998,-0.06875000000000014,33.43280000262894,29.84379755803812,True,True
2026-09-17T06:42:35.008541+00:00,7.090970799996285,192,321.035555614323,236.1822235960466,321.0,236.0,321.0,236.0,0.18566001364334153,TRACKING,-1.6812499999999997,-0.09375000000000014,30.568400004995055,32.66735485974581,True,True
2026-09-17T06:42:35.041468+00:00,7.123898199992254,193,320.7101592430243,236.0175620710784,320.0,236.0,320.0,236.0,0.7103763627777883,TRACKING,-1.6812499999999997,-0.11875000000000013,32.8635000041686,30.369843963459076,True,True
2026-09-17T06:42:35.074372+00:00,7.1568071999936365,194,321.5524352889874,235.90034675506976,321.0,235.0,321.0,235.0,1.056318620437621,TRACKING,-1.6749999999999996,-0.15000000000000013,32.86300000036135,30.38682427171907,True,True
2026-09-17T06:42:35.106839+00:00,7.189269399998011,195,321.56185735710085,236.84086854210676,321.0,236.0,321.0,236.0,1.0113078635277692,TRACKING,-1.6687499999999995,-0.17500000000000013,32.427300000563264,30.805059418808334,True,True
2026-09-17T06:42:35.140098+00:00,7.222531699997489,196,321.7377945914302,236.8492740135861,321.0,236.0,321.0,236.0,1.1249920929927892,TRACKING,-1.6624999999999994,-0.20000000000000012,33.21649999998044,30.06406652623797,True,True
2026-09-17T06:42:35.172365+00:00,7.254787199999555,197,322.07951206948235,236.93554007704702,322.0,236.0,322.0,236.0,0.9389128846461288,TRACKING,-1.6499999999999995,-0.22500000000000012,32.21939998911694,31.0024646939579,True,True
2026-09-17T06:42:35.204187+00:00,7.286620699989726,198,321.58617126150824,237.1094490290977,321.0,237.0,321.0,237.0,0.5963018009268399,TRACKING,-1.6437499999999994,-0.24375000000000013,31.76779999921564,31.41344810682986,True,True
2026-09-17T06:42:35.237463+00:00,7.319896499990136,199,322.256830554557,236.38056410476813,322.0,236.0,322.0,236.0,0.459119779133957,TRACKING,-1.6312499999999994,-0.26875000000000016,33.24439999414608,30.051869526432508,True,True
2026-09-17T06:42:35.270960+00:00,7.353389699987019,200,322.0904458409525,236.7582055744036,322.0,236.0,322.0,236.0,0.7635811307269867,TRACKING,-1.6187499999999995,-0.2937500000000002,33.45709999848623,29.8568067575825,True,True
2026-09-17T06:42:35.301694+00:00,7.384129599988228,201,322.08587117082766,237.25142744784193,322.0,237.0,322.0,237.0,0.2656870706444356,TRACKING,-1.6062499999999995,-0.31250000000000017,30.66009999020025,32.53101018418059,True,True
2026-09-17T06:42:35.336522+00:00,7.418949599988991,202,322.2418594683052,236.86899484410495,322.0,236.0,322.0,236.0,0.9020244129123475,TRACKING,-1.5937499999999996,-0.3375000000000002,34.791099998983555,28.71912693791119,True,True
2026-09-17T06:42:35.372170+00:00,7.454599799995776,203,322.5570633108795,237.6193620831652,322.0,237.0,322.0,237.0,0.8330239626750331,TRACKING,-1.5812499999999996,-0.3562500000000002,35.594999993918464,28.050333513127054,True,True
2026-09-17T06:42:35.407302+00:00,7.489731199995731,204,323.0300357715123,237.51065155454882,323.0,237.0,323.0,237.0,0.5115341217684903,TRACKING,-1.5624999999999996,-0.37500000000000017,35.09720000147354,28.464564463735815,True,True
2026-09-17T06:42:35.445092+00:00,7.5275196000002325,205,322.65923132291414,237.55063341559242,322.0,237.0,322.0,237.0,0.8589430106113526,TRACKING,-1.5499999999999996,-0.39375000000000016,37.74640000483487,26.46314741774929,True,True
2026-09-17T06:42:35.477220+00:00,7.559649199989508,206,323.44300680344975,237.7467061700955,323.0,237.0,323.0,237.0,0.8682310362809338,TRACKING,-1.5312499999999996,-0.41250000000000014,32.081099998322316,31.12394802094612,True,True
2026-09-17T06:42:35.511088+00:00,7.593519399990328,207,323.3796224440594,238.1058781759149,323.0,238.0,323.0,238.0,0.39411088308838477,TRACKING,-1.5124999999999995,-0.42500000000000016,33.8216999953147,29.52447874461318,True,True
2026-09-17T06:42:35.548045+00:00,7.630474899997353,208,323.46724295555856,237.63475012771946,323.0,237.0,323.0,237.0,0.7881774572765742,TRACKING,-1.4937499999999995,-0.44375000000000014,36.921999999322,27.059571641837003,True,True
2026-09-17T06:42:35.584763+00:00,7.667194699999527,209,323.7039386756342,238.3394985586909,323.0,238.0,323.0,238.0,0.7815298653326446,TRACKING,-1.4749999999999994,-0.45625000000000016,36.66490000614431,27.23326379612042,True,True
2026-09-17T06:42:35.619360+00:00,7.701793499989435,210,324.0876867748201,238.22586040240807,324.0,238.0,324.0,238.0,0.24228473301941228,TRACKING,-1.4499999999999995,-0.46875000000000017,34.559199993964285,28.902736519523405,True,True
2026-09-17T06:42:35.653942+00:00,7.7363760999869555,211,323.6163725207001,238.29911865350002,323.0,238.0,323.0,238.0,0.685118276756555,TRACKING,-1.4312499999999995,-0.4812500000000002,34.54690000216942,28.916275817078514,True,True
2026-09-17T06:42:35.686544+00:00,7.7689628999942215,212,324.2877905995467,238.5640891629114,324.0,238.0,324.0,238.0,0.6332614096102273,TRACKING,-1.4062499999999996,-0.4937500000000002,32.55190000345465,30.68727214016186,True,True
2026-09-17T06:42:35.724652+00:00,7.807075999997323,213,324.0996464945703,239.0251086007829,324.0,239.0,324.0,239.0,0.10276120724002628,TRACKING,-1.3812499999999996,-0.5000000000000002,36.67489999497775,26.23769779730891,True,True
2026-09-17T06:42:35.756255+00:00,7.838686399991275,214,324.049557919918,238.686023617034,324.0,238.0,324.0,238.0,0.6878113044687668,TRACKING,-1.3562499999999997,-0.5125000000000002,31.556100002489984,31.63515805530292,True,True
2026-09-17T06:42:35.788707+00:00,7.871138599992264,215,324.13505630952386,239.55018122674235,324.0,239.0,324.0,239.0,0.566515303413708,TRACKING,-1.3312499999999998,-0.5187500000000002,32.410200001322664,30.81455186303291,True,True
2026-09-17T06:42:35.825058+00:00,7.907481399990502,216,324.3535883598835,239.62042044434824,324.0,239.0,324.0,239.0,0.7141052135437427,TRACKING,-1.30625,-0.5250000000000001,36.30029999476392,27.51576653555834,True,True
2026-09-17T06:42:35.857209+00:00,7.939641299992218,217,324.7025176257842,239.89906518759767,324.0,239.0,324.0,239.0,1.1409860762022905,TRACKING,-1.28125,-0.5312500000000001,32.08140000060666,31.094624048788887,True,True
2026-09-17T06:42:35.890353+00:00,7.97278089998872,218,325.17912616799856,240.38791846895793,325.0,240.0,325.0,240.0,0.4272785070893653,TRACKING,-1.25,-0.5312500000000001,33.10299999429844,30.17537930770251,True,True
2026-09-17T06:42:35.922324+00:00,8.004745099999127,219,324.78061625190776,240.08825788902556,324.0,240.0,324.0,240.0,0.7855897069830822,TRACKING,-1.225,-0.5312500000000001,31.91609999339562,31.285000083669345,True,True
2026-09-17T06:42:35.953911+00:00,8.036340599996038,220,325.5041120959942,240.00083244319023,325.0,240.0,325.0,240.0,0.5041127833028081,TRACKING,-1.19375,-0.5312500000000001,31.52879999834113,31.650076754530655,True,True
2026-09-17T06:42:35.987877+00:00,8.0703080999956,221,325.34666166911194,240.12586064953615,325.0,240.0,325.0,240.0,0.3688024077106016,TRACKING,-1.1625,-0.5312500000000001,33.92320001148619,29.439905792680843,True,True
2026-09-17T06:42:36.025622+00:00,8.108057599994936,222,325.30523853540944,240.46303000266096,325.0,240.0,325.0,240.0,0.5545875466174017,TRACKING,-1.13125,-0.5312500000000001,37.712700010160916,26.49041709208309,True,True
2026-09-17T06:42:36.054986+00:00,8.137418799989973,223,325.37674374575374,241.01149775477614,325.0,241.0,325.0,241.0,0.3769191535720266,TRACKING,-1.1,-0.5250000000000001,29.329400000278838,34.05855347087404,True,True
2026-09-17T06:42:36.090614+00:00,8.173046699987026,224,325.55800777447337,240.7698930221381,325.0,240.0,325.0,240.0,0.9508459086043567,TRACKING,-1.06875,-0.5250000000000001,35.58569999586325,28.067890616138573,True,True
2026-09-17T06:42:36.123547+00:00,8.205974899989087,225,325.8457925002074,241.73632021154282,325.0,241.0,325.0,241.0,1.1213975242230172,TRACKING,-1.0375,-0.5187500000000002,32.88739999698009,30.369106113829577,True,True
2026-09-17T06:42:36.156826+00:00,8.239261299997452,226,326.23679322962744,241.90836375832245,326.0,241.0,326.0,241.0,0.9387202730478774,TRACKING,-1.0,-0.5125000000000002,33.22279998974409,30.042299550227984,True,True
2026-09-17T06:42:36.187419+00:00,8.269848600000842,227,325.7276407627621,242.28309416399858,325.0,242.0,325.0,242.0,0.7807710197766682,TRACKING,-0.96875,-0.5000000000000002,30.559300008462742,32.69330734942853,True,True
2026-09-17T06:42:36.221279+00:00,8.303707799990661,228,326.3149034986378,241.8570753185026,326.0,241.0,326.0,241.0,0.9130949102041296,TRACKING,-0.93125,-0.49375000000000024,33.81219999573659,29.534070512612814,True,True
2026-09-17T06:42:36.254853+00:00,8.3372887000005,229,325.9950895799183,242.62637308866198,325.0,242.0,325.0,242.0,1.1758173830412055,TRACKING,-0.9,-0.48125000000000023,33.52979999908712,29.778832601479944,True,True
2026-09-17T06:42:36.289300+00:00,8.371732899991912,230,326.7646490752003,242.58656515148363,326.0,242.0,326.0,242.0,0.9637151473021763,TRACKING,-0.8625,-0.4687500000000002,34.41670000029262,29.03246410859644,True,True
2026-09-17T06:42:36.323070+00:00,8.405504499998642,231,326.61997619760695,242.7327520476589,326.0,242.0,326.0,242.0,0.9598416791051869,TRACKING,-0.8250000000000001,-0.4562500000000002,33.73709999141283,29.61067878929963,True,True
2026-09-17T06:42:36.356570+00:00,8.438971899988246,232,326.5574115582857,243.05956942765985,326.0,243.0,326.0,243.0,0.5605855528126131,TRACKING,-0.7875000000000001,-0.4375000000000002,33.435899997130036,29.879823359765926,True,True
2026-09-17T06:42:36.390660+00:00,8.473085299992817,233,326.5732444534078,242.56120145981947,326.0,242.0,326.0,242.0,0.8022195970345908,TRACKING,-0.7500000000000001,-0.4250000000000002,34.0239999932237,29.313993910486694,True,True
2026-09-17T06:42:36.421606+00:00,8.504037899998366,234,326.6637151832381,243.2313953668823,326.0,243.0,326.0,243.0,0.7028951986429842,TRACKING,-0.7125000000000001,-0.4062500000000002,30.895599993527867,32.307463664465786,True,True
2026-09-17T06:42:36.455962+00:00,8.538398199991207,235,326.8250174018233,243.0634770546906,326.0,243.0,326.0,243.0,0.8274557690797991,TRACKING,-0.6750000000000002,-0.38750000000000023,34.328699999605305,29.10335474976524,True,True
2026-09-17T06:42:36.491624+00:00,8.574054899989278,236,327.0533004958363,243.05036779394462,327.0,243.0,327.0,243.0,0.07333387705040498,TRACKING,-0.6312500000000002,-0.36875000000000024,35.62919999239966,28.045220114426954,True,True
2026-09-17T06:42:36.525505+00:00,8.607940199988661,237,326.34467199108246,243.1846019133389,326.0,243.0,326.0,243.0,0.3909944345449575,TRACKING,-0.5937500000000002,-0.35000000000000026,33.84119999827817,29.511322019229585,True,True
2026-09-17T06:42:36.558859+00:00,8.64129219998722,238,326.69519998517,243.45834545985224,326.0,243.0,326.0,243.0,0.8326965713556999,TRACKING,-0.5562500000000002,-0.33125000000000027,33.320599992293864,29.983209404030536,True,True
2026-09-17T06:42:36.594114+00:00,8.676545199996326,239,327.1009156048218,243.86341577955136,327.0,243.0,327.0,243.0,0.8692932575804521,TRACKING,-0.5125000000000003,-0.3125000000000003,35.2166000084253,28.36638015889945,True,True
2026-09-17T06:42:36.624015+00:00,8.706445999996504,240,326.55781548629005,244.39130196996308,326.0,244.0,326.0,244.0,0.6813775373770378,TRACKING,-0.4750000000000003,-0.28750000000000026,29.861900009564124,33.44392123267796,True,True
2026-09-17T06:42:36.654745+00:00,8.737178499999573,241,327.06186427733047,244.03318615289925,327.0,244.0,327.0,244.0,0.0702033443211484,TRACKING,-0.4312500000000003,-0.26250000000000023,30.682999989949167,32.5388432408736,True,True
2026-09-17T06:42:36.686081+00:00,8.768512599999667,242,326.6089971591644,243.77996551455905,326.0,243.0,326.0,243.0,0.9895573473890636,TRACKING,-0.39375000000000027,-0.24375000000000024,31.30030000465922,31.91411273969829,True,True
2026-09-17T06:42:36.722943+00:00,8.805369599998812,243,327.19512238685877,244.62227505782312,327.0,244.0,327.0,244.0,0.6521495177045118,TRACKING,-0.35000000000000026,-0.21875000000000025,36.81020000658464,27.13188810872281,True,True
2026-09-17T06:42:36.752841+00:00,8.835275299992645,244,326.8161238465344,244.55051100986975,326.0,244.0,326.0,244.0,0.9844391829208942,TRACKING,-0.3125000000000002,-0.19375000000000026,29.85130000161007,33.43844150801406,True,True
2026-09-17T06:42:36.784278+00:00,8.866706399989198,245,327.4678636278014,244.55485482660424,327.0,244.0,327.0,244.0,0.7257825106914121,TRACKING,-0.2687500000000002,-0.16875000000000026,31.401200001710095,31.815622110256236,True,True
2026-09-17T06:42:36.818149+00:00,8.90058049999061,246,327.1461846098205,244.62529773390696,327.0,244.0,327.0,244.0,0.6421582329749888,TRACKING,-0.2250000000000002,-0.14375000000000027,33.82329999294598,29.521079525605202,True,True
2026-09-17T06:42:36.847577+00:00,8.930005799993523,247,326.84691305936644,244.75166574435525,326.0,244.0,326.0,244.0,1.1323705759876317,TRACKING,-0.1875000000000002,-0.11875000000000027,29.380799998762086,33.98436039398082,True,True
2026-09-17T06:42:36.879675+00:00,8.962111199987703,248,327.56586123927605,244.92364508689377,327.0,244.0,327.0,244.0,1.0831985915140512,TRACKING,-0.14375000000000018,-0.09375000000000028,32.06300000601914,31.147408229808388,True,True
2026-09-17T06:42:36.912318+00:00,8.994753399994806,249,327.2988300256485,245.13080798589124,327.0,245.0,327.0,245.0,0.3262056305492057,TRACKING,-0.10000000000000017,-0.06250000000000028,32.61349999229424,30.635190023417124,True,True
2026-09-17T06:42:36.944832+00:00,9.027261099996394,250,327.04161153215966,244.362638725148,327.0,244.0,327.0,244.0,0.365018307192452,TRACKING,-0.05625000000000017,-0.037500000000000276,32.480399997439235,30.761942553645667,True,True
2026-09-17T06:42:36.975016+00:00,9.057452499997453,251,326.7899917398553,244.60855993171103,326.0,244.0,326.0,244.0,0.9972121838022768,TRACKING,-0.018750000000000162,-0.012500000000000275,30.14669999538455,33.122014877248,True,True
2026-09-17T06:42:37.009014+00:00,9.091447599988896,252,327.53975313077467,244.85795901379683,327.0,244.0,327.0,244.0,1.0136207927702978,TRACKING,0.024999999999999842,0.012499999999999727,33.969199997955,29.416004078578855,True,True
2026-09-17T06:42:37.038846+00:00,9.121281100000488,253,327.2866773237624,245.10021468674427,327.0,245.0,327.0,245.0,0.30368877390975385,TRACKING,0.06874999999999984,0.04374999999999973,29.795699985697865,33.51936580057549,True,True
2026-09-17T06:42:37.068405+00:00,9.150835599997663,254,327.02654771082024,244.3247235206953,327.0,244.0,327.0,244.0,0.3258069149704261,TRACKING,0.11249999999999985,0.06874999999999973,29.526199999963865,33.83579489064528,True,True
2026-09-17T06:42:37.104857+00:00,9.187285699998029,255,326.755152092348,244.52092644364643,326.0,244.0,326.0,244.0,0.917397973764755,TRACKING,0.14999999999999986,0.09374999999999972,36.4084000029834,27.43476698253143,True,True
2026-09-17T06:42:37.136652+00:00,9.219088099998771,256,327.4682853096333,244.67833513363087,327.0,244.0,327.0,244.0,0.8242752481643274,TRACKING,0.19374999999999987,0.11874999999999972,31.762200000230223,31.4441677350341,True,True
2026-09-17T06:42:37.166317+00:00,9.248749199992744,257,327.161751872937,244.78655823406,327.0,244.0,327.0,244.0,0.8030177606791898,TRACKING,0.23749999999999988,0.1437499999999997,29.632799996761605,33.714191321400556,True,True
2026-09-17T06:42:37.197986+00:00,9.28042289998848,258,326.83136858353845,244.83532732670398,326.0,244.0,326.0,244.0,1.17853530470374,TRACKING,0.2749999999999999,0.1687499999999997,31.63739999581594,31.57193507972335,True,True
2026-09-17T06:42:37.230170+00:00,9.312602799996966,259,327.47296714809954,244.8145225973895,327.0,244.0,327.0,244.0,0.9418837427408695,TRACKING,0.3187499999999999,0.1937499999999997,32.15099999215454,31.075298547735603,True,True
2026-09-17T06:42:37.260896+00:00,9.343331600000965,260,327.0823967837102,244.71419813026455,327.0,244.0,327.0,244.0,0.718935462499354,TRACKING,0.36249999999999993,0.2187499999999997,30.697099995450117,32.54276118396632,True,True
2026-09-17T06:42:37.291783+00:00,9.374214899988146,261,326.65552681199495,244.52460676740884,326.0,244.0,326.0,244.0,0.8395997032249422,TRACKING,0.3999999999999999,0.2437499999999997,30.85420001298189,32.379959408971054,True,True
2026-09-17T06:42:37.321653+00:00,9.404089199990267,262,327.1882492406504,244.23622447165195,327.0,244.0,327.0,244.0,0.30205922865010826,TRACKING,0.4437499999999999,0.2687499999999997,29.833499997039326,33.47358766327651,True,True
2026-09-17T06:42:37.356348+00:00,9.438781399992877,263,326.67648133080775,243.83977413170618,326.0,243.0,326.0,243.0,1.0783541084515262,TRACKING,0.48124999999999996,0.2874999999999997,34.66790000675246,28.82492317941134,True,True
2026-09-17T06:42:37.387222+00:00,9.469642899988685,264,327.11616814861225,244.32624875011413,327.0,244.0,327.0,244.0,0.34631385433307516,TRACKING,0.5249999999999999,0.3124999999999997,30.825800000457093,32.4028320119187,True,True
2026-09-17T06:42:37.421214+00:00,9.50364979999722,265,326.50328509942307,243.68693395605032,326.0,243.0,326.0,243.0,0.8515715773064741,TRACKING,0.5624999999999999,0.3312499999999997,33.88460000860505,29.405797051451945,True,True
2026-09-17T06:42:37.451806+00:00,9.53423859999748,266,326.8338404430561,243.91342978671128,326.0,243.0,326.0,243.0,1.2367877181341123,TRACKING,0.5999999999999999,0.3499999999999997,30.56170001218561,32.69170415287659,True,True
2026-09-17T06:42:37.484173+00:00,9.56660729998839,267,327.10387778848985,243.99767168284666,327.0,243.0,327.0,243.0,1.0030649937544551,TRACKING,0.6437499999999998,0.3687499999999997,32.32850000495091,30.894042710420354,True,True
2026-09-17T06:42:37.521025+00:00,9.603447599991341,268,326.3094785664815,243.93195064595818,326.0,243.0,326.0,243.0,0.9819923572071864,TRACKING,0.6812499999999998,0.3874999999999997,36.72829999413807,27.144187205856575,True,True
2026-09-17T06:42:37.550454+00:00,9.63288149998698,269,326.4467644785466,243.7089325067813,326.0,243.0,326.0,243.0,0.837964079458202,TRACKING,0.7187499999999998,0.40624999999999967,29.359100008150563,33.97443084838212,True,True
2026-09-17T06:42:37.585216+00:00,9.667649099996197,270,326.5118999207667,243.32167625688783,326.0,243.0,326.0,243.0,0.6045801378860707,TRACKING,0.7562499999999998,0.42499999999999966,34.7265000018524,28.7624109727123,True,True
2026-09-17T06:42:37.619905+00:00,9.702335899986792,271,326.50109438091977,242.76365139759343,326.0,242.0,326.0,242.0,0.9133778164789043,TRACKING,0.7937499999999997,0.43749999999999967,34.65019998839125,28.829410619346017,True,True
2026-09-17T06:42:37.654234+00:00,9.736667499993928,272,326.4106048074245,243.0287542628023,326.0,243.0,326.0,243.0,0.4116103928588236,TRACKING,0.8312499999999997,0.45624999999999966,34.292600001208484,29.12768411003745,True,True
2026-09-17T06:42:37.685633+00:00,9.768047599995043,273,326.23673794862697,242.11132327499405,326.0,242.0,326.0,242.0,0.26160605473785425,TRACKING,0.8687499999999997,0.46874999999999967,31.342999995104037,31.867329930894314,True,True
2026-09-17T06:42:37.718574+00:00,9.801010099996347,274,325.9758526609632,242.0061530962194,325.0,242.0,325.0,242.0,0.9758720594945018,TRACKING,0.8999999999999997,0.4812499999999997,32.87760000966955,30.337504739035097,True,True
2026-09-17T06:42:37.751072+00:00,9.833505099988542,275,326.62436218455395,241.70850763873335,326.0,241.0,326.0,241.0,0.9443575655674518,TRACKING,0.9374999999999997,0.48749999999999966,32.46699999726843,30.77396523281043,True,True
2026-09-17T06:42:37.782415+00:00,9.864850899990415,276,326.17873638481404,242.214131902749,326.0,242.0,326.0,242.0,0.2789250204468872,TRACKING,0.9749999999999996,0.49999999999999967,31.306799995945767,31.902200611892397,True,True
2026-09-17T06:42:37.817463+00:00,9.899895299997297,277,325.6355039586711,241.51926261172002,325.0,241.0,325.0,241.0,0.8206698126633817,TRACKING,1.0062499999999996,0.5062499999999996,35.01720000349451,28.535229588853653,True,True
2026-09-17T06:42:37.851107+00:00,9.93353899999056,278,325.99125460401655,241.62063761857303,325.0,241.0,325.0,241.0,1.1695198773736168,TRACKING,1.0374999999999996,0.5124999999999996,33.53440000500996,29.7232468545447,True,True
2026-09-17T06:42:37.885266+00:00,9.967698699998436,279,326.2426411510346,241.51550405937593,326.0,241.0,326.0,241.0,0.5697535988552052,TRACKING,1.0749999999999997,0.5187499999999996,34.12770001159515,29.274261769553735,True,True
2026-09-17T06:42:37.915738+00:00,9.99812179998844,280,325.3863816540731,241.201625234064,325.0,241.0,325.0,241.0,0.4358250997999367,TRACKING,1.1062499999999997,0.5249999999999996,30.384500001673587,32.86976016016136,True,True
2026-09-17T06:42:37.947166+00:00,10.029598299995996,281,325.419261442754,240.67728619702575,325.0,240.0,325.0,240.0,0.7965530428425889,TRACKING,1.1374999999999997,0.5249999999999996,31.383900000946596,31.769732967767194,True,True
2026-09-17T06:42:37.980511+00:00,10.062942699994892,282,325.33813513103644,240.94129804357306,325.0,240.0,325.0,240.0,1.0001886690397428,TRACKING,1.1687499999999997,0.5249999999999996,33.305799996014684,29.990043306615632,True,True
2026-09-17T06:42:38.011274+00:00,10.093709399996442,283,325.1399285829813,240.99300088158435,325.0,240.0,325.0,240.0,1.0028114275188829,TRACKING,1.1999999999999997,0.5249999999999996,30.724899988854304,32.502673343245256,True,True
2026-09-17T06:42:38.044950+00:00,10.127384099992923,284,324.8216408339867,240.83226548089078,324.0,240.0,324.0,240.0,1.169512501325536,TRACKING,1.2249999999999996,0.5249999999999996,33.647800009930506,29.69588445047708,True,True
2026-09-17T06:42:38.078415+00:00,10.160849099993357,285,325.3803459662916,240.45949359628486,325.0,240.0,325.0,240.0,0.5964875682703562,TRACKING,1.2562499999999996,0.5249999999999996,33.430900002713315,29.88196623299146,True,True
2026-09-17T06:42:38.111675+00:00,10.194103899993934,286,324.81319493758104,239.87561696334222,324.0,239.0,324.0,239.0,1.194985804518237,TRACKING,1.2812499999999996,0.5187499999999996,33.21700000378769,30.070846914810556,True,True
2026-09-17T06:42:38.143554+00:00,10.225988699996378,287,325.11741736154323,240.08209496956806,325.0,240.0,325.0,240.0,0.14327044642966327,TRACKING,1.3124999999999996,0.5187499999999996,31.845299992710352,31.36290646086324,True,True
2026-09-17T06:42:38.174842+00:00,10.25727599998936,288,324.29032323927146,239.0809110066886,324.0,239.0,324.0,239.0,0.3013870837717448,TRACKING,1.3374999999999995,0.5124999999999996,31.258100003469735,31.96185034260862,True,True
2026-09-17T06:42:38.206073+00:00,10.288499599992065,289,324.32930464042636,238.87456751320457,324.0,238.0,324.0,238.0,0.9345105036109301,TRACKING,1.3624999999999994,0.4999999999999996,31.183400002191775,32.02705645452135,True,True
2026-09-17T06:42:38.240657+00:00,10.3230906999961,290,324.23183733310657,239.4660797195981,324.0,239.0,324.0,239.0,0.5205562928662074,TRACKING,1.3874999999999993,0.49374999999999963,34.54090000013821,28.909170274530823,True,True
2026-09-17T06:42:38.274123+00:00,10.356555199992727,291,323.9954823614123,238.85896811182687,323.0,238.0,323.0,238.0,1.3148427088509307,TRACKING,1.4062499999999993,0.4812499999999996,33.4253000037279,29.882412709014886,True,True
2026-09-17T06:42:38.306728+00:00,10.389160999999149,292,324.6178875697126,239.05724963194285,324.0,239.0,324.0,239.0,0.6205340999195184,TRACKING,1.4312499999999992,0.47499999999999964,32.57109998958185,30.669390102467492,True,True
2026-09-17T06:42:38.337275+00:00,10.419708799992804,293,324.09678907266664,238.06542763782892,324.0,238.0,324.0,238.0,0.1168285084195629,TRACKING,1.4562499999999992,0.46249999999999963,30.51189999678172,32.735581619877244,True,True
2026-09-17T06:42:38.371351+00:00,10.453783599994495,294,323.43001267007844,237.88848064714938,323.0,237.0,323.0,237.0,0.9870707962385316,TRACKING,1.4749999999999992,0.44374999999999964,34.042800005408935,29.347200862525927,True,True
2026-09-17T06:42:38.405814+00:00,10.488250700000208,295,323.61547520570036,238.53184989364905,323.0,238.0,323.0,238.0,0.8134334872664226,TRACKING,1.4937499999999992,0.43124999999999963,34.43509999488015,29.013174877904994,True,True
2026-09-17T06:42:38.439400+00:00,10.521829699995578,296,323.65118586913934,238.0014257269019,323.0,238.0,323.0,238.0,0.6511874299032164,TRACKING,1.5124999999999993,0.4187499999999996,33.55089999968186,29.780517589501535,True,True
2026-09-17T06:42:38.474498+00:00,10.55693199999223,297,323.5352474400472,237.30353288950556,323.0,237.0,323.0,237.0,0.6153227097131163,TRACKING,1.5312499999999993,0.39999999999999963,35.05740000400692,28.48816174710451,True,True
2026-09-17T06:42:38.507975+00:00,10.590407799987588,298,323.26585747382217,237.444914708518,323.0,237.0,323.0,237.0,0.5182946017881839,TRACKING,1.5499999999999994,0.38124999999999964,33.43670000322163,29.872325684185718,True,True
2026-09-17T06:42:38.539114+00:00,10.621549199990113,299,322.8413094280787,237.4327162406521,322.0,237.0,322.0,237.0,0.9460681258229883,TRACKING,1.5624999999999993,0.36249999999999966,31.105899994145148,32.1115942096024,True,True
2026-09-17T06:42:38.573337+00:00,10.65577049998683,300,323.25999372917966,237.27446641335501,323.0,237.0,323.0,237.0,0.3780589256620051,TRACKING,1.5812499999999994,0.34374999999999967,34.18999999121297,29.221566687880486,True,True
2026-09-17T06:42:38.606826+00:00,10.689259799997672,301,322.52039877816856,236.97805920641002,322.0,236.0,322.0,236.0,1.107887494090772,TRACKING,1.5937499999999993,0.31874999999999964,33.45500001159962,29.86028372274866,True,True
2026-09-17T06:42:38.641029+00:00,10.723461399989901,302,322.6211118954692,237.55173392109896,322.0,237.0,322.0,237.0,0.8307769293766956,TRACKING,1.6062499999999993,0.29999999999999966,34.16060000017751,29.2383982102356,True,True
2026-09-17T06:42:38.675185+00:00,10.757618799994816,303,322.56082020376425,237.00405458623953,322.0,237.0,322.0,237.0,0.5608348603820471,TRACKING,1.6187499999999992,0.28124999999999967,34.117600007448345,29.276232964338867,True,True
2026-09-17T06:42:38.711011+00:00,10.793439099987154,304,322.3383114485015,236.34388855257288,322.0,236.0,322.0,236.0,0.48240436645810164,TRACKING,1.6312499999999992,0.25624999999999964,35.778399993432686,27.917130794937673,True,True
2026-09-17T06:42:38.747990+00:00,10.83041979999689,305,321.9524747555125,236.58038432900588,321.0,236.0,321.0,236.0,1.1153717448654743,TRACKING,1.6374999999999993,0.23124999999999965,36.93030000431463,27.04113225917158,True,True
2026-09-17T06:42:38.783454+00:00,10.865871499991044,306,322.40230132527415,236.72294871610205,322.0,236.0,322.0,236.0,0.8273458783549633,TRACKING,1.6499999999999992,0.20624999999999966,35.40360000624787,28.20739203380561,True,True
2026-09-17T06:42:38.816977+00:00,10.899408899989794,307,321.6868850633738,236.7812232939802,321.0,236.0,321.0,236.0,1.040250414728713,TRACKING,1.6562499999999993,0.18124999999999966,33.4556000016164,29.817457526143457,True,True
2026-09-17T06:42:38.853243+00:00,10.93566779998946,308,321.8054231467902,236.76506032338477,321.0,236.0,321.0,236.0,1.1108662132781904,TRACKING,1.6624999999999994,0.15624999999999967,36.215600004652515,27.579435669841356,True,True
2026-09-17T06:42:38.886798+00:00,10.969229800000903,309,321.7572165256314,236.68449812016473,321.0,236.0,321.0,236.0,1.0207421531407193,TRACKING,1.6687499999999995,0.13124999999999967,33.50069999578409,29.795602158960854,True,True
2026-09-17T06:42:38.919999+00:00,11.002433399989968,310,321.5416703600177,236.54973596471274,321.0,236.0,321.0,236.0,0.7717618867373143,TRACKING,1.6749999999999996,0.10624999999999968,33.16540000378154,30.11721621539028,True,True
2026-09-17T06:42:38.955314+00:00,11.037747700000182,311,321.1582943918376,236.37110860907467,321.0,236.0,321.0,236.0,0.4034584417465753,TRACKING,1.6812499999999997,0.08124999999999968,35.28569999616593,28.31714064021598,True,True
2026-09-17T06:42:38.990025+00:00,11.072460899988073,312,320.6067032511434,236.15906044545264,320.0,236.0,320.0,236.0,0.6272073502882292,TRACKING,1.6812499999999997,0.05624999999999968,34.681999997701496,28.807485347038767,True,True
2026-09-17T06:42:39.024029+00:00,11.10646129999077,313,320.8866166969943,235.9241194006636,320.0,235.0,320.0,235.0,1.280658359622864,TRACKING,1.6812499999999997,0.024999999999999682,33.972999997786246,29.41141868685929,True,True
2026-09-17T06:42:39.063458+00:00,11.145890599989798,314,320.99785979259815,236.67687062180457,320.0,236.0,320.0,236.0,1.205768636325445,TRACKING,1.6812499999999997,-3.191891195797325e-16,39.390699996147305,25.36185019832055,True,True
2026-09-17T06:42:39.105111+00:00,11.187527999994927,315,320.94036301464126,236.4279300188986,320.0,236.0,320.0,236.0,1.0331537641511819,TRACKING,1.6812499999999997,-0.02500000000000032,41.598200012231246,24.016869446142493,True,True
2026-09-17T06:42:39.142752+00:00,11.22518459999992,316,320.7141622967385,236.18791773064711,320.0,236.0,320.0,236.0,0.7384719761604779,TRACKING,1.6812499999999997,-0.05000000000000032,37.58989999187179,26.555769768577008,True,True
2026-09-17T06:42:39.177731+00:00,11.26016529998742,317,320.3193990069752,235.96743157961524,320.0,235.0,320.0,235.0,1.0187932012403502,TRACKING,1.6812499999999997,-0.08125000000000032,34.94610000052489,28.587192376291515,True,True
2026-09-17T06:42:39.214033+00:00,11.296464999992168,318,319.75631985955744,236.77702058319397,319.0,236.0,319.0,236.0,1.0843342273801388,TRACKING,1.6749999999999996,-0.10625000000000032,36.26609999628272,27.548437035821888,True,True
2026-09-17T06:42:39.247618+00:00,11.330051799988723,319,320.0252767606233,236.6271585865502,320.0,236.0,320.0,236.0,0.6276677523270133,TRACKING,1.6749999999999996,-0.1312500000000003,33.54689999832772,29.773601536989137,True,True
2026-09-17T06:42:39.283362+00:00,11.365789799994673,320,319.12672658831315,236.5282180834695,319.0,236.0,319.0,236.0,0.5432071169357903,TRACKING,1.6687499999999995,-0.1562500000000003,35.70720000425354,27.981420332238248,True,True
2026-09-17T06:42:39.321121+00:00,11.403547399997478,321,319.0612309072356,236.49044429052233,319.0,236.0,319.0,236.0,0.49425178412105836,TRACKING,1.6624999999999994,-0.1812500000000003,37.70680000889115,26.484734197239543,True,True
2026-09-17T06:42:39.361905+00:00,11.444330599988461,322,318.82945561750796,236.52392953935927,318.0,236.0,318.0,236.0,0.9810702235970328,TRACKING,1.6499999999999995,-0.2062500000000003,40.730799999437295,24.519900356546152,True,True
2026-09-17T06:42:39.398457+00:00,11.480886999997892,323,319.4321705385903,236.63858805113728,319.0,236.0,319.0,236.0,0.771081106940595,TRACKING,1.6437499999999994,-0.2312500000000003,36.50260000722483,27.3549911846357,True,True
2026-09-17T06:42:39.432846+00:00,11.515277200000128,324,318.8702489281734,236.8441311561304,318.0,236.0,318.0,236.0,1.212390451025161,TRACKING,1.6312499999999994,-0.2562500000000003,34.31810000620317,29.078051303423653,True,True
2026-09-17T06:42:39.470115+00:00,11.5525498999923,325,319.1446669364209,237.15004302046077,319.0,237.0,319.0,237.0,0.20842607918011893,TRACKING,1.6249999999999993,-0.2750000000000003,37.22949999792036,26.82928792950359,True,True
2026-09-17T06:42:39.506870+00:00,11.589300899999216,326,318.25650299590757,236.56555694062382,318.0,236.0,318.0,236.0,0.6210059903071259,TRACKING,1.6124999999999994,-0.3000000000000003,36.7199000029359,27.2101439365409,True,True
2026-09-17T06:42:39.542060+00:00,11.624493600000278,327,318.2069371476339,237.0996322650549,318.0,237.0,318.0,237.0,0.22967274829813322,TRACKING,1.5999999999999994,-0.3187500000000003,35.131900003761984,28.414983788394363,True,True
2026-09-17T06:42:39.577157+00:00,11.659587399990414,328,317.99725030353875,236.76093200042428,317.0,236.0,317.0,236.0,1.2544025180052125,TRACKING,1.5812499999999994,-0.34375000000000033,35.0583999970695,28.49506181379817,True,True
2026-09-17T06:42:39.612375+00:00,11.69480620000104,329,318.6288234459714,237.5578011586323,318.0,237.0,318.0,237.0,0.8405718641347056,TRACKING,1.5687499999999994,-0.3625000000000003,35.17779998946935,28.393925962789954,True,True
2026-09-17T06:42:39.647741+00:00,11.730174999989686,330,318.10313676462204,237.4982458986246,318.0,237.0,318.0,237.0,0.5088085766896282,TRACKING,1.5562499999999995,-0.3812500000000003,35.33009999955539,28.273506602457978,True,True
2026-09-17T06:42:39.680115+00:00,11.762544199998956,331,317.42176873145183,237.58991351516593,317.0,237.0,317.0,237.0,0.7251805418003962,TRACKING,1.5374999999999994,-0.4000000000000003,32.33100000943523,30.893565479332175,True,True
2026-09-17T06:42:39.718107+00:00,11.800540699987323,332,317.58639511419926,237.8400733245847,317.0,237.0,317.0,237.0,1.0244912984674621,TRACKING,1.5187499999999994,-0.4187500000000003,37.94959999504499,26.318213527723966,True,True
2026-09-17T06:42:39.755715+00:00,11.838124299989431,333,317.5987879290799,238.25559849526826,317.0,238.0,317.0,238.0,0.651058810550308,TRACKING,1.4999999999999993,-0.4312500000000003,37.537299998803064,26.607350012875507,True,True
2026-09-17T06:42:39.793517+00:00,11.87595039998996,334,317.4608143333336,237.84294886832157,317.0,237.0,317.0,237.0,0.9606834256977143,TRACKING,1.4812499999999993,-0.4500000000000003,37.735799996880814,26.436772492696853,True,True
2026-09-17T06:42:39.831143+00:00,11.913573999991058,335,317.174435458312,238.60815481132806,317.0,238.0,317.0,238.0,0.6326768556364268,TRACKING,1.4624999999999992,-0.4625000000000003,37.58659999584779,26.579062077281954,True,True
2026-09-17T06:42:39.863814+00:00,11.946245999992243,336,316.74170518383585,238.5568021455722,316.0,238.0,316.0,238.0,0.9274455288817585,TRACKING,1.4374999999999993,-0.4750000000000003,32.638399992720224,30.60724779516838,True,True
2026-09-17T06:42:39.898933+00:00,11.981369099987205,337,317.16476885458655,238.69401818439442,317.0,238.0,317.0,238.0,0.7133092006359492,TRACKING,1.4187499999999993,-0.4875000000000003,35.07669999089558,28.471290977830414,True,True
2026-09-17T06:42:39.933727+00:00,12.016159099992365,338,316.4458619393355,239.0244589175786,316.0,239.0,316.0,239.0,0.44653231416899547,TRACKING,1.3937499999999994,-0.4937500000000003,34.76270000101067,28.74389191870351,True,True
2026-09-17T06:42:39.967531+00:00,12.049956599992584,339,316.5873086338495,238.55229737380228,316.0,238.0,316.0,238.0,0.8062033369461101,TRACKING,1.3687499999999995,-0.5062500000000003,33.760599995730445,29.58798727697387,True,True
2026-09-17T06:42:40.002969+00:00,12.085386299993843,340,316.5915204083425,239.28121319023774,316.0,239.0,316.0,239.0,0.6549635500158393,TRACKING,1.3437499999999996,-0.5125000000000003,35.371300007682294,28.224907350738373,True,True
2026-09-17T06:42:40.037442+00:00,12.11987749999389,341,316.46099450038713,239.21438341537612,316.0,239.0,316.0,239.0,0.5084055253196108,TRACKING,1.3187499999999996,-0.5187500000000003,34.39720001188107,28.992902537418747,True,True
2026-09-17T06:42:40.073923+00:00,12.156349999990198,342,316.1983123542216,239.35447456806037,316.0,239.0,316.0,239.0,0.4061773125600554,TRACKING,1.2937499999999997,-0.5250000000000002,36.44490000442602,27.41791761193354,True,True
2026-09-17T06:42:40.111269+00:00,12.193697800001246,343,315.8061380074309,239.70363597257693,315.0,239.0,315.0,239.0,1.070029003779304,TRACKING,1.2624999999999997,-0.5312500000000002,37.30320000613574,26.77533883399246,True,True
2026-09-17T06:42:40.147152+00:00,12.229586999994353,344,316.2872164260106,240.26349438646437,316.0,240.0,316.0,240.0,0.3897724555026279,TRACKING,1.2374999999999998,-0.5312500000000002,35.840900003677234,27.863535553649854,True,True
2026-09-17T06:42:40.184106+00:00,12.26653159999114,345,315.64437178885134,240.03514993446657,315.0,240.0,315.0,240.0,0.6453297762853396,TRACKING,1.2062499999999998,-0.5312500000000002,36.9156000087969,27.06755520663317,True,True
2026-09-17T06:42:40.218903+00:00,12.301324799991562,346,315.8805057227204,240.0191733587941,315.0,240.0,315.0,240.0,0.8807144516986175,TRACKING,1.1749999999999998,-0.5312500000000002,34.73699999449309,28.741248289547066,True,True
2026-09-17T06:42:40.256979+00:00,12.339411299995845,347,315.99859548883865,240.21560459256565,315.0,240.0,315.0,240.0,1.021605741303511,TRACKING,1.1437499999999998,-0.5312500000000002,38.00780000165105,26.256022472202524,True,True
2026-09-17T06:42:40.292654+00:00,12.375088399989181,348,316.0016921221892,240.62395265999626,316.0,240.0,316.0,240.0,0.6239549544589861,TRACKING,1.11875,-0.5312500000000002,35.631299993838184,28.029183991602068,True,True
2026-09-17T06:42:40.326395+00:00,12.40882579999743,349,314.89291852472024,241.2431969035808,314.0,241.0,315.0,241.0,0.2657276354829933,TRACKING,1.0875,-0.5250000000000002,33.70149999682326,29.640695482031546,True,True
2026-09-17T06:42:40.365079+00:00,12.447507399992901,350,314.67546751363193,241.07178953520668,314.0,241.0,314.0,241.0,0.6792717418951646,TRACKING,1.0499999999999998,-0.5187500000000003,38.639700011117384,25.852084715138314,True,True
2026-09-17T06:42:40.401739+00:00,12.484167299990077,351,315.3525998259711,241.10765950481732,315.0,241.0,315.0,241.0,0.36866950816734056,TRACKING,1.0187499999999998,-0.5125000000000003,36.61189999547787,27.27776126167942,True,True
2026-09-17T06:42:40.438356+00:00,12.520787399989786,352,314.9276420807756,241.3482176769595,314.0,241.0,314.0,241.0,0.9908457905107182,TRACKING,0.9812499999999998,-0.5062500000000003,36.48100000282284,27.30740768069844,True,True
2026-09-17T06:42:40.472915+00:00,12.555346399996779,353,315.4039847000464,241.79036330227302,315.0,241.0,315.0,241.0,0.8876248010570132,TRACKING,0.9499999999999998,-0.5000000000000003,34.50179999344982,28.93602244849798,True,True
2026-09-17T06:42:40.511558+00:00,12.593992299996899,354,314.78507978984385,242.4304917677494,314.0,242.0,314.0,242.0,0.8953621828742079,TRACKING,0.9124999999999999,-0.4875000000000003,38.61249999317806,25.87596614380583,True,True
2026-09-17T06:42:40.550157+00:00,12.632582199992612,355,315.07443898283293,242.2645036063875,315.0,242.0,315.0,242.0,0.2747786744949441,TRACKING,0.8812499999999999,-0.4750000000000003,38.55620000103954,25.913516233809325,True,True
2026-09-17T06:42:40.585785+00:00,12.668217599988566,356,314.2756312436288,242.28781474372565,314.0,242.0,314.0,242.0,0.39850960988441847,TRACKING,0.8437499999999999,-0.4625000000000003,35.57140000339132,28.061983311918627,True,True
2026-09-17T06:42:40.619476+00:00,12.701909999988857,357,314.39228063830944,242.49536795564046,314.0,242.0,314.0,242.0,0.6318809307677155,TRACKING,0.8062499999999999,-0.4500000000000003,33.654099999694154,29.680283980700832,True,True
2026-09-17T06:42:40.657539+00:00,12.739972600000328,358,314.42806406949165,242.88164550877372,314.0,242.0,314.0,242.0,0.980070227448329,TRACKING,0.7687499999999999,-0.4375000000000003,38.030600000638515,26.27250896414356,True,True
2026-09-17T06:42:40.695043+00:00,12.777475099996082,359,314.3867089783878,243.44068295199168,314.0,243.0,314.0,243.0,0.5862979602060914,TRACKING,0.73125,-0.4187500000000003,37.46730000420939,26.664889010419074,True,True
2026-09-17T06:42:40.733901+00:00,12.816334799994365,360,314.2719910152743,243.16608402440755,314.0,243.0,314.0,243.0,0.31868952846516735,TRACKING,0.69375,-0.4000000000000003,38.82020000310149,25.733600620801628,True,True
2026-09-17T06:42:40.770576+00:00,12.85300930000085,361,314.0877316798359,243.05103664270172,314.0,243.0,314.0,243.0,0.10149673169658577,TRACKING,0.65625,-0.3812500000000003,36.6438999917591,27.26690206610056,True,True
2026-09-17T06:42:40.802593+00:00,12.885016199987149,362,313.837795932851,243.08832992778255,313.0,243.0,313.0,243.0,0.8424394347629762,TRACKING,0.6125,-0.3625000000000003,31.965100002707914,31.243263184752117,True,True
2026-09-17T06:42:40.843715+00:00,12.926149799997802,363,314.52608978071714,243.2703722282292,314.0,243.0,314.0,243.0,0.5914994498498184,TRACKING,0.5750000000000001,-0.34375000000000033,41.05330001038965,24.311025530005008,True,True
2026-09-17T06:42:40.891850+00:00,12.974283599993214,364,314.1565578343251,243.5892100954659,314.0,243.0,314.0,243.0,0.6096547318667224,TRACKING,0.5375000000000001,-0.32500000000000034,48.10290000750683,20.775421846920775,True,True
2026-09-17T06:42:40.937447+00:00,13.019879100000253,365,313.7331808438031,244.03654816324237,313.0,244.0,313.0,244.0,0.7340912190976087,TRACKING,0.4937500000000001,-0.3000000000000003,45.54869999992661,21.9319888990278,True,True
2026-09-17T06:42:40.974860+00:00,13.057279000000563,366,314.25997321068087,243.60376988172789,314.0,243.0,314.0,243.0,0.6573614989892729,TRACKING,0.45625000000000004,-0.28125000000000033,37.35949999827426,26.73803940630116,True,True
2026-09-17T06:42:41.011804+00:00,13.094236399992951,367,313.74098047901697,244.28195905439938,313.0,244.0,313.0,244.0,0.7928133315238896,TRACKING,0.41250000000000003,-0.2562500000000003,36.891299998387694,27.058180505283072,True,True
2026-09-17T06:42:41.051857+00:00,13.134289900001022,368,314.1802768070664,244.0619221238891,314.0,244.0,314.0,244.0,0.19061499571908147,TRACKING,0.375,-0.23125000000000032,40.01410001365002,24.966607157888784,True,True
2026-09-17T06:42:41.091111+00:00,13.173541899988777,369,313.5819624210645,243.93421115108976,313.0,243.0,313.0,243.0,1.1006501416670378,TRACKING,0.33125,-0.2125000000000003,39.21479999553412,25.476408853356755,True,True
2026-09-17T06:42:41.124644+00:00,13.20707649999531,370,313.9501610527171,244.88914743008297,313.0,244.0,313.0,244.0,1.3013028773208715,TRACKING,0.2875,-0.1875000000000003,33.49109999544453,29.819947153244428,True,True
2026-09-17T06:42:41.162057+00:00,13.244492199999513,371,314.28901736200544,244.9168456798621,314.0,244.0,314.0,244.0,0.961320464893141,TRACKING,0.24999999999999997,-0.1625000000000003,37.37910000199918,26.726748394060806,True,True
2026-09-17T06:42:41.198717+00:00,13.281149399990682,372,313.6026943469067,245.00723875238728,313.0,245.0,313.0,245.0,0.6027378164089144,TRACKING,0.20624999999999996,-0.1312500000000003,36.62489999260288,27.279770420024512,True,True
2026-09-17T06:42:41.236059+00:00,13.318483799987007,373,313.895370741656,244.1501027952128,313.0,244.0,313.0,244.0,0.9078654163169249,TRACKING,0.16249999999999995,-0.10625000000000032,37.29790000943467,26.784949004093402,True,True
2026-09-17T06:42:41.273729+00:00,13.35616339999251,374,314.1712384051744,244.33508280579315,314.0,244.0,314.0,244.0,0.37630184446117043,TRACKING,0.12499999999999994,-0.08125000000000032,37.62980000465177,26.539559864062596,True,True
2026-09-17T06:42:41.305175+00:00,13.387607299999218,375,313.4344997012912,244.55171851359796,313.0,244.0,313.0,244.0,0.7022701109038372,TRACKING,0.08124999999999993,-0.05625000000000032,31.410499999765307,31.802670781509452,True,True
2026-09-17T06:42:41.338726+00:00,13.421158699988155,376,313.6893648724066,244.78947052533883,313.0,244.0,313.0,244.0,1.0480876097382952,TRACKING,0.03749999999999993,-0.03125000000000032,33.511100002215244,29.805015597850677,True,True
2026-09-17T06:42:41.378973+00:00,13.461405499998364,377,313.9400494082249,245.037746667965,313.0,245.0,313.0,245.0,0.9408069413256295,TRACKING,-0.006250000000000075,-3.191891195797325e-16,40.20310001214966,24.846695880078435,True,True
2026-09-17T06:42:41.412905+00:00,13.495336099993438,378,314.19077141121164,244.28592846357932,314.0,244.0,314.0,244.0,0.34372782491458936,TRACKING,-0.04375000000000008,0.024999999999999682,33.891799990669824,29.471922104094322,True,True
2026-09-17T06:42:41.452581+00:00,13.535013799992157,379,313.4457489604169,244.52339767010278,313.0,244.0,313.0,244.0,0.6874861866116007,TRACKING,-0.08750000000000008,0.049999999999999684,39.63329999533016,25.2030737676899,True,True
2026-09-17T06:42:41.491454+00:00,13.573876499998732,380,313.7091974753115,244.739562821351,313.0,244.0,313.0,244.0,1.0246532221746318,TRACKING,-0.1312500000000001,0.07499999999999968,38.82389998761937,25.731614114068407,True,True
2026-09-17T06:42:41.531588+00:00,13.61401879999903,381,313.9853270812899,244.92388570018193,313.0,244.0,313.0,244.0,1.3507161967356007,TRACKING,-0.1750000000000001,0.09999999999999967,40.09029999724589,24.91137777338569,True,True
2026-09-17T06:42:41.569894+00:00,13.652322399997502,382,314.2783399784769,245.06590767855164,314.0,245.0,314.0,245.0,0.286036650991749,TRACKING,-0.2125000000000001,0.13124999999999967,38.26410000328906,26.107206634360985,True,True
2026-09-17T06:42:41.606762+00:00,13.689193599988357,383,313.59242781548994,244.15527585863765,313.0,244.0,313.0,244.0,0.612438820488907,TRACKING,-0.2562500000000001,0.15624999999999967,36.82580000895541,27.121438961791622,True,True
2026-09-17T06:42:41.642255+00:00,13.724689800001215,384,313.931769069795,244.18176894969145,313.0,244.0,313.0,244.0,0.949333213628683,TRACKING,-0.3000000000000001,0.18124999999999966,35.40459999931045,28.17202967184553,True,True
2026-09-17T06:42:41.677339+00:00,13.759764599992195,385,314.30052643629494,244.13532281594223,314.0,244.0,314.0,244.0,0.329588233143531,TRACKING,-0.33750000000000013,0.20624999999999966,35.04490001068916,28.51049757253544,True,True
2026-09-17T06:42:41.717817+00:00,13.800250100000994,386,313.70284422577834,244.00605563169597,313.0,244.0,313.0,244.0,0.7028703126361113,TRACKING,-0.38125000000000014,0.23124999999999965,40.42000000481494,24.700201301272298,True,True
2026-09-17T06:42:41.757547+00:00,13.839979199998197,387,314.14284577486353,243.7842925807517,314.0,243.0,314.0,243.0,0.7971949370251411,TRACKING,-0.4187500000000002,0.24999999999999967,39.69119999965187,25.170466989446155,True,True
2026-09-17T06:42:41.794639+00:00,13.877073799987556,388,313.62463086904506,244.46059003840452,313.0,244.0,313.0,244.0,0.776084342092705,TRACKING,-0.4625000000000002,0.2749999999999997,37.05299999273848,26.958101726042443,True,True
2026-09-17T06:42:41.824833+00:00,13.9072654999909,389,314.15227318046215,244.02575917558897,314.0,244.0,314.0,244.0,0.15443657796998994,TRACKING,-0.5000000000000002,0.2999999999999997,30.152799998177215,33.121685757651406,True,True
2026-09-17T06:42:41.863082+00:00,13.945514699997148,390,313.72981772198614,243.47088892616614,313.0,243.0,313.0,243.0,0.8685449257873394,TRACKING,-0.5437500000000002,0.3187499999999997,38.19719998864457,26.144337655078772,True,True
2026-09-17T06:42:41.900371+00:00,13.982804699990083,391,314.36127831921783,243.7873682599489,314.0,243.0,314.0,243.0,0.8662971780583189,TRACKING,-0.5812500000000002,0.3374999999999997,37.25290000147652,26.816840981213097,True,True
2026-09-17T06:42:41.940423+00:00,14.022856399999,392,314.05063510197937,243.96690770579158,314.0,243.0,314.0,243.0,0.9682326296255491,TRACKING,-0.6187500000000001,0.3562499999999997,40.01129999232944,24.96772920443754,True,True
2026-09-17T06:42:41.979067+00:00,14.061491699991166,393,313.80183201686134,244.0015600709517,313.0,244.0,313.0,244.0,0.8018335345227827,TRACKING,-0.6625000000000001,0.3812499999999997,38.60130000975914,25.88306549199256,True,True
2026-09-17T06:42:42.013432+00:00,14.095862999995006,394,314.61877436238456,242.88374030493287,314.0,242.0,314.0,243.0,0.6296014836716285,TRACKING,-0.7000000000000001,0.3999999999999997,34.31980000459589,29.094040664399127,True,True
2026-09-17T06:42:42.052159+00:00,14.134591099995305,395,314.5053263483163,242.60624445816023,314.0,242.0,314.0,242.0,0.7892319439510151,TRACKING,-0.7375,0.4124999999999997,38.68500000680797,25.821044667626097,True,True
2026-09-17T06:42:42.088096+00:00,14.17053119999764,396,314.46530868066327,243.162267688104,314.0,243.0,314.0,243.0,0.4927910012400927,TRACKING,-0.775,0.4312499999999997,35.90269999403972,27.824073943450912,True,True
2026-09-17T06:42:42.124285+00:00,14.206711499995436,397,314.50249617385697,242.5454212678402,314.0,242.0,314.0,242.0,0.7416109250498546,TRACKING,-0.8125,0.4437499999999997,36.146799990092404,27.63935069805763,True,True
2026-09-17T06:42:42.157243+00:00,14.23967559999437,398,314.6206153916163,242.74974855454195,314.0,242.0,314.0,242.0,0.973286370678639,TRACKING,-0.85,0.4562499999999997,32.896999997319654,30.336032229980617,True,True
2026-09-17T06:42:42.194133+00:00,14.276564699990558,399,314.82334231796665,242.76973987798385,314.0,242.0,314.0,242.0,1.1271166986223253,TRACKING,-0.8875,0.4687499999999997,36.84459999203682,27.108278600002283,True,True
2026-09-17T06:42:42.229000+00:00,14.311432999995304,400,315.1143000598702,242.6003463118484,315.0,242.0,315.0,242.0,0.6111302625760724,TRACKING,-0.91875,0.48124999999999973,34.82139999687206,28.679344845142797,True,True
2026-09-17T06:42:42.264861+00:00,14.347294199993485,401,314.49705658289986,242.23699229341258,314.0,242.0,314.0,242.0,0.5506637755845579,TRACKING,-0.9562499999999999,0.49374999999999974,35.819400000036694,27.88529106808307,True,True
2026-09-17T06:42:42.301509+00:00,14.383944099987275,402,314.9751224813802,241.6755870600711,314.0,241.0,314.0,241.0,1.1862890581256311,TRACKING,-0.9937499999999999,0.4999999999999997,36.613499993109144,27.28520405702151,True,True
2026-09-17T06:42:42.336554+00:00,14.418989599987981,403,315.5519487843778,241.91253487411296,315.0,241.0,315.0,241.0,1.0664742645973813,TRACKING,-1.025,0.5062499999999998,35.013899992918596,28.534333936735283,True,True
2026-09-17T06:42:42.373620+00:00,14.456051599991042,404,315.2309247989215,241.94474401019306,315.0,241.0,315.0,241.0,0.9725572001443382,TRACKING,-1.05625,0.5124999999999997,37.02580000390299,26.981814254962003,True,True
2026-09-17T06:42:42.409572+00:00,14.492000099999132,405,315.0153759917956,241.76963448303525,315.0,241.0,315.0,241.0,0.7697880608327408,TRACKING,-1.0875,0.5187499999999997,35.8983000041917,27.817572354200333,True,True
2026-09-17T06:42:42.447685+00:00,14.530116900001303,406,314.90856191123055,241.3851444960522,314.0,241.0,314.0,241.0,0.9868237073450381,TRACKING,-1.125,0.5249999999999997,38.06849999818951,26.235150903093288,True,True
2026-09-17T06:42:42.482525+00:00,14.564957899987348,407,315.913674149793,240.7897355947627,315.0,240.0,315.0,240.0,1.2076765964591494,TRACKING,-1.15625,0.5249999999999997,34.803499991539866,28.70181683650102,True,True
2026-09-17T06:42:42.517685+00:00,14.600117399997544,408,316.0338343497432,240.98239651212697,316.0,240.0,316.0,240.0,0.9829789775278901,TRACKING,-1.18125,0.5249999999999997,35.11950001120567,28.441815148396035,True,True
2026-09-17T06:42:42.551538+00:00,14.633971199989901,409,315.27209225211067,240.96264569618745,315.0,240.0,315.0,240.0,1.00036040007933,TRACKING,-1.2125,0.5249999999999997,33.81280000030529,29.538781472855444,True,True
2026-09-17T06:42:42.585305+00:00,14.667738799995277,410,315.63142379070524,240.730532513698,315.0,240.0,315.0,240.0,0.9655950274512018,TRACKING,-1.24375,0.5249999999999997,33.734099997673184,29.614186375128515,True,True
2026-09-17T06:42:42.620514+00:00,14.702942299991264,411,316.1147292322544,240.28663712673261,316.0,240.0,316.0,240.0,0.30874526580209694,TRACKING,-1.2687499999999998,0.5249999999999997,35.17080000892747,28.406266425610983,True,True
2026-09-17T06:42:42.659336+00:00,14.741766399994958,412,315.72483136383266,239.63206904258243,315.0,239.0,315.0,239.0,0.9617129408438821,TRACKING,-1.2999999999999998,0.5187499999999997,38.77309999370482,25.757197202378116,True,True
2026-09-17T06:42:42.695848+00:00,14.778278899990255,413,316.4644737287107,239.76846434056534,316.0,239.0,316.0,239.0,0.897927217196883,TRACKING,-1.3249999999999997,0.5124999999999997,36.469500002567656,27.387880866246082,True,True
2026-09-17T06:42:42.737459+00:00,14.819891099992674,414,316.33631891172956,239.69798158267992,316.0,239.0,316.0,239.0,0.7747830019736606,TRACKING,-1.3499999999999996,0.5062499999999998,41.56739999598358,24.03141386280639,True,True
2026-09-17T06:42:42.774866+00:00,14.857299799987231,415,316.342946875273,239.42329641832407,316.0,239.0,316.0,239.0,0.5447865793368184,TRACKING,-1.3749999999999996,0.4999999999999998,37.36919999937527,26.731749570166475,True,True
2026-09-17T06:42:42.809007+00:00,14.89144110000052,416,316.48685334687343,238.94759489656545,316.0,238.0,316.0,238.0,1.0653460796186112,TRACKING,-1.3999999999999995,0.48749999999999977,34.10319999966305,29.290038739320675,True,True
2026-09-17T06:42:42.845760+00:00,14.928178799993475,417,316.77044825946507,239.27456550267812,316.0,239.0,316.0,239.0,0.8179099802384378,TRACKING,-1.4249999999999994,0.4812499999999998,36.70480000437237,27.219994724541063,True,True
2026-09-17T06:42:42.883230+00:00,14.96566359999997,418,317.19605424525326,238.40838993884975,317.0,238.0,317.0,238.0,0.45301170982164585,TRACKING,-1.4437499999999994,0.4687499999999998,37.431099990499206,26.67747993391211,True,True
2026-09-17T06:42:42.920192+00:00,15.002626599991345,419,316.76590518414554,238.3537326721046,316.0,238.0,316.0,238.0,0.8436453961323264,TRACKING,-1.4687499999999993,0.45624999999999977,36.929800000507385,27.054081114448667,True,True
2026-09-17T06:42:42.954277+00:00,15.036701899996842,420,317.482144807649,238.11572927556483,317.0,238.0,317.0,238.0,0.49583957160116954,TRACKING,-1.4874999999999994,0.44374999999999976,34.042700004647486,29.346770236466554,True,True
2026-09-17T06:42:42.989337+00:00,15.07177129999036,421,317.34682535910747,237.69997359219184,317.0,237.0,317.0,237.0,0.7811855474123749,TRACKING,-1.5062499999999994,0.42499999999999977,35.008999999263324,28.514887628098844,True,True
2026-09-17T06:42:43.025563+00:00,15.10799049999332,422,317.36190631111754,238.11250375309294,317.0,238.0,317.0,238.0,0.3789898052543099,TRACKING,-1.5249999999999995,0.41249999999999976,36.18419999838807,27.60966558947331,True,True
2026-09-17T06:42:43.062894+00:00,15.145325599994976,423,317.52925314092084,237.3597870853377,317.0,237.0,317.0,237.0,0.6399653380850997,TRACKING,-1.5437499999999995,0.39374999999999977,37.2817000024952,26.784446806240183,True,True
2026-09-17T06:42:43.100095+00:00,15.182528399993316,424,317.8506361645419,237.44870394700834,317.0,237.0,317.0,237.0,0.9617261130319067,TRACKING,-1.5624999999999996,0.3749999999999998,37.14719999697991,26.879697228289672,True,True
2026-09-17T06:42:43.134359+00:00,15.216783799987752,425,318.32772943039856,237.38653052988812,318.0,237.0,318.0,237.0,0.5067666426324418,TRACKING,-1.5749999999999995,0.3562499999999998,34.21800000069197,29.192477687092694,True,True
2026-09-17T06:42:43.169691+00:00,15.25212589999137,426,317.9621096730748,237.18092067277033,317.0,237.0,317.0,237.0,0.9789725802389724,TRACKING,-1.5937499999999996,0.3374999999999998,35.2883000014117,28.29486645948131,True,True
2026-09-17T06:42:43.205717+00:00,15.288148399995407,427,318.75525532791517,236.83988673084863,318.0,236.0,318.0,236.0,1.129522169326414,TRACKING,-1.6062499999999995,0.3124999999999998,35.98739999870304,27.760427507472365,True,True
2026-09-17T06:42:43.242024+00:00,15.324453900000663,428,318.7085456070491,237.371779549001,318.0,237.0,318.0,237.0,0.800160552841692,TRACKING,-1.6187499999999995,0.2937499999999998,36.261700006434694,27.544036023611948,True,True
2026-09-17T06:42:43.274166+00:00,15.356599699996877,429,318.82325963742875,236.78526758902674,318.0,236.0,318.0,236.0,1.137717722897552,TRACKING,-1.6312499999999994,0.26874999999999977,32.09869998681825,31.108262980474816,True,True
2026-09-17T06:42:43.312506+00:00,15.394939899997553,430,319.10057566141666,237.08931526300668,319.0,237.0,319.0,237.0,0.1345090326905617,TRACKING,-1.6374999999999995,0.24999999999999978,38.30350001226179,26.08228439033662,True,True
2026-09-17T06:42:43.344952+00:00,15.427386099996511,431,318.5415703004219,236.29316052694068,318.0,236.0,318.0,236.0,0.6158258559488915,TRACKING,-1.6499999999999995,0.22499999999999978,32.40970001206733,30.820250138139862,True,True
2026-09-17T06:42:43.384207+00:00,15.466637699995772,432,319.1472178820472,236.40629179066994,319.0,236.0,319.0,236.0,0.4321413240599023,TRACKING,-1.6562499999999996,0.1999999999999998,39.215800003148615,25.476668467497504,True,True
2026-09-17T06:42:43.419725+00:00,15.502159899988328,433,318.91838983116605,236.43842420179303,318.0,236.0,318.0,236.0,1.0176716870912068,TRACKING,-1.6687499999999995,0.1749999999999998,35.47970000363421,28.151409546975007,True,True
2026-09-17T06:42:43.455264+00:00,15.537699299995438,434,319.8558541253101,236.39947536285663,319.0,236.0,319.0,236.0,0.944492905923457,TRACKING,-1.6749999999999996,0.1499999999999998,35.50950001226738,28.137785100478283,True,True
2026-09-17T06:42:43.492578+00:00,15.57500739999523,435,319.96027481470855,236.29954054251456,319.0,236.0,319.0,236.0,1.0059086719844244,TRACKING,-1.6812499999999997,0.1249999999999998,37.277900002663955,26.803830803648584,True,True
2026-09-17T06:42:43.530945+00:00,15.613378599999123,436,320.23221160727803,236.14886744261221,320.0,236.0,320.0,236.0,0.27583282260193015,TRACKING,-1.6812499999999997,0.09999999999999981,38.323899992974475,26.061212573453957,True,True
2026-09-17T06:42:43.565368+00:00,15.647800499995355,437,319.6721195188238,235.95783058427097,319.0,235.0,319.0,235.0,1.17012139359505,TRACKING,-1.6874999999999998,0.06874999999999981,34.388800006126985,29.05127259417575,True,True
2026-09-17T06:42:43.600774+00:00,15.683209599999827,438,320.28034858866937,236.73690537698678,320.0,236.0,320.0,236.0,0.7884319030841791,TRACKING,-1.6874999999999998,0.04374999999999981,35.373199993046,28.24132779070096,True,True
2026-09-17T06:42:43.635695+00:00,15.718126399995526,439,320.05714366089336,236.4966419355626,320.0,236.0,320.0,236.0,0.4999186035142662,TRACKING,-1.6874999999999998,0.01874999999999981,34.887500005424954,28.63950877867329,True,True
2026-09-17T06:42:43.687861+00:00,15.77029479999328,440,320.00264423131,236.2476387103157,320.0,236.0,320.0,236.0,0.24765282717151244,TRACKING,-1.6874999999999998,-0.006250000000000193,52.12750000646338,19.168692159296672,True,True
2026-09-17T06:42:43.732541+00:00,15.814968599996064,441,320.11688436028874,236.00051599647054,320.0,236.0,320.0,236.0,0.1168854992394897,TRACKING,-1.6874999999999998,-0.031250000000000194,44.638699997449294,22.38448486445505,True,True
2026-09-17T06:42:43.766747+00:00,15.849176199990325,442,320.3997926514677,235.76588938895324,320.0,235.0,320.0,235.0,0.8639564342481257,TRACKING,-1.6874999999999998,-0.0625000000000002,34.15739999036305,29.233269804598248,True,True
2026-09-17T06:42:43.800920+00:00,15.88335509999888,443,320.8511922963739,236.55434324893173,320.0,236.0,320.0,236.0,1.0157877549185297,TRACKING,-1.6874999999999998,-0.08750000000000019,34.11759999289643,29.257816949921875,True,True
2026-09-17T06:42:43.836481+00:00,15.91891609999584,444,321.4708011849229,236.37640424842525,321.0,236.0,321.0,236.0,0.6027718589627192,TRACKING,-1.6812499999999997,-0.11250000000000018,35.53290000127163,28.120694021132206,True,True
2026-09-17T06:42:43.873208+00:00,15.955640100000892,445,321.2582320817286,236.24251505910672,321.0,236.0,321.0,236.0,0.35425606830005396,TRACKING,-1.6749999999999996,-0.13750000000000018,36.69120000267867,27.230149217472146,True,True
2026-09-17T06:42:43.910627+00:00,15.993056699997396,446,321.21299286811245,236.16300825106103,321.0,236.0,321.0,236.0,0.26821195309072926,TRACKING,-1.6687499999999995,-0.16250000000000017,37.14729999774136,26.726105527851928,True,True
2026-09-17T06:42:43.945212+00:00,16.027645599999232,447,321.3344868496618,236.1480804667425,321.0,236.0,321.0,236.0,0.36579950413765233,TRACKING,-1.6624999999999994,-0.18750000000000017,34.546499999123625,28.911009021591294,True,True
2026-09-17T06:42:43.981989+00:00,16.064424899988808,448,321.6220131291443,236.20776693467795,321.0,236.0,321.0,236.0,0.6557952668122597,TRACKING,-1.6562499999999993,-0.21250000000000016,36.74630000023171,27.189206980106565,True,True
2026-09-17T06:42:44.016086+00:00,16.098519499995746,449,322.07476704454615,236.35191638662195,322.0,236.0,322.0,236.0,0.35977111351971647,TRACKING,-1.6437499999999994,-0.23750000000000016,34.066500011249445,29.33015784894112,True,True
2026-09-17T06:42:44.053045+00:00,16.135477599993465,450,321.6918406719593,236.59016644085673,321.0,236.0,321.0,236.0,0.9093623828214018,TRACKING,-1.6374999999999993,-0.2625000000000002,36.92719999526162,27.05766800949517,True,True
2026-09-17T06:42:44.090087+00:00,16.172518799998215,451,322.4722233930048,236.93191951316467,322.0,236.0,322.0,236.0,1.0447338952661847,TRACKING,-1.6249999999999993,-0.2875000000000002,37.00280000339262,26.99696553761058,True,True
2026-09-17T06:42:44.127376+00:00,16.20980489999056,452,322.4148025264359,237.3863193156871,322.0,237.0,322.0,237.0,0.5668366163283304,TRACKING,-1.6124999999999994,-0.3062500000000002,37.24360000342131,26.81964593254194,True,True
2026-09-17T06:42:44.164276+00:00,16.246705099998508,453,322.5183640235278,236.96222800240483,322.0,236.0,322.0,236.0,1.092970260116857,TRACKING,-1.5999999999999994,-0.3312500000000002,36.856400009128265,27.100124112730565,True,True
2026-09-17T06:42:44.202997+00:00,16.28542619998916,454,322.78159322681876,237.6682040183688,322.0,237.0,322.0,237.0,1.0282920705583523,TRACKING,-1.5874999999999995,-0.3500000000000002,38.677099990309216,25.825712602209034,True,True
2026-09-17T06:42:44.239267+00:00,16.321697599996696,455,323.20307569172786,237.5124807080448,323.0,237.0,323.0,237.0,0.551249682710874,TRACKING,-1.5687499999999994,-0.3687500000000002,36.2269000033848,27.56993112458414,True,True
2026-09-17T06:42:44.274492+00:00,16.35691919999954,456,322.78129807053745,237.5029457362392,322.0,237.0,322.0,237.0,0.9291830221365104,TRACKING,-1.5562499999999995,-0.3875000000000002,35.18320000148378,28.391668746431456,True,True
2026-09-17T06:42:44.310058+00:00,16.392487199991592,457,323.51464905818546,237.6471213730463,323.0,237.0,323.0,237.0,0.8268190397810811,TRACKING,-1.5374999999999994,-0.40625000000000017,35.5068999924697,28.11515970038811,True,True
2026-09-17T06:42:44.344525+00:00,16.42695169999206,458,323.401420399279,237.95214569208943,323.0,237.0,323.0,237.0,1.0333052578603172,TRACKING,-1.5187499999999994,-0.42500000000000016,34.418399998685345,29.015363634651152,True,True
2026-09-17T06:42:44.379113+00:00,16.461547300001257,459,323.43980795569826,238.42475472905485,323.0,238.0,323.0,238.0,0.6114307955524828,TRACKING,-1.4999999999999993,-0.43750000000000017,34.54249999776948,28.90540992883911,True,True
2026-09-17T06:42:44.420868+00:00,16.5032821999921,460,323.62791283412423,238.07126564511051,323.0,238.0,323.0,238.0,0.6319440793542908,TRACKING,-1.4812499999999993,-0.4500000000000002,41.703299997607246,23.96076186164137,True,True
2026-09-17T06:42:44.454250+00:00,16.536683799989987,461,323.9637425727854,237.89756093729252,323.0,237.0,323.0,237.0,1.3169720508623068,TRACKING,-1.4624999999999992,-0.46875000000000017,33.322899995255284,29.938685573842235,True,True
2026-09-17T06:42:44.491735+00:00,16.5741616999876,462,324.44521238668096,238.90907373532707,324.0,238.0,324.0,238.0,1.0122396581421178,TRACKING,-1.4374999999999993,-0.4812500000000002,37.44149999693036,26.682391491084882,True,True
2026-09-17T06:42:44.524833+00:00,16.607257699986803,463,324.070146470504,239.11077422163495,324.0,239.0,324.0,239.0,0.13111619084995796,TRACKING,-1.4124999999999994,-0.48750000000000016,33.02270000858698,30.215131738700496,True,True
2026-09-17T06:42:44.558601+00:00,16.64103410000098,464,323.8362793584488,238.50715720846412,323.0,238.0,323.0,238.0,0.9780447839770138,TRACKING,-1.3937499999999994,-0.5000000000000001,33.727800007909536,29.606470777830015,True,True
2026-09-17T06:42:44.596170+00:00,16.67860239998845,465,324.7412573400529,239.10223090319994,324.0,239.0,324.0,239.0,0.7482737478699981,TRACKING,-1.3687499999999995,-0.5062500000000001,37.532100002863444,26.618186085969587,True,True
2026-09-17T06:42:44.632354+00:00,16.714788500001305,466,324.7826399311911,238.899506889934,324.0,238.0,324.0,238.0,1.1923245811999232,TRACKING,-1.3437499999999996,-0.51875,36.14339999330696,27.634920581238,True,True
2026-09-17T06:42:44.668712+00:00,16.751147199989646,467,324.95790139929625,239.90199135233297,324.0,239.0,324.0,239.0,1.3157368621640004,TRACKING,-1.3187499999999996,-0.525,36.31880000466481,27.503733640660066,True,True
2026-09-17T06:42:44.706336+00:00,16.78875349998998,468,325.26443234186127,240.1121775597448,325.0,240.0,325.0,240.0,0.28724252528574185,TRACKING,-1.2874999999999996,-0.525,37.57509999559261,26.591289225239237,True,True
2026-09-17T06:42:44.739924+00:00,16.8223597999895,469,324.69954131723085,239.53203963532388,324.0,239.0,324.0,239.0,0.8788766853595833,TRACKING,-1.2624999999999997,-0.53125,33.54609999223612,29.756325451308395,True,True
2026-09-17T06:42:44.777374+00:00,16.85980059999565,470,325.26045652666403,240.16302762175133,325.0,240.0,325.0,240.0,0.30727122829152664,TRACKING,-1.2312499999999997,-0.53125,37.41509999963455,26.708831003495753,True,True
2026-09-17T06:42:44.814015+00:00,16.896448399988003,471,324.9443275466198,240.00606385688323,324.0,240.0,324.0,240.0,0.9443470154901867,TRACKING,-1.2062499999999998,-0.53125,36.60170000512153,27.286767560636516,True,True
2026-09-17T06:42:44.850692+00:00,16.933125600000494,472,325.7482271101769,240.06154066838664,325.0,240.0,325.0,240.0,0.7507536628409939,TRACKING,-1.1749999999999998,-0.53125,36.63349999987986,27.264894802750263,True,True
2026-09-17T06:42:44.884500+00:00,16.966935099990224,473,325.66915293648185,240.32931939312462,325.0,240.0,325.0,240.0,0.7457995140051059,TRACKING,-1.1437499999999998,-0.53125,33.77819999877829,29.577485626932646,True,True
2026-09-17T06:42:44.919724+00:00,17.00215789998765,474,325.7040296070762,240.80873072374175,325.0,240.0,325.0,240.0,1.072242076754941,TRACKING,-1.1124999999999998,-0.53125,35.194700001738966,28.39070147952562,True,True
2026-09-17T06:42:44.956548+00:00,17.038979699995252,475,325.84971048793284,241.49857638158403,325.0,241.0,325.0,241.0,0.9851833948948224,TRACKING,-1.0812499999999998,-0.525,36.789699996006675,27.157824978506376,True,True
2026-09-17T06:42:44.992564+00:00,17.074997599993367,476,326.102979696001,241.39713211177164,326.0,241.0,326.0,241.0,0.41026665961135667,TRACKING,-1.0437499999999997,-0.51875,35.91400000732392,27.763972914921485,True,True
2026-09-17T06:42:45.022915+00:00,17.105342599999858,477,325.4605541090266,241.5021519929378,325.0,241.0,325.0,241.0,0.681371199385971,TRACKING,-1.0124999999999997,-0.5125000000000001,30.307000008178875,32.95435820682428,True,True
2026-09-17T06:42:45.056838+00:00,17.139268200000515,478,325.91908541739815,241.81087405086288,325.0,241.0,325.0,241.0,1.2256568568880553,TRACKING,-0.9812499999999997,-0.5062500000000001,33.876100002089515,29.476265710278668,True,True
2026-09-17T06:42:45.093942+00:00,17.176372299989453,479,326.4751622167307,242.32002716197132,326.0,242.0,326.0,242.0,0.5728843832815443,TRACKING,-0.9437499999999998,-0.4937500000000001,37.05719999561552,26.951199471167634,True,True
2026-09-17T06:42:45.127241+00:00,17.209675099991728,480,326.12531213988257,242.025839229437,326.0,242.0,326.0,242.0,0.12794841999745754,TRACKING,-0.9062499999999998,-0.48125000000000007,33.26559999550227,30.02750519270711,True,True
2026-09-17T06:42:45.161706+00:00,17.244139599992195,481,325.86600402707256,241.92404661146116,325.0,241.0,325.0,241.0,1.2664221709440961,TRACKING,-0.8749999999999998,-0.4750000000000001,34.42260000156239,29.015363634651152,True,True
2026-09-17T06:42:45.197493+00:00,17.279925700000604,482,326.69365013273864,243.009904778156,326.0,243.0,326.0,242.0,1.225176790341153,TRACKING,-0.8374999999999998,-0.4625000000000001,35.7536999945296,27.94381057910846,True,True
2026-09-17T06:42:45.231939+00:00,17.314371499989647,483,326.6046083677628,243.2782001703987,326.0,243.0,326.0,243.0,0.6655423451431673,TRACKING,-0.7999999999999998,-0.4437500000000001,34.40109999792185,29.031115558880114,True,True
2026-09-17T06:42:45.266678+00:00,17.349111199990148,484,326.595184575658,242.72326323101402,326.0,242.0,326.0,242.0,0.9366719705628035,TRACKING,-0.7624999999999998,-0.4312500000000001,34.70319999905769,28.785510525007368,True,True
2026-09-17T06:42:45.301761+00:00,17.384196899991366,485,326.6616348412957,243.3389825757145,326.0,243.0,326.0,243.0,0.7434176819624748,TRACKING,-0.7249999999999999,-0.4125000000000001,35.04879999672994,28.50164026840778,True,True
2026-09-17T06:42:45.337686+00:00,17.420120199996745,486,326.8001678307321,243.11882026837907,326.0,243.0,326.0,243.0,0.8089417862344607,TRACKING,-0.6874999999999999,-0.3937500000000001,35.89339999598451,27.837086232341143,True,True
2026-09-17T06:42:45.373030+00:00,17.455462400001124,487,327.0069471606664,243.05582816248733,327.0,243.0,327.0,243.0,0.05625874836891339,TRACKING,-0.6437499999999999,-0.3750000000000001,35.30299999692943,28.29478639915143,True,True
2026-09-17T06:42:45.419566+00:00,17.502000199994654,488,326.2780937960567,243.14266526786815,326.0,243.0,326.0,243.0,0.3125532563597866,TRACKING,-0.60625,-0.3562500000000001,46.4981999975862,21.487908756731702,True,True
2026-09-17T06:42:45.454264+00:00,17.536698699987028,489,326.60968847439045,243.37161609935185,326.0,243.0,326.0,243.0,0.7140157989162738,TRACKING,-0.56875,-0.33750000000000013,34.665200000745244,28.81968961827734,True,True
2026-09-17T06:42:45.485698+00:00,17.568123399993056,490,326.9977741550956,243.73460996146446,326.0,243.0,326.0,243.0,1.239033922077832,TRACKING,-0.53125,-0.31875000000000014,31.39319999900181,31.822101716426435,True,True
2026-09-17T06:42:45.520667+00:00,17.603097499988507,491,327.4383584925638,244.22324112096456,327.0,244.0,327.0,244.0,0.4919296353060203,TRACKING,-0.4875,-0.2937500000000001,34.914799995021895,28.59258708959029,True,True
2026-09-17T06:42:45.558149+00:00,17.64056780000101,492,326.92741633123376,243.82878981679715,326.0,243.0,326.0,243.0,1.2437819792333962,TRACKING,-0.44999999999999996,-0.27500000000000013,37.4182999948971,26.687803398061316,True,True
2026-09-17T06:42:45.593330+00:00,17.675761699996656,493,327.46089222118417,244.54224405495611,327.0,244.0,327.0,244.0,0.7116531842711905,TRACKING,-0.40624999999999994,-0.2500000000000001,35.12159999809228,28.414014932237567,True,True
2026-09-17T06:42:45.625725+00:00,17.708158099994762,494,327.0347029526577,244.3543221337756,327.0,244.0,327.0,244.0,0.35601751278057253,TRACKING,-0.36249999999999993,-0.22500000000000012,32.35560000757687,30.867627269031786,True,True
2026-09-17T06:42:45.659222+00:00,17.741654499986907,495,326.6447401079335,244.25549584335027,326.0,244.0,326.0,244.0,0.6935185165137053,TRACKING,-0.32499999999999996,-0.20000000000000012,33.46949999104254,29.853954461807387,True,True
2026-09-17T06:42:45.694471+00:00,17.77690349999466,496,327.2868726289565,244.23601428109865,327.0,244.0,327.0,244.0,0.37148169016374116,TRACKING,-0.28124999999999994,-0.17500000000000013,35.211800000979565,28.369599131324847,True,True
2026-09-17T06:42:45.731103+00:00,17.813534599990817,497,326.9569493991112,244.28592822394,326.0,244.0,326.0,244.0,0.9987527730648542,TRACKING,-0.24374999999999994,-0.15000000000000013,36.593299999367446,27.29920750687015,True,True
2026-09-17T06:42:45.764331+00:00,17.84676319999562,498,327.6508018375367,244.39511499617169,327.0,244.0,327.0,244.0,0.7613533292373947,TRACKING,-0.19999999999999993,-0.12500000000000014,33.188500005053356,30.094557094051993,True,True
2026-09-17T06:42:45.800972+00:00,17.883396299992455,499,327.3642465043533,244.5533037708862,327.0,244.0,327.0,244.0,0.6624353393429971,TRACKING,-0.15624999999999992,-0.10000000000000014,36.588100003427826,27.29771709427875,True,True
2026-09-17T06:42:45.836255+00:00,17.918689499987522,500,327.09308771517584,244.75010124168932,327.0,244.0,327.0,244.0,0.7558552741765587,TRACKING,-0.1124999999999999,-0.07500000000000015,35.23249999852851,28.334070023114165,True,True
2026-09-17T06:42:45.871663+00:00,17.95409889999428,501,326.83312016328165,244.9750176005545,326.0,244.0,326.0,244.0,1.2824774960433076,TRACKING,-0.0749999999999999,-0.05000000000000015,35.37890000734478,28.24108851912763,True,True
2026-09-17T06:42:45.905627+00:00,17.98806189998868,502,327.58013154778786,245.2174927568782,327.0,245.0,327.0,245.0,0.6195609026021649,TRACKING,-0.031249999999999896,-0.01875000000000015,33.934599996428005,29.443806500157795,True,True
2026-09-17T06:42:45.940060+00:00,18.022493599986774,503,327.3299052062037,244.4669227322079,327.0,244.0,327.0,244.0,0.5717117131324181,TRACKING,0.012500000000000108,0.006249999999999853,34.403400000883266,29.043003977594356,True,True
2026-09-17T06:42:45.975040+00:00,18.057473900000332,504,327.0782227497074,244.7126861646657,327.0,244.0,327.0,244.0,0.7169660855840432,TRACKING,0.05625000000000011,0.031249999999999854,34.95129999646451,28.58751924976087,True,True
2026-09-17T06:42:46.008019+00:00,18.090452599994023,505,326.8208666995009,244.94417085682096,326.0,244.0,326.0,244.0,1.2511118036448898,TRACKING,0.09375000000000011,0.056249999999999856,32.94050000840798,30.322602170227842,True,True
2026-09-17T06:42:46.045260+00:00,18.127690199995413,506,327.5536231225992,245.15080030065857,327.0,245.0,327.0,245.0,0.5737937717989163,TRACKING,0.13750000000000012,0.08749999999999986,37.20380000595469,26.85457709311743,True,True
2026-09-17T06:42:46.080043+00:00,18.16247640000074,507,327.27228426539796,244.32206011333884,327.0,244.0,327.0,244.0,0.42173621825393265,TRACKING,0.18125000000000013,0.11249999999999985,34.742999996524304,28.74703186455628,True,True
2026-09-17T06:42:46.118420+00:00,18.200849199987715,508,326.97265118338487,244.4475243176802,326.0,244.0,326.0,244.0,1.070667240301635,TRACKING,0.21875000000000014,0.13749999999999984,38.33529999246821,26.06012593137521,True,True
2026-09-17T06:42:46.154075+00:00,18.236504199987394,509,327.6505363653425,244.51688140167207,327.0,244.0,327.0,244.0,0.8308814271768734,TRACKING,0.2625000000000001,0.16249999999999984,35.60730000026524,28.046557285345997,True,True
2026-09-17T06:42:46.187345+00:00,18.26977899999474,510,327.3017663504062,244.51996009188431,327.0,244.0,327.0,244.0,0.6011833558822234,TRACKING,0.30625000000000013,0.18749999999999983,33.225899998797104,30.052772662169982,True,True
2026-09-17T06:42:46.223921+00:00,18.306347399993683,511,326.9221843363431,244.4467547763551,326.0,244.0,326.0,244.0,1.0247018007169955,TRACKING,0.3437500000000001,0.21249999999999983,36.53719999419991,27.346014592624968,True,True
2026-09-17T06:42:46.255918+00:00,18.338349999990896,512,327.5076527774155,244.28745051340812,327.0,244.0,327.0,244.0,0.5833859272182204,TRACKING,0.3875000000000001,0.23749999999999982,31.9448999944143,31.2474611465032,True,True
2026-09-17T06:42:46.289570+00:00,18.371989399995073,513,327.05405597021394,244.03244756389634,327.0,244.0,327.0,244.0,0.06304674708957804,TRACKING,0.43125000000000013,0.26249999999999984,33.59850001288578,29.7270462575387,True,True
2026-09-17T06:42:46.322436+00:00,18.404868799989345,514,326.55730262583756,243.67238538555037,326.0,243.0,326.0,243.0,0.8733202868748471,TRACKING,0.4687500000000001,0.28124999999999983,32.73389999230858,30.41418031272524,True,True
2026-09-17T06:42:46.357331+00:00,18.439761199988425,515,327.013328426816,244.1981660294588,327.0,244.0,327.0,244.0,0.19861375126827527,TRACKING,0.5125000000000001,0.30624999999999986,34.849399991799146,28.659536174822033,True,True
2026-09-17T06:42:46.396214+00:00,18.47864689999551,516,326.41809856717714,243.60097688020338,326.0,243.0,326.0,243.0,0.7321062917463285,TRACKING,0.55,0.32499999999999984,38.8463999988744,25.716394453945323,True,True
2026-09-17T06:42:46.435204+00:00,18.51762179999787,517,326.7676102740671,243.8723126828066,326.0,243.0,326.0,243.0,1.1619616815707254,TRACKING,0.5875,0.34374999999999983,38.93350000726059,25.657538568142243,True,True
2026-09-17T06:42:46.471285+00:00,18.55371579999337,518,327.05789530935476,244.00399680144082,327.0,244.0,327.0,244.0,0.05803310492331936,TRACKING,0.63125,0.36874999999999986,35.98970000166446,27.705435809958797,True,True
2026-09-17T06:42:46.506782+00:00,18.589214699997683,519,326.2850224496505,242.9882016567589,326.0,242.0,326.0,243.0,0.2852665380096546,TRACKING,0.66875,0.38749999999999984,35.45710000616964,28.169886950820842,True,True
2026-09-17T06:42:46.544339+00:00,18.626768999994965,520,326.44509994319304,242.81746829076624,326.0,242.0,326.0,242.0,0.9307891092179434,TRACKING,0.7062499999999999,0.39999999999999986,37.519300007261336,26.628109166523394,True,True
2026-09-17T06:42:46.581050+00:00,18.66348149999976,521,326.5342779420689,243.4847250103318,326.0,243.0,326.0,243.0,0.7213953527869131,TRACKING,0.7437499999999999,0.41874999999999984,36.654199997428805,27.238678920513582,True,True
2026-09-17T06:42:46.617150+00:00,18.69958349999797,522,326.54875090823975,242.98330506273695,326.0,242.0,326.0,242.0,1.126062345386819,TRACKING,0.7812499999999999,0.43124999999999986,36.05410001182463,27.699296439244574,True,True
2026-09-17T06:42:46.650459+00:00,18.732888399987132,523,326.4847599918811,243.30696329908594,326.0,243.0,326.0,243.0,0.5737758418705788,TRACKING,0.8187499999999999,0.44999999999999984,33.26769999694079,30.025611856676598,True,True
2026-09-17T06:42:46.687197+00:00,18.769628899986856,524,326.3385953805413,242.44989178392578,326.0,242.0,326.0,242.0,0.5630714421526033,TRACKING,0.8562499999999998,0.46249999999999986,36.697899995488115,27.217920278916417,True,True
2026-09-17T06:42:46.721820+00:00,18.80417839999427,525,326.1065986176525,242.40673431205974,326.0,242.0,326.0,242.0,0.4204712426458314,TRACKING,0.8937499999999998,0.47499999999999987,34.50910000537988,28.943978922571237,True,True
2026-09-17T06:42:46.759309+00:00,18.841739399998914,526,325.785164888949,242.17259979627173,325.0,242.0,325.0,242.0,0.8039120552096066,TRACKING,0.9249999999999998,0.4874999999999999,37.44120000919793,26.62335933218957,True,True
2026-09-17T06:42:46.793850+00:00,18.876281299992115,527,326.37074527535594,241.7430744924959,326.0,241.0,326.0,241.0,0.8304286607510633,TRACKING,0.9624999999999998,0.49374999999999986,34.497500004363246,28.95034726511395,True,True
2026-09-17T06:42:46.832295+00:00,18.914722699992126,528,325.85984897095057,242.11423303187937,325.0,242.0,325.0,242.0,0.8674038496669811,TRACKING,0.9937499999999998,0.5062499999999999,38.37239999847952,26.013620731807993,True,True
2026-09-17T06:42:46.867423+00:00,18.94985469999665,529,326.24904546460107,241.282648232159,326.0,241.0,326.0,241.0,0.37671430365858466,TRACKING,1.0312499999999998,0.5124999999999998,35.08270000747871,28.46407832947867,True,True
2026-09-17T06:42:46.906340+00:00,18.98876969999401,530,325.5349666839245,241.24539966383296,325.0,241.0,325.0,241.0,0.5885663496314564,TRACKING,1.0624999999999998,0.5187499999999998,38.874300007591955,25.69703199454832,True,True
2026-09-17T06:42:46.939120+00:00,19.021555399987847,531,325.71430910022355,241.00008094971352,325.0,241.0,325.0,241.0,0.7143091048103942,TRACKING,1.0937499999999998,0.5249999999999998,32.737000001361594,30.50110262059249,True,True
2026-09-17T06:42:46.974801+00:00,19.057230899998103,532,325.78383579308263,240.54480577961627,325.0,240.0,325.0,240.0,0.9545741919938788,TRACKING,1.1249999999999998,0.5249999999999998,35.64500001084525,28.03044105093135,True,True
2026-09-17T06:42:47.009581+00:00,19.092016599999624,533,325.740378473339,240.87821262515368,325.0,240.0,325.0,240.0,1.1486590872678775,TRACKING,1.1562499999999998,0.5249999999999998,34.74329999880865,28.747445069562325,True,True
2026-09-17T06:42:47.043505+00:00,19.12593239999842,534,325.5808394631598,240.99946814284678,325.0,240.0,325.0,240.0,1.1559892086561023,TRACKING,1.1874999999999998,0.5249999999999998,33.882900010212325,29.484782904591327,True,True
2026-09-17T06:42:47.076512+00:00,19.158944599999813,535,325.3021936319898,240.90826925705008,325.0,240.0,325.0,240.0,0.9572220403425103,TRACKING,1.2187499999999998,0.5249999999999998,32.950299995718524,30.291831503436967,True,True
2026-09-17T06:42:47.114395+00:00,19.19682969999849,536,324.9014902871611,240.60484391748255,324.0,240.0,324.0,240.0,1.0855970257703538,TRACKING,1.2437499999999997,0.5249999999999998,37.84790000645444,26.395601437899508,True,True
2026-09-17T06:42:47.150730+00:00,19.233148599989363,537,325.37585501797736,240.08995052947225,325.0,240.0,325.0,240.0,0.38646874684907917,TRACKING,1.2749999999999997,0.5249999999999998,36.28430000389926,27.533873554850633,True,True
2026-09-17T06:42:47.187097+00:00,19.269524999996065,538,324.72249149212865,239.36487605833796,324.0,239.0,324.0,239.0,0.8094000828678807,TRACKING,1.2999999999999996,0.5187499999999998,36.24280000803992,27.49035088177376,True,True
2026-09-17T06:42:47.220735+00:00,19.303164500001003,539,324.9386832033077,239.43143281264597,324.0,239.0,324.0,239.0,1.033082972466185,TRACKING,1.3249999999999995,0.5124999999999998,33.5860000050161,29.726957887400587,True,True
2026-09-17T06:42:47.255741+00:00,19.338169700000435,540,325.02179516893773,239.2919539143828,325.0,239.0,325.0,239.0,0.2927663189515765,TRACKING,1.3562499999999995,0.5062499999999999,34.95449999172706,28.567184304509727,True,True
2026-09-17T06:42:47.292294+00:00,19.3747263999976,541,323.9692755769519,238.9492874673647,323.0,238.0,324.0,238.0,0.9497845470775728,TRACKING,1.3812499999999994,0.49374999999999986,36.50960000231862,27.354766706994756,True,True
2026-09-17T06:42:47.328298+00:00,19.410728999995627,542,323.77865738059086,239.4067894384623,323.0,239.0,323.0,239.0,0.8785129273909965,TRACKING,1.3999999999999995,0.4874999999999999,35.965800008852966,27.77577175133944,True,True
2026-09-17T06:42:47.364080+00:00,19.446505399988382,543,324.4475598402281,238.6683152694303,324.0,238.0,324.0,238.0,0.8043351975008411,TRACKING,1.4249999999999994,0.47499999999999987,35.729600000195205,27.951386953480245,True,True
2026-09-17T06:42:47.398121+00:00,19.480555399990408,544,323.97369001125423,238.73821024031147,323.0,238.0,323.0,238.0,1.2218946750505937,TRACKING,1.4437499999999994,0.46249999999999986,34.011700001428835,29.3685756223351,True,True
2026-09-17T06:42:47.434087+00:00,19.516521499986993,545,324.3548441770927,238.62129860849942,324.0,238.0,324.0,238.0,0.7154902871038058,TRACKING,1.4687499999999993,0.44999999999999984,35.93379999801982,27.8039598426001,True,True
2026-09-17T06:42:47.469105+00:00,19.551540100001148,546,323.5889092264516,238.32287155060723,323.0,238.0,323.0,238.0,0.6716100916390126,TRACKING,1.4874999999999994,0.43749999999999983,34.98189999663737,28.556252951168577,True,True
2026-09-17T06:42:47.502865+00:00,19.58530019999307,547,323.6738639739482,237.84867393728197,323.0,237.0,323.0,237.0,1.0836697408375526,TRACKING,1.5062499999999994,0.41874999999999984,33.72970000782516,29.620765348421394,True,True
2026-09-17T06:42:47.537573+00:00,19.620004500000505,548,323.607780423285,238.2048899740199,323.0,238.0,323.0,238.0,0.6413867354275357,TRACKING,1.5249999999999995,0.40624999999999983,34.673099988140166,28.814873078719376,True,True
2026-09-17T06:42:47.570976+00:00,19.653399699993315,549,323.38882497218424,237.398127743873,323.0,237.0,323.0,237.0,0.5564984810720355,TRACKING,1.5437499999999995,0.38749999999999984,33.36239999043755,29.944423157079136,True,True
2026-09-17T06:42:47.607363+00:00,19.68979639999452,550,323.0152595583295,237.43540269068333,323.0,237.0,323.0,237.0,0.4356700094965189,TRACKING,1.5624999999999996,0.36874999999999986,36.34030000830535,27.475018338664874,True,True
2026-09-17T06:42:47.639059+00:00,19.72149269998772,551,322.48544274559896,237.32412008412612,322.0,237.0,322.0,237.0,0.5837023969357846,TRACKING,1.5749999999999995,0.34999999999999987,31.659200001740828,31.549423756543472,True,True
2026-09-17T06:42:47.674628+00:00,19.75706160000118,552,322.79783074990837,237.0720565103933,322.0,237.0,322.0,237.0,0.8010780524951455,TRACKING,1.5874999999999995,0.3312499999999999,35.534199996618554,28.114448285485636,True,True
2026-09-17T06:42:47.710636+00:00,19.79306749999523,553,322.9509784040266,236.6873404347772,322.0,236.0,322.0,236.0,1.1733698471516698,TRACKING,1.5999999999999994,0.30624999999999986,35.971200006315485,27.773226059206817,True,True
2026-09-17T06:42:47.746320+00:00,19.828755399998045,554,322.94354006075775,237.17843188474083,322.0,237.0,322.0,237.0,0.9602633929016107,TRACKING,1.6124999999999994,0.28749999999999987,35.6539999920642,28.020701692203204,True,True
2026-09-17T06:42:47.777436+00:00,19.85987010000099,555,322.77427043392674,236.55410130425528,322.0,236.0,322.0,236.0,0.9521149931759901,TRACKING,1.6249999999999993,0.26249999999999984,31.076999992365018,32.13914965933624,True,True
2026-09-17T06:42:47.814616+00:00,19.897046400001273,556,322.44202537664364,236.8234076322564,322.0,236.0,322.0,236.0,0.9345515301228868,TRACKING,1.6374999999999993,0.23749999999999985,37.140100001124665,26.898857605312777,True,True
2026-09-17T06:42:47.851173+00:00,19.933606899998267,557,321.9457625963569,236.9956756600167,321.0,236.0,321.0,236.0,1.3732577720942942,TRACKING,1.6437499999999994,0.21249999999999986,36.52040001179557,27.351923526270234,True,True
2026-09-17T06:42:47.886971+00:00,19.96938819999923,558,322.2845423062528,237.08047272402254,322.0,237.0,322.0,237.0,0.295702863292285,TRACKING,1.6562499999999993,0.19374999999999987,35.71799999917857,27.947559199165262,True,True
2026-09-17T06:42:47.920891+00:00,20.00332509999862,559,321.45752781259193,236.08758479261562,321.0,236.0,321.0,236.0,0.46583558815603626,TRACKING,1.6624999999999994,0.16874999999999987,33.85490000073332,29.466450972775696,True,True
2026-09-17T06:42:47.957219+00:00,20.039648699996178,560,321.4639860376151,236.0269920061689,321.0,236.0,321.0,236.0,0.46477049336072407,TRACKING,1.6687499999999995,0.14374999999999988,36.28030000254512,27.530310874120726,True,True
2026-09-17T06:42:47.993619+00:00,20.076033499994082,561,321.3032879776934,235.90884373193208,321.0,235.0,321.0,235.0,0.9581130029832514,TRACKING,1.6749999999999996,0.11249999999999988,36.33529999933671,27.484004311074877,True,True
2026-09-17T06:42:48.028459+00:00,20.110891099990113,562,320.9749090964346,236.74343319590085,320.0,236.0,320.0,236.0,1.2260263712817436,TRACKING,1.6749999999999996,0.08749999999999988,34.77579999889713,28.688148355419834,True,True
2026-09-17T06:42:48.058998+00:00,20.141431199997896,563,321.4784296525018,236.54117175511146,321.0,236.0,321.0,236.0,0.7223308112793035,TRACKING,1.6812499999999997,0.06249999999999988,30.485800001770258,32.74383514609102,True,True
2026-09-17T06:42:48.095899+00:00,20.1783274999907,564,320.81353496193793,236.31256287467045,320.0,236.0,320.0,236.0,0.8715128713436237,TRACKING,1.6812499999999997,0.03749999999999988,36.86069999821484,27.10298865184373,True,True
2026-09-17T06:42:48.131758+00:00,20.214188799989643,565,320.9800155948323,236.06817587456223,320.0,236.0,320.0,236.0,0.9823840979916411,TRACKING,1.6812499999999997,0.01249999999999988,35.80830000282731,27.885213308762015,True,True
2026-09-17T06:42:48.164256+00:00,20.246680399999605,566,320.97776750620886,235.81861951185246,320.0,235.0,320.0,235.0,1.2752126102667982,TRACKING,1.6812499999999997,-0.01875000000000012,32.4494000087725,30.777185478505157,True,True
2026-09-17T06:42:48.202479+00:00,20.284912099989015,567,320.8067921010498,236.5745154643221,320.0,236.0,320.0,236.0,0.9904451085555227,TRACKING,1.6812499999999997,-0.04375000000000012,38.17899999557994,26.156304853746818,True,True
2026-09-17T06:42:48.235382+00:00,20.317815899994457,568,320.4671962334176,236.34647178180325,320.0,236.0,320.0,236.0,0.5816485331413789,TRACKING,1.6812499999999997,-0.06875000000000012,32.86540000408422,30.39162649404004,True,True
2026-09-17T06:42:48.270993+00:00,20.353425699999207,569,319.9591921396756,236.14505637157967,319.0,236.0,319.0,236.0,0.9700984031279287,TRACKING,1.6749999999999996,-0.09375000000000011,35.574200010159984,28.082157155238786,True,True
2026-09-17T06:42:48.302330+00:00,20.384759299995494,570,320.28309730584596,235.98077058412233,320.0,235.0,320.0,235.0,1.0208109635269824,TRACKING,1.6749999999999996,-0.1250000000000001,31.296300003305078,31.91462200699846,True,True
2026-09-17T06:42:48.335518+00:00,20.41795239999192,571,319.4393342691919,236.8640229651812,319.0,236.0,319.0,236.0,0.9693040206492791,TRACKING,1.6687499999999995,-0.1500000000000001,33.14519999548793,30.12674321192431,True,True
2026-09-17T06:42:48.369691+00:00,20.452124899995397,572,319.42843035414563,236.8051032398432,319.0,236.0,319.0,236.0,0.9119998876970081,TRACKING,1.6624999999999994,-0.1750000000000001,34.13830000499729,29.26329650737312,True,True
2026-09-17T06:42:48.407370+00:00,20.489802099997178,573,319.251017342748,236.81415659357714,319.0,236.0,319.0,236.0,0.8519745684146935,TRACKING,1.6562499999999993,-0.2000000000000001,37.6442999986466,26.541250410134865,True,True
2026-09-17T06:42:48.443754+00:00,20.526187600000412,574,318.9078310798044,236.9011583145538,318.0,236.0,318.0,236.0,1.2791573700480645,TRACKING,1.6437499999999994,-0.2250000000000001,36.24439999111928,27.48347555787622,True,True
2026-09-17T06:42:48.477802+00:00,20.56023479999567,575,319.3997110130066,237.07588886062103,319.0,237.0,319.0,237.0,0.40685134027690883,TRACKING,1.6374999999999993,-0.24375000000000008,34.01240000675898,29.370990863839253,True,True
2026-09-17T06:42:48.513143+00:00,20.595575899991672,576,318.72759966830506,236.34790941325122,318.0,236.0,318.0,236.0,0.8064999920312708,TRACKING,1.6249999999999993,-0.2687500000000001,35.3017000015825,28.295667087699268,True,True
2026-09-17T06:42:48.550173+00:00,20.632596299998113,577,318.8925420608605,236.7265379795689,318.0,236.0,318.0,236.0,1.1508643561085348,TRACKING,1.6124999999999994,-0.2937500000000001,36.98129999975208,27.012133845826334,True,True
2026-09-17T06:42:48.585658+00:00,20.66808969998965,578,318.8956850419439,237.22082610218447,318.0,237.0,318.0,237.0,0.9225052096156807,TRACKING,1.5999999999999994,-0.3125000000000001,35.43750000244472,28.1742521211951,True,True
2026-09-17T06:42:48.620896+00:00,20.703317899999092,579,318.7382765821916,236.83953623505198,318.0,236.0,318.0,236.0,1.1179773708701564,TRACKING,1.5874999999999995,-0.33750000000000013,35.18830001121387,28.386349564609546,True,True
2026-09-17T06:42:48.654943+00:00,20.73737859999528,580,318.42166499166456,237.59111984189778,318.0,237.0,318.0,237.0,0.7261019437246575,TRACKING,1.5749999999999995,-0.3562500000000001,33.99869998975191,29.359349634971746,True,True
2026-09-17T06:42:48.687583+00:00,20.770015499991132,581,317.9472980771974,237.48369627196172,317.0,237.0,317.0,237.0,1.0636426705296915,TRACKING,1.5562499999999995,-0.3750000000000001,32.607700006337836,30.640164970543907,True,True
2026-09-17T06:42:48.726410+00:00,20.80884369999694,582,318.31672223756766,237.52503246585388,318.0,237.0,318.0,237.0,0.6131656105575998,TRACKING,1.5437499999999995,-0.3937500000000001,38.790000005974434,25.75447741204517,True,True
2026-09-17T06:42:48.764153+00:00,20.846586100000422,583,317.53158149704643,237.72252354224736,317.0,237.0,317.0,237.0,0.897005661689934,TRACKING,1.5249999999999995,-0.4125000000000001,37.70879999501631,26.49540039604733,True,True
2026-09-17T06:42:48.798825+00:00,20.881257699991693,584,317.59361647793605,238.08317431393266,317.0,238.0,317.0,238.0,0.5994151227449741,TRACKING,1.5062499999999994,-0.4250000000000001,34.63500000361819,28.8420494079241,True,True
2026-09-17T06:42:48.831125+00:00,20.913557499996386,585,317.5046633127389,237.61358177943424,317.0,237.0,317.0,237.0,0.7944606090161359,TRACKING,1.4874999999999994,-0.4437500000000001,32.260299994959496,30.959944019922226,True,True
2026-09-17T06:42:48.867883+00:00,20.950311599997804,586,317.2666524966329,238.31991863394904,317.0,238.0,317.0,238.0,0.416475072853564,TRACKING,1.4687499999999993,-0.4562500000000001,36.712000000989065,27.207848919207482,True,True
2026-09-17T06:42:48.903545+00:00,20.985977099990123,587,316.8816076809768,238.20791784082428,316.0,238.0,316.0,238.0,0.9057935370106812,TRACKING,1.4437499999999994,-0.4687500000000001,35.618699999758974,28.038300324272797,True,True
2026-09-17T06:42:48.940269+00:00,21.02270529999805,588,317.35164440859205,238.28285830213412,317.0,238.0,317.0,238.0,0.45128993915247906,TRACKING,1.4249999999999994,-0.4812500000000001,36.687999992864206,27.2270353511506,True,True
2026-09-17T06:42:48.975082+00:00,21.05751469999086,589,316.678968791619,238.54955166417352,316.0,238.0,316.0,238.0,0.8735019471005598,TRACKING,1.3999999999999995,-0.49375000000000013,34.78210000321269,28.72787236225169,True,True
2026-09-17T06:42:49.008349+00:00,21.0907814999955,590,316.86587613276754,239.012330290849,316.0,239.0,316.0,239.0,0.8659639215168784,TRACKING,1.3749999999999996,-0.5000000000000001,33.22890000708867,30.059999755327585,True,True
2026-09-17T06:42:49.044898+00:00,21.12733209998987,591,316.91474949082743,238.67503643502403,316.0,238.0,316.0,238.0,1.1368556722728673,TRACKING,1.3499999999999996,-0.5125000000000001,36.51289999834262,27.35933199876373,True,True
2026-09-17T06:42:49.079622+00:00,21.16205689999333,592,316.8280581913355,239.54101263488923,316.0,239.0,316.0,239.0,0.9891284240924578,TRACKING,1.3249999999999997,-0.51875,34.688700005062856,28.797862043852483,True,True
2026-09-17T06:42:49.116477+00:00,21.1989096999896,593,316.60835628332626,239.61309335935678,316.0,239.0,316.0,239.0,0.863701820508631,TRACKING,1.2999999999999998,-0.525,36.82039999694098,27.134980248482275,True,True
2026-09-17T06:42:49.150814+00:00,21.23324619999039,594,316.2582809431351,239.8935979233645,316.0,239.0,316.0,239.0,0.9301754104619723,TRACKING,1.275,-0.53125,34.29630000027828,29.12352744097308,True,True
2026-09-17T06:42:49.184130+00:00,21.26656269999512,595,315.7805508262488,240.38432469079632,315.0,240.0,315.0,240.0,0.8700373901812574,TRACKING,1.24375,-0.53125,33.2745000050636,30.01515765035411,True,True
2026-09-17T06:42:49.221676+00:00,21.304106700001284,596,316.17796436823346,240.0865465795093,316.0,240.0,316.0,240.0,0.19789296800415865,TRACKING,1.21875,-0.53125,37.503100000321865,26.635414442675476,True,True
2026-09-17T06:42:49.259258+00:00,21.34168559999671,597,315.4533980358051,240.00100787970183,315.0,240.0,315.0,240.0,0.45339915603517683,TRACKING,1.1875,-0.53125,37.54059999482706,26.610677803814756,True,True
2026-09-17T06:42:49.293398+00:00,21.37582939999993,598,315.60980452913,240.12792239357577,315.0,240.0,315.0,240.0,0.6230776055400998,TRACKING,1.15625,-0.53125,34.0993999998318,29.28789413907228,True,True
2026-09-17T06:42:49.326677+00:00,21.409105599988834,599,315.65021093648414,240.46697290094218,315.0,240.0,315.0,240.0,0.8005235487716416,TRACKING,1.125,-0.53125,33.234600006835535,30.051508295221186,True,True
2026-09-17T06:42:49.364231+00:00,21.446663199996692,600,315.5777168424215,241.01731195210675,315.0,241.0,315.0,241.0,0.5779761705323514,TRACKING,1.09375,-0.525,37.507400003960356,26.625769479167236,True,True
2026-09-17T06:42:49.398418+00:00,21.48085259999789,601,315.39549239063354,240.77756398605263,315.0,240.0,315.0,240.0,0.87236459319202,TRACKING,1.0625,-0.525,34.15909998875577,29.248831508157874,True,True
2026-09-17T06:42:49.433858+00:00,21.516288099999656,602,315.106776302714,241.74582876862655,315.0,241.0,315.0,241.0,0.7534332956090247,TRACKING,1.03125,-0.51875,35.40560000692494,28.220287563322554,True,True
2026-09-17T06:42:49.472449+00:00,21.55488029999833,603,314.71487385406283,241.91968614213465,314.0,241.0,314.0,241.0,1.1648464393460463,TRACKING,0.99375,-0.5125000000000001,38.5493000067072,25.911971850123486,True,True
2026-09-17T06:42:49.511244+00:00,21.59366990000126,604,315.22315480819657,242.29620207447624,315.0,242.0,315.0,242.0,0.37085541299174263,TRACKING,0.9625,-0.5000000000000001,38.74740000173915,25.78010600584949,True,True
2026-09-17T06:42:49.549557+00:00,21.63198599999305,605,314.6350513107559,241.87193599269597,314.0,241.0,314.0,241.0,1.078685562456217,TRACKING,0.925,-0.49375000000000013,38.26659999322146,26.09868959038874,True,True
2026-09-17T06:42:49.586221+00:00,21.6686544999975,606,314.95405574452536,242.6429493826249,314.0,242.0,314.0,242.0,1.1504808874029908,TRACKING,0.8875000000000001,-0.4812500000000001,36.62030000123195,27.271363701230484,True,True
2026-09-17T06:42:49.622397+00:00,21.704829499998596,607,315.1837185468099,242.60481563311401,315.0,242.0,315.0,242.0,0.6321031992491877,TRACKING,0.8562500000000001,-0.4687500000000001,36.13960000802763,27.64340013738078,True,True
2026-09-17T06:42:49.663258+00:00,21.745691699994495,608,314.3276459905255,242.7526311002573,314.0,242.0,314.0,242.0,0.8208565454340803,TRACKING,0.8187500000000001,-0.4562500000000001,40.824200012139045,24.472495364917886,True,True
2026-09-17T06:42:49.698855+00:00,21.78128779999679,609,314.38949793039643,243.08102736394756,314.0,243.0,314.0,243.0,0.39783673974557987,TRACKING,0.7812500000000001,-0.4375000000000001,35.56119999848306,28.09296523876333,True,True
2026-09-17T06:42:49.736290+00:00,21.81872179999482,610,314.3729855156656,242.58418464613078,314.0,242.0,314.0,242.0,0.6931016488735917,TRACKING,0.7437500000000001,-0.4250000000000001,37.39240000140853,26.71368274971,True,True
2026-09-17T06:42:49.771472+00:00,21.853896299988264,611,314.2818688707455,243.2558463572209,314.0,243.0,314.0,243.0,0.38066707080930084,TRACKING,0.7062500000000002,-0.4062500000000001,35.13370000291616,28.429686283709692,True,True
2026-09-17T06:42:49.806426+00:00,21.88881049999327,612,314.1199547452652,243.08933473431455,314.0,243.0,314.0,243.0,0.14956548955788854,TRACKING,0.6687500000000002,-0.3875000000000001,34.85080000245944,28.641641505652295,True,True
2026-09-17T06:42:49.842760+00:00,21.92519199999515,613,313.8910941349742,243.0775675321213,313.0,243.0,313.0,243.0,0.8944637943621858,TRACKING,0.6250000000000002,-0.36875000000000013,36.263700007111765,27.486497256801286,True,True
2026-09-17T06:42:49.877366+00:00,21.959795499991742,614,314.5991798749957,243.21307572488806,314.0,243.0,314.0,243.0,0.6359385089270934,TRACKING,0.5875000000000002,-0.35000000000000014,34.56689999438822,28.898810816780927,True,True
2026-09-17T06:42:49.915595+00:00,21.99802020000061,615,314.24814420693195,243.48802217507387,314.0,243.0,314.0,243.0,0.5474862471311176,TRACKING,0.5500000000000003,-0.33125000000000016,38.17630000412464,26.161094783425302,True,True
2026-09-17T06:42:49.951218+00:00,22.03365079998912,616,313.8419563213395,243.89422122211283,313.0,243.0,313.0,243.0,1.2282190525800158,TRACKING,0.5062500000000003,-0.31250000000000017,35.56329999992158,28.065763706548044,True,True
2026-09-17T06:42:49.986175+00:00,22.068607999986853,617,314.384619877117,244.4231591423013,314.0,244.0,314.0,244.0,0.5718357365421325,TRACKING,0.46875000000000033,-0.28750000000000014,34.91809999104589,28.60641012623477,True,True
2026-09-17T06:42:50.018197+00:00,22.10062569999718,618,313.88017049934655,244.06601542867415,313.0,244.0,313.0,244.0,0.8826427050301741,TRACKING,0.4250000000000003,-0.2625000000000001,31.96790000947658,31.232724389241298,True,True
2026-09-17T06:42:50.052617+00:00,22.135043199989013,619,314.33267325716037,243.8136848376783,314.0,243.0,314.0,243.0,0.8790645659433897,TRACKING,0.3875000000000003,-0.24375000000000013,34.369700006209314,29.054986568963823,True,True
2026-09-17T06:42:50.091580+00:00,22.17401429999154,620,313.74622012320503,244.65680014753949,313.0,244.0,313.0,244.0,0.994098036455171,TRACKING,0.3437500000000003,-0.21875000000000014,38.91760000260547,25.660040387239544,True,True
2026-09-17T06:42:50.129220+00:00,22.211651899997378,621,314.12492741629,244.5857555714394,314.0,244.0,314.0,244.0,0.5989294188910625,TRACKING,0.30625000000000024,-0.19375000000000014,37.60419999889564,26.569175501225146,True,True
2026-09-17T06:42:50.166650+00:00,22.249078299995745,622,313.4729332288252,244.5907307669784,313.0,244.0,313.0,244.0,0.7567223255474216,TRACKING,0.26250000000000023,-0.16875000000000015,37.38819999853149,26.719107369226982,True,True
2026-09-17T06:42:50.205532+00:00,22.287960699992254,623,313.7943948406461,244.66171538191838,313.0,244.0,313.0,244.0,1.0338909079358904,TRACKING,0.21875000000000022,-0.14375000000000016,38.834199993289076,25.718577044877982,True,True
2026-09-17T06:42:50.243446+00:00,22.325877999988734,624,314.0934861208494,244.78853407484988,314.0,244.0,314.0,244.0,0.7940564476098767,TRACKING,0.18125000000000022,-0.11875000000000016,37.86979999858886,26.37318585692676,True,True
2026-09-17T06:42:50.279094+00:00,22.36152979999315,625,313.3743949192615,244.96087194824582,313.0,244.0,313.0,244.0,1.0312354030455573,TRACKING,0.1375000000000002,-0.09375000000000017,35.61410000838805,28.049074657552527,True,True
2026-09-17T06:42:50.315056+00:00,22.397489899987704,626,313.6413204491665,245.1683003303349,313.0,245.0,313.0,245.0,0.6630361375596278,TRACKING,0.0937500000000002,-0.06250000000000017,35.93309999268968,27.80859897918639,True,True
2026-09-17T06:42:50.350114+00:00,22.43254579999484,627,313.8984706629378,244.40030284134792,313.0,244.0,313.0,244.0,0.9836116596254618,TRACKING,0.05000000000000019,-0.037500000000000165,35.02330000628717,28.525868678208465,True,True
2026-09-17T06:42:50.384306+00:00,22.46673989998817,628,314.15005962220255,244.64630167899168,314.0,244.0,314.0,244.0,0.6634935949073144,TRACKING,0.012500000000000185,-0.012500000000000164,34.150099992984906,29.244811245071663,True,True
2026-09-17T06:42:50.418933+00:00,22.501366399999824,629,313.40030486419084,244.8956840574455,313.0,244.0,313.0,244.0,0.9810677423383519,TRACKING,-0.03124999999999982,0.012499999999999838,34.59429999929853,28.879615313803605,True,True
2026-09-17T06:42:50.457614+00:00,22.54004239999631,630,313.653424765913,245.1378287337985,313.0,245.0,313.0,245.0,0.667802878526981,TRACKING,-0.07499999999999982,0.04374999999999984,38.644600004772656,25.85582790595921,True,True
2026-09-17T06:42:50.494773+00:00,22.577205599998706,631,313.91363590780895,244.36213255562666,313.0,244.0,313.0,244.0,0.9827871386432485,TRACKING,-0.11874999999999983,0.06874999999999984,37.1138000045903,26.908339430821748,True,True
2026-09-17T06:42:50.531212+00:00,22.613647199992556,632,314.18515043852597,244.55803696335002,314.0,244.0,314.0,244.0,0.5879506249263358,TRACKING,-0.15624999999999983,0.09374999999999983,36.400199998752214,27.441166144427257,True,True
2026-09-17T06:42:50.570609+00:00,22.653038899996318,633,313.47217344246064,244.71505438113397,313.0,244.0,313.0,244.0,0.8568841973942664,TRACKING,-0.19999999999999984,0.11874999999999983,39.35740000451915,25.386058481977237,True,True
2026-09-17T06:42:50.608672+00:00,22.691101999997045,634,313.77890031171876,244.822794430367,313.0,244.0,313.0,244.0,1.1329944263934086,TRACKING,-0.24374999999999986,0.14374999999999982,38.01669999666046,26.272163853729737,True,True
2026-09-17T06:42:50.644758+00:00,22.72718969998823,635,314.10951412413203,244.87098990019527,314.0,244.0,314.0,244.0,0.8778477941115825,TRACKING,-0.2812499999999999,0.16874999999999982,35.77259999292437,27.71027248187776,True,True
2026-09-17T06:42:50.679277+00:00,22.761708199992427,636,313.46818302896884,244.8495224102043,313.0,244.0,313.0,244.0,0.9699915845272763,TRACKING,-0.3249999999999999,0.1937499999999998,34.47559999767691,28.969972619853888,True,True
2026-09-17T06:42:50.715844+00:00,22.79827159999695,637,313.8590576419795,244.74844770109846,313.0,244.0,313.0,244.0,1.1393656101194973,TRACKING,-0.3687499999999999,0.2187499999999998,36.52189999411348,27.349754122325866,True,True
2026-09-17T06:42:50.754150+00:00,22.836578999995254,638,314.28626845139456,244.55802049017151,314.0,244.0,314.0,244.0,0.6271654436551002,TRACKING,-0.4062499999999999,0.2437499999999998,38.253699996857904,26.10461686369502,True,True
2026-09-17T06:42:50.790716+00:00,22.87314779999724,639,313.7539232365046,244.26871882943797,313.0,244.0,313.0,244.0,0.8003811940794653,TRACKING,-0.4499999999999999,0.2687499999999998,36.522300011711195,27.345715471813598,True,True
2026-09-17T06:42:50.822445+00:00,22.904875399995944,640,314.26610450043233,243.8712679055437,314.0,243.0,314.0,243.0,0.9109991044896005,TRACKING,-0.48749999999999993,0.2874999999999998,31.681699998443946,31.518299525992262,True,True
2026-09-17T06:42:50.857124+00:00,22.939555599994492,641,313.8268669186989,244.3566632219706,313.0,244.0,313.0,244.0,0.9005096085800822,TRACKING,-0.5312499999999999,0.31249999999999983,34.64199999871198,28.83489714712971,True,True
2026-09-17T06:42:50.893300+00:00,22.975735699990764,642,314.4402348051884,243.71619310558523,314.0,243.0,314.0,243.0,0.8406778504201902,TRACKING,-0.5687499999999999,0.3312499999999998,36.13979999499861,27.63950348680703,True,True
2026-09-17T06:42:50.930249+00:00,23.012678299986874,643,314.1101995970771,243.94146048128854,314.0,243.0,314.0,243.0,0.947888067771724,TRACKING,-0.6062499999999998,0.3499999999999998,36.91299998899922,27.06902059154776,True,True
2026-09-17T06:42:50.975210+00:00,23.05763469998783,644,313.8407173603175,244.02440386032848,313.0,244.0,313.0,244.0,0.841071476355118,TRACKING,-0.6499999999999998,0.37499999999999983,44.91010001220275,22.24377396719348,True,True
2026-09-17T06:42:51.022008+00:00,23.104440499999328,645,314.63570631722905,242.95731748982232,314.0,242.0,314.0,243.0,0.6371375977290862,TRACKING,-0.6874999999999998,0.3937499999999998,46.733700000913814,21.364873578794686,True,True
2026-09-17T06:42:51.065972+00:00,23.14839519999805,646,314.49904439773,242.73287061312917,314.0,242.0,314.0,242.0,0.8866479834150837,TRACKING,-0.7249999999999998,0.40624999999999983,43.91409999516327,22.7506956031798,True,True
2026-09-17T06:42:51.104220+00:00,23.1866505999933,647,314.4345668157648,243.34412579292004,314.0,243.0,314.0,243.0,0.5543201951190416,TRACKING,-0.7624999999999997,0.4249999999999998,38.18689999752678,26.140100485791525,True,True
2026-09-17T06:42:51.145706+00:00,23.22813839999435,648,314.4460636724141,242.78455625116132,314.0,242.0,314.0,242.0,0.9024972637542137,TRACKING,-0.7999999999999997,0.43749999999999983,41.44109999469947,24.103471381338203,True,True
2026-09-17T06:42:51.183153+00:00,23.265586099994835,649,314.5372775872074,243.04806218265927,314.0,243.0,314.0,243.0,0.5394230057361357,TRACKING,-0.8374999999999997,0.4562499999999998,37.40990000369493,26.70390971907654,True,True
2026-09-17T06:42:51.217844+00:00,23.3002712999878,650,314.7119013591104,242.12898600139565,314.0,242.0,314.0,242.0,0.7234921794043744,TRACKING,-0.8749999999999997,0.46874999999999983,34.64830000302754,28.83074049458708,True,True
2026-09-17T06:42:51.250974+00:00,23.33340699999826,651,314.97357565863985,242.02212648154833,314.0,242.0,314.0,242.0,0.9738270607668061,TRACKING,-0.9124999999999996,0.48124999999999984,33.08469998592045,30.17893087166639,True,True
2026-09-17T06:42:51.285298+00:00,23.36772729999211,652,315.32588675256955,241.72275175784497,315.0,241.0,315.0,241.0,0.792825503480006,TRACKING,-0.9437499999999996,0.4874999999999998,34.28120000171475,29.137274446294427,True,True
2026-09-17T06:42:51.317752+00:00,23.400179599993862,653,314.7723642626247,242.22661115276358,314.0,242.0,314.0,242.0,0.8049218401414168,TRACKING,-0.9812499999999996,0.49999999999999983,32.403399993199855,30.814456908941835,True,True
2026-09-17T06:42:51.353970+00:00,23.436399799989886,654,315.31647895958594,241.5299458010119,315.0,241.0,315.0,241.0,0.6172531764768381,TRACKING,-1.0124999999999997,0.5062499999999999,36.16669999610167,27.608903322173497,True,True
2026-09-17T06:42:51.390441+00:00,23.472867999997106,655,314.96164059417237,241.6294980447324,314.0,241.0,314.0,241.0,1.149356524618056,TRACKING,-1.0499999999999998,0.5124999999999998,36.4224000077229,27.421150476360207,True,True
2026-09-17T06:42:51.426121+00:00,23.508555799999158,656,315.7111957660534,241.52251957595197,315.0,241.0,315.0,241.0,0.8825112604977254,TRACKING,-1.0812499999999998,0.5187499999999998,35.62600001168903,28.020780208993408,True,True
2026-09-17T06:42:51.462325+00:00,23.544758499992895,657,315.5684258323387,241.2067783059189,315.0,241.0,315.0,241.0,0.6048679150596497,TRACKING,-1.1124999999999998,0.5249999999999998,36.17659999872558,27.62224917403942,True,True
2026-09-17T06:42:51.497041+00:00,23.5794726999884,658,315.5365448568317,240.68056394416342,315.0,240.0,315.0,240.0,0.8666300626494774,TRACKING,-1.1437499999999998,0.5249999999999998,34.6785000001546,28.806655493413874,True,True
2026-09-17T06:42:51.533311+00:00,23.61574209999526,659,315.61869760134664,240.94269227333277,315.0,240.0,315.0,240.0,1.127588330958327,TRACKING,-1.1749999999999998,0.5249999999999998,36.23430000152439,27.57145141113163,True,True
2026-09-17T06:42:51.565216+00:00,23.647643899996183,660,315.8179575603367,240.99250810911772,315.0,240.0,315.0,240.0,1.2861286549861237,TRACKING,-1.2062499999999998,0.5249999999999998,31.85739999753423,31.346193630799704,True,True
2026-09-17T06:42:51.601597+00:00,23.684030599994003,661,316.13732504005543,240.82988693787243,316.0,240.0,316.0,240.0,0.8411720967064378,TRACKING,-1.2312499999999997,0.5249999999999998,36.34210000745952,27.482569182143834,True,True
2026-09-17T06:42:51.641247+00:00,23.723676399997203,662,315.579725283468,240.45523522783358,315.0,240.0,315.0,240.0,0.7371027858804745,TRACKING,-1.2624999999999997,0.5249999999999998,39.61039999558125,25.223352786910326,True,True
2026-09-17T06:42:51.677893+00:00,23.760321999987355,663,316.14800664206547,239.86948941316146,316.0,239.0,316.0,239.0,0.8819964884824407,TRACKING,-1.2874999999999996,0.5187499999999998,36.60199999285396,27.28840570951877,True,True
2026-09-17T06:42:51.713727+00:00,23.796158799988916,664,315.8449387957394,240.07411355334202,315.0,240.0,315.0,240.0,0.8481829916559842,TRACKING,-1.3187499999999996,0.5187499999999998,35.19660000165459,27.90427716638828,True,True
2026-09-17T06:42:51.749456+00:00,23.831889199995203,665,316.673211021824,239.07109567380135,316.0,239.0,316.0,239.0,0.676954706563568,TRACKING,-1.3437499999999996,0.5124999999999998,35.68450000602752,27.987372092785108,True,True
2026-09-17T06:42:51.785658+00:00,23.868092799995793,666,316.63543051438126,238.86294279687635,316.0,238.0,316.0,238.0,1.0716539596752352,TRACKING,-1.3687499999999995,0.49999999999999983,36.15090000675991,27.6215624960971,True,True
2026-09-17T06:42:51.834867+00:00,23.917297099993448,667,316.73412075479393,239.45267467556593,316.0,239.0,316.0,239.0,0.8624660251383452,TRACKING,-1.3937499999999994,0.49374999999999986,49.167899996973574,20.323427018526097,True,True
2026-09-17T06:42:51.890524+00:00,23.972944199995254,668,316.9717199346683,238.84381624571964,316.0,238.0,316.0,238.0,1.2869597849086403,TRACKING,-1.4187499999999993,0.48124999999999984,55.59950000315439,17.97038839342101,True,True
2026-09-17T06:42:51.929638+00:00,24.0120648000011,669,317.35057943204475,239.0403888155346,317.0,239.0,317.0,239.0,0.3528982779684691,TRACKING,-1.4374999999999993,0.47499999999999987,39.04329999932088,25.561980129410088,True,True
2026-09-17T06:42:51.962740+00:00,24.045174099999713,670,316.87296234186533,238.04690001438004,316.0,238.0,316.0,238.0,0.8742212887272036,TRACKING,-1.4624999999999992,0.46249999999999986,33.04299998853821,30.2029943261217,True,True
2026-09-17T06:42:51.999295+00:00,24.08172519999789,671,317.54104206160923,237.86833252606922,317.0,237.0,317.0,237.0,1.0230972037202177,TRACKING,-1.4812499999999993,0.44374999999999987,36.51670001272578,27.358957734510017,True,True
2026-09-17T06:42:52.035940+00:00,24.11837209999794,672,317.35690093299365,238.51013163474758,317.0,238.0,317.0,238.0,0.6225853842983939,TRACKING,-1.4999999999999993,0.43124999999999986,36.59980000520591,27.28743768227647,True,True
2026-09-17T06:42:52.071732+00:00,24.154167399989092,673,317.32252894057535,237.97819161451585,317.0,237.0,317.0,237.0,1.0299921126968816,TRACKING,-1.5187499999999994,0.41249999999999987,35.75710000586696,27.93662855869984,True,True
2026-09-17T06:42:52.107653+00:00,24.19008629999007,674,317.4398224680761,238.27884099681538,317.0,238.0,317.0,238.0,0.5207649229062438,TRACKING,-1.5374999999999994,0.39999999999999986,35.88950000994373,27.84049622824582,True,True
2026-09-17T06:42:52.140895+00:00,24.223317600000883,675,317.71058311320587,237.41882675239648,317.0,237.0,317.0,237.0,0.8248298062608634,TRACKING,-1.5562499999999995,0.38124999999999987,33.1951999978628,30.09211194490309,True,True
2026-09-17T06:42:52.176301+00:00,24.258735799987335,676,318.1365165617201,237.40529742740287,318.0,237.0,318.0,237.0,0.4276713414331894,TRACKING,-1.5687499999999994,0.3624999999999999,35.362099995836616,28.2340717592229,True,True
2026-09-17T06:42:52.213570+00:00,24.295993899999303,677,317.7192315214247,237.24578527573206,317.0,237.0,317.0,237.0,0.7600686700408055,TRACKING,-1.5874999999999995,0.3437499999999999,37.224400002742186,26.83980126948985,True,True
2026-09-17T06:42:52.253189+00:00,24.335622999991756,678,318.46023871678346,236.94818743232065,318.0,236.0,318.0,236.0,1.0539824871587382,TRACKING,-1.5999999999999994,0.31874999999999987,39.56370000378229,25.233982103818605,True,True
2026-09-17T06:42:52.287053+00:00,24.369484099996043,679,318.3609499447657,237.52074617442108,318.0,237.0,318.0,237.0,0.6336098490400496,TRACKING,-1.6124999999999994,0.2999999999999999,33.825899998191744,29.532413296478307,True,True
2026-09-17T06:42:52.321804+00:00,24.404238199989777,680,318.42267719251953,236.97202832020204,318.0,236.0,318.0,236.0,1.0599505008966201,TRACKING,-1.6249999999999993,0.27499999999999986,34.71590000845026,28.773583553603867,True,True
2026-09-17T06:42:52.356853+00:00,24.439286799999536,681,318.6466318174212,237.31090381616158,318.0,237.0,318.0,237.0,0.7174913868509576,TRACKING,-1.6374999999999993,0.25624999999999987,35.01669999968726,28.531810107152904,True,True
2026-09-17T06:42:52.395001+00:00,24.477432999992743,682,319.0339237900179,236.54652356688408,319.0,236.0,319.0,236.0,0.5475754127870183,TRACKING,-1.6437499999999994,0.23124999999999987,38.115599993034266,26.21493098075496,True,True
2026-09-17T06:42:52.426799+00:00,24.50923489998968,683,318.5855610003305,236.68829656254078,318.0,236.0,318.0,236.0,0.9036779532076034,TRACKING,-1.6562499999999993,0.20624999999999988,31.764100000145845,31.444662114413468,True,True
2026-09-17T06:42:52.459255+00:00,24.541690400001244,684,319.30244862795615,236.74586636131633,319.0,236.0,319.0,236.0,0.8048551431753561,TRACKING,-1.6624999999999994,0.18124999999999988,32.424100005300716,30.81141870079527,True,True
2026-09-17T06:42:52.499322+00:00,24.581753699996625,685,319.1853885763609,236.72908698553684,319.0,236.0,319.0,236.0,0.752287682156439,TRACKING,-1.6687499999999995,0.1562499999999999,40.03450000891462,24.960500011613696,True,True
2026-09-17T06:42:52.544319+00:00,24.626752099997248,686,319.2350789717148,236.64799829174243,319.0,236.0,319.0,236.0,0.6893213394662863,TRACKING,-1.6749999999999996,0.1312499999999999,44.959999999264255,22.223012373465863,True,True
2026-09-17T06:42:52.580015+00:00,24.66244529999676,687,319.452113726587,236.51280087627882,319.0,236.0,319.0,236.0,0.6836457858282466,TRACKING,-1.6812499999999997,0.1062499999999999,35.65649999654852,28.016540966167646,True,True
2026-09-17T06:42:52.613248+00:00,24.695681899989722,688,319.836982168769,236.33383057911487,319.0,236.0,319.0,236.0,0.9011004418983642,TRACKING,-1.6874999999999998,0.0812499999999999,33.196899996255524,30.087313389811047,True,True
2026-09-17T06:42:52.649006+00:00,24.731441899988567,689,320.390068735461,236.12153264962728,320.0,236.0,320.0,236.0,0.40856309587329553,TRACKING,-1.6874999999999998,0.056249999999999904,35.72850000637118,27.96420581745789,True,True
2026-09-17T06:42:52.683507+00:00,24.765938899989123,690,320.1116527330113,235.8864356389186,320.0,235.0,320.0,235.0,0.8934396872391208,TRACKING,-1.6874999999999998,0.024999999999999904,34.47060000326019,28.988027943991728,True,True
2026-09-17T06:42:52.719395+00:00,24.80182719998993,691,320.00190816235846,236.63912508391851,320.0,236.0,320.0,236.0,0.6391279324027661,TRACKING,-1.6874999999999998,-9.71445146547012e-17,35.846099999616854,27.864234304147367,True,True
2026-09-17T06:42:52.755291+00:00,24.837722600001143,692,320.0609036102869,236.39021704905915,320.0,236.0,320.0,236.0,0.3949412552803368,TRACKING,-1.6874999999999998,-0.0250000000000001,35.85929999826476,27.85872283600702,True,True
2026-09-17T06:42:52.789538+00:00,24.871964299993124,693,320.288602206562,236.15033159163852,320.0,236.0,320.0,236.0,0.32540869852700044,TRACKING,-1.6874999999999998,-0.0500000000000001,34.20229999755975,29.204157510701886,True,True
2026-09-17T06:42:52.823535+00:00,24.90596839999489,694,320.6848616469731,235.93006621720988,320.0,235.0,320.0,235.0,1.1550145643626386,TRACKING,-1.6874999999999998,-0.0812500000000001,33.945900009712204,29.40821841919224,True,True
2026-09-17T06:42:52.855269+00:00,24.937702499999432,695,321.24943428226857,236.73996939133883,321.0,236.0,321.0,236.0,0.780879095180039,TRACKING,-1.6812499999999997,-0.1062500000000001,31.69740000157617,31.511843721954712,True,True
2026-09-17T06:42:52.889105+00:00,24.97152959999221,696,320.9819672729291,236.59051417392857,320.0,236.0,320.0,236.0,1.145847596635086,TRACKING,-1.6812499999999997,-0.1312500000000001,33.791800000471994,29.56209666845578,True,True
2026-09-17T06:42:52.924218+00:00,25.00665099998878,697,321.88200280968044,236.4920720420294,321.0,236.0,321.0,236.0,1.0099821042133301,TRACKING,-1.6749999999999996,-0.15625000000000008,35.06339999148622,28.47266908772654,True,True
2026-09-17T06:42:52.958342+00:00,25.04077409999445,698,321.9489783996095,236.45488696654297,321.0,236.0,321.0,236.0,1.0523697806645835,TRACKING,-1.6687499999999995,-0.18125000000000008,34.08029999991413,29.305660969658945,True,True
2026-09-17T06:42:52.992907+00:00,25.075327499987907,699,322.1822272177044,236.4890498076321,322.0,236.0,322.0,236.0,0.5218969948345096,TRACKING,-1.6562499999999996,-0.20625000000000007,34.510099998442456,28.940712062760507,True,True
2026-09-17T06:42:53.024314+00:00,25.10674969998945,700,321.58097852359737,236.60447309282716,321.0,236.0,321.0,236.0,0.8384054895057713,TRACKING,-1.6499999999999995,-0.23125000000000007,31.370400000014342,31.82463353778164,True,True
2026-09-17T06:42:53.057828+00:00,25.140263099994627,701,322.144358143254,236.81086624086566,322.0,236.0,322.0,236.0,0.8236160113179919,TRACKING,-1.6374999999999995,-0.2562500000000001,33.48620000178926,29.838810739749906,True,True
2026-09-17T06:42:53.092323+00:00,25.17475469999772,702,321.87138901530193,237.11771129320624,321.0,237.0,321.0,237.0,0.8793035679088034,TRACKING,-1.6312499999999994,-0.2750000000000001,34.461200004443526,28.992566303398856,True,True
2026-09-17T06:42:53.124432+00:00,25.206866299995454,703,322.7609918016633,236.53423921385956,322.0,236.0,322.0,236.0,0.9297957086500412,TRACKING,-1.6187499999999995,-0.3000000000000001,32.0728000078816,31.141394389272882,True,True
2026-09-17T06:42:53.157041+00:00,25.239472199988086,704,322.81198556210643,237.06940681678748,322.0,237.0,322.0,237.0,0.8149465376856716,TRACKING,-1.6062499999999995,-0.3187500000000001,32.5719999964349,30.66929605457844,True,True
2026-09-17T06:42:53.191310+00:00,25.273744299993268,705,323.0230884922931,236.7318743785337,323.0,236.0,323.0,236.0,0.7322384751093332,TRACKING,-1.5874999999999995,-0.3437500000000001,34.23889999976382,29.1782528601628,True,True
2026-09-17T06:42:53.224054+00:00,25.306486699992092,706,322.39291872486695,237.5299839920396,322.0,237.0,322.0,237.0,0.6597485552612457,TRACKING,-1.5749999999999995,-0.3625000000000001,32.70979999797419,30.541438625021787,True,True
2026-09-17T06:42:53.256829+00:00,25.339258699998027,707,322.9199951930735,237.47173871576013,322.0,237.0,322.0,237.0,1.0338900189214102,TRACKING,-1.5624999999999996,-0.3812500000000001,32.73479999916162,30.513853283867906,True,True
2026-09-17T06:42:53.293573+00:00,25.376003400000627,708,323.60273855638013,237.5647825701821,323.0,237.0,323.0,237.0,0.8259982560082726,TRACKING,-1.5437499999999995,-0.4000000000000001,36.69910000462551,27.214809208654025,True,True
2026-09-17T06:42:53.329746+00:00,25.41218059998937,709,323.4394721875123,237.81638143175564,323.0,237.0,323.0,237.0,0.9271539493052107,TRACKING,-1.5249999999999995,-0.41875000000000007,36.1278000054881,27.641719102395445,True,True
2026-09-17T06:42:53.362680+00:00,25.44511619998957,710,323.42842322028946,238.23340487198794,323.0,238.0,323.0,238.0,0.4878773308434195,TRACKING,-1.5062499999999994,-0.4312500000000001,32.901400001719594,30.36228275768176,True,True
2026-09-17T06:42:53.395606+00:00,25.478036499989685,711,323.56772365761157,237.8223089870895,323.0,237.0,323.0,237.0,0.9992508302023255,TRACKING,-1.4874999999999994,-0.45000000000000007,32.89299999596551,30.37639389666941,True,True
2026-09-17T06:42:53.432285+00:00,25.51471540000057,712,323.8554115388929,238.58912026109874,323.0,238.0,323.0,238.0,1.0386489218731036,TRACKING,-1.4687499999999993,-0.4625000000000001,36.62590000021737,27.263631125886214,True,True
2026-09-17T06:42:53.466263+00:00,25.548694500001147,713,324.28943216622713,238.53942050280813,324.0,238.0,324.0,238.0,0.6121645674952951,TRACKING,-1.4437499999999994,-0.4750000000000001,33.9386999985436,29.429855410618963,True,True
2026-09-17T06:42:53.502443+00:00,25.584878699999535,714,323.86763938850476,238.67833289415012,323.0,238.0,323.0,238.0,1.1013326580879097,TRACKING,-1.4249999999999994,-0.4875000000000001,36.133899993728846,27.636371677266542,True,True
2026-09-17T06:42:53.535612+00:00,25.618044699993334,715,324.5877969426865,239.0105091849112,324.0,239.0,324.0,239.0,0.5878908817111431,TRACKING,-1.3999999999999995,-0.4937500000000001,33.135200006654486,30.15135983196614,True,True
2026-09-17T06:42:53.570869+00:00,25.653302499995334,716,324.4475798513986,238.5401180657782,324.0,238.0,324.0,238.0,0.7014664983860253,TRACKING,-1.3749999999999996,-0.5062500000000001,35.216400006902404,28.362518363121538,True,True
2026-09-17T06:42:53.606644+00:00,25.689077099988936,717,324.4445758759632,239.27083474878447,324.0,239.0,324.0,239.0,0.5205758068116499,TRACKING,-1.3499999999999996,-0.5125000000000001,35.740199993597344,27.9527933276363,True,True
2026-09-17T06:42:53.643046+00:00,25.725476999999955,718,324.5762870239733,239.20583178119227,324.0,239.0,324.0,239.0,0.6119423634205914,TRACKING,-1.3249999999999997,-0.51875,36.364499988849275,27.472602938394278,True,True
2026-09-17T06:42:53.680347+00:00,25.762777099997038,719,324.8401311104551,239.3477711157777,324.0,239.0,324.0,239.0,0.9092662050927635,TRACKING,-1.2999999999999998,-0.525,37.257800009683706,26.80957960107911,True,True
2026-09-17T06:42:53.715047+00:00,25.797469999990426,720,325.2334433716474,239.69879745733516,325.0,239.0,325.0,239.0,0.736758911818647,TRACKING,-1.2687499999999998,-0.53125,34.640700003365055,28.824341585471007,True,True
2026-09-17T06:42:53.749087+00:00,25.831517899991013,721,324.75347813039673,240.26053290203166,324.0,240.0,324.0,240.0,0.79724945031476,TRACKING,-1.24375,-0.53125,33.98120000201743,29.370387013083228,True,True
2026-09-17T06:42:53.787773+00:00,25.870207699990715,722,325.3974105121111,240.03407288301176,325.0,240.0,325.0,240.0,0.39886849523763457,TRACKING,-1.2125,-0.53125,38.64790000079665,25.84660556549033,True,True
2026-09-17T06:42:53.822743+00:00,25.905177099994035,723,325.16233821021905,240.01998343238486,325.0,240.0,325.0,240.0,0.16356354137461088,TRACKING,-1.18125,-0.53125,34.93130000424571,28.596430018961467,True,True
2026-09-17T06:42:53.856344+00:00,25.938776899987715,724,325.04528330001506,240.21829976643994,325.0,240.0,325.0,240.0,0.22294700107421597,TRACKING,-1.15,-0.53125,33.56779999739956,29.762081922751708,True,True
2026-09-17T06:42:53.888596+00:00,25.971016399998916,725,325.04319409976324,240.62852619762293,325.0,240.0,325.0,240.0,0.6300086597442117,TRACKING,-1.11875,-0.53125,32.204000002820976,31.017850762343354,True,True
2026-09-17T06:42:53.922849+00:00,26.00528199999826,726,325.1529470779044,241.24963737349776,325.0,241.0,325.0,241.0,0.2927654810361974,TRACKING,-1.0875,-0.525,34.19520000170451,29.18378782274775,True,True
2026-09-17T06:42:53.956497+00:00,26.038919799990254,727,325.3713488051552,241.0800808395931,325.0,241.0,325.0,241.0,0.3798853458086236,TRACKING,-1.05625,-0.51875,33.60140000586398,29.728460251206346,True,True
2026-09-17T06:42:53.994320+00:00,26.076752699998906,728,325.6951379503033,241.11778091973034,325.0,241.0,325.0,241.0,0.7050454701680057,TRACKING,-1.025,-0.5125000000000001,37.768300011521205,26.432020801241794,True,True
2026-09-17T06:42:54.031335+00:00,26.1137682999979,729,326.1209873184305,241.36014390413305,326.0,241.0,326.0,241.0,0.3799231013049831,TRACKING,-0.9874999999999999,-0.5062500000000001,36.97939999983646,27.015636651226995,True,True
2026-09-17T06:42:54.064743+00:00,26.147178599989275,730,325.6455059302991,241.80406453235003,325.0,241.0,325.0,241.0,1.031114774520568,TRACKING,-0.9562499999999999,-0.5000000000000001,33.37350000219885,29.930889583696846,True,True
2026-09-17T06:42:54.100401+00:00,26.182832199992845,731,326.26524114160924,242.44593375479047,326.0,242.0,326.0,242.0,0.5188542925173715,TRACKING,-0.91875,-0.4875000000000001,35.6203999981517,28.047658578652953,True,True
2026-09-17T06:42:54.137445+00:00,26.21987599998829,732,325.97668080078245,242.28164775346676,325.0,242.0,325.0,242.0,1.0164796326783494,TRACKING,-0.8875,-0.4750000000000001,37.00260000186972,26.995070703409755,True,True
2026-09-17T06:42:54.170268+00:00,26.25270399999863,733,326.776255443948,242.30661819940383,326.0,242.0,326.0,242.0,0.8346180170979758,TRACKING,-0.85,-0.4625000000000001,32.78219999629073,30.46180089207416,True,True
2026-09-17T06:42:54.204704+00:00,26.287136499988264,734,326.66034052573906,242.5157837210714,326.0,242.0,326.0,242.0,0.8379036083318789,TRACKING,-0.8125,-0.45000000000000007,34.401299999444745,29.042329203544377,True,True
2026-09-17T06:42:54.240976+00:00,26.323408299998846,735,326.62525868451297,242.90362255517573,326.0,242.0,326.0,242.0,1.0988549243558978,TRACKING,-0.775,-0.43750000000000006,36.23900000820868,27.569627085181104,True,True
2026-09-17T06:42:54.273027+00:00,26.35545409999031,736,326.66728204058876,243.46416634819474,326.0,243.0,326.0,243.0,0.8128442166176351,TRACKING,-0.7375,-0.41875000000000007,32.0069000008516,31.205337369213193,True,True
2026-09-17T06:42:54.308422+00:00,26.390850499999942,737,326.78263452604347,243.19101507415064,326.0,243.0,326.0,243.0,0.805607571903378,TRACKING,-0.7000000000000001,-0.4000000000000001,35.34570000192616,28.251460592825968,True,True
2026-09-17T06:42:54.342710+00:00,26.42514319998736,738,326.96749424463786,243.0773530313441,326.0,243.0,326.0,243.0,0.9705815807367815,TRACKING,-0.6625000000000001,-0.3812500000000001,34.244499998749234,29.160725179612562,True,True
2026-09-17T06:42:54.377074+00:00,26.459509699998307,739,327.2179958603746,243.1159658780585,327.0,243.0,327.0,243.0,0.24692160702199828,TRACKING,-0.6187500000000001,-0.3625000000000001,34.3321999971522,29.098104249238936,True,True
2026-09-17T06:42:54.412520+00:00,26.49495439999737,740,326.5302330132047,243.29925866465504,326.0,243.0,326.0,243.0,0.6088536742627347,TRACKING,-0.5812500000000002,-0.3437500000000001,35.41589999804273,28.21296272860203,True,True
2026-09-17T06:42:54.447543+00:00,26.529962999993586,741,326.90026076038146,243.61927481699507,326.0,243.0,326.0,243.0,1.092689679482185,TRACKING,-0.5437500000000002,-0.3250000000000001,34.976900002220646,28.564409890942343,True,True
2026-09-17T06:42:54.480826+00:00,26.56325989999459,742,327.3240980419147,244.0677160237277,327.0,244.0,327.0,244.0,0.33109666359300916,TRACKING,-0.5000000000000002,-0.3000000000000001,33.23070000624284,30.03282587777868,True,True
2026-09-17T06:42:54.513122+00:00,26.595553199993446,743,326.7977301686092,243.63596297775007,326.0,243.0,326.0,243.0,1.0202070039839766,TRACKING,-0.46250000000000024,-0.2812500000000001,32.24020000197925,30.966175647439236,True,True
2026-09-17T06:42:54.545668+00:00,26.62810360000003,744,327.3171113311124,244.31509691998474,327.0,244.0,327.0,244.0,0.4470410107627227,TRACKING,-0.41875000000000023,-0.2562500000000001,32.49949999735691,30.72158866857869,True,True
2026-09-17T06:42:54.578390+00:00,26.660825399987516,745,326.87816712841106,244.09592193163098,326.0,244.0,326.0,244.0,0.8833903567447143,TRACKING,-0.3812500000000002,-0.2312500000000001,32.69209999416489,30.56066598972171,True,True
2026-09-17T06:42:54.612962+00:00,26.69538739998825,746,327.47679711420517,243.96898791917636,327.0,243.0,327.0,243.0,1.0799412371162158,TRACKING,-0.3375000000000002,-0.21250000000000008,34.53419999277685,28.933510791585938,True,True
2026-09-17T06:42:54.646495+00:00,26.728924799987,747,327.10887735954657,244.92461423470473,327.0,244.0,327.0,244.0,0.9310025576981266,TRACKING,-0.2937500000000002,-0.18750000000000008,33.472199997049756,29.817457526143457,True,True
2026-09-17T06:42:54.680719+00:00,26.763122499993187,748,326.77026303016635,244.95291387247812,326.0,244.0,326.0,244.0,1.2252958761059678,TRACKING,-0.2562500000000002,-0.1625000000000001,34.14989999146201,29.241732625849927,True,True
2026-09-17T06:42:54.714702+00:00,26.797131799990893,749,327.45679097685877,245.0438181813006,327.0,245.0,327.0,245.0,0.4588878180471571,TRACKING,-0.2125000000000002,-0.1312500000000001,33.927199998288415,29.403721925104403,True,True
2026-09-17T06:42:54.748020+00:00,26.830450499997823,750,327.16428233731096,244.18710203090075,327.0,244.0,327.0,244.0,0.24898967111014364,TRACKING,-0.16875000000000018,-0.1062500000000001,33.26930000912398,30.01317577792663,True,True
2026-09-17T06:42:54.781808+00:00,26.864240599999903,751,326.8885451477631,244.37240936943618,326.0,244.0,326.0,244.0,0.9634319997058691,TRACKING,-0.13125000000000017,-0.0812500000000001,33.74789998633787,29.59446701662514,True,True
2026-09-17T06:42:54.814333+00:00,26.896756699992693,752,327.62537696284085,244.5892791082254,327.0,244.0,327.0,244.0,0.8592707449011506,TRACKING,-0.08750000000000016,-0.0562500000000001,32.470000005559996,30.75399571971203,True,True
2026-09-17T06:42:54.848373+00:00,26.930807299999287,753,327.3705674819539,244.82717126902529,327.0,244.0,327.0,244.0,0.9063843373440235,TRACKING,-0.04375000000000016,-0.0312500000000001,33.98379999271128,29.368058119573153,True,True
2026-09-17T06:42:54.885929+00:00,26.968360300001223,754,327.11990118059447,245.07549332848603,327.0,245.0,327.0,245.0,0.1416881637747037,TRACKING,-1.5265566588595902e-16,-9.71445146547012e-17,37.518699988140725,26.629030968190694,True,True
2026-09-17T06:42:54.918311+00:00,27.000747300000512,755,326.86915994489914,244.3236266939411,326.0,244.0,326.0,244.0,0.9274552532862788,TRACKING,0.03749999999999985,0.024999999999999904,32.34869999869261,30.876586285297833,True,True
2026-09-17T06:42:54.952872+00:00,27.035305499986862,756,327.61412570784,244.56095324436316,327.0,244.0,327.0,244.0,0.8317565313188363,TRACKING,0.08124999999999985,0.049999999999999906,34.53219999209978,28.936692316005807,True,True
2026-09-17T06:42:54.987704+00:00,27.070138199997018,757,327.3505830853714,244.776881870132,327.0,244.0,327.0,244.0,0.852322673573996,TRACKING,0.12499999999999986,0.0749999999999999,34.7916000027908,28.70865593848388,True,True
2026-09-17T06:42:55.022791+00:00,27.105225799998152,758,327.07432201091456,244.96087494529698,327.0,244.0,327.0,244.0,0.9637449983298776,TRACKING,0.16874999999999987,0.0999999999999999,35.054699997999705,28.50009689940838,True,True
2026-09-17T06:42:55.055248+00:00,27.137681099993642,759,326.7811403665091,245.10247466615218,326.0,245.0,326.0,245.0,0.7878333132033302,TRACKING,0.20624999999999988,0.1312499999999999,32.42669999599457,30.811608585930482,True,True
2026-09-17T06:42:55.088232+00:00,27.170660599993425,760,327.4668466089971,244.1913291902978,327.0,244.0,327.0,244.0,0.5045320756821323,TRACKING,0.2499999999999999,0.1562499999999999,32.94380000443198,30.321866614308277,True,True
2026-09-17T06:42:55.122943+00:00,27.205375199991977,761,327.12726238960823,244.21721851085883,327.0,244.0,327.0,244.0,0.2517530481811981,TRACKING,0.2937499999999999,0.18124999999999988,34.6644999954151,28.80632356535084,True,True
2026-09-17T06:42:55.158126+00:00,27.240556399992784,762,326.75822516528353,244.17008000117542,326.0,244.0,326.0,244.0,0.7770666689989177,TRACKING,0.33124999999999993,0.20624999999999988,35.136899998178706,28.424272053740914,True,True
2026-09-17T06:42:55.190348+00:00,27.272780699990108,763,327.35559080013627,244.04003356613285,327.0,244.0,327.0,244.0,0.35783725848333,TRACKING,0.37499999999999994,0.23124999999999987,32.18199999537319,31.032481701170827,True,True
2026-09-17T06:42:55.225352+00:00,27.307785599987255,764,326.91523615539916,243.81740633725204,326.0,243.0,326.0,243.0,1.2271146402555964,TRACKING,0.4125,0.2499999999999999,34.96779999113642,28.567429133677912,True,True
2026-09-17T06:42:55.259513+00:00,27.341947199995047,765,327.43306166624893,244.49275684982183,327.0,244.0,327.0,244.0,0.6560119814611891,TRACKING,0.45625,0.2749999999999999,34.12250000110362,29.272633593622885,True,True
2026-09-17T06:42:55.294079+00:00,27.37651139999798,766,326.9049939039076,244.05689864164742,326.0,244.0,326.0,244.0,0.9067808012586377,TRACKING,0.49375,0.29999999999999993,34.53199999057688,28.93166918126691,True,True
2026-09-17T06:42:55.325886+00:00,27.408318499990855,767,327.32698812139523,243.5009232144174,327.0,243.0,327.0,243.0,0.5982017203885788,TRACKING,0.5375,0.3187499999999999,31.773399998201057,31.439521371769395,True,True
2026-09-17T06:42:55.358512+00:00,27.440941299995757,768,326.6950307813727,243.81622230031417,326.0,243.0,326.0,243.0,1.0720478676746046,TRACKING,0.575,0.3374999999999999,32.58379999897443,30.653408041301066,True,True
2026-09-17T06:42:55.395238+00:00,27.477355099996203,769,327.00514206446434,243.99450937819637,327.0,243.0,327.0,243.0,0.9945226715100487,TRACKING,0.6187499999999999,0.3562499999999999,36.363899998832494,27.46211601062658,True,True
2026-09-17T06:42:55.426278+00:00,27.508712199996808,770,326.2533783565222,244.02784038558974,326.0,244.0,326.0,244.0,0.25490327307368804,TRACKING,0.6562499999999999,0.3812499999999999,30.99530001054518,31.890704178023686,True,True
2026-09-17T06:42:55.459691+00:00,27.542124399988097,771,326.4358347132535,242.90863357470442,326.0,242.0,326.0,243.0,0.4453085682400902,TRACKING,0.6937499999999999,0.3999999999999999,33.3768999989843,29.92918755007744,True,True
2026-09-17T06:42:55.493135+00:00,27.575569699998596,772,326.5486473006812,242.62968846285492,326.0,242.0,326.0,242.0,0.8351774786219592,TRACKING,0.7312499999999998,0.4124999999999999,33.408099989173934,29.899567343874804,True,True
2026-09-17T06:42:55.530356+00:00,27.612784999990254,773,326.58799580992047,243.18420382991957,326.0,243.0,326.0,243.0,0.616173776982653,TRACKING,0.7687499999999998,0.4312499999999999,37.18030000163708,26.870668790098595,True,True
2026-09-17T06:42:55.561949+00:00,27.644381199992495,774,326.55010584474053,242.5657947178459,326.0,242.0,326.0,242.0,0.7891388364286835,TRACKING,0.8062499999999998,0.4437499999999999,31.55230000265874,31.649375555575524,True,True
2026-09-17T06:42:55.596952+00:00,27.679382599992095,775,326.4312512804456,242.76850838972308,326.0,242.0,326.0,242.0,0.8812393613319548,TRACKING,0.8437499999999998,0.45624999999999993,34.95919999841135,28.570285760323994,True,True
2026-09-17T06:42:55.631547+00:00,27.71398029998818,776,326.2277565925789,242.78683920852274,326.0,242.0,326.0,242.0,0.8191391856893608,TRACKING,0.8812499999999998,0.46874999999999994,34.498499997425824,28.903655448575698,True,True
2026-09-17T06:42:55.664130+00:00,27.746564099987154,777,325.93599915400284,242.61574239832368,325.0,242.0,325.0,242.0,1.1203718656711394,TRACKING,0.9124999999999998,0.48124999999999996,32.54519999609329,30.69009753409593,True,True
2026-09-17T06:42:55.697069+00:00,27.779499899988878,778,326.5524114989296,242.2506466536263,326.0,242.0,326.0,242.0,0.6066153716513376,TRACKING,0.9499999999999997,0.49374999999999997,32.89849999418948,30.36209838375461,True,True
2026-09-17T06:42:55.732433+00:00,27.814862799990806,779,326.0734835524641,241.68746556523354,326.0,241.0,326.0,241.0,0.6913817584118135,TRACKING,0.9874999999999997,0.49999999999999994,35.32540000742301,28.278223786665507,True,True
2026-09-17T06:42:55.767619+00:00,27.850049899992882,780,325.49576482429234,241.92260783414747,325.0,241.0,325.0,241.0,1.0473719380601612,TRACKING,1.0187499999999998,0.50625,35.13010000460781,28.41950601046939,True,True
2026-09-17T06:42:55.800234+00:00,27.882666399993468,781,325.815866565123,241.95298624794555,325.0,241.0,325.0,241.0,1.254520243303746,TRACKING,1.0499999999999998,0.5125,32.56959999271203,30.659328866740445,True,True
2026-09-17T06:42:55.833487+00:00,27.915918499988038,782,326.03046388454334,241.7760253972038,326.0,241.0,326.0,241.0,0.7766231166832332,TRACKING,1.0875,0.5187499999999999,33.21529999084305,30.07328860923964,True,True
2026-09-17T06:42:55.867523+00:00,27.949951699993107,783,325.1362978289728,241.38966811267971,325.0,241.0,325.0,241.0,0.4128175580350985,TRACKING,1.11875,0.5249999999999999,33.99339999305084,29.38307299492984,True,True
2026-09-17T06:42:55.905134+00:00,27.987569199991412,784,325.1301774183966,240.79238060716347,325.0,240.0,325.0,240.0,0.8030026070126731,TRACKING,1.15,0.5249999999999999,37.570600004983135,26.5833721019488,True,True
2026-09-17T06:42:55.939469+00:00,28.021899999992456,785,325.00898164062994,240.98315630914743,325.0,240.0,325.0,240.0,0.9831973342543229,TRACKING,1.18125,0.5249999999999999,34.30019998631906,29.128362868607635,True,True
2026-09-17T06:42:55.974280+00:00,28.056709899989073,786,324.7696614018465,240.96151837873077,324.0,240.0,324.0,240.0,1.2316234270788307,TRACKING,1.2062499999999998,0.5249999999999999,34.76829999999609,28.72745971971159,True,True
2026-09-17T06:42:56.007659+00:00,28.090089299992542,787,325.409241432161,240.7275208994708,325.0,240.0,325.0,240.0,0.8347246306201785,TRACKING,1.2374999999999998,0.5249999999999999,33.30650000134483,29.958597215530688,True,True
2026-09-17T06:42:56.041870+00:00,28.124302899988834,788,324.9248221450807,240.2817487432019,324.0,240.0,324.0,240.0,0.9667876469667768,TRACKING,1.2624999999999997,0.5249999999999999,34.176699991803616,29.228143197686798,True,True
2026-09-17T06:42:56.075740+00:00,28.158170199996675,789,325.3135814496472,239.62531610816137,325.0,239.0,325.0,239.0,0.6995381052443931,TRACKING,1.2937499999999997,0.5187499999999999,33.8251999928616,29.52700687000329,True,True
2026-09-17T06:42:56.110791+00:00,28.193222699992475,790,324.57277651415603,239.75986373407318,324.0,239.0,324.0,239.0,0.9515596825887327,TRACKING,1.3187499999999996,0.5125,35.01220000907779,28.528635621420094,True,True
2026-09-17T06:42:56.146204+00:00,28.22863729999517,791,324.69974548033525,239.68755480115345,324.0,239.0,324.0,239.0,0.9810073097784634,TRACKING,1.3437499999999996,0.50625,35.37559999676887,28.236941824103017,True,True
2026-09-17T06:42:56.179177+00:00,28.261608099986915,792,324.6919091269186,239.4110695232872,324.0,239.0,324.0,239.0,0.8048082957380583,TRACKING,1.3687499999999995,0.5,32.93339999800082,30.329867648051795,True,True
2026-09-17T06:42:56.216269+00:00,28.298700899991672,793,324.5467724815784,238.933598448888,324.0,238.0,324.0,238.0,1.081927081820895,TRACKING,1.3937499999999994,0.4875,37.05189999891445,26.959409908978394,True,True
2026-09-17T06:42:56.251700+00:00,28.33413579998887,794,324.26192638019825,239.25883448619015,324.0,239.0,324.0,239.0,0.3682400302589023,TRACKING,1.4187499999999993,0.48125,35.39459999592509,28.22076540583006,True,True
2026-09-17T06:42:56.286780+00:00,28.369215899991104,795,323.83504897252556,238.3909636729001,323.0,238.0,323.0,238.0,0.9220408776423815,TRACKING,1.4374999999999993,0.46875,35.05210000730585,28.50619011736989,True,True
2026-09-17T06:42:56.321007+00:00,28.403441299989936,796,324.2639071732508,238.33465471328236,324.0,238.0,324.0,238.0,0.42619335191357394,TRACKING,1.4624999999999992,0.45625,34.196099994005635,29.218066115637495,True,True
2026-09-17T06:42:56.356578+00:00,28.439011199996457,797,323.54635805761154,238.09504730883168,323.0,238.0,323.0,238.0,0.554563898963142,TRACKING,1.4812499999999993,0.44375,35.54200001235586,28.113657890988083,True,True
2026-09-17T06:42:56.392001+00:00,28.47443750000093,798,323.6803502006545,237.67773931169336,323.0,237.0,323.0,237.0,0.9603160782498785,TRACKING,1.4999999999999993,0.425,35.391099998378195,28.22761620247423,True,True
2026-09-17T06:42:56.427391+00:00,28.509825299988734,799,323.6639249593053,238.08877273295144,323.0,238.0,323.0,238.0,0.6698335238730591,TRACKING,1.5187499999999994,0.4125,35.36080000048969,28.258326325589245,True,True
2026-09-17T06:42:56.463654+00:00,28.54607689999102,800,323.4952176964596,237.33461864074462,323.0,237.0,323.0,237.0,0.597670646443765,TRACKING,1.5374999999999994,0.39375,36.21910000219941,27.584989350453185,True,True
2026-09-17T06:42:56.499760+00:00,28.58219209998788,801,323.1724589463197,237.42216098596737,323.0,237.0,323.0,237.0,0.45602849279254226,TRACKING,1.5562499999999995,0.375,36.05510000488721,27.68917242842426,True,True
2026-09-17T06:42:56.534138+00:00,28.61657220000052,802,322.6939755202517,237.3586793959787,322.0,237.0,322.0,237.0,0.7811868738069259,TRACKING,1.5687499999999994,0.35625,34.33869998843875,29.086593687404395,True,True
2026-09-17T06:42:56.569173+00:00,28.65160709999327,803,323.0581915524764,237.15183097932243,323.0,237.0,323.0,237.0,0.1626004399182829,TRACKING,1.5874999999999995,0.3375,34.98599999875296,28.54296716151274,True,True
2026-09-17T06:42:56.604142+00:00,28.686570899997605,804,322.2636294849316,236.80963118694666,322.0,236.0,322.0,236.0,0.8514711763776568,TRACKING,1.5999999999999994,0.3125,34.92780000669882,28.601010184134385,True,True
2026-09-17T06:42:56.640512+00:00,28.722943699991447,805,322.30891099070004,237.340433777748,322.0,237.0,322.0,237.0,0.45969681009013863,TRACKING,1.6124999999999994,0.29375,36.30979999434203,27.49307175057474,True,True
2026-09-17T06:42:56.675374+00:00,28.75780429999577,806,322.19275783541764,236.7529099385257,322.0,236.0,322.0,236.0,0.7771929996118548,TRACKING,1.6249999999999993,0.26875,34.82479999365751,28.685679531506157,True,True
2026-09-17T06:42:56.711973+00:00,28.79440619998786,807,321.9139926761276,237.05602661053268,321.0,237.0,321.0,237.0,0.9157082467154216,TRACKING,1.6312499999999994,0.25,36.55119999893941,27.32098607493164,True,True
2026-09-17T06:42:56.747311+00:00,28.82973729999503,808,322.47153979708366,236.2590240767882,322.0,236.0,322.0,236.0,0.537999305380295,TRACKING,1.6437499999999994,0.225,35.294799992698245,28.30367579263216,True,True
2026-09-17T06:42:56.792563+00:00,28.874995799997123,809,321.86442578203525,236.37139286618697,321.0,236.0,321.0,236.0,0.9408318626098032,TRACKING,1.6499999999999995,0.2,45.189000011305325,22.095297015008942,True,True
2026-09-17T06:42:56.827590+00:00,28.910024799988605,810,322.09178012258246,236.40285003211574,322.0,236.0,322.0,236.0,0.4131727717031969,TRACKING,1.6624999999999994,0.17500000000000002,34.98609999951441,28.54777470790392,True,True
2026-09-17T06:42:56.863507+00:00,28.945942299993476,811,321.1528357622144,236.36331486488206,321.0,236.0,321.0,236.0,0.39415283996937817,TRACKING,1.6687499999999995,0.15000000000000002,35.88940000918228,27.841581398047992,True,True
2026-09-17T06:42:56.899129+00:00,28.981559499996365,812,321.04692957569506,236.26288409865583,321.0,236.0,321.0,236.0,0.2670401363110186,TRACKING,1.6749999999999996,0.12500000000000003,35.58809999958612,28.076322673283787,True,True
2026-09-17T06:42:56.934194+00:00,29.016623199990136,813,320.7735027834952,236.11180667488838,320.0,236.0,320.0,236.0,0.7815416102962162,TRACKING,1.6749999999999996,0.10000000000000003,35.01789999427274,28.519523044563478,True,True
2026-09-17T06:42:56.968781+00:00,29.05121359998884,814,321.3321013010107,235.92045812530108,321.0,235.0,321.0,235.0,0.9785368846220296,TRACKING,1.6812499999999997,0.06875000000000003,34.54610001062974,28.909755308912704,True,True
2026-09-17T06:42:57.003120+00:00,29.085553899989463,815,320.7223760223515,236.6993146384551,320.0,236.0,320.0,236.0,1.0054193559037783,TRACKING,1.6812499999999997,0.04375000000000003,34.30590000061784,29.120304714341138,True,True
2026-09-17T06:42:57.040781+00:00,29.12320859999454,816,320.9440830385208,236.4589268747379,320.0,236.0,320.0,236.0,1.0497174191082619,TRACKING,1.6812499999999997,0.01875000000000003,37.62069999356754,26.557109733051902,True,True
2026-09-17T06:42:57.074415+00:00,29.156833999993978,817,320.99708378985,236.20989359520877,320.0,236.0,320.0,236.0,1.0189364088555029,TRACKING,1.6812499999999997,-0.006249999999999971,33.55919999012258,29.73942317464612,True,True
2026-09-17T06:42:57.107204+00:00,29.189629999993485,818,320.8813451525953,235.96283517021155,320.0,235.0,320.0,235.0,1.3053048850745794,TRACKING,1.6812499999999997,-0.03749999999999997,32.712500003981404,30.491523356964944,True,True
2026-09-17T06:42:57.141440+00:00,29.223867299995618,819,320.5969394596371,236.72836703398468,320.0,236.0,320.0,236.0,0.9417299266071323,TRACKING,1.6812499999999997,-0.06249999999999997,34.18130001227837,29.207910668706727,True,True
2026-09-17T06:42:57.177857+00:00,29.26028740000038,820,320.14404445527583,236.51707315159973,320.0,236.0,320.0,236.0,0.5367620042448892,TRACKING,1.6812499999999997,-0.08749999999999997,36.366100001032464,27.45736557201277,True,True
2026-09-17T06:42:57.211733+00:00,29.294169099986902,821,319.52294318414675,236.33947956456262,319.0,236.0,319.0,236.0,0.6234708883349523,TRACKING,1.6749999999999996,-0.11249999999999996,33.82979999878444,29.514457668823166,True,True
2026-09-17T06:42:57.246680+00:00,29.32910930000071,822,319.73402381432703,236.20602808119347,319.0,236.0,319.0,236.0,0.7623900118964476,TRACKING,1.6687499999999995,-0.13749999999999996,34.91349999967497,28.620328435579587,True,True
2026-09-17T06:42:57.283872+00:00,29.366299299988896,823,319.7777793947417,236.12705017753956,319.0,236.0,319.0,236.0,0.788087897697697,TRACKING,1.6624999999999994,-0.16249999999999995,37.120900000445545,26.888948650649674,True,True
2026-09-17T06:42:57.319086+00:00,29.40151060000062,824,319.6548075470265,236.1127411740706,319.0,236.0,319.0,236.0,0.6644422442723602,TRACKING,1.6562499999999993,-0.18749999999999994,35.158999991836026,28.39997386256776,True,True
2026-09-17T06:42:57.353022+00:00,29.435454599995865,825,319.36581009203167,236.17313475268298,319.0,236.0,319.0,236.0,0.404713066281302,TRACKING,1.6499999999999992,-0.21249999999999994,33.89690000039991,29.46028753653351,True,True
2026-09-17T06:42:57.388450+00:00,29.47088259999873,826,318.91159261120754,236.3180778777222,318.0,236.0,318.0,236.0,0.9654919083578274,TRACKING,1.6374999999999993,-0.23749999999999993,35.384199989493936,28.22626171161472,True,True
2026-09-17T06:42:57.427306+00:00,29.509737699991092,827,319.2930639431437,236.55720618370196,319.0,236.0,319.0,236.0,0.6295754171873591,TRACKING,1.6312499999999992,-0.26249999999999996,38.81889999320265,25.736647189084685,True,True
2026-09-17T06:42:57.462790+00:00,29.545223199995235,828,318.5112356155713,236.89991989123217,318.0,236.0,318.0,236.0,1.0349964566431622,TRACKING,1.6187499999999992,-0.2875,35.442199994577095,28.18052443627007,True,True
2026-09-17T06:42:57.496724+00:00,29.57915829999547,829,318.5672212131949,237.35536031136715,318.0,237.0,318.0,237.0,0.6693436005470209,TRACKING,1.6062499999999993,-0.30624999999999997,33.893200001330115,29.468013944059916,True,True
2026-09-17T06:42:57.533716+00:00,29.616145899999538,830,318.46223568173525,236.93238699708508,318.0,236.0,318.0,236.0,1.0406763847626102,TRACKING,1.5937499999999993,-0.33125,36.95210001023952,27.036087766982092,True,True
2026-09-17T06:42:57.568737+00:00,29.651168799988227,831,318.1975945686289,237.63955559902115,318.0,237.0,318.0,237.0,0.6693840286344975,TRACKING,1.5812499999999994,-0.35,34.975399990798905,28.552746926238175,True,True
2026-09-17T06:42:57.603019+00:00,29.685450199991465,832,317.774713200855,237.485096480798,317.0,237.0,317.0,237.0,0.9140564201741564,TRACKING,1.5624999999999993,-0.36874999999999997,34.24029999587219,29.17033726468454,True,True
2026-09-17T06:42:57.636192+00:00,29.718610500000068,833,318.1951058003996,237.4768941473998,318.0,237.0,318.0,237.0,0.51526139111498,TRACKING,1.5499999999999994,-0.38749999999999996,33.118999999715015,30.156542604878485,True,True
2026-09-17T06:42:57.669838+00:00,29.752264700000524,834,317.46038453791857,237.6224675380194,317.0,237.0,317.0,237.0,0.7742220344593911,TRACKING,1.5312499999999993,-0.40624999999999994,33.57430000323802,29.713973292678542,True,True
2026-09-17T06:42:57.707942+00:00,29.790373199997703,835,317.57225852518195,237.9289512326231,317.0,237.0,317.0,237.0,1.0910683810996373,TRACKING,1.5124999999999993,-0.42499999999999993,38.0555000010645,26.240864900849544,True,True
2026-09-17T06:42:57.743194+00:00,29.82562340000004,836,317.5325327469344,238.40307761921792,317.0,238.0,317.0,238.0,0.6678792508170139,TRACKING,1.4937499999999992,-0.43749999999999994,35.20759999810252,28.368633367574642,True,True
2026-09-17T06:42:57.780734+00:00,29.86316860000079,837,317.3431069328411,238.05116006638855,317.0,238.0,317.0,238.0,0.3469001581961648,TRACKING,1.4749999999999992,-0.44999999999999996,37.497800003620796,26.6345631393634,True,True
2026-09-17T06:42:57.811682+00:00,29.894114199996693,838,317.0059743702145,237.87907714316142,317.0,237.0,317.0,237.0,0.879097444387317,TRACKING,1.4562499999999992,-0.46874999999999994,30.9150000102818,32.31477173273105,True,True
2026-09-17T06:42:57.847362+00:00,29.929795399992145,839,316.5232206582789,238.89225792564628,316.0,238.0,316.0,238.0,1.0343520015586518,TRACKING,1.4312499999999992,-0.48124999999999996,35.642899994854815,28.02596325592954,True,True
2026-09-17T06:42:57.882822+00:00,29.9652558999951,840,316.89702240473525,239.09566842717112,316.0,239.0,316.0,239.0,0.9021095513042815,TRACKING,1.4062499999999993,-0.48749999999999993,35.40639999846462,28.20039198309853,True,True
2026-09-17T06:42:57.912869+00:00,29.995301999995718,841,317.12964586545354,238.49379918583622,317.0,238.0,317.0,238.0,0.5105347063243741,TRACKING,1.3874999999999993,-0.49999999999999994,30.013200012035668,33.282189701140275,True,True
2026-09-17T06:42:57.950518+00:00,30.03292009999859,842,316.22344552813865,239.090654040508,316.0,239.0,316.0,239.0,0.24113493962010318,TRACKING,1.3624999999999994,-0.50625,37.58400000515394,26.58294810007972,True,True
2026-09-17T06:42:57.985627+00:00,30.06805479999457,843,316.18086264084786,238.8897401233055,316.0,238.0,316.0,238.0,0.907936551678668,TRACKING,1.3374999999999995,-0.5187499999999999,35.05919998860918,28.461890954368553,True,True
2026-09-17T06:42:58.021501+00:00,30.103931999998167,844,316.0044236862951,239.89405909359823,316.0,239.0,316.0,239.0,0.8940700374389728,TRACKING,1.3124999999999996,-0.5249999999999999,35.82260000985116,27.87285518099915,True,True
2026-09-17T06:42:58.058130+00:00,30.140564699991955,845,315.69673880287763,240.10609963541953,315.0,240.0,315.0,240.0,0.7047709500763443,TRACKING,1.2812499999999996,-0.5249999999999999,36.58250000444241,27.29801516594649,True,True
2026-09-17T06:42:58.090136+00:00,30.17256729998917,846,316.26050015342554,239.52783123705353,316.0,239.0,316.0,239.0,0.5886137483479236,TRACKING,1.2562499999999996,-0.5312499999999999,31.97129999171011,31.2474611465032,True,True
2026-09-17T06:42:58.124858+00:00,30.207290899998043,847,315.6984802426903,240.1606992683399,315.0,240.0,315.0,240.0,0.7167279150931061,TRACKING,1.2249999999999996,-0.5312499999999999,34.67820001242217,28.798857253983837,True,True
2026-09-17T06:42:58.161080+00:00,30.243512699991697,848,316.0135301846147,240.0056213680017,316.0,240.0,316.0,240.0,0.0146514734384713,TRACKING,1.1999999999999997,-0.5312499999999999,36.18270000151824,27.607683775383297,True,True
2026-09-17T06:42:58.195852+00:00,30.27828509999381,849,315.2085779204845,240.06298515002675,315.0,240.0,315.0,240.0,0.217880421418577,TRACKING,1.1687499999999997,-0.5312499999999999,34.73520000989083,28.758440600570317,True,True
2026-09-17T06:42:58.234165+00:00,30.316594799995073,850,315.2866263890563,240.3326472348345,315.0,240.0,315.0,240.0,0.4391000680329068,TRACKING,1.1374999999999997,-0.5312499999999999,38.272000005235896,26.10304961842578,True,True
2026-09-17T06:42:58.270317+00:00,30.352746499993373,851,315.25075164982013,240.8139336076503,315.0,240.0,315.0,240.0,0.8516832201882171,TRACKING,1.1062499999999997,-0.5312499999999999,36.10399999888614,27.66121648627963,True,True
2026-09-17T06:42:58.305292+00:00,30.38772529999551,852,315.10410096056455,241.50564130319106,315.0,241.0,315.0,241.0,0.5162461985169584,TRACKING,1.0749999999999997,-0.5249999999999999,34.93390000949148,28.58874518105043,True,True
2026-09-17T06:42:58.339715+00:00,30.422149699996226,853,314.84989081043824,241.4060414124525,314.0,241.0,314.0,241.0,0.9419044634642074,TRACKING,1.0374999999999996,-0.5187499999999999,34.38690000621136,29.04916280252334,True,True
2026-09-17T06:42:58.369583+00:00,30.452018500000122,854,315.49140490975446,241.51288340408058,315.0,241.0,315.0,241.0,0.7103014652329531,TRACKING,1.0062499999999996,-0.5125,29.83230000245385,33.47975144195774,True,True
2026-09-17T06:42:58.404514+00:00,30.48694409999007,855,315.0319921377743,241.82340074952856,315.0,241.0,315.0,241.0,0.8240220210671334,TRACKING,0.9749999999999996,-0.50625,34.894900003564544,28.632292653178254,True,True
2026-09-17T06:42:58.439222+00:00,30.52165409999725,856,314.47506444976784,242.33431783793714,314.0,242.0,314.0,242.0,0.5809084680017871,TRACKING,0.9374999999999997,-0.49374999999999997,34.66350000235252,28.810141163731746,True,True
2026-09-17T06:42:58.470526+00:00,30.552941099987947,857,314.82409474465584,242.04185816345534,314.0,242.0,314.0,242.0,0.8251571086873246,TRACKING,0.8999999999999997,-0.48124999999999996,31.24319999187719,31.962156815844075,True,True
2026-09-17T06:42:58.503985+00:00,30.586417499987874,858,315.08261469455545,241.9417537645397,315.0,241.0,315.0,241.0,0.9453704780567149,TRACKING,0.8687499999999997,-0.475,33.391500008292496,29.871790276200148,True,True
2026-09-17T06:42:58.543510+00:00,30.62594299999182,859,314.2542125376063,243.02925589163343,314.0,243.0,314.0,242.0,1.0601847502856987,TRACKING,0.8312499999999997,-0.46249999999999997,39.48970000783447,25.3001227030687,True,True
2026-09-17T06:42:58.576541+00:00,30.658972699995502,860,314.342530835433,243.29914687656913,314.0,243.0,314.0,243.0,0.45477052123407125,TRACKING,0.7937499999999997,-0.44375,32.997600006638095,30.275782095767195,True,True
2026-09-17T06:42:58.612413+00:00,30.6948454999947,861,314.35126419666506,242.74575317402127,314.0,242.0,314.0,242.0,0.8243387243248691,TRACKING,0.7562499999999998,-0.43124999999999997,35.82740000274498,27.87627394634331,True,True
2026-09-17T06:42:58.649044+00:00,30.731471799997962,862,314.2841569679292,243.36295954241336,314.0,243.0,314.0,243.0,0.4609607487103937,TRACKING,0.7187499999999998,-0.4125,36.59200000402052,27.302785154681374,True,True
2026-09-17T06:42:58.681931+00:00,30.764364799993928,863,314.14500089374883,243.14422432883998,314.0,243.0,314.0,243.0,0.20451385336280423,TRACKING,0.6812499999999998,-0.39375,32.8433000104269,30.40160520848372,True,True
2026-09-17T06:42:58.716020+00:00,30.798451199996634,864,313.93763274683386,243.0825958197889,313.0,243.0,313.0,243.0,0.9412636386166222,TRACKING,0.6374999999999998,-0.375,34.04030000092462,29.33721366646493,True,True
2026-09-17T06:42:58.749207+00:00,30.831635800001095,865,314.66593193021674,243.17072961680748,314.0,243.0,314.0,243.0,0.6874692267566785,TRACKING,0.5999999999999999,-0.35625,33.14420000242535,30.134459956292385,True,True
2026-09-17T06:42:58.784848+00:00,30.867279099998996,866,314.3338180527543,243.40090699367258,314.0,243.0,314.0,243.0,0.5216904349518448,TRACKING,0.5624999999999999,-0.3375,35.58780001185369,28.055763637455,True,True
2026-09-17T06:42:58.821614+00:00,30.90404119998857,867,313.9452484795024,243.765054189185,313.0,243.0,313.0,243.0,1.216060278272083,TRACKING,0.5187499999999999,-0.31875000000000003,36.71960000065155,27.201928080376845,True,True
2026-09-17T06:42:58.857839+00:00,30.94027009999263,868,314.50421585848574,244.25476258737095,314.0,244.0,314.0,244.0,0.5649226565402097,TRACKING,0.48124999999999996,-0.29375,36.17589999339543,27.60227332013622,True,True
2026-09-17T06:42:58.891069+00:00,30.973504800000228,869,314.0147456254296,243.8613097346389,314.0,243.0,314.0,243.0,0.8614359479688739,TRACKING,0.44375,-0.275,33.19470000860747,30.089033443100558,True,True
2026-09-17T06:42:58.924154+00:00,31.006583999987924,870,313.4808934879874,244.57568114137467,313.0,244.0,313.0,244.0,0.7501115405878703,TRACKING,0.39999999999999997,-0.25,33.05089999048505,30.23047716909542,True,True
2026-09-17T06:42:58.957704+00:00,31.04013729999133,871,313.90674289105783,244.3885928134692,313.0,244.0,313.0,244.0,0.9865024303892077,TRACKING,0.35624999999999996,-0.225,33.50809999392368,29.803327836562357,True,True
2026-09-17T06:42:58.989506+00:00,31.071939799992833,872,314.2964024647682,244.2905144574671,314.0,244.0,314.0,244.0,0.41503381924619875,TRACKING,0.31875,-0.2,31.76700000767596,31.444068861023673,True,True
2026-09-17T06:42:59.024345+00:00,31.10677629998827,873,313.65400345670713,244.27169330134112,313.0,244.0,313.0,244.0,0.7081933149772807,TRACKING,0.27499999999999997,-0.17500000000000002,34.80519998993259,28.705524381927685,True,True
2026-09-17T06:42:59.062673+00:00,31.145103299990296,874,313.9836971500371,244.32217847133822,313.0,244.0,313.0,244.0,1.0351130616434578,TRACKING,0.23124999999999996,-0.15000000000000002,38.28579999390058,26.09126725147025,True,True
2026-09-17T06:42:59.097600+00:00,31.180022100001224,875,314.28965226907104,244.4318458639859,314.0,244.0,314.0,244.0,0.5199896991477142,TRACKING,0.19374999999999995,-0.12500000000000003,34.87129999848548,28.63786841721499,True,True
2026-09-17T06:42:59.132987+00:00,31.215422299996135,876,313.57605237395796,244.59042345107653,313.0,244.0,313.0,244.0,0.8248855612287852,TRACKING,0.14999999999999994,-0.10000000000000003,35.33369999786373,28.24842797904447,True,True
2026-09-17T06:42:59.167886+00:00,31.2503202999942,877,313.8470932460972,244.78751695438655,313.0,244.0,313.0,244.0,1.1566113958584938,TRACKING,0.10624999999999993,-0.07500000000000004,34.86909999628551,28.654937247275743,True,True
2026-09-17T06:42:59.202064+00:00,31.28449159998854,878,314.1069802659046,245.01263582596292,314.0,245.0,314.0,245.0,0.1077239128085602,TRACKING,0.06874999999999992,-0.04375000000000004,34.140799994929694,29.26432415991209,True,True
2026-09-17T06:42:59.246528+00:00,31.32896259998961,879,313.3599257845946,244.25521946902484,313.0,244.0,313.0,244.0,0.4412295862534316,TRACKING,0.024999999999999918,-0.018750000000000037,44.43150000588503,22.486564277304314,True,True
2026-09-17T06:42:59.288910+00:00,31.371329399989918,880,313.61014649159097,244.50466363396015,313.0,244.0,313.0,244.0,0.7918106621172954,TRACKING,-0.018750000000000086,0.006249999999999964,42.33430000022054,23.603387558010194,True,True
2026-09-17T06:42:59.325946+00:00,31.408359199995175,881,313.861860779236,244.75034692342484,313.0,244.0,313.0,244.0,1.1427267863660178,TRACKING,-0.06250000000000008,0.031249999999999965,36.96339999441989,27.00527682725885,True,True
2026-09-17T06:42:59.361062+00:00,31.443399099996896,882,314.1192861064357,244.98165734030314,314.0,244.0,314.0,244.0,0.9888783084685568,TRACKING,-0.10000000000000009,0.05624999999999997,34.967899991897866,28.53889423060277,True,True
2026-09-17T06:42:59.400865+00:00,31.483296899998095,883,313.3866363628784,245.18801881217794,313.0,245.0,313.0,245.0,0.4299287741389686,TRACKING,-0.1437500000000001,0.08749999999999997,39.69250000955071,25.06403861791726,True,True
2026-09-17T06:42:59.433963+00:00,31.516396499995608,884,313.66811923549847,244.35891762599903,313.0,244.0,313.0,244.0,0.7584228207905086,TRACKING,-0.1875000000000001,0.11249999999999996,33.06120001070667,30.211845462638127,True,True
2026-09-17T06:42:59.471641+00:00,31.554074100000435,885,313.96793357880244,244.48392870689463,313.0,244.0,313.0,244.0,1.082165609474824,TRACKING,-0.23125000000000012,0.13749999999999996,37.64500000397675,26.540968635791437,True,True
2026-09-17T06:42:59.509009+00:00,31.591441599986865,886,314.2902667907243,244.55274167542728,314.0,244.0,314.0,244.0,0.624322168076332,TRACKING,-0.26875000000000016,0.16249999999999995,37.33089999877848,26.761222997608428,True,True
2026-09-17T06:42:59.544067+00:00,31.62650020000001,887,313.639292195641,244.55518661817132,313.0,244.0,313.0,244.0,0.8467152369031878,TRACKING,-0.31250000000000017,0.18749999999999994,35.01920000417158,28.523671784528645,True,True
2026-09-17T06:42:59.577876+00:00,31.66029400000116,888,314.01916643617426,244.48125950720407,314.0,244.0,314.0,244.0,0.4816410131518374,TRACKING,-0.3500000000000002,0.21249999999999994,33.759700003429316,29.59122679207422,True,True
2026-09-17T06:42:59.612957+00:00,31.695384199992986,889,313.43402687543096,244.3211472049611,313.0,244.0,313.0,244.0,0.5399211570689677,TRACKING,-0.3937500000000002,0.23749999999999993,35.01999999571126,28.4979851990838,True,True
2026-09-17T06:42:59.647748+00:00,31.730136499987566,890,313.8879890112801,244.0652519919734,313.0,244.0,313.0,244.0,0.8903832358095892,TRACKING,-0.4375000000000002,0.26249999999999996,34.69240000413265,28.775073884490375,True,True
2026-09-17T06:42:59.682024+00:00,31.76445849999436,891,314.3851439043033,243.704215556166,314.0,243.0,314.0,243.0,0.8026552040372926,TRACKING,-0.4750000000000002,0.28124999999999994,34.19459999713581,29.135831239496444,True,True
2026-09-17T06:42:59.717437+00:00,31.799872299990966,892,313.92955562101736,244.228942383763,313.0,244.0,313.0,244.0,0.9573339373740258,TRACKING,-0.5187500000000002,0.30624999999999997,35.38050000497606,28.237579703276374,True,True
2026-09-17T06:42:59.752591+00:00,31.835021199993207,893,314.525258693959,243.6306224933387,314.0,243.0,314.0,243.0,0.820720064750618,TRACKING,-0.5562500000000001,0.32499999999999996,35.11650000291411,28.45039247135014,True,True
2026-09-17T06:42:59.785291+00:00,31.86771389999194,894,314.1762556002408,243.9007534561789,314.0,243.0,314.0,243.0,0.9178359469068962,TRACKING,-0.5937500000000001,0.34374999999999994,32.64449999551289,30.587868240883648,True,True
2026-09-17T06:42:59.818638+00:00,31.90107100000023,895,313.88651426012626,244.0311616479283,313.0,244.0,313.0,244.0,0.8870617688238063,TRACKING,-0.6375000000000001,0.36874999999999997,33.29870000015944,29.9786252327548,True,True
2026-09-17T06:42:59.857704+00:00,31.940137699988554,896,314.6599655572123,243.01402267839296,314.0,243.0,314.0,243.0,0.660114514471406,TRACKING,-0.675,0.38749999999999996,39.0280999999959,25.597247791567874,True,True
2026-09-17T06:42:59.892646+00:00,31.97508169998764,897,314.5005008817569,242.8418809484399,314.0,242.0,314.0,242.0,0.9794205756392448,TRACKING,-0.7125,0.39999999999999997,34.91429999121465,28.61721611796433,True,True
2026-09-17T06:42:59.922957+00:00,32.00538979998964,898,314.4119696986814,243.50766828511496,314.0,243.0,314.0,243.0,0.6537936374294253,TRACKING,-0.75,0.41874999999999996,30.27000000292901,32.99448002131164,True,True
2026-09-17T06:42:59.957444+00:00,32.03987649999908,899,314.3981771417866,243.00472160839087,314.0,243.0,314.0,243.0,0.3982051353601025,TRACKING,-0.7875,0.43749999999999994,34.448900012648664,28.99668567089119,True,True
