timestamp,elapsed_s,frame_number,ground_truth_x,ground_truth_y,detected_x,detected_y,tracked_x,tracked_y,pixel_error,tracking_state,pan_deg,tilt_deg,processing_time_ms,fps,ground_truth_in_fov,lock_retained
2026-09-17T06:50:53.457002+00:00,0.022689000004902482,0,44.0,240.0,44.0,240.0,44.0,240.0,0.0,ACQUIRING,0.0,0.0,22.682900002109818,0.0,True,False
2026-09-17T06:50:53.471426+00:00,0.03711309999926016,1,48.0,240.0,48.0,240.0,48.0,240.0,0.0,TRACKING,-0.16666666666666666,0.0,3.1983999942895025,69.32841566483687,True,True
2026-09-17T06:50:53.503254+00:00,0.06894409999949858,2,78.66666666666666,240.0,78.0,240.0,75.0,240.0,3.666666666666657,TRACKING,-0.3333333333333333,0.0,2.128599997377023,31.415915302457034,True,True
2026-09-17T06:50:53.537085+00:00,0.10277430000132881,3,109.33333333333333,240.0,109.0,240.0,107.0,240.0,2.3333333333333286,TRACKING,-0.5,0.0,2.4535999982617795,29.55938776436141,True,True
2026-09-17T06:50:53.570488+00:00,0.13618090000818484,4,140.0,240.0,140.0,240.0,140.0,240.0,0.0,TRACKING,-0.6666666666666666,0.0,2.5295999948866665,29.934204612105702,True,True
2026-09-17T06:50:53.603555+00:00,0.1692451999988407,5,170.66666666666666,240.0,170.0,240.0,170.0,240.0,0.6666666666666572,TRACKING,-0.8333333333333333,0.0,2.1631999989040196,30.24410014071386,True,True
2026-09-17T06:50:53.636626+00:00,0.20231920000514947,6,201.33333333333331,240.0,201.0,240.0,201.0,240.0,0.3333333333333144,TRACKING,-0.9999999999999999,0.0,1.7785000090952963,30.235230084333693,True,True
2026-09-17T06:50:53.669846+00:00,0.2355394000041997,7,231.99999999999997,240.0,231.0,240.0,231.0,240.0,0.9999999999999716,TRACKING,-1.1666666666666665,0.0,1.6680999979143962,30.102166754823568,True,True
2026-09-17T06:50:53.704977+00:00,0.270667400007369,8,262.66666666666663,240.0,262.0,240.0,262.0,240.0,0.6666666666666288,TRACKING,-1.3333333333333333,0.0,3.605199992307462,28.467319514625906,True,True
2026-09-17T06:50:53.736567+00:00,0.30225500000233296,9,293.3333333333333,240.0,293.0,240.0,293.0,240.0,0.3333333333333144,TRACKING,-1.5,0.0,2.0212999952491373,31.657992381802693,True,True
2026-09-17T06:50:53.769531+00:00,0.3352240000094753,10,324.0,240.0,324.0,240.0,324.0,240.0,0.0,TRACKING,-1.475,0.0,1.5732000028947368,30.331523545857102,True,True
2026-09-17T06:50:53.803480+00:00,0.3691709999984596,11,324.0,240.0,324.0,240.0,329.0,240.0,5.0,TRACKING,-1.4187500000000002,0.0,1.8561000033514574,29.457684046439937,True,True
2026-09-17T06:50:53.836571+00:00,0.4022622000047704,12,319.0,240.0,319.0,240.0,322.0,240.0,3.0,TRACKING,-1.4062500000000002,0.0,1.7315000004600734,30.21951454795504,True,True
2026-09-17T06:50:53.871373+00:00,0.4370599999965634,13,321.0,240.0,321.0,240.0,320.0,240.0,1.0,TRACKING,-1.4062500000000002,0.0,1.7558000108692795,28.737448925962223,True,True
2026-09-17T06:50:53.904084+00:00,0.46977320000587497,14,325.0,240.0,325.0,240.0,324.0,240.0,1.0,TRACKING,-1.3812500000000003,0.0,2.8726000018650666,30.56870008789596,True,True
2026-09-17T06:50:53.936012+00:00,0.501704599999357,15,325.00000000000006,240.0,325.0,240.0,325.0,240.0,5.684341886080802e-14,TRACKING,-1.3500000000000003,0.0,1.5753000043332577,31.317136116929532,True,True
2026-09-17T06:50:53.969479+00:00,0.5351739000034286,16,324.00000000000006,240.0,324.0,240.0,324.0,240.0,5.684341886080802e-14,TRACKING,-1.3250000000000004,0.0,1.5538000006927177,29.878127115844954,True,True
2026-09-17T06:50:54.002828+00:00,0.5685213999968255,17,324.00000000000006,240.0,324.0,240.0,324.0,240.0,5.684341886080802e-14,TRACKING,-1.3000000000000005,0.0,1.5967999934218824,29.98725542238573,True,True
2026-09-17T06:50:54.036891+00:00,0.6025833000021521,18,324.0000000000001,240.0,324.0,240.0,324.0,240.0,1.1368683772161603e-13,TRACKING,-1.2750000000000006,0.0,2.1302999957697466,29.358315297843625,True,True
2026-09-17T06:50:54.071017+00:00,0.6367081000062171,19,324.0000000000001,240.0,324.0,240.0,324.0,240.0,1.1368683772161603e-13,TRACKING,-1.2500000000000007,0.0,2.987499989103526,29.304201046771773,True,True
2026-09-17T06:50:54.103790+00:00,0.6694838999974309,20,324.0000000000001,240.0,324.0,240.0,324.0,240.0,1.1368683772161603e-13,TRACKING,-1.2250000000000008,0.0,2.2914000001037493,30.51031554586226,True,True
2026-09-17T06:50:54.136179+00:00,0.7018697000021348,21,324.0000000000001,240.0,324.0,240.0,324.0,240.0,1.1368683772161603e-13,TRACKING,-1.2000000000000008,0.0,1.70310000248719,30.877730358822493,True,True
2026-09-17T06:50:54.170265+00:00,0.735959500001627,22,324.0000000000001,240.0,324.0,240.0,324.0,240.0,1.1368683772161603e-13,TRACKING,-1.175000000000001,0.0,2.431800006888807,29.3342876759293,True,True
2026-09-17T06:50:54.204070+00:00,0.7697612000047229,23,324.0000000000001,240.0,324.0,240.0,324.0,240.0,1.1368683772161603e-13,TRACKING,-1.150000000000001,0.0,2.7894000086234882,29.584310845561312,True,True
2026-09-17T06:50:54.237603+00:00,0.803289900009986,24,324.00000000000017,240.0,324.0,240.0,324.0,240.0,1.7053025658242404e-13,TRACKING,-1.125000000000001,0.0,3.0258999904617667,29.825194530149613,True,True
2026-09-17T06:50:54.269994+00:00,0.8356867999973474,25,324.00000000000017,240.0,324.0,240.0,324.0,240.0,1.7053025658242404e-13,TRACKING,-1.1000000000000012,0.0,1.9732999935513362,30.867150881415128,True,True
2026-09-17T06:50:54.303111+00:00,0.868802400000277,26,324.0000000000002,240.0,324.0,240.0,324.0,240.0,2.2737367544323206e-13,TRACKING,-1.0750000000000013,0.0,1.8277000053785741,30.19724842405196,True,True
2026-09-17T06:50:54.336720+00:00,0.9024136000080034,27,324.0000000000002,240.0,324.0,240.0,324.0,240.0,2.2737367544323206e-13,TRACKING,-1.0500000000000014,0.0,1.8469999922672287,29.751987425921214,True,True
2026-09-17T06:50:54.371325+00:00,0.9370163999992656,28,324.0000000000002,240.0,324.0,240.0,324.0,240.0,2.2737367544323206e-13,TRACKING,-1.0250000000000015,0.0,3.289800006314181,28.899395431945354,True,True
2026-09-17T06:50:54.404474+00:00,0.9701638999977149,29,324.0000000000002,240.0,324.0,240.0,324.0,240.0,2.2737367544323206e-13,TRACKING,-1.0000000000000016,0.0,2.9461999947670847,30.16818764753844,True,True
2026-09-17T06:50:54.436603+00:00,1.0022955000022193,30,324.0000000000002,240.0,324.0,240.0,324.0,240.0,2.2737367544323206e-13,TRACKING,-0.9750000000000015,0.0,1.5686999977333471,31.122010726506396,True,True
2026-09-17T06:50:54.469697+00:00,1.0353887000092072,31,324.0000000000002,240.0,324.0,240.0,324.0,240.0,2.2737367544323206e-13,TRACKING,-0.9500000000000015,0.0,1.5379999967990443,30.217688219599246,True,True
2026-09-17T06:50:54.503235+00:00,1.0689280000078725,32,324.0000000000002,240.0,324.0,240.0,324.0,240.0,2.2737367544323206e-13,TRACKING,-0.9250000000000015,0.0,2.1631999989040196,29.815768368445294,True,True
2026-09-17T06:50:54.537265+00:00,1.1029523000033805,33,324.0000000000002,240.0,324.0,240.0,324.0,240.0,2.2737367544323206e-13,TRACKING,-0.9000000000000015,0.0,2.644499996677041,29.390758961448785,True,True
2026-09-17T06:50:54.571852+00:00,1.137540199997602,34,324.0000000000002,240.0,324.0,240.0,324.0,240.0,2.2737367544323206e-13,TRACKING,-0.8750000000000014,0.0,3.634199994849041,28.91184489856472,True,True
2026-09-17T06:50:54.602884+00:00,1.1685779999970691,35,324.0000000000002,240.0,324.0,240.0,324.0,240.0,2.2737367544323206e-13,TRACKING,-0.8500000000000014,0.0,1.7197999986819923,32.21877839335164,True,True
2026-09-17T06:50:54.636243+00:00,1.2019347000023117,36,324.0000000000002,240.0,324.0,240.0,324.0,240.0,2.2737367544323206e-13,TRACKING,-0.8250000000000014,0.0,1.4561999996658415,29.978984726991342,True,True
2026-09-17T06:50:54.670070+00:00,1.2357613000058336,37,324.0000000000002,240.0,324.0,240.0,324.0,240.0,2.2737367544323206e-13,TRACKING,-0.8000000000000014,0.0,1.8847999890567735,29.56253362430407,True,True
2026-09-17T06:50:54.703735+00:00,1.2694248000043444,38,324.0000000000002,240.0,324.0,240.0,324.0,240.0,2.2737367544323206e-13,TRACKING,-0.7750000000000014,0.0,2.316500002052635,29.70576440489662,True,True
2026-09-17T06:50:54.736903+00:00,1.3025712000089698,39,324.0000000000002,240.0,324.0,240.0,324.0,240.0,2.2737367544323206e-13,TRACKING,-0.7500000000000013,0.0,2.2759999992558733,30.16918880664138,True,True
2026-09-17T06:50:54.769818+00:00,1.335506700008409,40,324.0000000000002,240.0,324.0,240.0,324.0,240.0,2.2737367544323206e-13,TRACKING,-0.7250000000000013,0.0,1.6669999895384535,30.36237494548505,True,True
2026-09-17T06:50:54.802514+00:00,1.3682031000062125,41,324.0000000000002,240.0,324.0,240.0,324.0,240.0,2.2737367544323206e-13,TRACKING,-0.7000000000000013,0.0,1.4788999978918582,30.584406848068358,True,True
2026-09-17T06:50:54.836301+00:00,1.4019915999961086,42,324.0000000000002,240.0,324.0,240.0,324.0,240.0,2.2737367544323206e-13,TRACKING,-0.6750000000000013,0.0,1.5618000034010038,29.595868425619198,True,True
2026-09-17T06:50:54.870307+00:00,1.4359994999977062,43,324.0000000000002,240.0,324.0,240.0,324.0,240.0,2.2737367544323206e-13,TRACKING,-0.6500000000000012,0.0,2.2332999942591414,29.40493238197663,True,True
2026-09-17T06:50:54.904086+00:00,1.4697746000019833,44,324.0000000000002,240.0,324.0,240.0,324.0,240.0,2.2737367544323206e-13,TRACKING,-0.6250000000000012,0.0,2.655899996170774,29.607610336412403,True,True
2026-09-17T06:50:54.936645+00:00,1.5023368999973172,45,324.0000000000002,240.0,324.0,240.0,324.0,240.0,2.2737367544323206e-13,TRACKING,-0.6000000000000012,0.0,1.8773999909171835,30.71036137322296,True,True
2026-09-17T06:50:54.969748+00:00,1.5354407999984687,46,324.0000000000002,240.0,324.0,240.0,324.0,240.0,2.2737367544323206e-13,TRACKING,-0.5750000000000012,0.0,1.6905999946175143,30.207921120025617,True,True
2026-09-17T06:50:55.002947+00:00,1.5686385000008158,47,324.00000000000017,240.0,324.0,240.0,324.0,240.0,1.7053025658242404e-13,TRACKING,-0.5500000000000012,0.0,1.6210000030696392,30.1225687300415,True,True
2026-09-17T06:50:55.037425+00:00,1.6031138999969698,48,324.00000000000017,240.0,324.0,240.0,324.0,240.0,1.7053025658242404e-13,TRACKING,-0.5250000000000011,0.0,2.741099990089424,29.006189924164985,True,True
2026-09-17T06:50:55.070836+00:00,1.6365274999989197,49,324.00000000000017,240.0,324.0,240.0,324.0,240.0,1.7053025658242404e-13,TRACKING,-0.5000000000000011,0.0,2.9860999929951504,29.927933534298788,True,True
2026-09-17T06:50:55.103519+00:00,1.6692107999988366,50,324.00000000000017,240.0,324.0,240.0,324.0,240.0,1.7053025658242404e-13,TRACKING,-0.4750000000000011,0.0,2.260799999930896,30.596665575463366,True,True
2026-09-17T06:50:55.135977+00:00,1.7016676000057487,51,324.00000000000017,240.0,324.0,240.0,324.0,240.0,1.7053025658242404e-13,TRACKING,-0.45000000000000107,0.0,1.5873999946052209,30.810184608064787,True,True
2026-09-17T06:50:55.169832+00:00,1.7355237000010675,52,324.00000000000017,240.0,324.0,240.0,324.0,240.0,1.7053025658242404e-13,TRACKING,-0.42500000000000104,0.0,2.0226000051479787,29.53677476550068,True,True
2026-09-17T06:50:55.204038+00:00,1.7697326000052271,53,324.00000000000017,240.0,324.0,240.0,324.0,240.0,1.7053025658242404e-13,TRACKING,-0.400000000000001,0.0,2.865600006771274,29.23215887907545,True,True
2026-09-17T06:50:55.238218+00:00,1.8039031000080286,54,324.00000000000017,240.0,324.0,240.0,324.0,240.0,1.7053025658242404e-13,TRACKING,-0.375000000000001,0.0,3.32989999151323,29.265009289241203,True,True
2026-09-17T06:50:55.271050+00:00,1.8367395999957807,55,324.00000000000017,240.0,324.0,240.0,324.0,240.0,1.7053025658242404e-13,TRACKING,-0.350000000000001,0.0,2.7606999938143417,30.45391562355897,True,True
2026-09-17T06:50:55.302900+00:00,1.8685920999996597,56,324.00000000000017,240.0,324.0,240.0,324.0,240.0,1.7053025658242404e-13,TRACKING,-0.32500000000000095,0.0,1.6898000030778348,31.394709987543244,True,True
2026-09-17T06:50:55.336823+00:00,1.902513299995917,57,324.00000000000017,240.0,324.0,240.0,324.0,240.0,1.7053025658242404e-13,TRACKING,-0.30000000000000093,0.0,1.9788999925367534,29.480089151042357,True,True
2026-09-17T06:50:55.370614+00:00,1.936306000003242,58,324.00000000000017,240.0,324.0,240.0,324.0,240.0,1.7053025658242404e-13,TRACKING,-0.2750000000000009,0.0,2.7030000055674464,29.592190022792973,True,True
2026-09-17T06:50:55.404516+00:00,1.9702074000088032,59,324.0000000000001,240.0,324.0,240.0,324.0,240.0,1.1368683772161603e-13,TRACKING,-0.2500000000000009,0.0,2.9715999990003183,29.497306891041568,True,True
2026-09-17T06:50:55.437492+00:00,2.0031835999980103,60,324.0000000000001,240.0,324.0,240.0,324.0,240.0,1.1368683772161603e-13,TRACKING,-0.2250000000000009,0.0,2.4212999996962026,30.32490099912343,True,True
2026-09-17T06:50:55.469685+00:00,2.035378100001253,61,324.0000000000001,240.0,324.0,240.0,324.0,240.0,1.1368683772161603e-13,TRACKING,-0.2000000000000009,0.0,1.660000008996576,31.06120610350441,True,True
2026-09-17T06:50:55.503281+00:00,2.0689744999981485,62,324.0000000000001,240.0,324.0,240.0,324.0,240.0,1.1368683772161603e-13,TRACKING,-0.1750000000000009,0.0,1.9899000035366043,29.7650938818567,True,True
2026-09-17T06:50:55.537391+00:00,2.1030830000090646,63,324.00000000000017,240.0,324.0,240.0,324.0,240.0,1.7053025658242404e-13,TRACKING,-0.1500000000000009,0.0,2.7680999919539317,29.31820513009841,True,True
2026-09-17T06:50:55.570848+00:00,2.136538599996129,64,324.00000000000017,240.0,324.0,240.0,324.0,240.0,1.7053025658242404e-13,TRACKING,-0.12500000000000092,0.0,2.783899995847605,29.89036216318485,True,True
2026-09-17T06:50:55.603201+00:00,2.168890500004636,65,324.00000000000017,240.0,324.0,240.0,324.0,240.0,1.7053025658242404e-13,TRACKING,-0.10000000000000092,0.0,1.9223000126658008,30.9100856437194,True,True
2026-09-17T06:50:55.636315+00:00,2.202008799999021,66,324.00000000000017,240.0,324.0,240.0,324.0,240.0,1.7053025658242404e-13,TRACKING,-0.07500000000000093,0.0,1.7998999974224716,30.194786573270598,True,True
2026-09-17T06:50:55.669515+00:00,2.2352057000098284,67,324.00000000000017,240.0,324.0,240.0,324.0,240.0,1.7053025658242404e-13,TRACKING,-0.050000000000000926,0.0,1.3818000006722286,30.1232946351751,True,True
2026-09-17T06:50:55.704315+00:00,2.27000780000526,68,324.00000000000017,240.0,324.0,240.0,324.0,240.0,1.7053025658242404e-13,TRACKING,-0.025000000000000924,0.0,3.075800006627105,28.733898245544697,True,True
2026-09-17T06:50:55.737577+00:00,2.3032689000101527,69,324.00000000000017,240.0,324.0,240.0,324.0,240.0,1.7053025658242404e-13,TRACKING,-9.228728892196614e-16,0.0,2.9929000011179596,30.065151178190057,True,True
2026-09-17T06:50:55.770018+00:00,2.3357041999988724,70,324.00000000000017,240.0,324.0,240.0,324.0,240.0,1.7053025658242404e-13,TRACKING,0.02499999999999908,0.0,1.9314999954076484,30.83060740451855,True,True
2026-09-17T06:50:55.803039+00:00,2.3687330999964615,71,324.00000000000017,240.0,324.0,240.0,324.0,240.0,1.7053025658242404e-13,TRACKING,0.04999999999999908,0.0,1.4709999959450215,30.276515417497745,True,True
2026-09-17T06:50:55.836299+00:00,2.4019909000053303,72,324.00000000000017,240.0,324.0,240.0,324.0,240.0,1.7053025658242404e-13,TRACKING,0.07499999999999908,0.0,1.7582000000402331,30.068134384515265,True,True
2026-09-17T06:50:55.870111+00:00,2.4358017000049585,73,324.00000000000017,240.0,324.0,240.0,324.0,240.0,1.7053025658242404e-13,TRACKING,0.09999999999999909,0.0,1.8754000047920272,29.576348386048128,True,True
2026-09-17T06:50:55.904251+00:00,2.4699432000052184,74,324.00000000000017,240.0,324.0,240.0,324.0,240.0,1.7053025658242404e-13,TRACKING,0.12499999999999908,0.0,2.626300003612414,29.289867170229467,True,True
2026-09-17T06:50:55.936541+00:00,2.5022258999961196,75,324.00000000000017,240.0,324.0,240.0,324.0,240.0,1.7053025658242404e-13,TRACKING,0.14999999999999908,0.0,1.7062999977497384,30.97634337530159,True,True
2026-09-17T06:50:55.969940+00:00,2.535630400001537,76,324.00000000000017,240.0,324.0,240.0,324.0,240.0,1.7053025658242404e-13,TRACKING,0.17499999999999907,0.0,1.828299995395355,29.936086450562684,True,True
2026-09-17T06:50:56.003128+00:00,2.5688192000088748,77,324.00000000000017,240.0,324.0,240.0,324.0,240.0,1.7053025658242404e-13,TRACKING,0.19999999999999907,0.0,1.8445999885443598,30.130646476489364,True,True
2026-09-17T06:50:56.037077+00:00,2.6027674000069965,78,324.00000000000017,240.0,324.0,240.0,324.0,240.0,1.7053025658242404e-13,TRACKING,0.22499999999999906,0.0,2.217400004155934,29.456642769140284,True,True
2026-09-17T06:50:56.071382+00:00,2.637075599996024,79,324.00000000000017,240.0,324.0,240.0,324.0,240.0,1.7053025658242404e-13,TRACKING,0.24999999999999906,0.0,3.0846000008750707,29.147550740634195,True,True
2026-09-17T06:50:56.103271+00:00,2.6689607000007527,80,324.00000000000017,240.0,324.0,240.0,324.0,240.0,1.7053025658242404e-13,TRACKING,0.2749999999999991,0.0,1.894799992442131,31.362611371822258,True,True
2026-09-17T06:50:56.136450+00:00,2.7021349999995437,81,324.00000000000017,240.0,324.0,240.0,324.0,240.0,1.7053025658242404e-13,TRACKING,0.2999999999999991,0.0,1.7057000077329576,30.143816147935155,True,True
2026-09-17T06:50:56.170224+00:00,2.735915400000522,82,324.0000000000001,240.0,324.0,240.0,324.0,240.0,1.1368683772161603e-13,TRACKING,0.3249999999999991,0.0,2.309100003913045,29.60296503212042,True,True
2026-09-17T06:50:56.203785+00:00,2.769468099999358,83,324.0000000000001,240.0,324.0,240.0,324.0,240.0,1.1368683772161603e-13,TRACKING,0.34999999999999915,0.0,2.4994999985210598,29.80386079316093,True,True
2026-09-17T06:50:56.238250+00:00,2.8039418999978807,84,324.0000000000001,240.0,324.0,240.0,324.0,240.0,1.1368683772161603e-13,TRACKING,0.37499999999999917,0.0,3.5367999953450635,29.007536159136844,True,True
2026-09-17T06:50:56.269963+00:00,2.8356511000019964,85,324.0000000000001,240.0,324.0,240.0,324.0,240.0,1.1368683772161603e-13,TRACKING,0.3999999999999992,0.0,1.8666999967535958,31.536588746174765,True,True
2026-09-17T06:50:56.303066+00:00,2.868760099998326,86,324.0000000000001,240.0,324.0,240.0,324.0,240.0,1.1368683772161603e-13,TRACKING,0.4249999999999992,0.0,1.6235999937634915,30.20326799694513,True,True
2026-09-17T06:50:56.336474+00:00,2.902166900006705,87,324.0000000000001,240.0,324.0,240.0,324.0,240.0,1.1368683772161603e-13,TRACKING,0.44999999999999923,0.0,1.9099999917671084,29.934025400492867,True,True
2026-09-17T06:50:56.371126+00:00,2.936816600005841,88,324.0000000000001,240.0,324.0,240.0,324.0,240.0,1.1368683772161603e-13,TRACKING,0.47499999999999926,0.0,3.024600009666756,28.860278733291707,True,True
2026-09-17T06:50:56.404743+00:00,2.9704349000094226,89,324.0000000000001,240.0,324.0,240.0,324.0,240.0,1.1368683772161603e-13,TRACKING,0.4999999999999993,0.0,3.5534999915398657,29.74570397353407,True,True
2026-09-17T06:50:56.436129+00:00,3.0018227999971714,90,324.0000000000001,240.0,324.0,240.0,324.0,240.0,1.1368683772161603e-13,TRACKING,0.5249999999999992,0.0,1.429299998562783,31.859410804492025,True,True
2026-09-17T06:50:56.469807+00:00,3.0354996000096435,91,324.0000000000001,240.0,324.0,240.0,324.0,240.0,1.1368683772161603e-13,TRACKING,0.5499999999999993,0.0,1.6380999877583236,29.6940326761941,True,True
2026-09-17T06:50:56.503376+00:00,3.0690658000094118,92,324.0000000000001,240.0,324.0,240.0,324.0,240.0,1.1368683772161603e-13,TRACKING,0.5749999999999993,0.0,2.1566000068560243,29.79187396866202,True,True
2026-09-17T06:50:56.537001+00:00,3.1026920000003884,93,324.0000000000001,240.0,324.0,240.0,324.0,240.0,1.1368683772161603e-13,TRACKING,0.5999999999999993,0.0,2.2059000039007515,29.738715652328967,True,True
2026-09-17T06:50:56.571326+00:00,3.137013500003377,94,324.0000000000001,240.0,324.0,240.0,324.0,240.0,1.1368683772161603e-13,TRACKING,0.6249999999999993,0.0,3.3383000118192285,29.136255697242923,True,True
2026-09-17T06:50:56.603080+00:00,3.1687735000014072,95,324.0000000000001,240.0,324.0,240.0,324.0,240.0,1.1368683772161603e-13,TRACKING,0.6499999999999994,0.0,1.6579999937675893,31.486146097670648,True,True
2026-09-17T06:50:56.636585+00:00,3.2022787000023527,96,324.0000000000001,240.0,324.0,240.0,324.0,240.0,1.1368683772161603e-13,TRACKING,0.6749999999999994,0.0,1.7809999990276992,29.846113438265736,True,True
2026-09-17T06:50:56.669956+00:00,3.2356419999996433,97,324.0000000000001,240.0,324.0,240.0,324.0,240.0,1.1368683772161603e-13,TRACKING,0.6999999999999994,0.0,1.7948000022443011,29.973054226686482,True,True
2026-09-17T06:50:56.704553+00:00,3.270238099998096,98,324.0000000000001,240.0,324.0,240.0,324.0,240.0,1.1368683772161603e-13,TRACKING,0.7249999999999994,0.0,3.3094999962486327,28.904992182492382,True,True
2026-09-17T06:50:56.737868+00:00,3.303559400010272,99,324.0000000000001,240.0,324.0,240.0,324.0,240.0,1.1368683772161603e-13,TRACKING,0.7499999999999994,0.0,3.019199997652322,30.01083390007564,True,True
2026-09-17T06:50:56.769661+00:00,3.3353550000028918,100,324.0000000000001,240.0,324.0,240.0,324.0,240.0,1.1368683772161603e-13,TRACKING,0.7749999999999995,0.0,1.8025000026682392,31.45089258363148,True,True
2026-09-17T06:50:56.802712+00:00,3.368402599997353,101,324.0000000000001,240.0,324.0,240.0,324.0,240.0,1.1368683772161603e-13,TRACKING,0.7999999999999995,0.0,1.611499988939613,30.25938343987476,True,True
2026-09-17T06:50:56.836685+00:00,3.402372299999115,102,324.0000000000001,240.0,324.0,240.0,324.0,240.0,1.1368683772161603e-13,TRACKING,0.8249999999999995,0.0,2.1733000030508265,29.437999156546066,True,True
2026-09-17T06:50:56.871321+00:00,3.4370093000034103,103,324.0000000000001,240.0,324.0,240.0,324.0,240.0,1.1368683772161603e-13,TRACKING,0.8499999999999995,0.0,3.1260999967344105,28.870860636775475,True,True
2026-09-17T06:50:56.905036+00:00,3.4707259999995586,104,324.0000000000001,240.0,324.0,240.0,324.0,240.0,1.1368683772161603e-13,TRACKING,0.8749999999999996,0.0,3.6334000033093616,29.658893074181016,True,True
2026-09-17T06:50:56.936450+00:00,3.5021371000038926,105,324.00000000000006,240.0,324.0,240.0,324.0,240.0,5.684341886080802e-14,TRACKING,0.8999999999999996,0.0,1.5695000038249418,31.835879668716576,True,True
2026-09-17T06:50:56.969539+00:00,3.5352284999971744,106,324.00000000000006,240.0,324.0,240.0,324.0,240.0,5.684341886080802e-14,TRACKING,0.9249999999999996,0.0,1.7260999884456396,30.219331917145215,True,True
2026-09-17T06:50:57.003534+00:00,3.5692243000085,107,324.00000000000006,240.0,324.0,240.0,324.0,240.0,5.684341886080802e-14,TRACKING,0.9499999999999996,0.0,1.915999993798323,29.415398362940486,True,True
2026-09-17T06:50:57.037243+00:00,3.6029353000049014,108,324.00000000000006,240.0,324.0,240.0,324.0,240.0,5.684341886080802e-14,TRACKING,0.9749999999999996,0.0,2.691500005312264,29.663907926396412,True,True
2026-09-17T06:50:57.070182+00:00,3.635874600004172,109,324.00000000000006,240.0,324.0,240.0,324.0,240.0,5.684341886080802e-14,TRACKING,0.9999999999999997,0.0,2.064800006337464,30.35887222928672,True,True
2026-09-17T06:50:57.103707+00:00,3.6693980999989435,110,324.00000000000006,240.0,324.0,240.0,324.0,240.0,5.684341886080802e-14,TRACKING,1.0249999999999997,0.0,2.281499997479841,29.82982087657803,True,True
2026-09-17T06:50:57.136383+00:00,3.702073399996152,111,324.00000000000006,240.0,324.0,240.0,324.0,240.0,5.684341886080802e-14,TRACKING,1.0499999999999996,0.0,1.4836000045761466,30.604156659171522,True,True
2026-09-17T06:50:57.170063+00:00,3.7357556000060868,112,324.00000000000006,240.0,324.0,240.0,324.0,240.0,5.684341886080802e-14,TRACKING,1.0749999999999995,0.0,1.9049000111408532,29.689272069670295,True,True
2026-09-17T06:50:57.203851+00:00,3.7695379000069806,113,324.0000000000001,240.0,324.0,240.0,324.0,240.0,1.1368683772161603e-13,TRACKING,1.0999999999999994,0.0,2.5947999965865165,29.60130008831666,True,True
2026-09-17T06:50:57.238192+00:00,3.8038817000051495,114,324.0000000000001,240.0,324.0,240.0,324.0,240.0,1.1368683772161603e-13,TRACKING,1.1249999999999993,0.0,3.2706999918445945,29.117337046375727,True,True
2026-09-17T06:50:57.270180+00:00,3.8358748000027845,115,324.0000000000001,240.0,324.0,240.0,324.0,240.0,1.1368683772161603e-13,TRACKING,1.1499999999999992,0.0,2.24539999908302,31.25673973681582,True,True
2026-09-17T06:50:57.303062+00:00,3.868754800001625,116,324.0000000000001,240.0,324.0,240.0,324.0,240.0,1.1368683772161603e-13,TRACKING,1.1749999999999992,0.0,1.6568999999435619,30.413625305208775,True,True
2026-09-17T06:50:57.336335+00:00,3.9020271000044886,117,324.0000000000001,240.0,324.0,240.0,324.0,240.0,1.1368683772161603e-13,TRACKING,1.199999999999999,0.0,1.6996000049402937,30.055030758737253,True,True
2026-09-17T06:50:57.370488+00:00,3.936175800001365,118,324.0000000000001,240.0,324.0,240.0,324.0,240.0,1.1368683772161603e-13,TRACKING,1.224999999999999,0.0,2.5991000002250075,29.28369162197878,True,True
2026-09-17T06:50:57.403642+00:00,3.969333600005484,119,324.00000000000017,240.0,324.0,240.0,324.0,240.0,1.7053025658242404e-13,TRACKING,1.249999999999999,0.0,2.0991000055801123,30.158816323030305,True,True
2026-09-17T06:50:57.436554+00:00,4.002243900002213,120,324.00000000000017,240.0,324.0,240.0,324.0,240.0,1.7053025658242404e-13,TRACKING,1.2749999999999988,0.0,1.7262000037590042,30.385623956615134,True,True
2026-09-17T06:50:57.469686+00:00,4.035373899998376,121,324.0000000000002,240.0,324.0,240.0,324.0,240.0,2.2737367544323206e-13,TRACKING,1.2999999999999987,0.0,1.4896999928168952,30.18412315471832,True,True
2026-09-17T06:50:57.503526+00:00,4.069220100005623,122,324.0000000000002,240.0,324.0,240.0,324.0,240.0,2.2737367544323206e-13,TRACKING,1.3249999999999986,0.0,1.9590000010794029,29.54541424992732,True,True
2026-09-17T06:50:57.537303+00:00,4.102986199999577,123,324.0000000000002,240.0,324.0,240.0,324.0,240.0,2.2737367544323206e-13,TRACKING,1.3499999999999985,0.0,2.42100001196377,29.615501943637053,True,True
2026-09-17T06:50:57.570921+00:00,4.1366121000028215,124,324.0000000000002,240.0,324.0,240.0,324.0,240.0,2.2737367544323206e-13,TRACKING,1.3749999999999984,0.0,2.8048000094713643,29.73898096120912,True,True
2026-09-17T06:50:57.603262+00:00,4.168946100005996,125,324.0000000000002,240.0,324.0,240.0,324.0,240.0,2.2737367544323206e-13,TRACKING,1.3999999999999984,0.0,1.941499998793006,30.927197374336917,True,True
2026-09-17T06:50:57.635883+00:00,4.2015772000013385,126,324.0000000000002,240.0,324.0,240.0,324.0,240.0,2.2737367544323206e-13,TRACKING,1.4249999999999983,0.0,1.4632000093115494,30.645611093182413,True,True
2026-09-17T06:50:57.670034+00:00,4.235724300000584,127,324.0000000000003,240.0,324.0,240.0,324.0,240.0,2.8421709430404007e-13,TRACKING,1.4499999999999982,0.0,1.823099999455735,29.28506373958851,True,True
2026-09-17T06:50:57.703736+00:00,4.269423100005952,128,324.0000000000003,240.0,324.0,240.0,324.0,240.0,2.8421709430404007e-13,TRACKING,1.474999999999998,0.0,2.500700007658452,29.674647163718227,True,True
2026-09-17T06:50:57.737050+00:00,4.302740099999937,129,324.00000000000034,240.0,324.0,240.0,324.0,240.0,3.410605131648481e-13,TRACKING,1.499999999999998,0.0,2.3496999929193407,30.014707211949542,True,True
2026-09-17T06:50:57.770219+00:00,4.335912900001858,130,324.00000000000034,240.0,324.0,240.0,324.0,240.0,3.410605131648481e-13,TRACKING,1.524999999999998,0.0,2.216900000348687,30.145179181199268,True,True
2026-09-17T06:50:57.803044+00:00,4.368734900010168,131,324.00000000000034,240.0,324.0,240.0,324.0,240.0,3.410605131648481e-13,TRACKING,1.5499999999999978,0.0,1.617599991732277,30.46736943960876,True,True
2026-09-17T06:50:57.836004+00:00,4.401698900008341,132,324.00000000000034,240.0,324.0,240.0,324.0,240.0,3.410605131648481e-13,TRACKING,1.5749999999999977,0.0,1.4931999903637916,30.336124258445686,True,True
2026-09-17T06:50:57.870171+00:00,4.43586189999769,133,324.00000000000034,240.0,324.0,240.0,324.0,240.0,3.410605131648481e-13,TRACKING,1.5999999999999976,0.0,2.175300003727898,29.271434016678445,True,True
2026-09-17T06:50:57.903688+00:00,4.469379000001936,134,324.00000000000034,240.0,324.0,240.0,324.0,240.0,3.410605131648481e-13,TRACKING,1.6249999999999976,0.0,2.351500006625429,29.83551679212416,True,True
2026-09-17T06:50:57.937025+00:00,4.5027093999960925,135,324.0000000000004,240.0,324.0,240.0,324.0,240.0,3.979039320256561e-13,TRACKING,1.6499999999999975,0.0,2.1987999934935942,30.00264023760068,True,True
2026-09-17T06:50:57.969565+00:00,4.535257499999716,136,324.0000000000004,240.0,324.0,240.0,324.0,240.0,3.979039320256561e-13,TRACKING,1.6749999999999974,0.0,1.6518000047653913,30.723759601595038,True,True
2026-09-17T06:50:58.003220+00:00,4.568912100003217,137,324.0000000000004,240.0,324.0,240.0,324.0,240.0,3.979039320256561e-13,TRACKING,1.6999999999999973,0.0,1.8379000102868304,29.713620126103436,True,True
2026-09-17T06:50:58.036928+00:00,4.602616500007571,138,324.00000000000045,240.0,324.0,240.0,324.0,240.0,4.547473508864641e-13,TRACKING,1.7249999999999972,0.0,2.065499997115694,29.669716709712578,True,True
2026-09-17T06:50:58.071035+00:00,4.636726700002328,139,324.00000000000045,240.0,324.0,240.0,324.0,240.0,4.547473508864641e-13,TRACKING,1.7499999999999971,0.0,2.814600011333823,29.316743969654603,True,True
2026-09-17T06:50:58.103480+00:00,4.66917029999604,140,324.00000000000045,240.0,324.0,240.0,324.0,240.0,4.547473508864641e-13,TRACKING,1.774999999999997,0.0,2.245499999844469,30.822720049371988,True,True
2026-09-17T06:50:58.136280+00:00,4.70197019999614,141,324.00000000000045,240.0,324.0,240.0,324.0,240.0,4.547473508864641e-13,TRACKING,1.799999999999997,0.0,1.7133999936049804,30.487897828863822,True,True
2026-09-17T06:50:58.169344+00:00,4.735036400001263,142,324.0000000000005,240.0,324.0,240.0,324.0,240.0,5.115907697472721e-13,TRACKING,1.8249999999999968,0.0,1.437900005839765,30.242362286717448,True,True
2026-09-17T06:50:58.203706+00:00,4.769385599996895,143,316.0000000000005,240.0,316.0,240.0,317.0,240.0,0.9999999999994884,TRACKING,1.8062499999999968,0.0,2.3089000023901463,29.11275954395396,True,True
2026-09-17T06:50:58.237507+00:00,4.803197300003376,144,315.0000000000005,240.0,315.0,240.0,314.0,240.0,1.0000000000005116,TRACKING,1.7687499999999967,0.0,2.9537000082200393,29.575561116664147,True,True
2026-09-17T06:50:58.269548+00:00,4.835237999999663,145,317.0000000000005,240.0,317.0,240.0,316.0,240.0,1.0000000000005116,TRACKING,1.7437499999999968,0.0,1.4969000039855018,31.21030439771552,True,True
2026-09-17T06:50:58.303266+00:00,4.868959800005541,146,317.0000000000005,240.0,317.0,240.0,317.0,240.0,5.115907697472721e-13,TRACKING,1.7249999999999968,0.0,1.791399990906939,29.654407529422564,True,True
2026-09-17T06:50:58.336337+00:00,4.90203160000965,147,316.0000000000005,240.0,316.0,240.0,316.0,240.0,5.115907697472721e-13,TRACKING,1.6999999999999968,0.0,1.7718000017339364,30.237241392236314,True,True
2026-09-17T06:50:58.370687+00:00,4.936379599996144,148,316.0000000000005,240.0,316.0,240.0,316.0,240.0,5.115907697472721e-13,TRACKING,1.674999999999997,0.0,2.445699996314943,29.113776650553508,True,True
2026-09-17T06:50:58.403265+00:00,4.968953999996302,149,316.0000000000005,240.0,316.0,240.0,316.0,240.0,5.115907697472721e-13,TRACKING,1.649999999999997,0.0,2.0292999979574233,30.698953779506507,True,True
2026-09-17T06:50:58.436221+00:00,5.001915700006066,150,316.00000000000045,240.0,316.0,240.0,316.0,240.0,4.547473508864641e-13,TRACKING,1.6249999999999971,0.0,1.4611999940825626,30.338241040473402,True,True
2026-09-17T06:50:58.469597+00:00,5.035284199999296,151,316.00000000000045,240.0,316.0,240.0,316.0,240.0,4.547473508864641e-13,TRACKING,1.5999999999999972,0.0,1.6364999901270494,29.968383361639855,True,True
2026-09-17T06:50:58.504203+00:00,5.069885799995973,152,316.00000000000045,240.0,316.0,240.0,316.0,240.0,4.547473508864641e-13,TRACKING,1.5749999999999973,0.0,3.064999997150153,28.90039767224769,True,True
2026-09-17T06:50:58.538608+00:00,5.104297300000326,153,316.00000000000045,240.0,316.0,240.0,316.0,240.0,4.547473508864641e-13,TRACKING,1.5499999999999974,0.0,3.968899996834807,29.06005259501915,True,True
2026-09-17T06:50:58.589852+00:00,5.155539800005499,154,316.00000000000045,240.0,316.0,240.0,316.0,240.0,4.547473508864641e-13,TRACKING,1.5249999999999975,0.0,22.002099998644553,19.515050981100433,True,True
2026-09-17T06:50:58.607439+00:00,5.173127700007171,155,316.0000000000004,240.0,316.0,240.0,316.0,240.0,3.979039320256561e-13,TRACKING,1.4999999999999976,0.0,4.905500012682751,56.857271186720936,True,True
2026-09-17T06:50:58.637405+00:00,5.203092099996866,156,316.0000000000004,240.0,316.0,240.0,316.0,240.0,3.979039320256561e-13,TRACKING,1.4749999999999976,0.0,2.7104000037070364,33.37293589539352,True,True
2026-09-17T06:50:58.670601+00:00,5.236292100002174,157,316.00000000000034,240.0,316.0,240.0,316.0,240.0,3.410605131648481e-13,TRACKING,1.4499999999999977,0.0,2.5968999980250373,30.120481922894708,True,True
2026-09-17T06:50:58.703921+00:00,5.26961270000902,158,316.00000000000034,240.0,316.0,240.0,316.0,240.0,3.410605131648481e-13,TRACKING,1.4249999999999978,0.0,2.640499995322898,30.011464373227017,True,True
2026-09-17T06:50:58.737313+00:00,5.303004300003522,159,316.00000000000034,240.0,316.0,240.0,316.0,240.0,3.410605131648481e-13,TRACKING,1.399999999999998,0.0,2.685700004803948,29.947651510099885,True,True
2026-09-17T06:50:58.769669+00:00,5.335354599999846,160,316.00000000000034,240.0,316.0,240.0,316.0,240.0,3.410605131648481e-13,TRACKING,1.374999999999998,0.0,1.7984000005526468,30.91161442439899,True,True
2026-09-17T06:50:58.803030+00:00,5.36872100000619,161,316.00000000000034,240.0,316.0,240.0,316.0,240.0,3.410605131648481e-13,TRACKING,1.349999999999998,0.0,1.9604000117396936,29.97026948696534,True,True
2026-09-17T06:50:58.836370+00:00,5.402060899999924,162,316.00000000000034,240.0,316.0,240.0,316.0,240.0,3.410605131648481e-13,TRACKING,1.3249999999999982,0.0,1.887099992018193,29.99409116967747,True,True
2026-09-17T06:50:58.870242+00:00,5.435928300008527,163,316.0000000000003,240.0,316.0,240.0,316.0,240.0,2.8421709430404007e-13,TRACKING,1.2999999999999983,0.0,2.2664999996777624,29.52691968518339,True,True
2026-09-17T06:50:58.903986+00:00,5.4696757000056095,164,316.0000000000003,240.0,316.0,240.0,316.0,240.0,2.8421709430404007e-13,TRACKING,1.2749999999999984,0.0,2.674699993804097,29.63191238692314,True,True
2026-09-17T06:50:58.936769+00:00,5.5024601000041,165,316.0000000000002,240.0,316.0,240.0,316.0,240.0,2.2737367544323206e-13,TRACKING,1.2499999999999984,0.0,2.0118000102229416,30.502312076659546,True,True
2026-09-17T06:50:58.970268+00:00,5.535934600004111,166,316.0000000000002,240.0,316.0,240.0,316.0,240.0,2.2737367544323206e-13,TRACKING,1.2249999999999985,0.0,2.177400005166419,29.87348578767916,True,True
2026-09-17T06:50:59.002920+00:00,5.5686035999970045,167,316.0000000000002,240.0,316.0,240.0,316.0,240.0,2.2737367544323206e-13,TRACKING,1.1999999999999986,0.0,1.793200004613027,30.610058471870683,True,True
2026-09-17T06:50:59.036599+00:00,5.602291500006686,168,316.0000000000002,240.0,316.0,240.0,316.0,240.0,2.2737367544323206e-13,TRACKING,1.1749999999999987,0.0,2.194399989093654,29.684248638609496,True,True
2026-09-17T06:50:59.070895+00:00,5.636585100000957,169,316.0000000000002,240.0,316.0,240.0,316.0,240.0,2.2737367544323206e-13,TRACKING,1.1499999999999988,0.0,2.9033999890089035,29.159959880766547,True,True
2026-09-17T06:50:59.103536+00:00,5.669227799997316,170,316.0000000000002,240.0,316.0,240.0,316.0,240.0,2.2737367544323206e-13,TRACKING,1.124999999999999,0.0,2.39799999690149,30.634720783254746,True,True
2026-09-17T06:50:59.136394+00:00,5.702079900001991,171,316.00000000000017,240.0,316.0,240.0,316.0,240.0,1.7053025658242404e-13,TRACKING,1.099999999999999,0.0,1.7567000031704083,30.43945439888773,True,True
2026-09-17T06:50:59.170519+00:00,5.736206000001403,172,316.00000000000017,240.0,316.0,240.0,316.0,240.0,1.7053025658242404e-13,TRACKING,1.074999999999999,0.0,2.403300008154474,29.30308473623506,True,True
2026-09-17T06:50:59.203981+00:00,5.76966910000192,173,316.0000000000001,240.0,316.0,240.0,316.0,240.0,1.1368683772161603e-13,TRACKING,1.0499999999999992,0.0,2.6683000032790005,29.883662899866927,True,True
2026-09-17T06:50:59.236996+00:00,5.802687900009914,174,316.0000000000001,240.0,316.0,240.0,316.0,240.0,1.1368683772161603e-13,TRACKING,1.0249999999999992,0.0,2.426399994874373,30.28577658055068,True,True
2026-09-17T06:50:59.269948+00:00,5.835636200004956,175,316.0000000000001,240.0,316.0,240.0,316.0,240.0,1.1368683772161603e-13,TRACKING,0.9999999999999992,0.0,1.990700009628199,30.350579548884003,True,True
2026-09-17T06:50:59.302655+00:00,5.868348899995908,176,316.0000000000001,240.0,316.0,240.0,316.0,240.0,1.1368683772161603e-13,TRACKING,0.9749999999999992,0.0,1.6096999897854403,30.569167334905952,True,True
2026-09-17T06:50:59.336701+00:00,5.902392999996664,177,316.0000000000001,240.0,316.0,240.0,316.0,240.0,1.1368683772161603e-13,TRACKING,0.9499999999999992,0.0,2.1819999965373427,29.373665333429216,True,True
2026-09-17T06:50:59.370785+00:00,5.936474900008761,178,316.0000000000001,240.0,316.0,240.0,316.0,240.0,1.1368683772161603e-13,TRACKING,0.9249999999999992,0.0,2.6439999928697944,29.341087194230703,True,True
2026-09-17T06:50:59.403759+00:00,5.969452100005583,179,316.0000000000001,240.0,316.0,240.0,316.0,240.0,1.1368683772161603e-13,TRACKING,0.8999999999999991,0.0,2.2967000113567337,30.323981420386882,True,True
2026-09-17T06:50:59.436640+00:00,6.002326700006961,180,316.0000000000001,240.0,316.0,240.0,316.0,240.0,1.1368683772161603e-13,TRACKING,0.8749999999999991,0.0,1.8813000060617924,30.41862106179493,True,True
2026-09-17T06:50:59.470139+00:00,6.0358253000013065,181,316.0000000000001,240.0,316.0,240.0,316.0,240.0,1.1368683772161603e-13,TRACKING,0.8499999999999991,0.0,1.941800001077354,29.85199381970578,True,True
2026-09-17T06:50:59.503609+00:00,6.069301099996665,182,316.0000000000001,240.0,316.0,240.0,316.0,240.0,1.1368683772161603e-13,TRACKING,0.8249999999999991,0.0,1.9212999904993922,29.872325684185718,True,True
2026-09-17T06:50:59.537001+00:00,6.102690800005803,183,316.0000000000001,240.0,316.0,240.0,316.0,240.0,1.1368683772161603e-13,TRACKING,0.799999999999999,0.0,2.3864000104367733,29.94935563141667,True,True
2026-09-17T06:50:59.571217+00:00,6.136908700005733,184,316.00000000000017,240.0,316.0,240.0,316.0,240.0,1.7053025658242404e-13,TRACKING,0.774999999999999,0.0,2.8849000082118437,29.22447023347518,True,True
2026-09-17T06:50:59.603458+00:00,6.169149900000775,185,316.00000000000017,240.0,316.0,240.0,316.0,240.0,1.7053025658242404e-13,TRACKING,0.749999999999999,0.0,2.253099999506958,31.01621528211679,True,True
2026-09-17T06:50:59.636506+00:00,6.2021914000069955,186,316.00000000000017,240.0,316.0,240.0,316.0,240.0,1.7053025658242404e-13,TRACKING,0.724999999999999,0.0,1.8099999870173633,30.26496980499501,True,True
2026-09-17T06:50:59.669949+00:00,6.2356405000027735,187,316.00000000000017,240.0,316.0,240.0,316.0,240.0,1.7053025658242404e-13,TRACKING,0.699999999999999,0.0,1.7170999926747754,29.896170603281504,True,True
2026-09-17T06:50:59.703997+00:00,6.269678299999214,188,316.00000000000017,240.0,316.0,240.0,316.0,240.0,1.7053025658242404e-13,TRACKING,0.6749999999999989,0.0,2.5741999997990206,29.379102060197216,True,True
2026-09-17T06:50:59.736702+00:00,6.302388800002518,189,316.00000000000017,240.0,316.0,240.0,316.0,240.0,1.7053025658242404e-13,TRACKING,0.6499999999999989,0.0,2.1812999912071973,30.57122330441242,True,True
2026-09-17T06:50:59.770860+00:00,6.336543600002187,190,316.00000000000017,240.0,316.0,240.0,316.0,240.0,1.7053025658242404e-13,TRACKING,0.6249999999999989,0.0,2.9270999948494136,29.278461592797658,True,True
2026-09-17T06:50:59.803034+00:00,6.368720400001621,191,316.00000000000017,240.0,316.0,240.0,316.0,240.0,1.7053025658242404e-13,TRACKING,0.5999999999999989,0.0,1.763399995979853,31.078292434847583,True,True
2026-09-17T06:50:59.836804+00:00,6.402495900008944,192,316.00000000000017,240.0,316.0,240.0,316.0,240.0,1.7053025658242404e-13,TRACKING,0.5749999999999988,0.0,2.05719999212306,29.607259693659202,True,True
2026-09-17T06:50:59.870128+00:00,6.435821500010206,193,316.00000000000017,240.0,316.0,240.0,316.0,240.0,1.7053025658242404e-13,TRACKING,0.5499999999999988,0.0,2.185499994084239,30.006961613957923,True,True
2026-09-17T06:50:59.904297+00:00,6.469986600000993,194,316.00000000000017,240.0,316.0,240.0,316.0,240.0,1.7053025658242404e-13,TRACKING,0.5249999999999988,0.0,2.8282999992370605,29.26963481065946,True,True
2026-09-17T06:50:59.936697+00:00,6.502389100001892,195,316.0000000000002,240.0,316.0,240.0,316.0,240.0,2.2737367544323206e-13,TRACKING,0.4999999999999988,0.0,1.8307999998796731,30.86181621702843,True,True
2026-09-17T06:50:59.969873+00:00,6.53556460000982,196,316.0000000000002,240.0,316.0,240.0,316.0,240.0,2.2737367544323206e-13,TRACKING,0.47499999999999876,0.0,1.6876999870873988,30.142725799491128,True,True
2026-09-17T06:51:00.004218+00:00,6.569905900003505,197,316.0000000000002,240.0,316.0,240.0,316.0,240.0,2.2737367544323206e-13,TRACKING,0.44999999999999873,0.0,2.6636999973561615,29.11945675277009,True,True
2026-09-17T06:51:00.036155+00:00,6.601847500001895,198,316.0000000000002,240.0,316.0,240.0,316.0,240.0,2.2737367544323206e-13,TRACKING,0.4249999999999987,0.0,1.7246999923372641,31.307135523905973,True,True
2026-09-17T06:51:00.070387+00:00,6.636080700001912,199,316.0000000000002,240.0,316.0,240.0,316.0,240.0,2.2737367544323206e-13,TRACKING,0.3999999999999987,0.0,2.330700008315034,29.21140880780952,True,True
2026-09-17T06:51:00.102812+00:00,6.668501599997398,200,316.0000000000002,240.0,316.0,240.0,316.0,240.0,2.2737367544323206e-13,TRACKING,0.37499999999999867,0.0,1.6905999946175143,30.844301057010245,True,True
2026-09-17T06:51:00.136596+00:00,6.702282500002184,201,316.0000000000002,240.0,316.0,240.0,316.0,240.0,2.2737367544323206e-13,TRACKING,0.34999999999999865,0.0,1.9542000081855804,29.60252686750018,True,True
2026-09-17T06:51:00.170614+00:00,6.736305900005391,202,316.0000000000002,240.0,316.0,240.0,316.0,240.0,2.2737367544323206e-13,TRACKING,0.3249999999999986,0.0,2.537100008339621,29.39153641040413,True,True
2026-09-17T06:51:00.204142+00:00,6.769833300000755,203,316.0000000000002,240.0,316.0,240.0,316.0,240.0,2.2737367544323206e-13,TRACKING,0.2999999999999986,0.0,2.9113999917171896,29.82635098869186,True,True
2026-09-17T06:51:00.236680+00:00,6.802372000005562,204,316.0000000000002,240.0,316.0,240.0,316.0,240.0,2.2737367544323206e-13,TRACKING,0.2749999999999986,0.0,2.060300001176074,30.732635288203774,True,True
2026-09-17T06:51:00.270190+00:00,6.8358789000049,205,316.0000000000002,240.0,316.0,240.0,316.0,240.0,2.2737367544323206e-13,TRACKING,0.24999999999999858,0.0,2.253099999506958,29.84459917270028,True,True
2026-09-17T06:51:00.303353+00:00,6.869045200000983,206,316.0000000000002,240.0,316.0,240.0,316.0,240.0,2.2737367544323206e-13,TRACKING,0.2249999999999986,0.0,1.9796999986283481,30.151087101006496,True,True
2026-09-17T06:51:00.337194+00:00,6.902887600008398,207,316.0000000000002,240.0,316.0,240.0,316.0,240.0,2.2737367544323206e-13,TRACKING,0.1999999999999986,0.0,2.3052000033203512,29.548731761957768,True,True
2026-09-17T06:51:00.370363+00:00,6.936054699996021,208,316.0000000000002,240.0,316.0,240.0,316.0,240.0,2.2737367544323206e-13,TRACKING,0.1749999999999986,0.0,2.157499999157153,30.150359855796577,True,True
2026-09-17T06:51:00.404241+00:00,6.96993150000344,209,316.0000000000002,240.0,316.0,240.0,316.0,240.0,2.2737367544323206e-13,TRACKING,0.1499999999999986,0.0,3.1374000100186095,29.518726673740762,True,True
2026-09-17T06:51:00.436543+00:00,7.0022325000027195,210,316.0000000000002,240.0,316.0,240.0,316.0,240.0,2.2737367544323206e-13,TRACKING,0.12499999999999861,0.0,2.0041999960085377,30.958793846082674,True,True
2026-09-17T06:51:00.469942+00:00,7.035628900004667,211,316.0000000000002,240.0,316.0,240.0,316.0,240.0,2.2737367544323206e-13,TRACKING,0.09999999999999862,0.0,1.938400004291907,29.94334718537559,True,True
2026-09-17T06:51:00.502887+00:00,7.068580400009523,212,316.0000000000002,240.0,316.0,240.0,316.0,240.0,2.2737367544323206e-13,TRACKING,0.07499999999999862,0.0,1.6207000007852912,30.347632121531174,True,True
2026-09-17T06:51:00.537171+00:00,7.102850099996431,213,316.0000000000002,240.0,316.0,240.0,316.0,240.0,2.2737367544323206e-13,TRACKING,0.04999999999999862,0.0,2.403800011961721,29.180296307876596,True,True
2026-09-17T06:51:00.571052+00:00,7.13673430000199,214,316.0000000000002,240.0,316.0,240.0,316.0,240.0,2.2737367544323206e-13,TRACKING,0.02499999999999862,0.0,3.1589999998686835,29.512280054890887,True,True
2026-09-17T06:51:00.603845+00:00,7.169535299995914,215,316.0000000000002,240.0,316.0,240.0,316.0,240.0,2.2737367544323206e-13,TRACKING,-1.3808398868775384e-15,0.0,2.42759998945985,30.486875405787526,True,True
2026-09-17T06:51:00.636666+00:00,7.202357900008792,216,316.0000000000002,240.0,316.0,240.0,316.0,240.0,2.2737367544323206e-13,TRACKING,-0.025000000000001382,0.0,1.9305000023450702,30.466812489188843,True,True
2026-09-17T06:51:00.669429+00:00,7.235123799997382,217,316.0000000000002,240.0,316.0,240.0,316.0,240.0,2.2737367544323206e-13,TRACKING,-0.050000000000001384,0.0,1.3713999942410737,30.519534038382396,True,True
2026-09-17T06:51:00.703845+00:00,7.269537900006981,218,316.0000000000002,240.0,316.0,240.0,316.0,240.0,2.2737367544323206e-13,TRACKING,-0.07500000000000139,0.0,2.1853999933227897,29.05785709116555,True,True
2026-09-17T06:51:00.737365+00:00,7.303056300006574,219,316.0000000000002,240.0,316.0,240.0,316.0,240.0,2.2737367544323206e-13,TRACKING,-0.1000000000000014,0.0,2.485400007572025,29.83435963566671,True,True
2026-09-17T06:51:00.770234+00:00,7.335922800004482,220,316.0000000000002,240.0,316.0,240.0,316.0,240.0,2.2737367544323206e-13,TRACKING,-0.1250000000000014,0.0,2.387899992754683,30.42611778143836,True,True
2026-09-17T06:51:00.803660+00:00,7.369349700005841,221,316.0000000000002,240.0,316.0,240.0,316.0,240.0,2.2737367544323206e-13,TRACKING,-0.15000000000000138,0.0,2.4699000059626997,29.91602571459929,True,True
2026-09-17T06:51:00.836407+00:00,7.402100999999675,222,316.0000000000002,240.0,316.0,240.0,316.0,240.0,2.2737367544323206e-13,TRACKING,-0.17500000000000138,0.0,1.7402999947080389,30.533139148317222,True,True
2026-09-17T06:51:00.870376+00:00,7.436063900007866,223,316.0000000000002,240.0,316.0,240.0,316.0,240.0,2.2737367544323206e-13,TRACKING,-0.20000000000000137,0.0,2.5110000133281574,29.44389318223163,True,True
2026-09-17T06:51:00.904001+00:00,7.469694900006289,224,316.0000000000002,240.0,316.0,240.0,316.0,240.0,2.2737367544323206e-13,TRACKING,-0.22500000000000137,0.0,2.5117999903159216,29.734471173825067,True,True
2026-09-17T06:51:00.936444+00:00,7.502136099996278,225,316.0000000000002,240.0,316.0,240.0,316.0,240.0,2.2737367544323206e-13,TRACKING,-0.2500000000000014,0.0,1.843099991674535,30.82500031776188,True,True
2026-09-17T06:51:00.969572+00:00,7.535264699996333,226,316.0000000000002,240.0,316.0,240.0,316.0,240.0,2.2737367544323206e-13,TRACKING,-0.2750000000000014,0.0,1.8132999975932762,30.185398718881952,True,True
2026-09-17T06:51:01.002940+00:00,7.568634499999462,227,316.0000000000002,240.0,316.0,240.0,316.0,240.0,2.2737367544323206e-13,TRACKING,-0.30000000000000143,0.0,1.5888000052655116,29.967215863032767,True,True
2026-09-17T06:51:01.037906+00:00,7.603597200009972,228,316.0000000000002,240.0,316.0,240.0,316.0,240.0,2.2737367544323206e-13,TRACKING,-0.32500000000000145,0.0,2.4510999937774613,28.601910026954133,True,True
2026-09-17T06:51:01.070714+00:00,7.636404600008973,229,316.0000000000002,240.0,316.0,240.0,316.0,240.0,2.2737367544323206e-13,TRACKING,-0.3500000000000015,0.0,2.867299990612082,30.48092808422638,True,True
2026-09-17T06:51:01.103625+00:00,7.669317400010186,230,316.0000000000002,240.0,316.0,240.0,316.0,240.0,2.2737367544323206e-13,TRACKING,-0.3750000000000015,0.0,2.2508999973069876,30.383315912445465,True,True
2026-09-17T06:51:01.136697+00:00,7.702388699995936,231,316.0000000000002,240.0,316.0,240.0,316.0,240.0,2.2737367544323206e-13,TRACKING,-0.4000000000000015,0.0,1.8774999916786328,30.23769856131745,True,True
2026-09-17T06:51:01.169953+00:00,7.735644500004128,232,316.0000000000002,240.0,316.0,240.0,316.0,240.0,2.2737367544323206e-13,TRACKING,-0.42500000000000154,0.0,1.7727000085869804,30.069942679282267,True,True
2026-09-17T06:51:01.203658+00:00,7.769346400003997,233,316.0000000000002,240.0,316.0,240.0,316.0,240.0,2.2737367544323206e-13,TRACKING,-0.45000000000000157,0.0,2.4616000009700656,29.671917607134475,True,True
2026-09-17T06:51:01.237207+00:00,7.802899900008924,234,316.0000000000002,240.0,316.0,240.0,316.0,240.0,2.2737367544323206e-13,TRACKING,-0.4750000000000016,0.0,2.422699995804578,29.803150188598543,True,True
2026-09-17T06:51:01.270632+00:00,7.836315399996238,235,316.0000000000002,240.0,316.0,240.0,316.0,240.0,2.2737367544323206e-13,TRACKING,-0.5000000000000016,0.0,2.385700005106628,29.926231849879798,True,True
2026-09-17T06:51:01.303219+00:00,7.8689105000084965,236,316.0000000000002,240.0,316.0,240.0,316.0,240.0,2.2737367544323206e-13,TRACKING,-0.5250000000000016,0.0,1.9302000000607222,30.679457943798667,True,True
2026-09-17T06:51:01.336353+00:00,7.902045700000599,237,316.0000000000002,240.0,316.0,240.0,316.0,240.0,2.2737367544323206e-13,TRACKING,-0.5500000000000016,0.0,1.9574000034481287,30.179386279193714,True,True
2026-09-17T06:51:01.371107+00:00,7.93680029999814,238,316.0000000000002,240.0,316.0,240.0,316.0,240.0,2.2737367544323206e-13,TRACKING,-0.5750000000000016,0.0,3.0073999951127917,28.773169596852075,True,True
2026-09-17T06:51:01.404083+00:00,7.969771600008244,239,316.0000000000002,240.0,316.0,240.0,316.0,240.0,2.2737367544323206e-13,TRACKING,-0.6000000000000016,0.0,2.9608000040752813,30.329407687702936,True,True
2026-09-17T06:51:01.436448+00:00,8.002139600008377,240,316.0000000000002,240.0,316.0,240.0,316.0,240.0,2.2737367544323206e-13,TRACKING,-0.6250000000000017,0.0,2.0357999892439693,30.894710825379555,True,True
2026-09-17T06:51:01.469513+00:00,8.035197999997763,241,316.0000000000003,240.0,316.0,240.0,316.0,240.0,2.8421709430404007e-13,TRACKING,-0.6500000000000017,0.0,1.561299999593757,30.24949786804762,True,True
2026-09-17T06:51:01.503030+00:00,8.068540499996743,242,316.0000000000003,240.0,316.0,240.0,316.0,240.0,2.8421709430404007e-13,TRACKING,-0.6750000000000017,0.0,1.7035999917425215,29.99175226904358,True,True
2026-09-17T06:51:01.537439+00:00,8.103128400005517,243,316.0000000000003,240.0,316.0,240.0,316.0,240.0,2.8421709430404007e-13,TRACKING,-0.7000000000000017,0.0,2.828099997714162,28.91184488640085,True,True
2026-09-17T06:51:01.570273+00:00,8.135962100001052,244,316.0000000000003,240.0,316.0,240.0,316.0,240.0,2.8421709430404007e-13,TRACKING,-0.7250000000000018,0.0,2.449699997669086,30.45651267252778,True,True
2026-09-17T06:51:01.603396+00:00,8.169082200009143,245,316.0000000000003,240.0,316.0,240.0,316.0,240.0,2.8421709430404007e-13,TRACKING,-0.7500000000000018,0.0,1.9694999937200919,30.193145544720835,True,True
2026-09-17T06:51:01.636605+00:00,8.202296800009208,246,316.0000000000003,240.0,316.0,240.0,316.0,240.0,2.8421709430404007e-13,TRACKING,-0.7750000000000018,0.0,1.8308999860892072,30.10724199593096,True,True
2026-09-17T06:51:01.669559+00:00,8.235250800003996,247,316.0000000000003,240.0,316.0,240.0,316.0,240.0,2.8421709430404007e-13,TRACKING,-0.8000000000000018,0.0,1.7874000041047111,30.34532985853463,True,True
2026-09-17T06:51:01.703527+00:00,8.269217299995944,248,316.0000000000003,240.0,316.0,240.0,316.0,240.0,2.8421709430404007e-13,TRACKING,-0.8250000000000018,0.0,2.360500002396293,29.44077253285041,True,True
2026-09-17T06:51:01.736654+00:00,8.302346800002852,249,316.0000000000003,240.0,316.0,240.0,316.0,240.0,2.8421709430404007e-13,TRACKING,-0.8500000000000019,0.0,2.095900010317564,30.184578692449218,True,True
2026-09-17T06:51:01.769699+00:00,8.335383199999342,250,316.0000000000003,240.0,316.0,240.0,316.0,240.0,2.8421709430404007e-13,TRACKING,-0.8750000000000019,0.0,1.6685000009601936,30.269641973890614,True,True
2026-09-17T06:51:01.803215+00:00,8.368903599999612,251,316.00000000000034,240.0,316.0,240.0,316.0,240.0,3.410605131648481e-13,TRACKING,-0.9000000000000019,0.0,1.6744000022299588,29.832579563248995,True,True
2026-09-17T06:51:01.836398+00:00,8.402088900009403,252,316.00000000000034,240.0,316.0,240.0,316.0,240.0,3.410605131648481e-13,TRACKING,-0.9250000000000019,0.0,1.8009999912464991,30.133824304886968,True,True
2026-09-17T06:51:01.869841+00:00,8.435527200010256,253,316.00000000000034,240.0,316.0,240.0,316.0,240.0,3.410605131648481e-13,TRACKING,-0.950000000000002,0.0,2.0730999967781827,29.905826551424358,True,True
2026-09-17T06:51:01.903501+00:00,8.469189900002675,254,316.00000000000034,240.0,316.0,240.0,316.0,240.0,3.410605131648481e-13,TRACKING,-0.975000000000002,0.0,2.2510999988298863,29.70647037300033,True,True
2026-09-17T06:51:01.937093+00:00,8.502777800007607,255,316.00000000000034,240.0,316.0,240.0,316.0,240.0,3.410605131648481e-13,TRACKING,-1.000000000000002,0.0,2.235600011772476,29.77262644741617,True,True
2026-09-17T06:51:01.969602+00:00,8.535293599998113,256,316.00000000000034,240.0,316.0,240.0,316.0,240.0,3.410605131648481e-13,TRACKING,-1.025000000000002,0.0,1.8090999947162345,30.75427946696633,True,True
2026-09-17T06:51:02.003664+00:00,8.56935269999667,257,316.00000000000034,240.0,316.0,240.0,316.0,240.0,3.410605131648481e-13,TRACKING,-1.0500000000000018,0.0,1.785599990398623,29.360728851976123,True,True
2026-09-17T06:51:02.036931+00:00,8.60262469999725,258,316.0000000000003,240.0,316.0,240.0,316.0,240.0,2.8421709430404007e-13,TRACKING,-1.0750000000000017,0.0,2.238100001704879,30.055301754706345,True,True
2026-09-17T06:51:02.070579+00:00,8.636270200004219,259,316.0000000000003,240.0,316.0,240.0,316.0,240.0,2.8421709430404007e-13,TRACKING,-1.1000000000000016,0.0,2.7582000038819388,29.7216566789873,True,True
2026-09-17T06:51:02.103139+00:00,8.668831300004967,260,316.0000000000002,240.0,316.0,240.0,316.0,240.0,2.2737367544323206e-13,TRACKING,-1.1250000000000016,0.0,1.6503000078955665,30.71149316138015,True,True
2026-09-17T06:51:02.137409+00:00,8.703095799995936,261,316.0000000000002,240.0,316.0,240.0,316.0,240.0,2.2737367544323206e-13,TRACKING,-1.1500000000000015,0.0,2.556400009780191,29.184724722777087,True,True
2026-09-17T06:51:02.169932+00:00,8.735620400009793,262,316.0000000000002,240.0,316.0,240.0,316.0,240.0,2.2737367544323206e-13,TRACKING,-1.1750000000000014,0.0,1.9257999956607819,30.745958430662682,True,True
2026-09-17T06:51:02.203577+00:00,8.76926440000534,263,316.0000000000002,240.0,316.0,240.0,316.0,240.0,2.2737367544323206e-13,TRACKING,-1.2000000000000013,0.0,2.3745000071357936,29.722981813468856,True,True
2026-09-17T06:51:02.237391+00:00,8.803082500002347,264,316.0000000000002,240.0,316.0,240.0,316.0,240.0,2.2737367544323206e-13,TRACKING,-1.2250000000000012,0.0,2.551600002334453,29.569964015971387,True,True
2026-09-17T06:51:02.270419+00:00,8.836100800006534,265,316.0000000000002,240.0,316.0,240.0,316.0,240.0,2.2737367544323206e-13,TRACKING,-1.250000000000001,0.0,2.3856000043451786,30.286235205119294,True,True
2026-09-17T06:51:02.302936+00:00,8.868627800009563,266,316.00000000000017,240.0,316.0,240.0,316.0,240.0,1.7053025658242404e-13,TRACKING,-1.275000000000001,0.0,1.7952999914996326,30.743689854794102,True,True
2026-09-17T06:51:02.335878+00:00,8.901569200010272,267,316.00000000000017,240.0,316.0,240.0,316.0,240.0,1.7053025658242404e-13,TRACKING,-1.300000000000001,0.0,1.4961999986553565,30.356936862989237,True,True
2026-09-17T06:51:02.370419+00:00,8.93610720000288,268,316.0000000000001,240.0,316.0,240.0,316.0,240.0,1.1368683772161603e-13,TRACKING,-1.3250000000000008,0.0,2.5341000000480562,28.95361631287343,True,True
2026-09-17T06:51:02.405002+00:00,8.970692900009453,269,316.0000000000001,240.0,316.0,240.0,316.0,240.0,1.1368683772161603e-13,TRACKING,-1.3500000000000008,0.0,3.4604999964358285,28.913683973721422,True,True
2026-09-17T06:51:02.437317+00:00,9.003001799996127,270,316.0000000000001,240.0,316.0,240.0,316.0,240.0,1.1368683772161603e-13,TRACKING,-1.3750000000000007,0.0,2.52320000436157,30.951223978917685,True,True
2026-09-17T06:51:02.469857+00:00,9.035549599997466,271,316.0000000000001,240.0,316.0,240.0,316.0,240.0,1.1368683772161603e-13,TRACKING,-1.4000000000000006,0.0,1.8291000014869496,30.72404279118278,True,True
2026-09-17T06:51:02.503148+00:00,9.068811200006166,272,316.0000000000001,240.0,316.0,240.0,316.0,240.0,1.1368683772161603e-13,TRACKING,-1.4250000000000005,0.0,1.7096000083256513,30.06469922488503,True,True
2026-09-17T06:51:02.537376+00:00,9.10306710000441,273,316.0000000000001,240.0,316.0,240.0,316.0,240.0,1.1368683772161603e-13,TRACKING,-1.4500000000000004,0.0,2.861000000848435,29.19205158969087,True,True
2026-09-17T06:51:02.570552+00:00,9.136241800006246,274,316.00000000000006,240.0,316.0,240.0,316.0,240.0,5.684341886080802e-14,TRACKING,-1.4750000000000003,0.0,2.213800005847588,30.143452689689248,True,True
2026-09-17T06:51:02.603826+00:00,9.169513000000734,275,316.00000000000006,240.0,316.0,240.0,316.0,240.0,5.684341886080802e-14,TRACKING,-1.5000000000000002,0.0,2.3766999947838485,30.056024434516285,True,True
2026-09-17T06:51:02.636519+00:00,9.202209900002345,276,316.0,240.0,316.0,240.0,316.0,240.0,0.0,TRACKING,-1.5250000000000001,0.0,1.9730000058189034,30.58393914868812,True,True
2026-09-17T06:51:02.669903+00:00,9.235594600002514,277,316.0,240.0,316.0,240.0,316.0,240.0,0.0,TRACKING,-1.55,0.0,1.7565000016475096,29.95384113066516,True,True
2026-09-17T06:51:02.703698+00:00,9.269315600002301,278,316.0,240.0,316.0,240.0,316.0,240.0,0.0,TRACKING,-1.575,0.0,2.4609999964013696,29.65511105857847,True,True
2026-09-17T06:51:02.737530+00:00,9.30322210000304,279,316.0,240.0,316.0,240.0,316.0,240.0,0.0,TRACKING,-1.5999999999999999,0.0,2.6217999984510243,29.49287009801044,True,True
2026-09-17T06:51:02.769834+00:00,9.335524499998428,280,316.0,240.0,316.0,240.0,316.0,240.0,0.0,TRACKING,-1.6249999999999998,0.0,1.9799000001512468,30.957452082284608,True,True
2026-09-17T06:51:02.802732+00:00,9.368423599997186,281,315.99999999999994,240.0,315.0,240.0,315.0,240.0,0.9999999999999432,TRACKING,-1.6562499999999998,0.0,1.5497999993385747,30.395968279914847,True,True
2026-09-17T06:51:02.836583+00:00,9.402273500003503,282,316.99999999999994,240.0,316.0,240.0,316.0,240.0,0.9999999999999432,TRACKING,-1.6812499999999997,0.0,1.8074999970849603,29.542184757219186,True,True
2026-09-17T06:51:02.870508+00:00,9.436199400006444,283,316.99999999999994,240.0,316.0,240.0,316.0,240.0,0.9999999999999432,TRACKING,-1.7062499999999996,0.0,2.7172999980393797,29.476005055526798,True,True
2026-09-17T06:51:02.904105+00:00,9.46979730000021,284,316.99999999999994,240.0,316.0,240.0,316.0,240.0,0.9999999999999432,TRACKING,-1.7312499999999995,0.0,2.8679000097326934,29.76376500274041,True,True
2026-09-17T06:51:02.937123+00:00,9.502807900003972,285,316.99999999999994,240.0,316.0,240.0,316.0,240.0,0.9999999999999432,TRACKING,-1.7562499999999994,0.0,2.3120999976526946,30.29329972451283,True,True
2026-09-17T06:51:02.969856+00:00,9.535547799998312,286,316.9999999999999,240.0,316.0,240.0,316.0,240.0,0.9999999999998863,TRACKING,-1.7812499999999993,0.0,2.0031000021845102,30.543770755954785,True,True
2026-09-17T06:51:03.005273+00:00,9.570962800004054,287,316.9999999999999,240.0,316.0,240.0,316.0,240.0,0.9999999999998863,TRACKING,-1.8062499999999992,0.0,3.341200004797429,28.23662289532335,True,True
2026-09-17T06:51:03.037831+00:00,9.603518800009624,288,316.9999999999999,240.0,316.0,240.0,316.0,240.0,0.9999999999998863,TRACKING,-1.8312499999999992,0.0,2.202700008638203,30.716304209021466,True,True
2026-09-17T06:51:03.070401+00:00,9.636092100001406,289,324.9999999999999,240.0,324.0,240.0,323.0,240.0,1.9999999999998863,TRACKING,-1.8124999999999991,0.0,2.4979000008897856,30.699990490748494,True,True
2026-09-17T06:51:03.103578+00:00,9.669271400009166,290,325.9999999999999,240.0,325.0,240.0,326.0,240.0,1.1368683772161603e-13,TRACKING,-1.774999999999999,0.0,2.1566999930655584,30.13927357617947,True,True
2026-09-17T06:51:03.136545+00:00,9.702230099996086,291,323.99999999999983,240.0,323.0,240.0,324.0,240.0,1.7053025658242404e-13,TRACKING,-1.7499999999999991,0.0,1.8419999978505075,30.341002539446013,True,True
2026-09-17T06:51:03.169768+00:00,9.73546019999776,292,323.9999999999999,240.0,323.0,240.0,323.0,240.0,0.9999999999998863,TRACKING,-1.731249999999999,0.0,1.55570000060834,30.09319863466013,True,True
2026-09-17T06:51:03.203671+00:00,9.769356500008143,293,324.99999999999983,240.0,324.0,240.0,324.0,240.0,0.9999999999998295,TRACKING,-1.7062499999999992,0.0,2.2800999868195504,29.50174501918143,True,True
2026-09-17T06:51:03.236985+00:00,9.802673199999845,294,324.9999999999999,240.0,324.0,240.0,324.0,240.0,0.9999999999998863,TRACKING,-1.6812499999999992,0.0,2.3849999997764826,30.01497748123581,True,True
2026-09-17T06:51:03.270421+00:00,9.83611010000459,295,324.9999999999999,240.0,324.0,240.0,324.0,240.0,0.9999999999998863,TRACKING,-1.6562499999999993,0.0,2.172299995436333,29.907078702215365,True,True
2026-09-17T06:51:03.303233+00:00,9.868924599999445,296,324.9999999999999,240.0,324.0,240.0,324.0,240.0,0.9999999999998863,TRACKING,-1.6312499999999994,0.0,1.7783999937819317,30.474332997813487,True,True
2026-09-17T06:51:03.336570+00:00,9.902260200004093,297,324.9999999999999,240.0,324.0,240.0,324.0,240.0,0.9999999999998863,TRACKING,-1.6062499999999995,0.0,2.0841000077780336,29.997960134528064,True,True
2026-09-17T06:51:03.369854+00:00,9.935544200008735,298,324.99999999999994,240.0,324.0,240.0,324.0,240.0,0.9999999999999432,TRACKING,-1.5812499999999996,0.0,1.9912999996449798,30.044465805207974,True,True
2026-09-17T06:51:03.404463+00:00,9.970151900008204,299,324.99999999999994,240.0,324.0,240.0,324.0,240.0,0.9999999999999432,TRACKING,-1.5562499999999997,0.0,2.930900009232573,28.895303646741443,True,True
2026-09-17T06:51:03.438005+00:00,10.003692199999932,300,324.99999999999994,240.0,324.0,240.0,324.0,240.0,0.9999999999999432,TRACKING,-1.5312499999999998,0.0,3.009099993505515,29.814879421073588,True,True
2026-09-17T06:51:03.470109+00:00,10.035802300000796,301,325.0,240.0,325.0,240.0,325.0,240.0,0.0,TRACKING,-1.4999999999999998,0.0,1.975300008780323,31.142849133858064,True,True
2026-09-17T06:51:03.503028+00:00,10.068719300004886,302,324.0,240.0,324.0,240.0,324.0,240.0,0.0,TRACKING,-1.4749999999999999,0.0,1.8636000022524968,30.379439191777408,True,True
2026-09-17T06:51:03.537178+00:00,10.102870600007009,303,324.0,240.0,324.0,240.0,324.0,240.0,0.0,TRACKING,-1.45,0.0,2.586300004622899,29.281462197276706,True,True
2026-09-17T06:51:03.570358+00:00,10.136049900000216,304,324.0,240.0,324.0,240.0,324.0,240.0,0.0,TRACKING,-1.425,0.0,2.285099995788187,30.139273589398076,True,True
2026-09-17T06:51:03.603887+00:00,10.169580700006918,305,324.0,240.0,324.0,240.0,324.0,240.0,0.0,TRACKING,-1.4000000000000001,0.0,2.3132999922381714,29.823326607183116,True,True
2026-09-17T06:51:03.636491+00:00,10.202183800007333,306,324.0,240.0,324.0,240.0,324.0,240.0,0.0,TRACKING,-1.3750000000000002,0.0,1.8393000063952059,30.671929969459075,True,True
2026-09-17T06:51:03.669339+00:00,10.235031999996863,307,324.0,240.0,324.0,240.0,324.0,240.0,0.0,TRACKING,-1.3500000000000003,0.0,1.614499997231178,30.443068427455113,True,True
2026-09-17T06:51:03.703911+00:00,10.269602500004112,308,324.00000000000006,240.0,324.0,240.0,324.0,240.0,5.684341886080802e-14,TRACKING,-1.3250000000000004,0.0,2.7163000049768016,28.926396777319606,True,True
2026-09-17T06:51:03.737183+00:00,10.302875200010021,309,324.00000000000006,240.0,324.0,240.0,324.0,240.0,5.684341886080802e-14,TRACKING,-1.3000000000000005,0.0,2.6708000077633187,30.054669438380238,True,True
2026-09-17T06:51:03.770286+00:00,10.335977599999751,310,324.0000000000001,240.0,324.0,240.0,324.0,240.0,1.1368683772161603e-13,TRACKING,-1.2750000000000006,0.0,2.377199998591095,30.209289970221405,True,True
2026-09-17T06:51:03.803589+00:00,10.369279100006679,311,324.0000000000001,240.0,324.0,240.0,324.0,240.0,1.1368683772161603e-13,TRACKING,-1.2500000000000007,0.0,2.1850000048289075,30.02867738065727,True,True
2026-09-17T06:51:03.836532+00:00,10.402218999995966,312,324.0000000000001,240.0,324.0,240.0,324.0,240.0,1.1368683772161603e-13,TRACKING,-1.2250000000000008,0.0,1.8389000033494085,30.35831925188654,True,True
2026-09-17T06:51:03.870273+00:00,10.43596119999711,313,324.0000000000001,240.0,324.0,240.0,324.0,240.0,1.1368683772161603e-13,TRACKING,-1.2000000000000008,0.0,2.388199995039031,29.636478948205152,True,True
2026-09-17T06:51:03.904027+00:00,10.469721100002062,314,324.0000000000001,240.0,324.0,240.0,324.0,240.0,1.1368683772161603e-13,TRACKING,-1.175000000000001,0.0,2.77430001005996,29.62094081597726,True,True
2026-09-17T06:51:03.937124+00:00,10.502816399995936,315,324.0000000000001,240.0,324.0,240.0,324.0,240.0,1.1368683772161603e-13,TRACKING,-1.150000000000001,0.0,2.3769999970681965,30.215770825014022,True,True
2026-09-17T06:51:03.970372+00:00,10.53605979999702,316,324.00000000000017,240.0,324.0,240.0,324.0,240.0,1.7053025658242404e-13,TRACKING,-1.125000000000001,0.0,2.2295999951893464,30.08115896591224,True,True
2026-09-17T06:51:04.002891+00:00,10.568584399996325,317,324.00000000000017,240.0,324.0,240.0,324.0,240.0,1.7053025658242404e-13,TRACKING,-1.1000000000000012,0.0,1.3835999998264015,30.74595844441881,True,True
2026-09-17T06:51:04.036933+00:00,10.602621500001987,318,324.0000000000002,240.0,324.0,240.0,324.0,240.0,2.2737367544323206e-13,TRACKING,-1.0750000000000013,0.0,2.4707999982638285,29.379706256809484,True,True
2026-09-17T06:51:04.070903+00:00,10.636596199998166,319,324.0000000000002,240.0,324.0,240.0,324.0,240.0,2.2737367544323206e-13,TRACKING,-1.0500000000000014,0.0,2.6264000043738633,29.433666820088682,True,True
2026-09-17T06:51:04.103782+00:00,10.669471800007159,320,324.0000000000002,240.0,324.0,240.0,324.0,240.0,2.2737367544323206e-13,TRACKING,-1.0250000000000015,0.0,2.3872000019764528,30.41769579038769,True,True
2026-09-17T06:51:04.136343+00:00,10.702035000009346,321,324.0000000000002,240.0,324.0,240.0,324.0,240.0,2.2737367544323206e-13,TRACKING,-1.0000000000000016,0.0,1.8985999922733754,30.709512576553912,True,True
2026-09-17T06:51:04.169405+00:00,10.735095399999409,322,324.0000000000002,240.0,324.0,240.0,324.0,240.0,2.2737367544323206e-13,TRACKING,-0.9750000000000015,0.0,1.5256000042427331,30.247667913895967,True,True
2026-09-17T06:51:04.204011+00:00,10.769701500001247,323,324.0000000000002,240.0,324.0,240.0,324.0,240.0,2.2737367544323206e-13,TRACKING,-0.9500000000000015,0.0,2.688799999305047,28.89663960824497,True,True
2026-09-17T06:51:04.237306+00:00,10.802999599996838,324,324.0000000000002,240.0,324.0,240.0,324.0,240.0,2.2737367544323206e-13,TRACKING,-0.9250000000000015,0.0,2.422999998088926,30.031743556912183,True,True
2026-09-17T06:51:04.270339+00:00,10.836026799996034,325,324.0000000000002,240.0,324.0,240.0,324.0,240.0,2.2737367544323206e-13,TRACKING,-0.9000000000000015,0.0,2.294999998412095,30.278073830791886,True,True
2026-09-17T06:51:04.302976+00:00,10.868667400005506,326,324.0000000000002,240.0,324.0,240.0,324.0,240.0,2.2737367544323206e-13,TRACKING,-0.8750000000000014,0.0,1.7112999921664596,30.636691718589912,True,True
2026-09-17T06:51:04.336410+00:00,10.902100999999675,327,324.0000000000002,240.0,324.0,240.0,324.0,240.0,2.2737367544323206e-13,TRACKING,-0.8500000000000014,0.0,1.6011999978218228,29.910030633088176,True,True
2026-09-17T06:51:04.370494+00:00,10.936186899998575,328,324.0000000000002,240.0,324.0,240.0,324.0,240.0,2.2737367544323206e-13,TRACKING,-0.8250000000000014,0.0,2.5157000054605305,29.337644012107194,True,True
2026-09-17T06:51:04.404167+00:00,10.969858600001317,329,324.0000000000002,240.0,324.0,240.0,324.0,240.0,2.2737367544323206e-13,TRACKING,-0.8000000000000014,0.0,2.976700008730404,29.698530217320975,True,True
2026-09-17T06:51:04.437758+00:00,11.003436800005147,330,324.0000000000002,240.0,324.0,240.0,324.0,240.0,2.2737367544323206e-13,TRACKING,-0.7750000000000014,0.0,2.7192999987164512,29.781227102284117,True,True
2026-09-17T06:51:04.470481+00:00,11.036172699998133,331,324.0000000000002,240.0,324.0,240.0,324.0,240.0,2.2737367544323206e-13,TRACKING,-0.7500000000000013,0.0,2.5618000072427094,30.547502900921337,True,True
2026-09-17T06:51:04.502667+00:00,11.068354700008058,332,324.0000000000002,240.0,324.0,240.0,324.0,240.0,2.2737367544323206e-13,TRACKING,-0.7250000000000013,0.0,1.4838000060990453,31.073270762898346,True,True
2026-09-17T06:51:04.536681+00:00,11.102373100002296,333,324.0000000000002,240.0,324.0,240.0,324.0,240.0,2.2737367544323206e-13,TRACKING,-0.7000000000000013,0.0,2.112200003466569,29.39585636506628,True,True
2026-09-17T06:51:04.570941+00:00,11.1366246999969,334,324.0000000000002,240.0,324.0,240.0,324.0,240.0,2.2737367544323206e-13,TRACKING,-0.6750000000000013,0.0,3.125899995211512,29.195716409088224,True,True
2026-09-17T06:51:04.603371+00:00,11.169063000008464,335,324.0000000000002,240.0,324.0,240.0,324.0,240.0,2.2737367544323206e-13,TRACKING,-0.6500000000000012,0.0,2.1829000033903867,30.827756067473793,True,True
2026-09-17T06:51:04.636760+00:00,11.20244600001024,336,324.0000000000002,240.0,324.0,240.0,324.0,240.0,2.2737367544323206e-13,TRACKING,-0.6250000000000012,0.0,2.142000012099743,29.955366502314664,True,True
2026-09-17T06:51:04.669589+00:00,11.235278100008145,337,324.0000000000002,240.0,324.0,240.0,324.0,240.0,2.2737367544323206e-13,TRACKING,-0.6000000000000012,0.0,1.5411000058520585,30.45799690132021,True,True
2026-09-17T06:51:04.703370+00:00,11.269061099999817,338,324.0000000000002,240.0,324.0,240.0,324.0,240.0,2.2737367544323206e-13,TRACKING,-0.5750000000000012,0.0,2.1264999959385023,29.600686743229172,True,True
2026-09-17T06:51:04.737168+00:00,11.302860299998429,339,324.00000000000017,240.0,324.0,240.0,324.0,240.0,1.7053025658242404e-13,TRACKING,-0.5500000000000012,0.0,2.548500007833354,29.586499089951193,True,True
2026-09-17T06:51:04.770221+00:00,11.335913400005666,340,324.00000000000017,240.0,324.0,240.0,324.0,240.0,1.7053025658242404e-13,TRACKING,-0.5250000000000011,0.0,1.985800001421012,30.25434829958616,True,True
2026-09-17T06:51:04.803698+00:00,11.3693903000094,341,324.00000000000017,240.0,324.0,240.0,324.0,240.0,1.7053025658242404e-13,TRACKING,-0.5000000000000011,0.0,1.9218999950680882,29.87134411753953,True,True
2026-09-17T06:51:04.836012+00:00,11.40170560000115,342,324.00000000000017,240.0,324.0,240.0,324.0,240.0,1.7053025658242404e-13,TRACKING,-0.4750000000000011,0.0,1.5459999995073304,30.94509412740291,True,True
2026-09-17T06:51:04.870198+00:00,11.435890599997947,343,324.00000000000017,240.0,324.0,240.0,324.0,240.0,1.7053025658242404e-13,TRACKING,-0.45000000000000107,0.0,2.294300007633865,29.252596170651398,True,True
2026-09-17T06:51:04.903901+00:00,11.469593100002385,344,324.00000000000017,240.0,324.0,240.0,324.0,240.0,1.7053025658242404e-13,TRACKING,-0.42500000000000104,0.0,2.4157000007107854,29.671389358899955,True,True
2026-09-17T06:51:04.937082+00:00,11.502722799996263,345,324.00000000000017,240.0,324.0,240.0,324.0,240.0,1.7053025658242404e-13,TRACKING,-0.400000000000001,0.0,2.390900001046248,30.18439648366181,True,True
2026-09-17T06:51:04.969660+00:00,11.535348700010218,346,324.00000000000017,240.0,324.0,240.0,324.0,240.0,1.7053025658242404e-13,TRACKING,-0.375000000000001,0.0,1.9107999978587031,30.650495452149716,True,True
2026-09-17T06:51:05.003182+00:00,11.568870300005074,347,324.00000000000017,240.0,324.0,240.0,324.0,240.0,1.7053025658242404e-13,TRACKING,-0.350000000000001,0.0,1.5776999935042113,29.83151162693473,True,True
2026-09-17T06:51:05.037180+00:00,11.60287070000777,348,324.00000000000017,240.0,324.0,240.0,324.0,240.0,1.7053025658242404e-13,TRACKING,-0.32500000000000095,0.0,2.5754000089364126,29.41141868685929,True,True
2026-09-17T06:51:05.070269+00:00,11.63595740000892,349,324.00000000000017,240.0,324.0,240.0,324.0,240.0,1.7053025658242404e-13,TRACKING,-0.30000000000000093,0.0,2.0699000015156344,30.223624597353613,True,True
2026-09-17T06:51:05.103407+00:00,11.669095700010075,350,324.00000000000017,240.0,324.0,240.0,324.0,240.0,1.7053025658242404e-13,TRACKING,-0.2750000000000009,0.0,1.8368999881204218,30.176563069473342,True,True
2026-09-17T06:51:05.137632+00:00,11.70331690000603,351,324.0000000000001,240.0,324.0,240.0,324.0,240.0,1.1368683772161603e-13,TRACKING,-0.2500000000000009,0.0,2.7529000071808696,29.221652078776184,True,True
2026-09-17T06:51:05.170203+00:00,11.735894700002973,352,324.0000000000001,240.0,324.0,240.0,324.0,240.0,1.1368683772161603e-13,TRACKING,-0.2250000000000009,0.0,2.1410000044852495,30.69574986935368,True,True
2026-09-17T06:51:05.204045+00:00,11.769737900001928,353,324.0000000000001,240.0,324.0,240.0,324.0,240.0,1.1368683772161603e-13,TRACKING,-0.2000000000000009,0.0,2.828199998475611,29.548033283816853,True,True
2026-09-17T06:51:05.237151+00:00,11.80283880000934,354,324.0000000000001,240.0,324.0,240.0,324.0,240.0,1.1368683772161603e-13,TRACKING,-0.1750000000000009,0.0,2.4788999871816486,30.21065891791714,True,True
2026-09-17T06:51:05.270088+00:00,11.835780100009288,355,324.00000000000017,240.0,324.0,240.0,324.0,240.0,1.7053025658242404e-13,TRACKING,-0.1500000000000009,0.0,1.9659999961731955,30.357029018332273,True,True
2026-09-17T06:51:05.303555+00:00,11.869242400003714,356,324.00000000000017,240.0,324.0,240.0,324.0,240.0,1.7053025658242404e-13,TRACKING,-0.12500000000000092,0.0,2.2240999969653785,29.88437734903399,True,True
2026-09-17T06:51:05.335978+00:00,11.9016730000003,357,324.00000000000017,240.0,324.0,240.0,324.0,240.0,1.7053025658242404e-13,TRACKING,-0.10000000000000092,0.0,1.4929000026313588,30.835075518344773,True,True
2026-09-17T06:51:05.370131+00:00,11.935825300010038,358,324.00000000000017,240.0,324.0,240.0,324.0,240.0,1.7053025658242404e-13,TRACKING,-0.07500000000000093,0.0,2.400800003670156,29.28060481182529,True,True
2026-09-17T06:51:05.403654+00:00,11.969343400007347,359,324.00000000000017,240.0,324.0,240.0,324.0,240.0,1.7053025658242404e-13,TRACKING,-0.050000000000000926,0.0,2.276800005347468,29.834626666794474,True,True
2026-09-17T06:51:05.436838+00:00,12.002531799997087,360,324.00000000000017,240.0,324.0,240.0,324.0,240.0,1.7053025658242404e-13,TRACKING,-0.025000000000000924,0.0,2.1970999951008707,30.13100963918551,True,True
2026-09-17T06:51:05.470419+00:00,12.03610800000024,361,324.00000000000017,240.0,324.0,240.0,324.0,240.0,1.7053025658242404e-13,TRACKING,-9.228728892196614e-16,0.0,2.403299993602559,29.78300105152087,True,True
2026-09-17T06:51:05.503744+00:00,12.06943630000751,362,324.00000000000017,240.0,324.0,240.0,324.0,240.0,1.7053025658242404e-13,TRACKING,0.02499999999999908,0.0,2.3606999893672764,30.004530677588583,True,True
2026-09-17T06:51:05.537036+00:00,12.102727000004961,363,324.00000000000017,240.0,324.0,240.0,324.0,240.0,1.7053025658242404e-13,TRACKING,0.04999999999999908,0.0,2.6068000006489456,30.03841914037744,True,True
2026-09-17T06:51:05.570870+00:00,12.136556299999938,364,324.00000000000017,240.0,324.0,240.0,324.0,240.0,1.7053025658242404e-13,TRACKING,0.07499999999999908,0.0,2.5448999949730933,29.560174172935152,True,True
2026-09-17T06:51:05.603062+00:00,12.168749899996328,365,324.00000000000017,240.0,324.0,240.0,324.0,240.0,1.7053025658242404e-13,TRACKING,0.09999999999999909,0.0,1.8691000004764646,31.06207445306333,True,True
2026-09-17T06:51:05.636451+00:00,12.202143200003775,366,324.00000000000017,240.0,324.0,240.0,324.0,240.0,1.7053025658242404e-13,TRACKING,0.12499999999999908,0.0,1.932900006067939,29.946126910997148,True,True
2026-09-17T06:51:05.669715+00:00,12.235406599997077,367,324.00000000000017,240.0,324.0,240.0,324.0,240.0,1.7053025658242404e-13,TRACKING,0.14999999999999908,0.0,1.8872999935410917,30.063072331792704,True,True
2026-09-17T06:51:05.703448+00:00,12.269141099997796,368,324.00000000000017,240.0,324.0,240.0,324.0,240.0,1.7053025658242404e-13,TRACKING,0.17499999999999907,0.0,2.3397000040858984,29.643243563078958,True,True
2026-09-17T06:51:05.737537+00:00,12.303228500008117,369,324.00000000000017,240.0,324.0,240.0,324.0,240.0,1.7053025658242404e-13,TRACKING,0.19999999999999907,0.0,2.9260999872349203,29.336353013055,True,True
2026-09-17T06:51:05.770999+00:00,12.336688700001105,370,324.00000000000017,240.0,324.0,240.0,324.0,240.0,1.7053025658242404e-13,TRACKING,0.22499999999999906,0.0,2.7068000053986907,29.886252927644858,True,True
2026-09-17T06:51:05.803056+00:00,12.368745100000524,371,324.00000000000017,240.0,324.0,240.0,324.0,240.0,1.7053025658242404e-13,TRACKING,0.24999999999999906,0.0,1.917500005220063,31.19501877996647,True,True
2026-09-17T06:51:05.836250+00:00,12.40194049999991,372,324.00000000000017,240.0,324.0,240.0,324.0,240.0,1.7053025658242404e-13,TRACKING,0.2749999999999991,0.0,1.6276999958790839,30.124655826364666,True,True
2026-09-17T06:51:05.870663+00:00,12.436355099998764,373,324.00000000000017,240.0,324.0,240.0,324.0,240.0,1.7053025658242404e-13,TRACKING,0.2999999999999991,0.0,2.860699998564087,29.057434926842006,True,True
2026-09-17T06:51:05.904053+00:00,12.469743699999526,374,324.0000000000001,240.0,324.0,240.0,324.0,240.0,1.1368683772161603e-13,TRACKING,0.3249999999999991,0.0,2.631499999552034,29.950342331728987,True,True
2026-09-17T06:51:05.936838+00:00,12.50251790000766,375,324.0000000000001,240.0,324.0,240.0,324.0,240.0,1.1368683772161603e-13,TRACKING,0.34999999999999915,0.0,2.0557000098051503,30.51180500978837,True,True
2026-09-17T06:51:05.970325+00:00,12.536016199999722,376,324.0000000000001,240.0,324.0,240.0,324.0,240.0,1.1368683772161603e-13,TRACKING,0.37499999999999917,0.0,2.1896999969612807,29.852261166596232,True,True
2026-09-17T06:51:06.003071+00:00,12.568762900002184,377,324.0000000000001,240.0,324.0,240.0,324.0,240.0,1.1368683772161603e-13,TRACKING,0.3999999999999992,0.0,1.6259999974863604,30.537428196575483,True,True
2026-09-17T06:51:06.037159+00:00,12.602848399998038,378,324.0000000000001,240.0,324.0,240.0,324.0,240.0,1.1368683772161603e-13,TRACKING,0.4249999999999992,0.0,2.5520999915897846,29.33798829771142,True,True
2026-09-17T06:51:06.071117+00:00,12.636808600000222,379,324.0000000000001,240.0,324.0,240.0,324.0,240.0,1.1368683772161603e-13,TRACKING,0.44999999999999923,0.0,2.990900000440888,29.446234119224428,True,True
2026-09-17T06:51:06.103738+00:00,12.66942520000157,380,324.0000000000001,240.0,324.0,240.0,324.0,240.0,1.1368683772161603e-13,TRACKING,0.47499999999999926,0.0,2.3274999985005707,30.65923486686823,True,True
2026-09-17T06:51:06.136629+00:00,12.70231999999669,381,324.0000000000001,240.0,324.0,240.0,324.0,240.0,1.1368683772161603e-13,TRACKING,0.4999999999999993,0.0,2.0114999933866784,30.39994163662224,True,True
2026-09-17T06:51:06.169504+00:00,12.73519400000805,382,324.0000000000001,240.0,324.0,240.0,324.0,240.0,1.1368683772161603e-13,TRACKING,0.5249999999999992,0.0,1.4713000127812847,30.419176238194364,True,True
2026-09-17T06:51:06.203790+00:00,12.769481299998006,383,324.0000000000001,240.0,324.0,240.0,324.0,240.0,1.1368683772161603e-13,TRACKING,0.5499999999999993,0.0,2.7269999991403893,29.16531777926378,True,True
2026-09-17T06:51:06.237343+00:00,12.803035700009787,384,324.0000000000001,240.0,324.0,240.0,324.0,240.0,1.1368683772161603e-13,TRACKING,0.5749999999999993,0.0,2.4279999925056472,29.80235079896849,True,True
2026-09-17T06:51:06.269966+00:00,12.83565510000335,385,324.0000000000001,240.0,324.0,240.0,324.0,240.0,1.1368683772161603e-13,TRACKING,0.5999999999999993,0.0,2.0010000007459894,30.656603131795983,True,True
2026-09-17T06:51:06.303220+00:00,12.868907299998682,386,324.0000000000001,240.0,324.0,240.0,324.0,240.0,1.1368683772161603e-13,TRACKING,0.6249999999999993,0.0,1.8738999933702871,30.073198168554192,True,True
2026-09-17T06:51:06.336132+00:00,12.90182630000345,387,324.0000000000001,240.0,324.0,240.0,324.0,240.0,1.1368683772161603e-13,TRACKING,0.6499999999999994,0.0,1.524000006611459,30.37759348264457,True,True
2026-09-17T06:51:06.370066+00:00,12.935755400001653,388,324.0000000000001,240.0,324.0,240.0,324.0,240.0,1.1368683772161603e-13,TRACKING,0.6749999999999994,0.0,1.9904999935533851,29.473225050264606,True,True
2026-09-17T06:51:06.403928+00:00,12.969618800008902,389,324.0000000000001,240.0,324.0,240.0,324.0,240.0,1.1368683772161603e-13,TRACKING,0.6999999999999994,0.0,2.4304999969899654,29.530407454240812,True,True
2026-09-17T06:51:06.436820+00:00,13.002512699997169,390,324.0000000000001,240.0,324.0,240.0,324.0,240.0,1.1368683772161603e-13,TRACKING,0.7249999999999994,0.0,2.0218999998178333,30.40077340651924,True,True
2026-09-17T06:51:06.470041+00:00,13.035726100002648,391,324.0000000000001,240.0,324.0,240.0,324.0,240.0,1.1368683772161603e-13,TRACKING,0.7499999999999994,0.0,1.9339999998919666,30.10832976554722,True,True
2026-09-17T06:51:06.503809+00:00,13.069495400006417,392,324.0000000000001,240.0,324.0,240.0,324.0,240.0,1.1368683772161603e-13,TRACKING,0.7749999999999995,0.0,2.6738000015029684,29.6126955515333,True,True
2026-09-17T06:51:06.537536+00:00,13.103224999998929,393,324.0000000000001,240.0,324.0,240.0,324.0,240.0,1.1368683772161603e-13,TRACKING,0.7999999999999995,0.0,3.0900999990990385,29.647549933056037,True,True
2026-09-17T06:51:06.571131+00:00,13.136819799998193,394,324.0000000000001,240.0,324.0,240.0,324.0,240.0,1.1368683772161603e-13,TRACKING,0.8249999999999995,0.0,3.1014999985927716,29.7665114845722,True,True
2026-09-17T06:51:06.603867+00:00,13.169559600006323,395,324.0000000000001,240.0,324.0,240.0,324.0,240.0,1.1368683772161603e-13,TRACKING,0.8499999999999995,0.0,2.3542999988421798,30.543864035567427,True,True
2026-09-17T06:51:06.636610+00:00,13.202301600002102,396,324.0000000000001,240.0,324.0,240.0,324.0,240.0,1.1368683772161603e-13,TRACKING,0.8749999999999996,0.0,1.8828000029316172,30.54181174421043,True,True
2026-09-17T06:51:06.669913+00:00,13.235604200002854,397,324.00000000000006,240.0,324.0,240.0,324.0,240.0,5.684341886080802e-14,TRACKING,0.8999999999999996,0.0,1.889200008008629,30.02768552537685,True,True
2026-09-17T06:51:06.703849+00:00,13.26953940000385,398,324.00000000000006,240.0,324.0,240.0,324.0,240.0,5.684341886080802e-14,TRACKING,0.9249999999999996,0.0,2.715800001169555,29.46792710727001,True,True
2026-09-17T06:51:06.739008+00:00,13.304696400009561,399,324.00000000000006,240.0,324.0,240.0,324.0,240.0,5.684341886080802e-14,TRACKING,0.9499999999999996,0.0,4.14180000370834,28.443837637954346,True,True
2026-09-17T06:51:06.770812+00:00,13.336499900004128,400,324.00000000000006,240.0,324.0,240.0,324.0,240.0,5.684341886080802e-14,TRACKING,0.9749999999999996,0.0,2.7012000064132735,31.44308016950464,True,True
2026-09-17T06:51:06.803028+00:00,13.368719899997814,401,324.00000000000006,240.0,324.0,240.0,324.0,240.0,5.684341886080802e-14,TRACKING,0.9999999999999997,0.0,1.823400001740083,31.036623221476617,True,True
2026-09-17T06:51:06.836839+00:00,13.402530799998203,402,324.00000000000006,240.0,324.0,240.0,324.0,240.0,5.684341886080802e-14,TRACKING,1.0249999999999997,0.0,1.9114000024273992,29.576260909602382,True,True
2026-09-17T06:51:06.870746+00:00,13.436438899996574,403,324.00000000000006,240.0,324.0,240.0,324.0,240.0,5.684341886080802e-14,TRACKING,1.0499999999999996,0.0,2.6148000033572316,29.49147843872258,True,True
2026-09-17T06:51:06.904040+00:00,13.469728800002486,404,324.00000000000006,240.0,324.0,240.0,324.0,240.0,5.684341886080802e-14,TRACKING,1.0749999999999995,0.0,2.738900002441369,30.039140995389722,True,True
2026-09-17T06:51:06.936522+00:00,13.502215900007286,405,324.0000000000001,240.0,324.0,240.0,324.0,240.0,1.1368683772161603e-13,TRACKING,1.0999999999999994,0.0,1.7316999874310568,30.781448631987182,True,True
2026-09-17T06:51:06.969907+00:00,13.535596200003056,406,324.0000000000001,240.0,324.0,240.0,324.0,240.0,1.1368683772161603e-13,TRACKING,1.1249999999999993,0.0,1.8128999945474789,29.95778947842677,True,True
2026-09-17T06:51:07.003352+00:00,13.569044899995788,407,324.0000000000001,240.0,324.0,240.0,324.0,240.0,1.1368683772161603e-13,TRACKING,1.1499999999999992,0.0,1.9212999904993922,29.896528122685893,True,True
2026-09-17T06:51:07.037481+00:00,13.603172999995877,408,324.0000000000001,240.0,324.0,240.0,324.0,240.0,1.1368683772161603e-13,TRACKING,1.1749999999999992,0.0,2.410300003248267,29.30136749474454,True,True
2026-09-17T06:51:07.070461+00:00,13.636154300009366,409,324.0000000000001,240.0,324.0,240.0,324.0,240.0,1.1368683772161603e-13,TRACKING,1.199999999999999,0.0,2.3231999948620796,30.32021174395818,True,True
2026-09-17T06:51:07.104159+00:00,13.669844800009741,410,324.0000000000001,240.0,324.0,240.0,324.0,240.0,1.1368683772161603e-13,TRACKING,1.224999999999999,0.0,2.5929999974323437,29.68195782160727,True,True
2026-09-17T06:51:07.136175+00:00,13.701867700001458,411,324.00000000000017,240.0,324.0,240.0,324.0,240.0,1.7053025658242404e-13,TRACKING,1.249999999999999,0.0,1.7459000082453713,31.227652719106697,True,True
2026-09-17T06:51:07.170166+00:00,13.735857599996962,412,324.00000000000017,240.0,324.0,240.0,324.0,240.0,1.7053025658242404e-13,TRACKING,1.2749999999999988,0.0,2.021199994487688,29.420504330176794,True,True
2026-09-17T06:51:07.203572+00:00,13.769263599999249,413,324.0000000000002,240.0,324.0,240.0,324.0,240.0,2.2737367544323206e-13,TRACKING,1.2999999999999987,0.0,2.4591999972471967,29.934742259819476,True,True
2026-09-17T06:51:07.237041+00:00,13.80272610000975,414,324.0000000000002,240.0,324.0,240.0,324.0,240.0,2.2737367544323206e-13,TRACKING,1.3249999999999986,0.0,2.4330999876838177,29.884198720543775,True,True
2026-09-17T06:51:07.271300+00:00,13.83699009999691,415,324.0000000000002,240.0,324.0,240.0,324.0,240.0,2.2737367544323206e-13,TRACKING,1.3499999999999985,0.0,3.2412000000476837,29.18515060631317,True,True
2026-09-17T06:51:07.303064+00:00,13.868754000010085,416,324.0000000000002,240.0,324.0,240.0,324.0,240.0,2.2737367544323206e-13,TRACKING,1.3749999999999984,0.0,1.9886999943992123,31.482280185532172,True,True
2026-09-17T06:51:07.336171+00:00,13.901862400001846,417,324.0000000000002,240.0,324.0,240.0,324.0,240.0,2.2737367544323206e-13,TRACKING,1.3999999999999984,0.0,1.509900001110509,30.20381535347073,True,True
2026-09-17T06:51:07.370273+00:00,13.935963199997786,418,324.0000000000002,240.0,324.0,240.0,324.0,240.0,2.2737367544323206e-13,TRACKING,1.4249999999999983,0.0,2.442700002575293,29.32482522753289,True,True
2026-09-17T06:51:07.404421+00:00,13.970108100009384,419,324.0000000000003,240.0,324.0,240.0,324.0,240.0,2.8421709430404007e-13,TRACKING,1.4499999999999982,0.0,2.9233000095700845,29.286950603467965,True,True
2026-09-17T06:51:07.436654+00:00,14.002338799997233,420,324.0000000000003,240.0,324.0,240.0,324.0,240.0,2.8421709430404007e-13,TRACKING,1.474999999999998,0.0,2.004900001338683,31.026319638636267,True,True
2026-09-17T06:51:07.470068+00:00,14.03575950000959,421,324.00000000000034,240.0,324.0,240.0,324.0,240.0,3.410605131648481e-13,TRACKING,1.499999999999998,0.0,1.9524999952409416,29.921575539418978,True,True
2026-09-17T06:51:07.503273+00:00,14.06895970000187,422,324.00000000000034,240.0,324.0,240.0,324.0,240.0,3.410605131648481e-13,TRACKING,1.524999999999998,0.0,1.732300006551668,30.12030048712186,True,True
2026-09-17T06:51:07.536955+00:00,14.10264399999869,423,324.00000000000034,240.0,324.0,240.0,324.0,240.0,3.410605131648481e-13,TRACKING,1.5499999999999978,0.0,2.478399997926317,29.687421145589195,True,True
2026-09-17T06:51:07.571177+00:00,14.136867499997607,424,324.00000000000034,240.0,324.0,240.0,324.0,240.0,3.410605131648481e-13,TRACKING,1.5749999999999977,0.0,3.1983999942895025,29.21968822685219,True,True
2026-09-17T06:51:07.603119+00:00,14.168810500006657,425,324.00000000000034,240.0,324.0,240.0,324.0,240.0,3.410605131648481e-13,TRACKING,1.5999999999999976,0.0,1.9797000131802633,31.305763382170248,True,True
2026-09-17T06:51:07.636184+00:00,14.201873600002727,426,324.00000000000034,240.0,324.0,240.0,324.0,240.0,3.410605131648481e-13,TRACKING,1.6249999999999976,0.0,1.6312000079778954,30.24519782231104,True,True
2026-09-17T06:51:07.670470+00:00,14.236163399997167,427,324.0000000000004,240.0,324.0,240.0,324.0,240.0,3.979039320256561e-13,TRACKING,1.6499999999999975,0.0,2.082999999402091,29.16319139108868,True,True
2026-09-17T06:51:07.703902+00:00,14.269593700009864,428,324.0000000000004,240.0,324.0,240.0,324.0,240.0,3.979039320256561e-13,TRACKING,1.6749999999999974,0.0,2.4585999926785007,29.912983120708123,True,True
2026-09-17T06:51:07.736880+00:00,14.302572500004317,429,324.0000000000004,240.0,324.0,240.0,324.0,240.0,3.979039320256561e-13,TRACKING,1.6999999999999973,0.0,2.349400005186908,30.322510223786292,True,True
2026-09-17T06:51:07.771355+00:00,14.33703969999624,430,324.00000000000045,240.0,324.0,240.0,324.0,240.0,4.547473508864641e-13,TRACKING,1.7249999999999972,0.0,3.4604999964358285,29.013090713325823,True,True
2026-09-17T06:51:07.803121+00:00,14.368812600005185,431,324.00000000000045,240.0,324.0,240.0,324.0,240.0,4.547473508864641e-13,TRACKING,1.7499999999999971,0.0,1.8648000113898888,31.47336251077012,True,True
2026-09-17T06:51:07.836401+00:00,14.402092999996967,432,324.00000000000045,240.0,324.0,240.0,324.0,240.0,4.547473508864641e-13,TRACKING,1.774999999999997,0.0,1.603400000021793,30.047715780067204,True,True
2026-09-17T06:51:07.872448+00:00,14.438140500002191,433,324.00000000000045,240.0,324.0,240.0,324.0,240.0,4.547473508864641e-13,TRACKING,1.799999999999997,0.0,2.941900005680509,27.74117483473362,True,True
2026-09-17T06:51:07.905055+00:00,14.470736900009797,434,324.0000000000005,240.0,324.0,240.0,324.0,240.0,5.115907697472721e-13,TRACKING,1.8249999999999968,0.0,3.6949000059394166,30.678234399095455,True,True
2026-09-17T06:51:07.937271+00:00,14.50295520000509,435,316.0000000000005,240.0,316.0,240.0,317.0,240.0,0.9999999999994884,TRACKING,1.8062499999999968,0.0,2.5652000040281564,31.038260868701947,True,True
2026-09-17T06:51:07.970121+00:00,14.535804600003758,436,315.0000000000005,240.0,315.0,240.0,314.0,240.0,1.0000000000005116,TRACKING,1.7687499999999967,0.0,1.9173000036971644,30.441956323115775,True,True
2026-09-17T06:51:08.003361+00:00,14.569051400001626,437,317.0000000000005,240.0,317.0,240.0,316.0,240.0,1.0000000000005116,TRACKING,1.7437499999999968,0.0,1.8565000063972548,30.078082704624144,True,True
2026-09-17T06:51:08.037213+00:00,14.602906700005406,438,317.0000000000005,240.0,317.0,240.0,317.0,240.0,5.115907697472721e-13,TRACKING,1.7249999999999968,0.0,1.9797000131802633,29.53747271146244,True,True
2026-09-17T06:51:08.070632+00:00,14.636324000006425,439,316.0000000000005,240.0,316.0,240.0,316.0,240.0,5.115907697472721e-13,TRACKING,1.6999999999999968,0.0,2.680400008102879,29.924619881602897,True,True
2026-09-17T06:51:08.103412+00:00,14.669103799998993,440,316.0000000000005,240.0,316.0,240.0,316.0,240.0,5.115907697472721e-13,TRACKING,1.674999999999997,0.0,2.2844999912194908,30.506592481550506,True,True
2026-09-17T06:51:08.137098+00:00,14.702784299995983,441,316.0000000000005,240.0,316.0,240.0,316.0,240.0,5.115907697472721e-13,TRACKING,1.649999999999997,0.0,2.2538999910466373,29.690770626605016,True,True
2026-09-17T06:51:08.169999+00:00,14.735690500005148,442,316.00000000000045,240.0,316.0,240.0,316.0,240.0,4.547473508864641e-13,TRACKING,1.6249999999999971,0.0,1.7905999993672594,30.38940988997426,True,True
2026-09-17T06:51:08.203215+00:00,14.76887450000504,443,316.00000000000045,240.0,316.0,240.0,316.0,240.0,4.547473508864641e-13,TRACKING,1.5999999999999972,0.0,1.7048000008799136,30.135004821698878,True,True
2026-09-17T06:51:08.237340+00:00,14.803022499996587,444,316.00000000000045,240.0,316.0,240.0,316.0,240.0,4.547473508864641e-13,TRACKING,1.5749999999999973,0.0,2.668799992534332,29.284291913071282,True,True
2026-09-17T06:51:08.270139+00:00,14.835820200009039,445,316.00000000000045,240.0,316.0,240.0,316.0,240.0,4.547473508864641e-13,TRACKING,1.5499999999999974,0.0,2.2813999967183918,30.489942880761156,True,True
2026-09-17T06:51:08.303098+00:00,14.868788699997822,446,316.00000000000045,240.0,316.0,240.0,316.0,240.0,4.547473508864641e-13,TRACKING,1.5249999999999975,0.0,1.8217000033473596,30.33198357038474,True,True
2026-09-17T06:51:08.336625+00:00,14.902313800004777,447,316.0000000000004,240.0,316.0,240.0,316.0,240.0,3.979039320256561e-13,TRACKING,1.4999999999999976,0.0,1.820300007238984,29.828397224543732,True,True
2026-09-17T06:51:08.370112+00:00,14.935802899999544,448,316.0000000000004,240.0,316.0,240.0,316.0,240.0,3.979039320256561e-13,TRACKING,1.4749999999999976,0.0,1.658199995290488,29.86046206545551,True,True
2026-09-17T06:51:08.404164+00:00,14.969852800000808,449,316.00000000000034,240.0,316.0,240.0,316.0,240.0,3.410605131648481e-13,TRACKING,1.4499999999999977,0.0,2.9719000012846664,29.368661874568584,True,True
2026-09-17T06:51:08.437010+00:00,15.002702400000999,450,316.00000000000034,240.0,316.0,240.0,316.0,240.0,3.410605131648481e-13,TRACKING,1.4249999999999978,0.0,2.4376000073971227,30.441770980291977,True,True
2026-09-17T06:51:08.470435+00:00,15.036123199999565,451,316.00000000000034,240.0,316.0,240.0,316.0,240.0,3.410605131648481e-13,TRACKING,1.399999999999998,0.0,2.2361000010278076,29.92148602196513,True,True
2026-09-17T06:51:08.503375+00:00,15.069064499999513,452,316.00000000000034,240.0,316.0,240.0,316.0,240.0,3.410605131648481e-13,TRACKING,1.374999999999998,0.0,1.781899991328828,30.357029018332273,True,True
2026-09-17T06:51:08.536971+00:00,15.102663099998608,453,316.00000000000034,240.0,316.0,240.0,316.0,240.0,3.410605131648481e-13,TRACKING,1.349999999999998,0.0,2.489499995135702,29.76314489374338,True,True
2026-09-17T06:51:08.569803+00:00,15.135493399997358,454,316.00000000000034,240.0,316.0,240.0,316.0,240.0,3.410605131648481e-13,TRACKING,1.3249999999999982,0.0,1.945199997862801,30.459666833323947,True,True
2026-09-17T06:51:08.603729+00:00,15.16941780000343,455,316.0000000000003,240.0,316.0,240.0,316.0,240.0,2.8421709430404007e-13,TRACKING,1.2999999999999983,0.0,2.426300008664839,29.47730836274256,True,True
2026-09-17T06:51:08.636908+00:00,15.202599399999599,456,316.0000000000003,240.0,316.0,240.0,316.0,240.0,2.8421709430404007e-13,TRACKING,1.2749999999999984,0.0,1.941499998793006,30.137184467158082,True,True
2026-09-17T06:51:08.669854+00:00,15.235545999996248,457,316.0000000000002,240.0,316.0,240.0,316.0,240.0,2.2737367544323206e-13,TRACKING,1.2499999999999984,0.0,2.062400002614595,30.352145596259348,True,True
2026-09-17T06:51:08.703332+00:00,15.269015900004888,458,316.0000000000002,240.0,316.0,240.0,316.0,240.0,2.2737367544323206e-13,TRACKING,1.2249999999999985,0.0,2.0843999955104664,29.87759149988049,True,True
2026-09-17T06:51:08.736868+00:00,15.302559000003384,459,316.0000000000002,240.0,316.0,240.0,316.0,240.0,2.2737367544323206e-13,TRACKING,1.1999999999999986,0.0,2.288899995619431,29.812390627128195,True,True
2026-09-17T06:51:08.770601+00:00,15.336289200000465,460,316.0000000000002,240.0,316.0,240.0,316.0,240.0,2.2737367544323206e-13,TRACKING,1.1749999999999987,0.0,2.6742000045487657,29.647022552091443,True,True
2026-09-17T06:51:08.803336+00:00,15.369028400004026,461,316.0000000000002,240.0,316.0,240.0,316.0,240.0,2.2737367544323206e-13,TRACKING,1.1499999999999988,0.0,1.9892999989679083,30.544423806666444,True,True
2026-09-17T06:51:08.836095+00:00,15.401779300009366,462,316.0000000000002,240.0,316.0,240.0,316.0,240.0,2.2737367544323206e-13,TRACKING,1.124999999999999,0.0,1.4576999965356663,30.53351205117911,True,True
2026-09-17T06:51:08.870681+00:00,15.436368299997412,463,316.00000000000017,240.0,316.0,240.0,316.0,240.0,1.7053025658242404e-13,TRACKING,1.099999999999999,0.0,2.773999993223697,28.910925448715325,True,True
2026-09-17T06:51:08.903267+00:00,15.468953100004,464,316.00000000000017,240.0,316.0,240.0,316.0,240.0,1.7053025658242404e-13,TRACKING,1.074999999999999,0.0,2.070100003038533,30.68915567374333,True,True
2026-09-17T06:51:08.936450+00:00,15.502136399998562,465,316.0000000000001,240.0,316.0,240.0,316.0,240.0,1.1368683772161603e-13,TRACKING,1.0499999999999992,0.0,1.6845999925862998,30.13564052291011,True,True
2026-09-17T06:51:08.970188+00:00,15.535879900009604,466,316.0000000000001,240.0,316.0,240.0,316.0,240.0,1.1368683772161603e-13,TRACKING,1.0249999999999992,0.0,1.8874999950639904,29.63533716635126,True,True
2026-09-17T06:51:09.003222+00:00,15.56891309999628,467,316.0000000000001,240.0,316.0,240.0,316.0,240.0,1.1368683772161603e-13,TRACKING,0.9999999999999992,0.0,1.7509999888716266,30.272574270835378,True,True
2026-09-17T06:51:09.036676+00:00,15.602366200007964,468,316.0000000000001,240.0,316.0,240.0,316.0,240.0,1.1368683772161603e-13,TRACKING,0.9749999999999992,0.0,1.8746999994618818,29.892595892480365,True,True
2026-09-17T06:51:09.070666+00:00,15.636353000008967,469,316.0000000000001,240.0,316.0,240.0,316.0,240.0,1.1368683772161603e-13,TRACKING,0.9499999999999992,0.0,2.7892000071005896,29.423187824993615,True,True
2026-09-17T06:51:09.103551+00:00,15.66923919999681,470,316.0000000000001,240.0,316.0,240.0,316.0,240.0,1.1368683772161603e-13,TRACKING,0.9249999999999992,0.0,1.985800001421012,30.40789146723178,True,True
2026-09-17T06:51:09.136812+00:00,15.702502100000856,471,316.0000000000001,240.0,316.0,240.0,316.0,240.0,1.1368683772161603e-13,TRACKING,0.8999999999999991,0.0,1.9560000073397532,30.063524223033284,True,True
2026-09-17T06:51:09.169801+00:00,15.735489600003348,472,316.0000000000001,240.0,316.0,240.0,316.0,240.0,1.1368683772161603e-13,TRACKING,0.8749999999999991,0.0,1.589899999089539,30.314513070844345,True,True
2026-09-17T06:51:09.203620+00:00,15.769310500007123,473,316.0000000000001,240.0,316.0,240.0,316.0,240.0,1.1368683772161603e-13,TRACKING,0.8499999999999991,0.0,2.1779000089736655,29.567515940982705,True,True
2026-09-17T06:51:09.237321+00:00,15.803008100003353,474,316.0000000000001,240.0,316.0,240.0,316.0,240.0,1.1368683772161603e-13,TRACKING,0.8249999999999991,0.0,2.7984000043943524,29.675703911016235,True,True
2026-09-17T06:51:09.270736+00:00,15.836424000008265,475,316.0000000000001,240.0,316.0,240.0,316.0,240.0,1.1368683772161603e-13,TRACKING,0.799999999999999,0.0,2.5701999984448776,29.925873606667093,True,True
2026-09-17T06:51:09.303440+00:00,15.869130100007169,476,316.00000000000017,240.0,316.0,240.0,316.0,240.0,1.7053025658242404e-13,TRACKING,0.774999999999999,0.0,2.286600007209927,30.575336100406304,True,True
2026-09-17T06:51:09.336661+00:00,15.90234590000182,477,316.00000000000017,240.0,316.0,240.0,316.0,240.0,1.7053025658242404e-13,TRACKING,0.749999999999999,0.0,1.8933999963337556,30.106154304910884,True,True
2026-09-17T06:51:09.370297+00:00,15.935981500006164,478,316.00000000000017,240.0,316.0,240.0,316.0,240.0,1.7053025658242404e-13,TRACKING,0.724999999999999,0.0,2.222300012363121,29.730404686427953,True,True
2026-09-17T06:51:09.404001+00:00,15.969693400009419,479,316.00000000000017,240.0,316.0,240.0,316.0,240.0,1.7053025658242404e-13,TRACKING,0.699999999999999,0.0,2.4095999979181215,29.6631159888189,True,True
2026-09-17T06:51:09.437263+00:00,16.00295530000585,480,316.00000000000017,240.0,316.0,240.0,316.0,240.0,1.7053025658242404e-13,TRACKING,0.6749999999999989,0.0,2.587800001492724,30.0644280725772,True,True
2026-09-17T06:51:09.469936+00:00,16.035629300007713,481,316.00000000000017,240.0,316.0,240.0,316.0,240.0,1.7053025658242404e-13,TRACKING,0.6499999999999989,0.0,1.7766999953892082,30.605374301983886,True,True
2026-09-17T06:51:09.502997+00:00,16.068689000006998,482,316.00000000000017,240.0,316.0,240.0,316.0,240.0,1.7053025658242404e-13,TRACKING,0.6249999999999989,0.0,1.7695999995339662,30.248308364009038,True,True
2026-09-17T06:51:09.536975+00:00,16.102659700001823,483,316.00000000000017,240.0,316.0,240.0,316.0,240.0,1.7053025658242404e-13,TRACKING,0.5999999999999989,0.0,2.4658000038471073,29.437132592273407,True,True
2026-09-17T06:51:09.570743+00:00,16.136435799999163,484,316.00000000000017,240.0,316.0,240.0,316.0,240.0,1.7053025658242404e-13,TRACKING,0.5749999999999988,0.0,2.645100001245737,29.606733757857203,True,True
2026-09-17T06:51:09.604422+00:00,16.16963940000278,485,316.00000000000017,240.0,316.0,240.0,316.0,240.0,1.7053025658242404e-13,TRACKING,0.5499999999999988,0.0,2.7310000004945323,30.117216202191013,True,True
2026-09-17T06:51:09.636746+00:00,16.202438100008294,486,316.00000000000017,240.0,316.0,240.0,316.0,240.0,1.7053025658242404e-13,TRACKING,0.5249999999999988,0.0,2.30609999562148,30.489013278936877,True,True
2026-09-17T06:51:09.670224+00:00,16.235913500000606,487,316.0000000000002,240.0,316.0,240.0,316.0,240.0,2.2737367544323206e-13,TRACKING,0.4999999999999988,0.0,2.063699997961521,29.872682633505562,True,True
2026-09-17T06:51:09.705152+00:00,16.27083809999749,488,316.0000000000002,240.0,316.0,240.0,316.0,240.0,2.2737367544323206e-13,TRACKING,0.47499999999999876,0.0,3.8366000080714002,28.63311247914681,True,True
2026-09-17T06:51:09.737263+00:00,16.3029530000058,489,316.0000000000002,240.0,316.0,240.0,316.0,240.0,2.2737367544323206e-13,TRACKING,0.44999999999999873,0.0,2.6708000077633187,31.13819441260141,True,True
2026-09-17T06:51:09.770466+00:00,16.33615400000417,490,316.0000000000002,240.0,316.0,240.0,316.0,240.0,2.2737367544323206e-13,TRACKING,0.4249999999999987,0.0,2.1678999910363927,30.119574713082777,True,True
2026-09-17T06:51:09.803142+00:00,16.36883530000341,491,316.0000000000002,240.0,316.0,240.0,316.0,240.0,2.2737367544323206e-13,TRACKING,0.3999999999999987,0.0,1.9748000049730763,30.598538002565974,True,True
2026-09-17T06:51:09.836365+00:00,16.402056500010076,492,316.0000000000002,240.0,316.0,240.0,316.0,240.0,2.2737367544323206e-13,TRACKING,0.37499999999999867,0.0,1.8161000043619424,30.10126063475682,True,True
2026-09-17T06:51:09.870627+00:00,16.43631930000265,493,316.0000000000002,240.0,316.0,240.0,316.0,240.0,2.2737367544323206e-13,TRACKING,0.34999999999999865,0.0,2.6008999993791804,29.186172765118386,True,True
2026-09-17T06:51:09.904156+00:00,16.469846000007237,494,316.0000000000002,240.0,316.0,240.0,316.0,240.0,2.2737367544323206e-13,TRACKING,0.3249999999999986,0.0,2.8151000005891547,29.826973721338902,True,True
2026-09-17T06:51:09.937308+00:00,16.50293299999612,495,316.0000000000002,240.0,316.0,240.0,316.0,240.0,2.2737367544323206e-13,TRACKING,0.2999999999999986,0.0,2.5910999975167215,30.223350570799017,True,True
2026-09-17T06:51:09.969706+00:00,16.535399600004894,496,316.0000000000002,240.0,316.0,240.0,316.0,240.0,2.2737367544323206e-13,TRACKING,0.2749999999999986,0.0,1.8033000087598339,30.800884593081385,True,True
2026-09-17T06:51:10.002851+00:00,16.568542299995897,497,316.0000000000002,240.0,316.0,240.0,316.0,240.0,2.2737367544323206e-13,TRACKING,0.24999999999999858,0.0,1.5410000050906092,30.17255686083041,True,True
2026-09-17T06:51:10.036830+00:00,16.602522200002568,498,316.0000000000002,240.0,316.0,240.0,316.0,240.0,2.2737367544323206e-13,TRACKING,0.2249999999999986,0.0,2.110100002028048,29.429162528544598,True,True
2026-09-17T06:51:10.070605+00:00,16.636292700000922,499,316.0000000000002,240.0,316.0,240.0,316.0,240.0,2.2737367544323206e-13,TRACKING,0.1999999999999986,0.0,2.5650000025052577,29.611643299587815,True,True
2026-09-17T06:51:10.103420+00:00,16.669111299997894,500,316.0000000000002,240.0,316.0,240.0,316.0,240.0,2.2737367544323206e-13,TRACKING,0.1749999999999986,0.0,2.0613999950001016,30.470525863146747,True,True
2026-09-17T06:51:10.136403+00:00,16.702095600005123,501,316.0000000000002,240.0,316.0,240.0,316.0,240.0,2.2737367544323206e-13,TRACKING,0.1499999999999986,0.0,1.8244000093545765,30.31745405483345,True,True
2026-09-17T06:51:10.169584+00:00,16.73527410000679,502,316.0000000000002,240.0,316.0,240.0,316.0,240.0,2.2737367544323206e-13,TRACKING,0.12499999999999861,0.0,1.60160000086762,30.14000029988476,True,True
2026-09-17T06:51:10.203025+00:00,16.76870169999893,503,316.0000000000002,240.0,316.0,240.0,316.0,240.0,2.2737367544323206e-13,TRACKING,0.09999999999999862,0.0,1.7907000001287088,29.915399257954885,True,True
2026-09-17T06:51:10.237057+00:00,16.80274850000569,504,316.0000000000002,240.0,316.0,240.0,316.0,240.0,2.2737367544323206e-13,TRACKING,0.07499999999999862,0.0,2.4080000002868474,29.37133592000891,True,True
2026-09-17T06:51:10.270008+00:00,16.835701200005133,505,316.0000000000002,240.0,316.0,240.0,316.0,240.0,2.2737367544323206e-13,TRACKING,0.04999999999999862,0.0,2.024000001256354,30.34652699223286,True,True
2026-09-17T06:51:10.303466+00:00,16.869151100007002,506,316.0000000000002,240.0,316.0,240.0,316.0,240.0,2.2737367544323206e-13,TRACKING,0.02499999999999862,0.0,1.9811000092886388,29.895455590124616,True,True
2026-09-17T06:51:10.336453+00:00,16.902145400003064,507,316.0000000000002,240.0,316.0,240.0,316.0,240.0,2.2737367544323206e-13,TRACKING,-1.3808398868775384e-15,0.0,1.6747000045143068,30.30826537066549,True,True
2026-09-17T06:51:10.369988+00:00,16.935679000001983,508,316.0000000000002,240.0,316.0,240.0,316.0,240.0,2.2737367544323206e-13,TRACKING,-0.025000000000001382,0.0,1.5896999975666404,29.820836415781645,True,True
2026-09-17T06:51:10.403428+00:00,16.969117200002074,509,316.0000000000002,240.0,316.0,240.0,316.0,240.0,2.2737367544323206e-13,TRACKING,-0.050000000000001384,0.0,2.2456000006059185,29.90591598821901,True,True
2026-09-17T06:51:10.437733+00:00,17.003416499996092,510,316.0000000000002,240.0,316.0,240.0,316.0,240.0,2.2737367544323206e-13,TRACKING,-0.07500000000000139,0.0,2.8000000020256266,29.155113957847767,True,True
2026-09-17T06:51:10.470274+00:00,17.035965800008853,511,316.0000000000002,240.0,316.0,240.0,316.0,240.0,2.2737367544323206e-13,TRACKING,-0.1000000000000014,0.0,2.0406999974511564,30.722626895446442,True,True
2026-09-17T06:51:10.502883+00:00,17.068572600008338,512,316.0000000000002,240.0,316.0,240.0,316.0,240.0,2.2737367544323206e-13,TRACKING,-0.1250000000000014,0.0,1.7690000095171854,30.66844952635035,True,True
2026-09-17T06:51:10.537203+00:00,17.102895500007435,513,316.0000000000002,240.0,316.0,240.0,316.0,240.0,2.2737367544323206e-13,TRACKING,-0.15000000000000138,0.0,2.1498999994946644,29.135067259069288,True,True
2026-09-17T06:51:10.569987+00:00,17.135679700004403,514,316.0000000000002,240.0,316.0,240.0,316.0,240.0,2.2737367544323206e-13,TRACKING,-0.17500000000000138,0.0,1.761200008331798,30.50249815742003,True,True
2026-09-17T06:51:10.604019+00:00,17.169704800006002,515,316.0000000000002,240.0,316.0,240.0,316.0,240.0,2.2737367544323206e-13,TRACKING,-0.20000000000000137,0.0,2.611500007333234,29.390067919065235,True,True
2026-09-17T06:51:10.637607+00:00,17.203283800001373,516,316.0000000000002,240.0,316.0,240.0,316.0,240.0,2.2737367544323206e-13,TRACKING,-0.22500000000000137,0.0,2.7888999902643263,29.780517589501535,True,True
2026-09-17T06:51:10.670362+00:00,17.236054299995885,517,316.0000000000002,240.0,316.0,240.0,316.0,240.0,2.2737367544323206e-13,TRACKING,-0.2500000000000014,0.0,2.4421999987680465,30.51525000129531,True,True
2026-09-17T06:51:10.703859+00:00,17.26954980001028,518,316.0000000000002,240.0,316.0,240.0,316.0,240.0,2.2737367544323206e-13,TRACKING,-0.2750000000000014,0.0,2.5403999898117036,29.854756596265155,True,True
2026-09-17T06:51:10.736974+00:00,17.302662600006443,519,316.0000000000002,240.0,316.0,240.0,316.0,240.0,2.2737367544323206e-13,TRACKING,-0.30000000000000143,0.0,2.479200004017912,30.19980189280097,True,True
2026-09-17T06:51:10.770596+00:00,17.336284000004525,520,316.0000000000002,240.0,316.0,240.0,316.0,240.0,2.2737367544323206e-13,TRACKING,-0.32500000000000145,0.0,2.3109000030672178,29.74296132989774,True,True
2026-09-17T06:51:10.803131+00:00,17.36881960000028,521,316.0000000000002,240.0,316.0,240.0,316.0,240.0,2.2737367544323206e-13,TRACKING,-0.3500000000000015,0.0,1.820899997255765,30.735563509832662,True,True
2026-09-17T06:51:10.836180+00:00,17.40187230000447,522,316.0000000000002,240.0,316.0,240.0,316.0,240.0,2.2737367544323206e-13,TRACKING,-0.3750000000000015,0.0,1.7217999993590638,30.2547144370414,True,True
2026-09-17T06:51:10.870462+00:00,17.43615619999764,523,316.0000000000002,240.0,316.0,240.0,316.0,240.0,2.2737367544323206e-13,TRACKING,-0.4000000000000015,0.0,2.4465000024065375,29.16821015693131,True,True
2026-09-17T06:51:10.904256+00:00,17.469947500008857,524,316.0000000000002,240.0,316.0,240.0,316.0,240.0,2.2737367544323206e-13,TRACKING,-0.42500000000000154,0.0,2.642899999045767,29.593416046972465,True,True
2026-09-17T06:51:10.936966+00:00,17.50265940000827,525,316.0000000000002,240.0,316.0,240.0,316.0,240.0,2.2737367544323206e-13,TRACKING,-0.45000000000000157,0.0,2.2865999926580116,30.569914924475604,True,True
2026-09-17T06:51:10.970461+00:00,17.536151300009806,526,316.0000000000002,240.0,316.0,240.0,316.0,240.0,2.2737367544323206e-13,TRACKING,-0.4750000000000016,0.0,2.3274999985005707,29.85796565599845,True,True
2026-09-17T06:51:11.002646+00:00,17.568337300006533,527,316.0000000000002,240.0,316.0,240.0,316.0,240.0,2.2737367544323206e-13,TRACKING,-0.5000000000000016,0.0,1.571100001456216,31.069409062998815,True,True
2026-09-17T06:51:11.037324+00:00,17.603015800006688,528,316.0000000000002,240.0,316.0,240.0,316.0,240.0,2.2737367544323206e-13,TRACKING,-0.5250000000000016,0.0,2.5181999953929335,28.836310682282736,True,True
2026-09-17T06:51:11.070563+00:00,17.636255000004894,529,316.0000000000002,240.0,316.0,240.0,316.0,240.0,2.2737367544323206e-13,TRACKING,-0.5500000000000016,0.0,2.6378000038675964,30.08495992845672,True,True
2026-09-17T06:51:11.103633+00:00,17.66932580000139,530,316.0000000000002,240.0,316.0,240.0,316.0,240.0,2.2737367544323206e-13,TRACKING,-0.5750000000000016,0.0,2.46470001002308,30.238155717612077,True,True
2026-09-17T06:51:11.136579+00:00,17.702272299997276,531,316.0000000000002,240.0,316.0,240.0,316.0,240.0,2.2737367544323206e-13,TRACKING,-0.6000000000000016,0.0,1.9257999956607819,30.35223772251469,True,True
2026-09-17T06:51:11.169760+00:00,17.73545410000952,532,316.0000000000002,240.0,316.0,240.0,316.0,240.0,2.2737367544323206e-13,TRACKING,-0.6250000000000017,0.0,1.7330999980913475,30.137002803675667,True,True
2026-09-17T06:51:11.203428+00:00,17.769119500007946,533,316.0000000000003,240.0,316.0,240.0,316.0,240.0,2.8421709430404007e-13,TRACKING,-0.6500000000000017,0.0,1.9400000019231811,29.70408787796198,True,True
2026-09-17T06:51:11.237171+00:00,17.80286409999826,534,316.0000000000003,240.0,316.0,240.0,316.0,240.0,2.8421709430404007e-13,TRACKING,-0.6750000000000017,0.0,2.314099998329766,29.634371137516588,True,True
2026-09-17T06:51:11.270274+00:00,17.835966099999496,535,316.0000000000003,240.0,316.0,240.0,316.0,240.0,2.8421709430404007e-13,TRACKING,-0.7000000000000017,0.0,2.32759999926202,30.209655004611957,True,True
2026-09-17T06:51:11.303108+00:00,17.868800099997316,536,316.0000000000003,240.0,316.0,240.0,316.0,240.0,2.8421709430404007e-13,TRACKING,-0.7250000000000018,0.0,1.7576999962329865,30.456234393202212,True,True
2026-09-17T06:51:11.336871+00:00,17.90256090000912,537,316.0000000000003,240.0,316.0,240.0,316.0,240.0,2.8421709430404007e-13,TRACKING,-0.7500000000000018,0.0,1.9419999880483374,29.620151170894246,True,True
2026-09-17T06:51:11.370509+00:00,17.936198099996545,538,316.0000000000003,240.0,316.0,240.0,316.0,240.0,2.8421709430404007e-13,TRACKING,-0.7750000000000018,0.0,2.3501000105170533,29.728990533512178,True,True
2026-09-17T06:51:11.403603+00:00,17.969295100003364,539,316.0000000000003,240.0,316.0,240.0,316.0,240.0,2.8421709430404007e-13,TRACKING,-0.8000000000000018,0.0,2.0364999945741147,30.214218805147443,True,True
2026-09-17T06:51:11.436934+00:00,18.002626500005135,540,316.0000000000003,240.0,316.0,240.0,316.0,240.0,2.8421709430404007e-13,TRACKING,-0.8250000000000018,0.0,2.2597000061068684,30.001740099331933,True,True
2026-09-17T06:51:11.469927+00:00,18.035619300004328,541,316.0000000000003,240.0,316.0,240.0,316.0,240.0,2.8421709430404007e-13,TRACKING,-0.8500000000000019,0.0,1.844300000811927,30.309643316859418,True,True
2026-09-17T06:51:11.503410+00:00,18.06910049999715,542,316.0000000000003,240.0,316.0,240.0,316.0,240.0,2.8421709430404007e-13,TRACKING,-0.8750000000000019,0.0,1.8397999956505373,29.867507742089,True,True
2026-09-17T06:51:11.538702+00:00,18.104393000001437,543,316.00000000000034,240.0,316.0,240.0,316.0,240.0,3.410605131648481e-13,TRACKING,-0.9000000000000019,0.0,2.9931000026408583,28.334632000523627,True,True
2026-09-17T06:51:11.570911+00:00,18.136596700001974,544,316.00000000000034,240.0,316.0,240.0,316.0,240.0,3.410605131648481e-13,TRACKING,-0.9250000000000019,0.0,2.714000002015382,31.05233249543799,True,True
2026-09-17T06:51:11.605013+00:00,18.17070160000003,545,316.00000000000034,240.0,316.0,240.0,316.0,240.0,3.410605131648481e-13,TRACKING,-0.950000000000002,0.0,3.813200004515238,29.32129987353745,True,True
2026-09-17T06:51:11.636193+00:00,18.201881500004674,546,316.00000000000034,240.0,316.0,240.0,316.0,240.0,3.410605131648481e-13,TRACKING,-0.975000000000002,0.0,1.664000010350719,32.07194377951917,True,True
2026-09-17T06:51:11.669350+00:00,18.235038800004986,547,316.00000000000034,240.0,316.0,240.0,316.0,240.0,3.410605131648481e-13,TRACKING,-1.000000000000002,0.0,1.6134000034071505,30.15927111045218,True,True
2026-09-17T06:51:11.704197+00:00,18.26988249999704,548,316.00000000000034,240.0,316.0,240.0,316.0,240.0,3.410605131648481e-13,TRACKING,-1.025000000000002,0.0,2.668499990249984,28.69959275932511,True,True
2026-09-17T06:51:11.737338+00:00,18.30302930000471,549,316.00000000000034,240.0,316.0,240.0,316.0,240.0,3.410605131648481e-13,TRACKING,-1.0500000000000018,0.0,2.583800000138581,30.168824736281373,True,True
2026-09-17T06:51:11.769975+00:00,18.3356660999998,550,316.0000000000003,240.0,316.0,240.0,316.0,240.0,2.8421709430404007e-13,TRACKING,-1.0750000000000017,0.0,1.9964999955845997,30.640258853517373,True,True
2026-09-17T06:51:11.803254+00:00,18.368945499998517,551,316.0000000000003,240.0,316.0,240.0,316.0,240.0,2.8421709430404007e-13,TRACKING,-1.1000000000000016,0.0,1.9580999942263588,30.048618666156724,True,True
2026-09-17T06:51:11.836120+00:00,18.40181080000184,552,316.0000000000002,240.0,316.0,240.0,316.0,240.0,2.2737367544323206e-13,TRACKING,-1.1250000000000016,0.0,1.384999995934777,30.427228715359277,True,True
2026-09-17T06:51:11.870106+00:00,18.435795500001404,553,316.0000000000002,240.0,316.0,240.0,316.0,240.0,2.2737367544323206e-13,TRACKING,-1.1500000000000015,0.0,2.154999994672835,29.425005958940925,True,True
2026-09-17T06:51:11.904088+00:00,18.469780800005537,554,316.0000000000002,240.0,316.0,240.0,316.0,240.0,2.2737367544323206e-13,TRACKING,-1.1750000000000014,0.0,2.7784000121755525,29.424486465571523,True,True
2026-09-17T06:51:11.936967+00:00,18.502656099997694,555,316.0000000000002,240.0,316.0,240.0,316.0,240.0,2.2737367544323206e-13,TRACKING,-1.2000000000000013,0.0,2.265799994347617,30.4179733793636,True,True
2026-09-17T06:51:11.969789+00:00,18.535479900005157,556,316.0000000000002,240.0,316.0,240.0,316.0,240.0,2.2737367544323206e-13,TRACKING,-1.2250000000000012,0.0,1.975000006495975,30.465698662940344,True,True
2026-09-17T06:51:12.003348+00:00,18.56903969999985,557,316.0000000000002,240.0,316.0,240.0,316.0,240.0,2.2737367544323206e-13,TRACKING,-1.250000000000001,0.0,1.9449999963399023,29.79755541326787,True,True
2026-09-17T06:51:12.037146+00:00,18.60283669999626,558,316.00000000000017,240.0,316.0,240.0,316.0,240.0,1.7053025658242404e-13,TRACKING,-1.275000000000001,0.0,2.4314999900525436,29.588425011278357,True,True
2026-09-17T06:51:12.070625+00:00,18.63631709999754,559,316.00000000000017,240.0,316.0,240.0,316.0,240.0,1.7053025658242404e-13,TRACKING,-1.300000000000001,0.0,2.706300001591444,29.868221406008907,True,True
2026-09-17T06:51:12.103631+00:00,18.66932230000384,560,316.0000000000001,240.0,316.0,240.0,316.0,240.0,1.1368683772161603e-13,TRACKING,-1.3250000000000008,0.0,2.4598000018158928,30.29825602659894,True,True
2026-09-17T06:51:12.136195+00:00,18.701871800003573,561,316.0000000000001,240.0,316.0,240.0,316.0,240.0,1.1368683772161603e-13,TRACKING,-1.3500000000000008,0.0,1.7070000030798838,30.722438132943374,True,True
2026-09-17T06:51:12.169531+00:00,18.73522360000061,562,316.0000000000001,240.0,316.0,240.0,316.0,240.0,1.1368683772161603e-13,TRACKING,-1.3750000000000007,0.0,1.5103000041563064,29.983389205047054,True,True
2026-09-17T06:51:12.203544+00:00,18.76923550000356,563,316.0000000000001,240.0,316.0,240.0,316.0,240.0,1.1368683772161603e-13,TRACKING,-1.4000000000000006,0.0,2.2628000006079674,29.401474187364265,True,True
2026-09-17T06:51:12.237843+00:00,18.80353260000993,564,316.0000000000001,240.0,316.0,240.0,316.0,240.0,1.1368683772161603e-13,TRACKING,-1.4250000000000005,0.0,3.0574999982491136,29.156984112775532,True,True
2026-09-17T06:51:12.270303+00:00,18.83599540000432,565,316.0000000000001,240.0,316.0,240.0,316.0,240.0,1.1368683772161603e-13,TRACKING,-1.4500000000000004,0.0,2.3615000100107864,30.80449006779361,True,True
2026-09-17T06:51:12.302913+00:00,18.868604800009052,566,316.00000000000006,240.0,316.0,240.0,316.0,240.0,5.684341886080802e-14,TRACKING,-1.4750000000000003,0.0,1.8389999895589426,30.666004276525562,True,True
2026-09-17T06:51:12.336558+00:00,18.902250099999947,567,316.00000000000006,240.0,316.0,240.0,316.0,240.0,5.684341886080802e-14,TRACKING,-1.5000000000000002,0.0,1.8524000042816624,29.72183336961296,True,True
2026-09-17T06:51:12.370133+00:00,18.93582470000547,568,316.0,240.0,316.0,240.0,316.0,240.0,0.0,TRACKING,-1.5250000000000001,0.0,2.093800008879043,29.78442036049631,True,True
2026-09-17T06:51:12.404372+00:00,18.9700620000076,569,316.0,240.0,316.0,240.0,316.0,240.0,0.0,TRACKING,-1.55,0.0,2.7797000075224787,29.207910668706727,True,True
2026-09-17T06:51:12.437513+00:00,19.003205400003935,570,316.0,240.0,316.0,240.0,316.0,240.0,0.0,TRACKING,-1.575,0.0,2.8348000050755218,30.171919601206202,True,True
2026-09-17T06:51:12.469923+00:00,19.035616399996798,571,316.0,240.0,316.0,240.0,316.0,240.0,0.0,TRACKING,-1.5999999999999999,0.0,1.931099992361851,30.853722508414528,True,True
2026-09-17T06:51:12.503170+00:00,19.06886110000778,572,316.0,240.0,316.0,240.0,316.0,240.0,0.0,TRACKING,-1.6249999999999998,0.0,1.8061000009765849,30.079982663993096,True,True
2026-09-17T06:51:12.536622+00:00,19.102311499998905,573,315.99999999999994,240.0,315.0,240.0,315.0,240.0,0.9999999999999432,TRACKING,-1.6562499999999998,0.0,2.199900001869537,29.895008737274356,True,True
2026-09-17T06:51:12.570358+00:00,19.136051299996325,574,316.99999999999994,240.0,316.0,240.0,316.0,240.0,0.9999999999999432,TRACKING,-1.6812499999999997,0.0,2.074499992886558,29.63858707154358,True,True
2026-09-17T06:51:12.604224+00:00,19.169852599996375,575,316.99999999999994,240.0,316.0,240.0,316.0,240.0,0.9999999999999432,TRACKING,-1.7062499999999996,0.0,2.728700012085028,29.584660944949384,True,True
2026-09-17T06:51:12.637297+00:00,19.202980600006413,576,316.99999999999994,240.0,316.0,240.0,316.0,240.0,0.9999999999999432,TRACKING,-1.7312499999999995,0.0,2.4640000046929345,30.18594541466432,True,True
2026-09-17T06:51:12.670141+00:00,19.23583220000728,577,316.99999999999994,240.0,316.0,240.0,316.0,240.0,0.9999999999999432,TRACKING,-1.7562499999999994,0.0,2.0311999978730455,30.43991768965864,True,True
2026-09-17T06:51:12.703986+00:00,19.26967500000319,578,316.9999999999999,240.0,316.0,240.0,316.0,240.0,0.9999999999998863,TRACKING,-1.7812499999999993,0.0,2.5051999982679263,29.548382525112263,True,True
2026-09-17T06:51:12.738120+00:00,19.30381430000125,579,316.9999999999999,240.0,316.0,240.0,316.0,240.0,0.9999999999998863,TRACKING,-1.8062499999999992,0.0,3.2285000052070245,29.291754665644284,True,True
2026-09-17T06:51:12.771495+00:00,19.337181800001417,580,316.9999999999999,240.0,316.0,240.0,316.0,240.0,0.9999999999998863,TRACKING,-1.8312499999999992,0.0,3.719600004842505,29.969281486325798,True,True
2026-09-17T06:51:12.803856+00:00,19.369546900008572,581,324.9999999999999,240.0,324.0,240.0,323.0,240.0,1.9999999999998863,TRACKING,-1.8124999999999991,0.0,2.3527000012109056,30.897479067851766,True,True
2026-09-17T06:51:12.836678+00:00,19.402369200004614,582,325.9999999999999,240.0,325.0,240.0,326.0,240.0,1.1368683772161603e-13,TRACKING,-1.774999999999999,0.0,1.8731000018306077,30.467090975361206,True,True
2026-09-17T06:51:12.870217+00:00,19.435909599997103,583,323.99999999999983,240.0,323.0,240.0,324.0,240.0,1.7053025658242404e-13,TRACKING,-1.7499999999999991,0.0,2.0853000023635104,29.814790527958262,True,True
2026-09-17T06:51:12.904095+00:00,19.469783499996993,584,323.9999999999999,240.0,323.0,240.0,323.0,240.0,0.9999999999998863,TRACKING,-1.731249999999999,0.0,2.7356999926269054,29.52125382678879,True,True
2026-09-17T06:51:12.937813+00:00,19.503499800004647,585,324.99999999999983,240.0,324.0,240.0,324.0,240.0,0.9999999999998295,TRACKING,-1.7062499999999992,0.0,3.0488000047625974,29.659244928209134,True,True
2026-09-17T06:51:12.970192+00:00,19.535877200003597,586,324.9999999999999,240.0,324.0,240.0,324.0,240.0,0.9999999999998863,TRACKING,-1.6812499999999992,0.0,1.9884000066667795,30.885741289678446,True,True
2026-09-17T06:51:13.003143+00:00,19.568834799996694,587,324.9999999999999,240.0,324.0,240.0,324.0,240.0,0.9999999999998863,TRACKING,-1.6562499999999993,0.0,1.6911999991862103,30.34201520163668,True,True
2026-09-17T06:51:13.036740+00:00,19.602433799998835,588,324.9999999999999,240.0,324.0,240.0,324.0,240.0,0.9999999999998863,TRACKING,-1.6312499999999994,0.0,2.0051000028615817,29.76279055734619,True,True
2026-09-17T06:51:13.070436+00:00,19.636127799996757,589,324.9999999999999,240.0,324.0,240.0,324.0,240.0,0.9999999999998863,TRACKING,-1.6062499999999995,0.0,2.234799991128966,29.67887457890622,True,True
2026-09-17T06:51:13.103373+00:00,19.669059400010156,590,324.99999999999994,240.0,324.0,240.0,324.0,240.0,0.9999999999999432,TRACKING,-1.5812499999999996,0.0,2.223599993158132,30.365970666264,True,True
2026-09-17T06:51:13.136463+00:00,19.702155200007837,591,324.99999999999994,240.0,324.0,240.0,324.0,240.0,0.9999999999999432,TRACKING,-1.5562499999999997,0.0,1.929500009282492,30.215314332031454,True,True
2026-09-17T06:51:13.169609+00:00,19.73530070000561,592,324.99999999999994,240.0,324.0,240.0,324.0,240.0,0.9999999999999432,TRACKING,-1.5312499999999998,0.0,1.640600006794557,30.170007997079857,True,True
2026-09-17T06:51:13.203281+00:00,19.768974300008267,593,325.0,240.0,325.0,240.0,325.0,240.0,0.0,TRACKING,-1.4999999999999998,0.0,1.9726999889826402,29.69685450682662,True,True
2026-09-17T06:51:13.237114+00:00,19.802807200001553,594,324.0,240.0,324.0,240.0,324.0,240.0,0.0,TRACKING,-1.4749999999999999,0.0,2.533999999286607,29.557028815101855,True,True
2026-09-17T06:51:13.270794+00:00,19.836478400000487,595,324.0,240.0,324.0,240.0,324.0,240.0,0.0,TRACKING,-1.45,0.0,2.8679999959422275,29.69897122857625,True,True
2026-09-17T06:51:13.303452+00:00,19.869142499999725,596,324.0,240.0,324.0,240.0,324.0,240.0,0.0,TRACKING,-1.425,0.0,1.9530999998096377,30.614650335485575,True,True
2026-09-17T06:51:13.336477+00:00,19.902170500005013,597,324.0,240.0,324.0,240.0,324.0,240.0,0.0,TRACKING,-1.4000000000000001,0.0,1.6688000032445416,30.27734043356824,True,True
2026-09-17T06:51:13.370064+00:00,19.935756400009268,598,324.0,240.0,324.0,240.0,324.0,240.0,0.0,TRACKING,-1.3750000000000002,0.0,2.203299998654984,29.774399372156775,True,True
2026-09-17T06:51:13.404079+00:00,19.969763000000967,599,324.0,240.0,324.0,240.0,324.0,240.0,0.0,TRACKING,-1.3500000000000003,0.0,2.382399994530715,29.406056478569074,True,True
2026-09-17T06:51:13.437741+00:00,20.00340309999592,600,324.00000000000006,240.0,324.0,240.0,324.0,240.0,5.684341886080802e-14,TRACKING,-1.3250000000000004,0.0,2.9203999874880537,29.726427690464064,True,True
2026-09-17T06:51:13.469922+00:00,20.03561200000695,601,324.00000000000006,240.0,324.0,240.0,324.0,240.0,5.684341886080802e-14,TRACKING,-1.3000000000000005,0.0,1.9734000088647008,31.047319208591574,True,True
2026-09-17T06:51:13.503019+00:00,20.068710599996848,602,324.0000000000001,240.0,324.0,240.0,324.0,240.0,1.1368683772161603e-13,TRACKING,-1.2750000000000006,0.0,1.890400002594106,30.21275825277184,True,True
2026-09-17T06:51:13.537524+00:00,20.103215000010096,603,324.0000000000001,240.0,324.0,240.0,324.0,240.0,1.1368683772161603e-13,TRACKING,-1.2500000000000007,0.0,2.251300000352785,28.98181100427955,True,True
2026-09-17T06:51:13.570805+00:00,20.13649620000797,604,324.0000000000001,240.0,324.0,240.0,324.0,240.0,1.1368683772161603e-13,TRACKING,-1.2250000000000008,0.0,2.958600001875311,30.04699349975087,True,True
2026-09-17T06:51:13.604896+00:00,20.17057790000399,605,324.0000000000001,240.0,324.0,240.0,324.0,240.0,1.1368683772161603e-13,TRACKING,-1.2000000000000008,0.0,3.260299999965355,29.341259388959607,True,True
2026-09-17T06:51:13.636298+00:00,20.201991000009002,606,324.0000000000001,240.0,324.0,240.0,324.0,240.0,1.1368683772161603e-13,TRACKING,-1.175000000000001,0.0,1.8121999892173335,31.833852750619272,True,True
2026-09-17T06:51:13.670013+00:00,20.235700700010057,607,324.0000000000001,240.0,324.0,240.0,324.0,240.0,1.1368683772161603e-13,TRACKING,-1.150000000000001,0.0,1.74529998912476,29.66505189808037,True,True
2026-09-17T06:51:13.703360+00:00,20.269049900001846,608,324.00000000000017,240.0,324.0,240.0,324.0,240.0,1.7053025658242404e-13,TRACKING,-1.125000000000001,0.0,1.7988000035984442,29.985726801428324,True,True
2026-09-17T06:51:13.736896+00:00,20.30258689999755,609,324.00000000000017,240.0,324.0,240.0,324.0,240.0,1.7053025658242404e-13,TRACKING,-1.1000000000000012,0.0,2.350099995965138,29.81781316540248,True,True
2026-09-17T06:51:13.770631+00:00,20.336319000009098,610,324.0000000000002,240.0,324.0,240.0,324.0,240.0,2.2737367544323206e-13,TRACKING,-1.0750000000000013,0.0,2.657099990756251,29.645352636143457,True,True
2026-09-17T06:51:13.803458+00:00,20.369146700002602,611,324.0000000000002,240.0,324.0,240.0,324.0,240.0,2.2737367544323206e-13,TRACKING,-1.0500000000000014,0.0,1.926700002513826,30.462079286635227,True,True
2026-09-17T06:51:13.836757+00:00,20.40244890000031,612,324.0000000000002,240.0,324.0,240.0,324.0,240.0,2.2737367544323206e-13,TRACKING,-1.0250000000000015,0.0,1.9628000009106472,30.028046197214422,True,True
2026-09-17T06:51:13.870538+00:00,20.436230000006617,613,324.0000000000002,240.0,324.0,240.0,324.0,240.0,2.2737367544323206e-13,TRACKING,-1.0000000000000016,0.0,2.1890000061830506,29.60235160528391,True,True
2026-09-17T06:51:13.904556+00:00,20.470243900010246,614,324.0000000000002,240.0,324.0,240.0,324.0,240.0,2.2737367544323206e-13,TRACKING,-0.9750000000000015,0.0,3.3435999939683825,29.39974539506831,True,True
2026-09-17T06:51:13.940972+00:00,20.506662500003586,615,324.0000000000002,240.0,324.0,240.0,324.0,240.0,2.2737367544323206e-13,TRACKING,-0.9500000000000015,0.0,5.18710000324063,27.45849648758823,True,True
2026-09-17T06:51:13.969511+00:00,20.53520379999827,616,324.0000000000002,240.0,324.0,240.0,324.0,240.0,2.2737367544323206e-13,TRACKING,-0.9250000000000015,0.0,1.6365000046789646,35.0369464665659,True,True
2026-09-17T06:51:14.003775+00:00,20.56946670000616,617,324.0000000000002,240.0,324.0,240.0,324.0,240.0,2.2737367544323206e-13,TRACKING,-0.9000000000000015,0.0,2.01720000768546,29.18608756905459,True,True
2026-09-17T06:51:14.037095+00:00,20.602785800001584,618,324.0000000000002,240.0,324.0,240.0,324.0,240.0,2.2737367544323206e-13,TRACKING,-0.8750000000000014,0.0,2.267899995786138,30.012815476328516,True,True
2026-09-17T06:51:14.070085+00:00,20.635777000003145,619,324.0000000000002,240.0,324.0,240.0,324.0,240.0,2.2737367544323206e-13,TRACKING,-0.8500000000000014,0.0,2.1847000025445595,30.311113265133788,True,True
2026-09-17T06:51:14.103873+00:00,20.669559200003278,620,324.0000000000002,240.0,324.0,240.0,324.0,240.0,2.2737367544323206e-13,TRACKING,-0.8250000000000014,0.0,2.697400006582029,29.601387712939943,True,True
2026-09-17T06:51:14.137443+00:00,20.70313019999594,621,324.0000000000002,240.0,324.0,240.0,324.0,240.0,2.2737367544323206e-13,TRACKING,-0.8000000000000014,0.0,2.4846000014804304,29.787614316480838,True,True
2026-09-17T06:51:14.170601+00:00,20.73629030000302,622,324.0000000000002,240.0,324.0,240.0,324.0,240.0,2.2737367544323206e-13,TRACKING,-0.7750000000000014,0.0,2.423600002657622,30.15672449077283,True,True
2026-09-17T06:51:14.204081+00:00,20.769773899999564,623,324.0000000000002,240.0,324.0,240.0,324.0,240.0,2.2737367544323206e-13,TRACKING,-0.7500000000000013,0.0,2.8286000015214086,29.865366928981054,True,True
2026-09-17T06:51:14.237787+00:00,20.803478100002394,624,324.0000000000002,240.0,324.0,240.0,324.0,240.0,2.2737367544323206e-13,TRACKING,-0.7250000000000013,0.0,3.0913000082364306,29.669892770515844,True,True
2026-09-17T06:51:14.270594+00:00,20.83628580000368,625,324.0000000000002,240.0,324.0,240.0,324.0,240.0,2.2737367544323206e-13,TRACKING,-0.7000000000000013,0.0,2.3231000086525455,30.480649358559724,True,True
2026-09-17T06:51:14.304094+00:00,20.86977420000767,626,324.0000000000002,240.0,324.0,240.0,324.0,240.0,2.2737367544323206e-13,TRACKING,-0.6750000000000013,0.0,2.933099996880628,29.861086223315457,True,True
2026-09-17T06:51:14.337424+00:00,20.90311539999675,627,324.0000000000002,240.0,324.0,240.0,324.0,240.0,2.2737367544323206e-13,TRACKING,-0.6500000000000012,0.0,2.734599998802878,29.992921680307905,True,True
2026-09-17T06:51:14.370392+00:00,20.936083100008545,628,324.0000000000002,240.0,324.0,240.0,324.0,240.0,2.2737367544323206e-13,TRACKING,-0.6250000000000012,0.0,2.4215999874286354,30.332719590454108,True,True
2026-09-17T06:51:14.405944+00:00,20.97163200000068,629,324.0000000000002,240.0,324.0,240.0,324.0,240.0,2.2737367544323206e-13,TRACKING,-0.6000000000000012,0.0,4.623000000719912,28.130265640321035,True,True
2026-09-17T06:51:14.437656+00:00,21.003345600009197,630,324.0000000000002,240.0,324.0,240.0,324.0,240.0,2.2737367544323206e-13,TRACKING,-0.5750000000000012,0.0,2.94690000009723,31.53221330064966,True,True
2026-09-17T06:51:14.470682+00:00,21.03637560000061,631,324.00000000000017,240.0,324.0,240.0,324.0,240.0,1.7053025658242404e-13,TRACKING,-0.5500000000000012,0.0,2.620100000058301,30.275507122614883,True,True
2026-09-17T06:51:14.502522+00:00,21.06821199999831,632,324.00000000000017,240.0,324.0,240.0,324.0,240.0,1.7053025658242404e-13,TRACKING,-0.5250000000000011,0.0,1.4691999967908487,31.410586626384106,True,True
2026-09-17T06:51:14.536746+00:00,21.102436200002558,633,324.00000000000017,240.0,324.0,240.0,324.0,240.0,1.7053025658242404e-13,TRACKING,-0.5000000000000011,0.0,2.199900001869537,29.219090581399513,True,True
2026-09-17T06:51:14.570823+00:00,21.136507900009747,634,324.00000000000017,240.0,324.0,240.0,324.0,240.0,1.7053025658242404e-13,TRACKING,-0.4750000000000011,0.0,2.7904999878956005,29.349871001124153,True,True
2026-09-17T06:51:14.603564+00:00,21.16925170000468,635,324.00000000000017,240.0,324.0,240.0,324.0,240.0,1.7053025658242404e-13,TRACKING,-0.45000000000000107,0.0,2.0326999947428703,30.540132793223833,True,True
2026-09-17T06:51:14.636463+00:00,21.202152900004876,636,324.00000000000017,240.0,324.0,240.0,324.0,240.0,1.7053025658242404e-13,TRACKING,-0.42500000000000104,0.0,1.9179000082658604,30.39402818116122,True,True
2026-09-17T06:51:14.670771+00:00,21.236457200007862,637,324.00000000000017,240.0,324.0,240.0,324.0,240.0,1.7053025658242404e-13,TRACKING,-0.400000000000001,0.0,2.6950000028591603,29.150864466347922,True,True
2026-09-17T06:51:14.703629+00:00,21.269320200008224,638,324.00000000000017,240.0,324.0,240.0,324.0,240.0,1.7053025658242404e-13,TRACKING,-0.375000000000001,0.0,2.13350000558421,30.429358244500023,True,True
2026-09-17T06:51:14.737506+00:00,21.303195100001176,639,324.00000000000017,240.0,324.0,240.0,324.0,240.0,1.7053025658242404e-13,TRACKING,-0.350000000000001,0.0,3.03209999401588,29.520382354134064,True,True
2026-09-17T06:51:14.771876+00:00,21.3375623000029,640,324.00000000000017,240.0,324.0,240.0,324.0,240.0,1.7053025658242404e-13,TRACKING,-0.32500000000000095,0.0,3.6634999996749684,29.097511579349117,True,True
2026-09-17T06:51:14.804983+00:00,21.37067040000693,641,324.00000000000017,240.0,324.0,240.0,324.0,240.0,1.7053025658242404e-13,TRACKING,-0.30000000000000093,0.0,3.4121999924536794,30.204089025897648,True,True
2026-09-17T06:51:14.836262+00:00,21.401953699998558,642,324.00000000000017,240.0,324.0,240.0,324.0,240.0,1.7053025658242404e-13,TRACKING,-0.2750000000000009,0.0,1.7947000014828518,31.965937105983507,True,True
2026-09-17T06:51:14.869818+00:00,21.435506599998916,643,324.0000000000001,240.0,324.0,240.0,324.0,240.0,1.1368683772161603e-13,TRACKING,-0.2500000000000009,0.0,1.8985999922733754,29.803683138843514,True,True
2026-09-17T06:51:14.904570+00:00,21.47025150000991,644,324.0000000000001,240.0,324.0,240.0,324.0,240.0,1.1368683772161603e-13,TRACKING,-0.2250000000000009,0.0,3.0703000084031373,28.781202411969574,True,True
2026-09-17T06:51:14.937854+00:00,21.503540999998222,645,324.0000000000001,240.0,324.0,240.0,324.0,240.0,1.1368683772161603e-13,TRACKING,-0.2000000000000009,0.0,3.116399995633401,30.03950195560308,True,True
2026-09-17T06:51:14.970286+00:00,21.535976300001494,646,324.0000000000001,240.0,324.0,240.0,324.0,240.0,1.1368683772161603e-13,TRACKING,-0.1750000000000009,0.0,2.4378999951295555,30.83060739068657,True,True
2026-09-17T06:51:15.003712+00:00,21.56940439999744,647,324.00000000000017,240.0,324.0,240.0,324.0,240.0,1.7053025658242404e-13,TRACKING,-0.1500000000000009,0.0,2.178399998228997,29.91495179568434,True,True
2026-09-17T06:51:15.036947+00:00,21.602639300006558,648,324.00000000000017,240.0,324.0,240.0,324.0,240.0,1.7053025658242404e-13,TRACKING,-0.12500000000000092,0.0,2.325199995539151,30.088852372824746,True,True
2026-09-17T06:51:15.070530+00:00,21.636219300009543,649,324.00000000000017,240.0,324.0,240.0,324.0,240.0,1.7053025658242404e-13,TRACKING,-0.10000000000000092,0.0,2.3809000122128054,29.77963072993184,True,True
2026-09-17T06:51:15.104499+00:00,21.67017680000572,650,324.00000000000017,240.0,324.0,240.0,324.0,240.0,1.7053025658242404e-13,TRACKING,-0.07500000000000093,0.0,3.271499997936189,29.448575428479252,True,True
2026-09-17T06:51:15.137036+00:00,21.702721200010274,651,324.00000000000017,240.0,324.0,240.0,324.0,240.0,1.7053025658242404e-13,TRACKING,-0.050000000000000926,0.0,2.59580000420101,30.727252610589844,True,True
2026-09-17T06:51:15.169820+00:00,21.735507300007157,652,324.00000000000017,240.0,324.0,240.0,324.0,240.0,1.7053025658242404e-13,TRACKING,-0.025000000000000924,0.0,1.6900000046007335,30.50073049539463,True,True
2026-09-17T06:51:15.204058+00:00,21.769748200007598,653,324.00000000000017,240.0,324.0,240.0,324.0,240.0,1.7053025658242404e-13,TRACKING,-9.228728892196614e-16,0.0,2.078999998047948,29.20483982567993,True,True
2026-09-17T06:51:15.237464+00:00,21.80315459999838,654,324.00000000000017,240.0,324.0,240.0,324.0,240.0,1.7053025658242404e-13,TRACKING,0.02499999999999908,0.0,2.7600000030361116,29.934383838903887,True,True
2026-09-17T06:51:15.271310+00:00,21.836999400009518,655,324.00000000000017,240.0,324.0,240.0,324.0,240.0,1.7053025658242404e-13,TRACKING,0.04999999999999908,0.0,3.107399999862537,29.54663640118709,True,True
2026-09-17T06:51:15.303987+00:00,21.869675599999027,656,324.00000000000017,240.0,324.0,240.0,324.0,240.0,1.7053025658242404e-13,TRACKING,0.07499999999999908,0.0,2.6490000018384308,30.603313736635098,True,True
2026-09-17T06:51:15.337097+00:00,21.9027863000083,657,324.00000000000017,240.0,324.0,240.0,324.0,240.0,1.7053025658242404e-13,TRACKING,0.09999999999999909,0.0,2.363599996897392,30.20171726118446,True,True
2026-09-17T06:51:15.370460+00:00,21.936149900007877,658,324.00000000000017,240.0,324.0,240.0,324.0,240.0,1.7053025658242404e-13,TRACKING,0.12499999999999908,0.0,2.660800004377961,29.97278471186383,True,True
2026-09-17T06:51:15.404321+00:00,21.970011900004465,659,324.00000000000017,240.0,324.0,240.0,324.0,240.0,1.7053025658242404e-13,TRACKING,0.14999999999999908,0.0,3.1316999957198277,29.531628376963713,True,True
2026-09-17T06:51:15.440121+00:00,22.00581260000763,660,324.00000000000017,240.0,324.0,240.0,324.0,240.0,1.7053025658242404e-13,TRACKING,0.17499999999999907,0.0,5.450000011478551,27.93241472685168,True,True
2026-09-17T06:51:15.470408+00:00,22.036090399997192,661,324.00000000000017,240.0,324.0,240.0,324.0,240.0,1.7053025658242404e-13,TRACKING,0.19999999999999907,0.0,2.234100000350736,33.02749870679921,True,True
2026-09-17T06:51:15.503153+00:00,22.068844200010062,662,324.00000000000017,240.0,324.0,240.0,324.0,240.0,1.7053025658242404e-13,TRACKING,0.22499999999999906,0.0,1.8622999923536554,30.53080862700132,True,True
2026-09-17T06:51:15.537268+00:00,22.10295670000778,663,324.00000000000017,240.0,324.0,240.0,324.0,240.0,1.7053025658242404e-13,TRACKING,0.24999999999999906,0.0,2.2578999924007803,29.314767315995272,True,True
2026-09-17T06:51:15.570652+00:00,22.136341000004904,664,324.00000000000017,240.0,324.0,240.0,324.0,240.0,1.7053025658242404e-13,TRACKING,0.2749999999999991,0.0,2.7908000047318637,29.95420003073755,True,True
2026-09-17T06:51:15.604412+00:00,22.170102500007488,665,324.00000000000017,240.0,324.0,240.0,324.0,240.0,1.7053025658242404e-13,TRACKING,0.2999999999999991,0.0,2.9177000105846673,29.619537044369423,True,True
2026-09-17T06:51:15.637284+00:00,22.202971999999136,666,324.0000000000001,240.0,324.0,240.0,324.0,240.0,1.1368683772161603e-13,TRACKING,0.3249999999999991,0.0,2.6830999995581806,30.423340794782362,True,True
2026-09-17T06:51:15.669968+00:00,22.235657500001253,667,324.0000000000001,240.0,324.0,240.0,324.0,240.0,1.1368683772161603e-13,TRACKING,0.34999999999999915,0.0,1.8833000067388639,30.594606168950587,True,True
2026-09-17T06:51:15.703648+00:00,22.26933930000814,668,324.0000000000001,240.0,324.0,240.0,324.0,240.0,1.1368683772161603e-13,TRACKING,0.37499999999999917,0.0,2.2441000037360936,29.689624657692697,True,True
2026-09-17T06:51:15.736730+00:00,22.302422100008698,669,324.0000000000001,240.0,324.0,240.0,324.0,240.0,1.1368683772161603e-13,TRACKING,0.3999999999999992,0.0,2.297099999850616,30.227187541053695,True,True
2026-09-17T06:51:15.770910+00:00,22.336596599998302,670,324.0000000000001,240.0,324.0,240.0,324.0,240.0,1.1368683772161603e-13,TRACKING,0.4249999999999992,0.0,2.9319000022951514,29.261583938439884,True,True
2026-09-17T06:51:15.803682+00:00,22.36937200000102,671,324.0000000000001,240.0,324.0,240.0,324.0,240.0,1.1368683772161603e-13,TRACKING,0.44999999999999923,0.0,2.5907999952323735,30.510687891437357,True,True
2026-09-17T06:51:15.836934+00:00,22.402624100010144,672,324.0000000000001,240.0,324.0,240.0,324.0,240.0,1.1368683772161603e-13,TRACKING,0.47499999999999926,0.0,2.2742000001017004,30.07328859607885,True,True
2026-09-17T06:51:15.870112+00:00,22.435805200002505,673,324.0000000000001,240.0,324.0,240.0,324.0,240.0,1.1368683772161603e-13,TRACKING,0.4999999999999993,0.0,2.093100003548898,30.137638602403047,True,True
2026-09-17T06:51:15.903985+00:00,22.46967510000104,674,324.0000000000001,240.0,324.0,240.0,324.0,240.0,1.1368683772161603e-13,TRACKING,0.5249999999999992,0.0,2.4807000008877367,29.5247402573743,True,True
2026-09-17T06:51:15.937727+00:00,22.503414200007683,675,324.0000000000001,240.0,324.0,240.0,324.0,240.0,1.1368683772161603e-13,TRACKING,0.5499999999999993,0.0,2.948600013041869,29.63920198829079,True,True
2026-09-17T06:51:15.970643+00:00,22.53633470000932,676,324.0000000000001,240.0,324.0,240.0,324.0,240.0,1.1368683772161603e-13,TRACKING,0.5749999999999993,0.0,2.413099995465018,30.376209351324132,True,True
2026-09-17T06:51:16.003672+00:00,22.56936300000234,677,324.0000000000001,240.0,324.0,240.0,324.0,240.0,1.1368683772161603e-13,TRACKING,0.5999999999999993,0.0,2.198900008806959,30.277065432108806,True,True
2026-09-17T06:51:16.037107+00:00,22.60279669999727,678,324.0000000000001,240.0,324.0,240.0,324.0,240.0,1.1368683772161603e-13,TRACKING,0.6249999999999993,0.0,2.593099998193793,29.90994117168131,True,True
2026-09-17T06:51:16.070668+00:00,22.636360500007868,679,324.0000000000001,240.0,324.0,240.0,324.0,240.0,1.1368683772161603e-13,TRACKING,0.6499999999999994,0.0,2.4465999886160716,29.794004245176737,True,True
2026-09-17T06:51:16.103325+00:00,22.66901690000668,680,324.0000000000001,240.0,324.0,240.0,324.0,240.0,1.1368683772161603e-13,TRACKING,0.6749999999999994,0.0,2.1887999901082367,30.62186891501579,True,True
2026-09-17T06:51:16.136416+00:00,22.702106099997764,681,324.0000000000001,240.0,324.0,240.0,324.0,240.0,1.1368683772161603e-13,TRACKING,0.6999999999999994,0.0,1.980599990929477,30.22134111037797,True,True
2026-09-17T06:51:16.170670+00:00,22.736361700008274,682,324.0000000000001,240.0,324.0,240.0,324.0,240.0,1.1368683772161603e-13,TRACKING,0.7249999999999994,0.0,2.693099988391623,29.192307234238292,True,True
2026-09-17T06:51:16.203619+00:00,22.7693125000078,683,324.0000000000001,240.0,324.0,240.0,324.0,240.0,1.1368683772161603e-13,TRACKING,0.7499999999999994,0.0,2.216299995779991,30.34827682527866,True,True
2026-09-17T06:51:16.237612+00:00,22.80330510000931,684,324.0000000000001,240.0,324.0,240.0,324.0,240.0,1.1368683772161603e-13,TRACKING,0.7749999999999995,0.0,3.0076999973971397,29.418167482203312,True,True
2026-09-17T06:51:16.271037+00:00,22.836721500003478,685,324.0000000000001,240.0,324.0,240.0,324.0,240.0,1.1368683772161603e-13,TRACKING,0.7999999999999995,0.0,2.829399993061088,29.925425844033708,True,True
2026-09-17T06:51:16.304366+00:00,22.870054300001357,686,324.0000000000001,240.0,324.0,240.0,324.0,240.0,1.1368683772161603e-13,TRACKING,0.8249999999999995,0.0,2.8756999963661656,30.000480009588912,True,True
2026-09-17T06:51:16.337061+00:00,22.90275350000593,687,324.0000000000001,240.0,324.0,240.0,324.0,240.0,1.1368683772161603e-13,TRACKING,0.8499999999999995,0.0,2.2967000113567337,30.581787929373764,True,True
2026-09-17T06:51:16.370857+00:00,22.9365453000064,688,324.0000000000001,240.0,324.0,240.0,324.0,240.0,1.1368683772161603e-13,TRACKING,0.8749999999999996,0.0,2.550600009271875,29.592978177724547,True,True
2026-09-17T06:51:16.404698+00:00,22.970384600004763,689,324.00000000000006,240.0,324.0,240.0,324.0,240.0,5.684341886080802e-14,TRACKING,0.8999999999999996,0.0,3.248000008170493,29.55143871322365,True,True
2026-09-17T06:51:16.437816+00:00,23.003502799998387,690,324.00000000000006,240.0,324.0,240.0,324.0,240.0,5.684341886080802e-14,TRACKING,0.9249999999999996,0.0,3.2894000032683834,30.19487774675375,True,True
2026-09-17T06:51:16.470332+00:00,23.036018800004967,691,324.00000000000006,240.0,324.0,240.0,324.0,240.0,5.684341886080802e-14,TRACKING,0.9499999999999996,0.0,2.339900005608797,30.754090287784962,True,True
2026-09-17T06:51:16.504212+00:00,23.069902000002912,692,324.00000000000006,240.0,324.0,240.0,324.0,240.0,5.684341886080802e-14,TRACKING,0.9749999999999996,0.0,2.672700007678941,29.513151061902555,True,True
2026-09-17T06:51:16.537470+00:00,23.103158700003405,693,324.00000000000006,240.0,324.0,240.0,324.0,240.0,5.684341886080802e-14,TRACKING,0.9999999999999997,0.0,2.8168999997433275,30.069128926958484,True,True
2026-09-17T06:51:16.571565+00:00,23.13725840000552,694,324.00000000000006,240.0,324.0,240.0,324.0,240.0,5.684341886080802e-14,TRACKING,1.0249999999999997,0.0,3.345599994645454,29.325771192648094,True,True
2026-09-17T06:51:16.604073+00:00,23.169764500009478,695,324.00000000000006,240.0,324.0,240.0,324.0,240.0,5.684341886080802e-14,TRACKING,1.0499999999999996,0.0,2.6895999908447266,30.763456701304513,True,True
2026-09-17T06:51:16.637490+00:00,23.203181899996707,696,324.00000000000006,240.0,324.0,240.0,324.0,240.0,5.684341886080802e-14,TRACKING,1.0749999999999995,0.0,2.795199994579889,29.924530345932414,True,True
2026-09-17T06:51:16.670430+00:00,23.236118800006807,697,324.0000000000001,240.0,324.0,240.0,324.0,240.0,1.1368683772161603e-13,TRACKING,1.0999999999999994,0.0,2.246600008220412,30.361084367179792,True,True
2026-09-17T06:51:16.703693+00:00,23.269381799997063,698,324.0000000000001,240.0,324.0,240.0,324.0,240.0,1.1368683772161603e-13,TRACKING,1.1249999999999993,0.0,2.2471999982371926,30.063433854220094,True,True
2026-09-17T06:51:16.737657+00:00,23.303343400009908,699,324.0000000000001,240.0,324.0,240.0,324.0,240.0,1.1368683772161603e-13,TRACKING,1.1499999999999992,0.0,2.700400000321679,29.4450202470377,True,True
2026-09-17T06:51:16.771752+00:00,23.33744299999671,700,324.0000000000001,240.0,324.0,240.0,324.0,240.0,1.1368683772161603e-13,TRACKING,1.1749999999999992,0.0,3.7930999969830737,29.325857206155487,True,True
2026-09-17T06:51:16.804265+00:00,23.369954800000414,701,324.0000000000001,240.0,324.0,240.0,324.0,240.0,1.1368683772161603e-13,TRACKING,1.199999999999999,0.0,2.6985000004060566,30.75806322277087,True,True
2026-09-17T06:51:16.837038+00:00,23.402729399997042,702,324.0000000000001,240.0,324.0,240.0,324.0,240.0,1.1368683772161603e-13,TRACKING,1.224999999999999,0.0,2.1009999909438193,30.511432636946818,True,True
2026-09-17T06:51:16.870312+00:00,23.43600359999982,703,324.00000000000017,240.0,324.0,240.0,324.0,240.0,1.7053025658242404e-13,TRACKING,1.249999999999999,0.0,2.065799999400042,30.053314577554808,True,True
2026-09-17T06:51:16.904613+00:00,23.470304100002977,704,324.00000000000017,240.0,324.0,240.0,324.0,240.0,1.7053025658242404e-13,TRACKING,1.2749999999999988,0.0,3.262500002165325,29.154093960962946,True,True
2026-09-17T06:51:16.937764+00:00,23.50345190000371,705,324.0000000000002,240.0,324.0,240.0,324.0,240.0,2.2737367544323206e-13,TRACKING,1.2999999999999987,0.0,3.224000000045635,30.167914612066742,True,True
2026-09-17T06:51:16.970280+00:00,23.53596850000031,706,324.0000000000002,240.0,324.0,240.0,324.0,240.0,2.2737367544323206e-13,TRACKING,1.3249999999999986,0.0,2.1994999988237396,30.753522819256585,True,True
2026-09-17T06:51:17.003230+00:00,23.568916400006856,707,324.0000000000002,240.0,324.0,240.0,324.0,240.0,2.2737367544323206e-13,TRACKING,1.3499999999999985,0.0,1.8623999931151047,30.35094800582966,True,True
2026-09-17T06:51:17.038520+00:00,23.604209900004207,708,324.0000000000002,240.0,324.0,240.0,324.0,240.0,2.2737367544323206e-13,TRACKING,1.3749999999999984,0.0,2.5181000091833994,28.333829177470278,True,True
2026-09-17T06:51:17.071028+00:00,23.636719100002665,709,324.0000000000002,240.0,324.0,240.0,324.0,240.0,2.2737367544323206e-13,TRACKING,1.3999999999999984,0.0,2.9572000057669356,30.760523176437296,True,True
2026-09-17T06:51:17.104114+00:00,23.669805700003053,710,324.0000000000002,240.0,324.0,240.0,324.0,240.0,2.2737367544323206e-13,TRACKING,1.4249999999999983,0.0,2.7285000105621293,30.223715945073643,True,True
2026-09-17T06:51:17.137463+00:00,23.70315180000034,711,324.0000000000003,240.0,324.0,240.0,324.0,240.0,2.8421709430404007e-13,TRACKING,1.4499999999999982,0.0,2.671599999302998,29.98851440142363,True,True
2026-09-17T06:51:17.169926+00:00,23.73561570000311,712,324.0000000000003,240.0,324.0,240.0,324.0,240.0,2.8421709430404007e-13,TRACKING,1.474999999999998,0.0,1.7369999986840412,30.80344628694509,True,True
2026-09-17T06:51:17.203180+00:00,23.768863799996325,713,324.00000000000034,240.0,324.0,240.0,324.0,240.0,3.410605131648481e-13,TRACKING,1.499999999999998,0.0,2.0857000054093078,30.07690665644189,True,True
2026-09-17T06:51:17.237972+00:00,23.8036609999981,714,324.00000000000034,240.0,324.0,240.0,324.0,240.0,3.410605131648481e-13,TRACKING,1.524999999999998,0.0,3.327499987790361,28.737944430843722,True,True
2026-09-17T06:51:17.271306+00:00,23.836994099998265,715,324.00000000000034,240.0,324.0,240.0,324.0,240.0,3.410605131648481e-13,TRACKING,1.5499999999999978,0.0,3.2774999999674037,30.000210001322824,True,True
2026-09-17T06:51:17.303095+00:00,23.868788100007805,716,324.00000000000034,240.0,324.0,240.0,324.0,240.0,3.410605131648481e-13,TRACKING,1.5749999999999977,0.0,1.5061000012792647,31.452475300368896,True,True
2026-09-17T06:51:17.336718+00:00,23.902409900008934,717,324.00000000000034,240.0,324.0,240.0,324.0,240.0,3.410605131648481e-13,TRACKING,1.5999999999999976,0.0,1.8821999983629212,29.742607473913747,True,True
2026-09-17T06:51:17.369806+00:00,23.935492400007206,718,324.00000000000034,240.0,324.0,240.0,324.0,240.0,3.410605131648481e-13,TRACKING,1.6249999999999976,0.0,1.97130000742618,30.227461650486543,True,True
2026-09-17T06:51:17.404237+00:00,23.969924600009108,719,324.0000000000004,240.0,324.0,240.0,324.0,240.0,3.979039320256561e-13,TRACKING,1.6499999999999975,0.0,2.6787999959196895,29.042582232467357,True,True
2026-09-17T06:51:17.436697+00:00,24.00238890000037,720,324.0000000000004,240.0,324.0,240.0,324.0,240.0,3.979039320256561e-13,TRACKING,1.6749999999999974,0.0,1.8912999948952347,30.803066761617576,True,True
2026-09-17T06:51:17.470424+00:00,24.036114200003794,721,324.0000000000004,240.0,324.0,240.0,324.0,240.0,3.979039320256561e-13,TRACKING,1.6999999999999973,0.0,2.2481000050902367,29.65133000739616,True,True
2026-09-17T06:51:17.503158+00:00,24.068848900002195,722,324.00000000000045,240.0,324.0,240.0,324.0,240.0,4.547473508864641e-13,TRACKING,1.7249999999999972,0.0,1.981800000066869,30.548622716837865,True,True
2026-09-17T06:51:17.536430+00:00,24.102119500006665,723,324.00000000000045,240.0,324.0,240.0,324.0,240.0,4.547473508864641e-13,TRACKING,1.7499999999999971,0.0,1.7900999955600128,30.05656645403509,True,True
2026-09-17T06:51:17.570625+00:00,24.13631770000211,724,324.00000000000045,240.0,324.0,240.0,324.0,240.0,4.547473508864641e-13,TRACKING,1.774999999999997,0.0,2.8449000092223287,29.241305101824622,True,True
2026-09-17T06:51:17.604254+00:00,24.16993800000637,725,324.00000000000045,240.0,324.0,240.0,324.0,240.0,4.547473508864641e-13,TRACKING,1.799999999999997,0.0,3.1458000012207776,29.743934464395856,True,True
2026-09-17T06:51:17.637655+00:00,24.20334500000172,726,324.0000000000005,240.0,324.0,240.0,324.0,240.0,5.115907697472721e-13,TRACKING,1.8249999999999968,0.0,2.631199997267686,29.93384620406487,True,True
2026-09-17T06:51:17.670995+00:00,24.236676700005773,727,316.0000000000005,240.0,316.0,240.0,317.0,240.0,0.9999999999994884,TRACKING,1.8062499999999968,0.0,2.7393999916967005,30.001470068383522,True,True
2026-09-17T06:51:17.703654+00:00,24.269341000006534,728,315.0000000000005,240.0,315.0,240.0,314.0,240.0,1.0000000000005116,TRACKING,1.7687499999999967,0.0,2.0970000041415915,30.614462883842954,True,True
2026-09-17T06:51:17.737699+00:00,24.30338730000949,729,317.0000000000005,240.0,317.0,240.0,316.0,240.0,1.0000000000005116,TRACKING,1.7437499999999968,0.0,2.98839999595657,29.371767267314862,True,True
2026-09-17T06:51:17.770611+00:00,24.33629930000461,730,317.0000000000005,240.0,317.0,240.0,317.0,240.0,5.115907697472721e-13,TRACKING,1.7249999999999968,0.0,2.680799996596761,30.384054452729142,True,True
2026-09-17T06:51:17.804048+00:00,24.369734899999457,731,316.0000000000005,240.0,316.0,240.0,316.0,240.0,5.115907697472721e-13,TRACKING,1.6999999999999968,0.0,2.616199999465607,29.90824151964243,True,True
2026-09-17T06:51:17.836961+00:00,24.402652400007355,732,316.0000000000005,240.0,316.0,240.0,316.0,240.0,5.115907697472721e-13,TRACKING,1.674999999999997,0.0,2.2004999918863177,30.37897774011023,True,True
2026-09-17T06:51:17.870377+00:00,24.436067600006936,733,316.0000000000005,240.0,316.0,240.0,316.0,240.0,5.115907697472721e-13,TRACKING,1.649999999999997,0.0,2.4516999983461574,29.92650051511098,True,True
2026-09-17T06:51:17.903966+00:00,24.4696571000095,734,316.00000000000045,240.0,316.0,240.0,316.0,240.0,4.547473508864641e-13,TRACKING,1.6249999999999971,0.0,2.7655999874696136,29.771208262215765,True,True
2026-09-17T06:51:17.938233+00:00,24.50392119999742,735,316.00000000000045,240.0,316.0,240.0,316.0,240.0,4.547473508864641e-13,TRACKING,1.5999999999999972,0.0,3.8417000032495707,29.185065428611587,True,True
2026-09-17T06:51:17.969845+00:00,24.535534599999664,736,316.00000000000045,240.0,316.0,240.0,316.0,240.0,4.547473508864641e-13,TRACKING,1.5749999999999973,0.0,2.0056000066688284,31.632155982243262,True,True
2026-09-17T06:51:18.003758+00:00,24.569446599998628,737,316.00000000000045,240.0,316.0,240.0,316.0,240.0,4.547473508864641e-13,TRACKING,1.5499999999999974,0.0,2.625099994475022,29.488086813828918,True,True
2026-09-17T06:51:18.037144+00:00,24.602835400000913,738,316.00000000000045,240.0,316.0,240.0,316.0,240.0,4.547473508864641e-13,TRACKING,1.5249999999999975,0.0,2.5913999998010695,29.95016292683641,True,True
2026-09-17T06:51:18.070956+00:00,24.636648700005026,739,316.0000000000004,240.0,316.0,240.0,316.0,240.0,3.979039320256561e-13,TRACKING,1.4999999999999976,0.0,2.9537000082200393,29.574161642855778,True,True
2026-09-17T06:51:18.104204+00:00,24.66989060000924,740,316.0000000000004,240.0,316.0,240.0,316.0,240.0,3.979039320256561e-13,TRACKING,1.4749999999999976,0.0,3.086199998506345,30.082516338513805,True,True
2026-09-17T06:51:18.136518+00:00,24.702207900001667,741,316.00000000000034,240.0,316.0,240.0,316.0,240.0,3.410605131648481e-13,TRACKING,1.4499999999999977,0.0,1.9832999969366938,30.94317904757813,True,True
2026-09-17T06:51:18.170261+00:00,24.73594779999985,742,316.00000000000034,240.0,316.0,240.0,316.0,240.0,3.410605131648481e-13,TRACKING,1.4249999999999978,0.0,2.1009999909438193,29.63849922655069,True,True
2026-09-17T06:51:18.203422+00:00,24.769111800007522,743,316.00000000000034,240.0,316.0,240.0,316.0,240.0,3.410605131648481e-13,TRACKING,1.399999999999998,0.0,1.9086999964201823,30.15317813799993,True,True
2026-09-17T06:51:18.238089+00:00,24.803765999997267,744,316.00000000000034,240.0,316.0,240.0,316.0,240.0,3.410605131648481e-13,TRACKING,1.374999999999998,0.0,3.4032999974442646,28.85653110722257,True,True
2026-09-17T06:51:18.270730+00:00,24.836421200001496,745,316.00000000000034,240.0,316.0,240.0,316.0,240.0,3.410605131648481e-13,TRACKING,1.349999999999998,0.0,2.8151000005891547,30.62299418991505,True,True
2026-09-17T06:51:18.303935+00:00,24.869624200000544,746,316.00000000000034,240.0,316.0,240.0,316.0,240.0,3.410605131648481e-13,TRACKING,1.3249999999999982,0.0,2.815899992128834,30.117760444196804,True,True
2026-09-17T06:51:18.337006+00:00,24.902698400008376,747,316.0000000000003,240.0,316.0,240.0,316.0,240.0,2.8421709430404007e-13,TRACKING,1.2999999999999983,0.0,2.159999989089556,30.235047250219473,True,True
2026-09-17T06:51:18.370591+00:00,24.93627859999833,748,316.0000000000003,240.0,316.0,240.0,316.0,240.0,2.8421709430404007e-13,TRACKING,1.2749999999999984,0.0,2.34759999148082,29.779453377261262,True,True
2026-09-17T06:51:18.403805+00:00,24.969496500008972,749,316.0000000000002,240.0,316.0,240.0,316.0,240.0,2.2737367544323206e-13,TRACKING,1.2499999999999984,0.0,2.5187999999616295,30.10425101164338,True,True
2026-09-17T06:51:18.437814+00:00,25.00350459999754,750,316.0000000000002,240.0,316.0,240.0,316.0,240.0,2.2737367544323206e-13,TRACKING,1.2249999999999985,0.0,3.2210999925155193,29.40475946424935,True,True
2026-09-17T06:51:18.470640+00:00,25.03632070000458,751,316.0000000000002,240.0,316.0,240.0,316.0,240.0,2.2737367544323206e-13,TRACKING,1.1999999999999986,0.0,2.8762000001734123,30.472847162992757,True,True
2026-09-17T06:51:18.503791+00:00,25.069477299999562,752,316.0000000000002,240.0,316.0,240.0,316.0,240.0,2.2737367544323206e-13,TRACKING,1.1749999999999987,0.0,2.340799997909926,30.15990783588645,True,True
2026-09-17T06:51:18.536750+00:00,25.102442600007635,753,316.0000000000002,240.0,316.0,240.0,316.0,240.0,2.2737367544323206e-13,TRACKING,1.1499999999999988,0.0,1.9628999871201813,30.334927931950286,True,True
2026-09-17T06:51:18.570899+00:00,25.136584200008656,754,316.0000000000002,240.0,316.0,240.0,316.0,240.0,2.2737367544323206e-13,TRACKING,1.124999999999999,0.0,2.5569999997969717,29.289781380195617,True,True
2026-09-17T06:51:18.604608+00:00,25.17029530000582,755,316.00000000000017,240.0,316.0,240.0,316.0,240.0,1.7053025658242404e-13,TRACKING,1.099999999999999,0.0,3.149299998767674,29.66381993124406,True,True
2026-09-17T06:51:18.637408+00:00,25.203095100005157,756,316.00000000000017,240.0,316.0,240.0,316.0,240.0,1.7053025658242404e-13,TRACKING,1.074999999999999,0.0,2.6206000038655475,30.487990781046395,True,True
2026-09-17T06:51:18.669848+00:00,25.23553510000056,757,316.0000000000001,240.0,316.0,240.0,316.0,240.0,1.1368683772161603e-13,TRACKING,1.0499999999999992,0.0,2.1013999939896166,30.826140571568413,True,True
2026-09-17T06:51:18.703443+00:00,25.269131100008963,758,316.0000000000001,240.0,316.0,240.0,316.0,240.0,1.1368683772161603e-13,TRACKING,1.0249999999999992,0.0,2.10089999018237,29.765448260207368,True,True
2026-09-17T06:51:18.737007+00:00,25.30269799999951,759,316.0000000000001,240.0,316.0,240.0,316.0,240.0,1.1368683772161603e-13,TRACKING,0.9999999999999992,0.0,2.3680000012973323,29.791252700774606,True,True
2026-09-17T06:51:18.771851+00:00,25.33754140000383,760,316.0000000000001,240.0,316.0,240.0,316.0,240.0,1.1368683772161603e-13,TRACKING,0.9749999999999992,0.0,3.8884000096004456,28.699839851335437,True,True
2026-09-17T06:51:18.802985+00:00,25.368672500000685,761,316.0000000000001,240.0,316.0,240.0,316.0,240.0,1.1368683772161603e-13,TRACKING,0.9499999999999992,0.0,1.8638000037753955,32.1222186206401,True,True
2026-09-17T06:51:18.836668+00:00,25.402360499996576,762,316.0000000000001,240.0,316.0,240.0,316.0,240.0,1.1368683772161603e-13,TRACKING,0.9249999999999992,0.0,2.0078999950783327,29.684160535560796,True,True
2026-09-17T06:51:18.869708+00:00,25.43539860000601,763,316.0000000000001,240.0,316.0,240.0,316.0,240.0,1.1368683772161603e-13,TRACKING,0.8999999999999991,0.0,1.6953000013018027,30.268084415097267,True,True
2026-09-17T06:51:18.904498+00:00,25.470188100007363,764,316.0000000000001,240.0,316.0,240.0,316.0,240.0,1.1368683772161603e-13,TRACKING,0.8749999999999991,0.0,3.2060999947134405,28.744305033447727,True,True
2026-09-17T06:51:18.937120+00:00,25.502808200006257,765,316.0000000000001,240.0,316.0,240.0,316.0,240.0,1.1368683772161603e-13,TRACKING,0.8499999999999991,0.0,2.139600008376874,30.65594526178341,True,True
2026-09-17T06:51:18.969697+00:00,25.53538739999931,766,316.0000000000001,240.0,316.0,240.0,316.0,240.0,1.1368683772161603e-13,TRACKING,0.8249999999999991,0.0,1.8589999963296577,30.694430809021632,True,True
2026-09-17T06:51:19.003334+00:00,25.569024399999762,767,316.0000000000001,240.0,316.0,240.0,316.0,240.0,1.1368683772161603e-13,TRACKING,0.799999999999999,0.0,2.215300002717413,29.729167285623458,True,True
2026-09-17T06:51:19.036919+00:00,25.60261210000317,768,316.00000000000017,240.0,316.0,240.0,316.0,240.0,1.7053025658242404e-13,TRACKING,0.774999999999999,0.0,2.130400011083111,29.77280373167885,True,True
2026-09-17T06:51:19.070714+00:00,25.636404600008973,769,316.00000000000017,240.0,316.0,240.0,316.0,240.0,1.7053025658242404e-13,TRACKING,0.749999999999999,0.0,2.9528000013669953,29.592365164705214,True,True
2026-09-17T06:51:19.104549+00:00,25.670208499999717,770,316.00000000000017,240.0,316.0,240.0,316.0,240.0,1.7053025658242404e-13,TRACKING,0.724999999999999,0.0,3.073600004427135,29.582385472499205,True,True
2026-09-17T06:51:19.136572+00:00,25.702258600009372,771,316.00000000000017,240.0,316.0,240.0,316.0,240.0,1.7053025658242404e-13,TRACKING,0.699999999999999,0.0,2.1235000021988526,31.201150689037938,True,True
2026-09-17T06:51:19.169961+00:00,25.735652400006074,772,316.00000000000017,240.0,316.0,240.0,316.0,240.0,1.7053025658242404e-13,TRACKING,0.6749999999999989,0.0,1.8662999937077984,29.945678542087478,True,True
2026-09-17T06:51:19.204020+00:00,25.769714800000656,773,316.00000000000017,240.0,316.0,240.0,316.0,240.0,1.7053025658242404e-13,TRACKING,0.6499999999999989,0.0,2.202000003308058,29.357884358091702,True,True
2026-09-17T06:51:19.237710+00:00,25.803398800009745,774,316.00000000000017,240.0,316.0,240.0,316.0,240.0,1.7053025658242404e-13,TRACKING,0.6249999999999989,0.0,2.8987999976379797,29.6876855400242,True,True
2026-09-17T06:51:19.272154+00:00,25.837832400007755,775,316.00000000000017,240.0,316.0,240.0,316.0,240.0,1.7053025658242404e-13,TRACKING,0.5999999999999989,0.0,3.8417000032495707,29.041401423545114,True,True
2026-09-17T06:51:19.303675+00:00,25.869360199998482,776,316.00000000000017,240.0,316.0,240.0,316.0,240.0,1.7053025658242404e-13,TRACKING,0.5749999999999988,0.0,2.178399998228997,31.71803932701086,True,True
2026-09-17T06:51:19.336463+00:00,25.90215470000112,777,316.00000000000017,240.0,316.0,240.0,316.0,240.0,1.7053025658242404e-13,TRACKING,0.5499999999999988,0.0,1.9318999984534457,30.492918017337505,True,True
2026-09-17T06:51:19.369296+00:00,25.93498940000427,778,316.00000000000017,240.0,316.0,240.0,316.0,240.0,1.7053025658242404e-13,TRACKING,0.5249999999999988,0.0,1.459400009480305,30.455585094551417,True,True
2026-09-17T06:51:19.404103+00:00,25.969794800010277,779,316.0000000000002,240.0,316.0,240.0,316.0,240.0,2.2737367544323206e-13,TRACKING,0.4999999999999988,0.0,2.5280999980168417,28.731173893344142,True,True
2026-09-17T06:51:19.437717+00:00,26.00340210000286,780,316.0000000000002,240.0,316.0,240.0,316.0,240.0,2.2737367544323206e-13,TRACKING,0.47499999999999876,0.0,3.0343999969772995,29.755440044892953,True,True
2026-09-17T06:51:19.470094+00:00,26.035787200002233,781,316.0000000000002,240.0,316.0,240.0,316.0,240.0,2.2737367544323206e-13,TRACKING,0.44999999999999873,0.0,1.9275000086054206,30.87839778229299,True,True
2026-09-17T06:51:19.503570+00:00,26.069262400007574,782,316.0000000000002,240.0,316.0,240.0,316.0,240.0,2.2737367544323206e-13,TRACKING,0.4249999999999987,0.0,2.372799994191155,29.872861098378486,True,True
2026-09-17T06:51:19.537100+00:00,26.10277219999989,783,316.0000000000002,240.0,316.0,240.0,316.0,240.0,2.2737367544323206e-13,TRACKING,0.3999999999999987,0.0,2.1160000032978132,29.84201637220437,True,True
2026-09-17T06:51:19.570596+00:00,26.136286100008874,784,316.0000000000002,240.0,316.0,240.0,316.0,240.0,2.2737367544323206e-13,TRACKING,0.37499999999999867,0.0,2.452899992931634,29.838365565688708,True,True
2026-09-17T06:51:19.604145+00:00,26.169828600002802,785,316.0000000000002,240.0,316.0,240.0,316.0,240.0,2.2737367544323206e-13,TRACKING,0.34999999999999865,0.0,2.6471000019228086,29.812923907908793,True,True
2026-09-17T06:51:19.637314+00:00,26.2030042999977,786,316.0000000000002,240.0,316.0,240.0,316.0,240.0,2.2737367544323206e-13,TRACKING,0.3249999999999986,0.0,2.6126000011572614,30.142544095640698,True,True
2026-09-17T06:51:19.669741+00:00,26.235433199995896,787,316.0000000000002,240.0,316.0,240.0,316.0,240.0,2.2737367544323206e-13,TRACKING,0.2999999999999986,0.0,1.9338999991305172,30.83669196474979,True,True
2026-09-17T06:51:19.703130+00:00,26.268820199999027,788,316.0000000000002,240.0,316.0,240.0,316.0,240.0,2.2737367544323206e-13,TRACKING,0.2749999999999986,0.0,1.99350000184495,29.95177763519387,True,True
2026-09-17T06:51:19.738310+00:00,26.303999299998395,789,316.0000000000002,240.0,316.0,240.0,316.0,240.0,2.2737367544323206e-13,TRACKING,0.24999999999999858,0.0,3.7327000027289614,28.425968828593106,True,True
2026-09-17T06:51:19.770351+00:00,26.336036699998658,790,316.0000000000002,240.0,316.0,240.0,316.0,240.0,2.2737367544323206e-13,TRACKING,0.2249999999999986,0.0,2.522700000554323,31.213519199179416,True,True
2026-09-17T06:51:19.804261+00:00,26.369953500005067,791,316.0000000000002,240.0,316.0,240.0,316.0,240.0,2.2737367544323206e-13,TRACKING,0.1999999999999986,0.0,2.7319000073475763,29.48391357118102,True,True
2026-09-17T06:51:19.836622+00:00,26.402314500010107,792,316.0000000000002,240.0,316.0,240.0,316.0,240.0,2.2737367544323206e-13,TRACKING,0.1749999999999986,0.0,1.9117999909212813,30.901393648041655,True,True
2026-09-17T06:51:19.870483+00:00,26.436161600009655,793,316.0000000000002,240.0,316.0,240.0,316.0,240.0,2.2737367544323206e-13,TRACKING,0.1499999999999986,0.0,2.231899998150766,29.544628639184925,True,True
2026-09-17T06:51:19.904418+00:00,26.470109000001685,794,316.0000000000002,240.0,316.0,240.0,316.0,240.0,2.2737367544323206e-13,TRACKING,0.12499999999999861,0.0,3.0439999973168597,29.457336945827123,True,True
2026-09-17T06:51:19.939287+00:00,26.504970499998308,795,316.0000000000002,240.0,316.0,240.0,316.0,240.0,2.2737367544323206e-13,TRACKING,0.09999999999999862,0.0,4.501600007642992,28.684938975570997,True,True
2026-09-17T06:51:19.970267+00:00,26.53595010000572,796,316.0000000000002,240.0,316.0,240.0,316.0,240.0,2.2737367544323206e-13,TRACKING,0.07499999999999862,0.0,2.382600010605529,32.279306374540504,True,True
2026-09-17T06:51:20.003896+00:00,26.569587899997714,797,316.0000000000002,240.0,316.0,240.0,316.0,240.0,2.2737367544323206e-13,TRACKING,0.04999999999999862,0.0,2.629399998113513,29.728460251206346,True,True
2026-09-17T06:51:20.036372+00:00,26.602061800003867,798,316.0000000000002,240.0,316.0,240.0,316.0,240.0,2.2737367544323206e-13,TRACKING,0.02499999999999862,0.0,1.93349999608472,30.793960682595387,True,True
2026-09-17T06:51:20.071080+00:00,26.636758200009353,799,316.0000000000002,240.0,316.0,240.0,316.0,240.0,2.2737367544323206e-13,TRACKING,-1.3808398868775384e-15,0.0,3.2986000005621463,28.821433919422844,True,True
2026-09-17T06:51:20.102892+00:00,26.66858019999927,800,316.0000000000002,240.0,316.0,240.0,316.0,240.0,2.2737367544323206e-13,TRACKING,-0.025000000000001382,0.0,1.7627000052016228,31.424800462475616,True,True
2026-09-17T06:51:20.137555+00:00,26.703244600008475,801,316.0000000000002,240.0,316.0,240.0,316.0,240.0,2.2737367544323206e-13,TRACKING,-0.050000000000001384,0.0,2.741999996942468,28.848040056497084,True,True
2026-09-17T06:51:20.170737+00:00,26.73642670000845,802,316.0000000000002,240.0,316.0,240.0,316.0,240.0,2.2737367544323206e-13,TRACKING,-0.07500000000000139,0.0,2.737400005571544,30.13673034559937,True,True
2026-09-17T06:51:20.203969+00:00,26.769659700003103,803,316.0000000000002,240.0,316.0,240.0,316.0,240.0,2.2737367544323206e-13,TRACKING,-0.1000000000000014,0.0,2.7329000004101545,30.09057262843902,True,True
2026-09-17T06:51:20.237628+00:00,26.803314400007366,804,316.0000000000002,240.0,316.0,240.0,316.0,240.0,2.2737367544323206e-13,TRACKING,-0.1250000000000014,0.0,3.1033000122988597,29.7135318357714,True,True
2026-09-17T06:51:20.269962+00:00,26.83564830000978,805,316.0000000000002,240.0,316.0,240.0,316.0,240.0,2.2737367544323206e-13,TRACKING,-0.15000000000000138,0.0,2.1163000055821612,30.927293024514803,True,True
2026-09-17T06:51:20.303593+00:00,26.86928520000947,806,316.0000000000002,240.0,316.0,240.0,316.0,240.0,2.2737367544323206e-13,TRACKING,-0.17500000000000138,0.0,1.9758999987971038,29.729255668897952,True,True
2026-09-17T06:51:20.337207+00:00,26.902891999998246,807,316.0000000000002,240.0,316.0,240.0,316.0,240.0,2.2737367544323206e-13,TRACKING,-0.20000000000000137,0.0,2.3797999892849475,29.75588274795643,True,True
2026-09-17T06:51:20.370242+00:00,26.935934699999052,808,316.0000000000002,240.0,316.0,240.0,316.0,240.0,2.2737367544323206e-13,TRACKING,-0.22500000000000137,0.0,2.3751999979140237,30.263870687795308,True,True
2026-09-17T06:51:20.404832+00:00,26.970518800007994,809,316.0000000000002,240.0,316.0,240.0,316.0,240.0,2.2737367544323206e-13,TRACKING,-0.2500000000000014,0.0,3.5271999950055033,28.91502163541733,True,True
2026-09-17T06:51:20.437451+00:00,27.00313979999919,810,316.0000000000002,240.0,316.0,240.0,316.0,240.0,2.2737367544323206e-13,TRACKING,-0.2750000000000014,0.0,2.7865000010933727,30.655099484071908,True,True
2026-09-17T06:51:20.469682+00:00,27.035372099999222,811,316.0000000000002,240.0,316.0,240.0,316.0,240.0,2.2737367544323206e-13,TRACKING,-0.30000000000000143,0.0,1.8945999909192324,31.024779491348568,True,True
2026-09-17T06:51:20.503487+00:00,27.069176700009848,812,316.0000000000002,240.0,316.0,240.0,316.0,240.0,2.2737367544323206e-13,TRACKING,-0.32500000000000145,0.0,2.227899996796623,29.581772885514503,True,True
2026-09-17T06:51:20.537018+00:00,27.102709400001913,813,316.0000000000002,240.0,316.0,240.0,316.0,240.0,2.2737367544323206e-13,TRACKING,-0.3500000000000015,0.0,2.3821000067982823,29.821636797413426,True,True
2026-09-17T06:51:20.570816+00:00,27.13649570000416,814,316.0000000000002,240.0,316.0,240.0,316.0,240.0,2.2737367544323206e-13,TRACKING,-0.3750000000000015,0.0,3.0226000089896843,29.597795554217637,True,True
2026-09-17T06:51:20.604271+00:00,27.169959100006963,815,316.0000000000002,240.0,316.0,240.0,316.0,240.0,2.2737367544323206e-13,TRACKING,-0.4000000000000015,0.0,3.1463000050280243,29.883394990236287,True,True
2026-09-17T06:51:20.639317+00:00,27.205004999996163,816,316.0000000000002,240.0,316.0,240.0,316.0,240.0,2.2737367544323206e-13,TRACKING,-0.42500000000000154,0.0,4.703899991000071,28.53400826653538,True,True
2026-09-17T06:51:20.670253+00:00,27.235946800006786,817,316.0000000000002,240.0,316.0,240.0,316.0,240.0,2.2737367544323206e-13,TRACKING,-0.45000000000000157,0.0,1.9900999905075878,32.31874033368016,True,True
2026-09-17T06:51:20.703607+00:00,27.269297599996207,818,316.0000000000002,240.0,316.0,240.0,316.0,240.0,2.2737367544323206e-13,TRACKING,-0.4750000000000016,0.0,2.074699994409457,29.984288242477128,True,True
2026-09-17T06:51:20.737479+00:00,27.30316350000794,819,316.0000000000002,240.0,316.0,240.0,316.0,240.0,2.2737367544323206e-13,TRACKING,-0.5000000000000016,0.0,2.9131000046618283,29.528227498856968,True,True
2026-09-17T06:51:20.770860+00:00,27.33655059999728,820,316.0000000000002,240.0,316.0,240.0,316.0,240.0,2.2737367544323206e-13,TRACKING,-0.5250000000000016,0.0,3.063500000280328,29.9516879369357,True,True
2026-09-17T06:51:20.804945+00:00,27.370629900004133,821,316.0000000000002,240.0,316.0,240.0,316.0,240.0,2.2737367544323206e-13,TRACKING,-0.5500000000000016,0.0,3.4791999933077022,29.343325707950356,True,True
2026-09-17T06:51:20.836374+00:00,27.402065400005085,822,316.0000000000002,240.0,316.0,240.0,316.0,240.0,2.2737367544323206e-13,TRACKING,-0.5750000000000016,0.0,1.7046000139089301,31.811168900437153,True,True
2026-09-17T06:51:20.869725+00:00,27.435417500004405,823,316.0000000000002,240.0,316.0,240.0,316.0,240.0,2.2737367544323206e-13,TRACKING,-0.6000000000000016,0.0,1.6456000012112781,29.983119504330933,True,True
2026-09-17T06:51:20.904378+00:00,27.47007080000185,824,316.0000000000002,240.0,316.0,240.0,316.0,240.0,2.2737367544323206e-13,TRACKING,-0.6250000000000017,0.0,3.057000008993782,28.857280549724024,True,True
2026-09-17T06:51:20.938533+00:00,27.50422190000245,825,316.0000000000003,240.0,316.0,240.0,316.0,240.0,2.8421709430404007e-13,TRACKING,-0.6500000000000017,0.0,3.703700000187382,29.281633680392392,True,True
2026-09-17T06:51:20.971767+00:00,27.537447099995916,826,316.0000000000003,240.0,316.0,240.0,316.0,240.0,2.8421709430404007e-13,TRACKING,-0.6750000000000017,0.0,3.7419000000227243,30.097636739481754,True,True
2026-09-17T06:51:21.004292+00:00,27.569983100009267,827,316.0000000000003,240.0,316.0,240.0,316.0,240.0,2.8421709430404007e-13,TRACKING,-0.7000000000000017,0.0,2.90839999797754,30.73518562790881,True,True
2026-09-17T06:51:21.036734+00:00,27.602425700009917,828,316.0000000000003,240.0,316.0,240.0,316.0,240.0,2.8421709430404007e-13,TRACKING,-0.7250000000000018,0.0,2.2431999968830496,30.823670112135716,True,True
2026-09-17T06:51:21.070654+00:00,27.63634520000778,829,316.0000000000003,240.0,316.0,240.0,316.0,240.0,2.8421709430404007e-13,TRACKING,-0.7500000000000018,0.0,2.186000012443401,29.481566652307922,True,True
2026-09-17T06:51:21.105038+00:00,27.67072750000807,830,316.0000000000003,240.0,316.0,240.0,316.0,240.0,2.8421709430404007e-13,TRACKING,-0.7750000000000018,0.0,3.292000008514151,29.084732551097755,True,True
2026-09-17T06:51:21.137834+00:00,27.70351340000343,831,316.0000000000003,240.0,316.0,240.0,316.0,240.0,2.8421709430404007e-13,TRACKING,-0.8000000000000018,0.0,2.9198999982327223,30.500916556858538,True,True
2026-09-17T06:51:21.169916+00:00,27.735608000002685,832,316.0000000000003,240.0,316.0,240.0,316.0,240.0,2.8421709430404007e-13,TRACKING,-0.8250000000000018,0.0,2.0425999973667786,31.157889489921235,True,True
2026-09-17T06:51:21.203228+00:00,27.76892190000217,833,316.0000000000003,240.0,316.0,240.0,316.0,240.0,2.8421709430404007e-13,TRACKING,-0.8500000000000019,0.0,2.068200003122911,30.01750020308269,True,True
2026-09-17T06:51:21.237762+00:00,27.80345049999596,834,316.0000000000003,240.0,316.0,240.0,316.0,240.0,2.8421709430404007e-13,TRACKING,-0.8750000000000019,0.0,3.006899991305545,28.96149858899027,True,True
2026-09-17T06:51:21.271676+00:00,27.8373517,835,316.00000000000034,240.0,316.0,240.0,316.0,240.0,3.410605131648481e-13,TRACKING,-0.9000000000000019,0.0,3.2410999992862344,29.49748091161603,True,True
2026-09-17T06:51:21.304044+00:00,27.869733900006395,836,316.00000000000034,240.0,316.0,240.0,316.0,240.0,3.410605131648481e-13,TRACKING,-0.9250000000000019,0.0,2.7171000110683963,30.881163102028186,True,True
2026-09-17T06:51:21.336271+00:00,27.901963299998897,837,316.00000000000034,240.0,316.0,240.0,316.0,240.0,3.410605131648481e-13,TRACKING,-0.950000000000002,0.0,1.7719000024953857,31.02757110689729,True,True
2026-09-17T06:51:21.370161+00:00,27.93585290000192,838,316.00000000000034,240.0,316.0,240.0,316.0,240.0,3.410605131648481e-13,TRACKING,-0.975000000000002,0.0,2.15129999560304,29.507577543282746,True,True
2026-09-17T06:51:21.403436+00:00,27.969128299999284,839,316.00000000000034,240.0,316.0,240.0,316.0,240.0,3.410605131648481e-13,TRACKING,-1.000000000000002,0.0,1.9445000070845708,30.05223077947059,True,True
2026-09-17T06:51:21.436257+00:00,28.001948999997694,840,316.00000000000034,240.0,316.0,240.0,316.0,240.0,3.410605131648481e-13,TRACKING,-1.025000000000002,0.0,1.8591999978525564,30.46857623537683,True,True
2026-09-17T06:51:21.471029+00:00,28.036710300002596,841,316.00000000000034,240.0,316.0,240.0,316.0,240.0,3.410605131648481e-13,TRACKING,-1.0500000000000018,0.0,2.942899998743087,28.76762376145232,True,True
2026-09-17T06:51:21.503641+00:00,28.069332099999883,842,316.0000000000003,240.0,316.0,240.0,316.0,240.0,2.8421709430404007e-13,TRACKING,-1.0750000000000017,0.0,2.354399999603629,30.654347708684657,True,True
2026-09-17T06:51:21.536513+00:00,28.1022013000038,843,316.0000000000003,240.0,316.0,240.0,316.0,240.0,2.8421709430404007e-13,TRACKING,-1.1000000000000016,0.0,1.851000008173287,30.42361845986143,True,True
2026-09-17T06:51:21.571130+00:00,28.136818500002846,844,316.0000000000002,240.0,316.0,240.0,316.0,240.0,2.2737367544323206e-13,TRACKING,-1.1250000000000016,0.0,3.217899997252971,28.887373907407788,True,True
2026-09-17T06:51:21.604515+00:00,28.17020410000987,845,316.0000000000002,240.0,316.0,240.0,316.0,240.0,2.2737367544323206e-13,TRACKING,-1.1500000000000015,0.0,3.3165000058943406,29.953033636946703,True,True
2026-09-17T06:51:21.636314+00:00,28.202002500009257,846,316.0000000000002,240.0,316.0,240.0,316.0,240.0,2.2737367544323206e-13,TRACKING,-1.1750000000000014,0.0,1.7749000107869506,31.448123176613628,True,True
2026-09-17T06:51:21.669699+00:00,28.23539119999623,847,316.0000000000002,240.0,316.0,240.0,316.0,240.0,2.2737367544323206e-13,TRACKING,-1.2000000000000013,0.0,1.7414999892935157,29.95025264206736,True,True
2026-09-17T06:51:21.703491+00:00,28.269183399999747,848,316.0000000000002,240.0,316.0,240.0,316.0,240.0,2.2737367544323206e-13,TRACKING,-1.2250000000000012,0.0,2.3530000034952536,29.59262788146079,True,True
2026-09-17T06:51:21.738168+00:00,28.303855600010138,849,316.0000000000002,240.0,316.0,240.0,316.0,240.0,2.2737367544323206e-13,TRACKING,-1.250000000000001,0.0,3.556000010576099,28.841550282367685,True,True
2026-09-17T06:51:21.770114+00:00,28.33580770000117,850,316.00000000000017,240.0,316.0,240.0,316.0,240.0,1.7053025658242404e-13,TRACKING,-1.275000000000001,0.0,2.116899995598942,31.296847477339572,True,True
2026-09-17T06:51:21.803261+00:00,28.368946100003086,851,316.00000000000017,240.0,316.0,240.0,316.0,240.0,1.7053025658242404e-13,TRACKING,-1.300000000000001,0.0,1.8322000105399638,30.176472006558875,True,True
2026-09-17T06:51:21.837602+00:00,28.40329100000963,852,316.0000000000001,240.0,316.0,240.0,316.0,240.0,1.1368683772161603e-13,TRACKING,-1.3250000000000008,0.0,2.8876999858766794,29.11640446789595,True,True
2026-09-17T06:51:21.869998+00:00,28.43568920000689,853,316.0000000000001,240.0,316.0,240.0,316.0,240.0,1.1368683772161603e-13,TRACKING,-1.3500000000000008,0.0,2.162399992812425,30.86591230638015,True,True
2026-09-17T06:51:21.904361+00:00,28.470040200001677,854,316.0000000000001,240.0,316.0,240.0,316.0,240.0,1.1368683772161603e-13,TRACKING,-1.3750000000000007,0.0,3.213200005120598,29.111234029629408,True,True
2026-09-17T06:51:21.938550+00:00,28.504241100003128,855,316.0000000000001,240.0,316.0,240.0,316.0,240.0,1.1368683772161603e-13,TRACKING,-1.4000000000000006,0.0,3.9978999993763864,29.23899663335068,True,True
2026-09-17T06:51:21.971102+00:00,28.536788099998375,856,316.0000000000001,240.0,316.0,240.0,316.0,240.0,1.1368683772161603e-13,TRACKING,-1.4250000000000005,0.0,2.8432999970391393,30.724797988939713,True,True
2026-09-17T06:51:22.003787+00:00,28.569478400007938,857,316.0000000000001,240.0,316.0,240.0,316.0,240.0,1.1368683772161603e-13,TRACKING,-1.4500000000000004,0.0,2.6781999913509935,30.590113878045717,True,True
2026-09-17T06:51:22.037325+00:00,28.603016100008972,858,316.00000000000006,240.0,316.0,240.0,316.0,240.0,5.684341886080802e-14,TRACKING,-1.4750000000000003,0.0,2.138999989256263,29.817190802266417,True,True
2026-09-17T06:51:22.070651+00:00,28.63634209999873,859,316.00000000000006,240.0,316.0,240.0,316.0,240.0,5.684341886080802e-14,TRACKING,-1.5000000000000002,0.0,2.8175000043120235,30.006601461542825,True,True
2026-09-17T06:51:22.103730+00:00,28.669422799997847,860,316.0,240.0,316.0,240.0,316.0,240.0,0.0,TRACKING,-1.5250000000000001,0.0,2.1386000007623807,30.229106398191554,True,True
2026-09-17T06:51:22.137034+00:00,28.702722300004098,861,316.0,240.0,316.0,240.0,316.0,240.0,0.0,TRACKING,-1.55,0.0,2.616700003272854,30.030480932514852,True,True
2026-09-17T06:51:22.171416+00:00,28.737093500007177,862,316.0,240.0,316.0,240.0,316.0,240.0,0.0,TRACKING,-1.575,0.0,3.180400002747774,29.09412531161016,True,True
2026-09-17T06:51:22.202768+00:00,28.768460400009644,863,316.0,240.0,316.0,240.0,316.0,240.0,0.0,TRACKING,-1.5999999999999999,0.0,1.6936999891186133,31.880740523333067,True,True
2026-09-17T06:51:22.238181+00:00,28.80387360000168,864,316.0,240.0,316.0,240.0,316.0,240.0,0.0,TRACKING,-1.6249999999999998,0.0,2.8957000031368807,28.23805813156963,True,True
2026-09-17T06:51:22.270429+00:00,28.836113600002136,865,315.99999999999994,240.0,315.0,240.0,315.0,240.0,0.9999999999999432,TRACKING,-1.6562499999999998,0.0,2.578300001914613,31.017369726608106,True,True
2026-09-17T06:51:22.303976+00:00,28.869664099998772,866,316.99999999999994,240.0,316.0,240.0,316.0,240.0,0.9999999999999432,TRACKING,-1.6812499999999997,0.0,2.820499998051673,29.805815117517323,True,True
2026-09-17T06:51:22.337148+00:00,28.9028396000067,867,316.99999999999994,240.0,316.0,240.0,316.0,240.0,0.9999999999999432,TRACKING,-1.7062499999999996,0.0,2.4332999892067164,30.142725799491128,True,True
2026-09-17T06:51:22.370226+00:00,28.935917900002096,868,316.99999999999994,240.0,316.0,240.0,316.0,240.0,0.9999999999999432,TRACKING,-1.7312499999999995,0.0,2.2339999995892867,30.231299678012608,True,True
2026-09-17T06:51:22.404171+00:00,28.969855500006815,869,316.99999999999994,240.0,316.0,240.0,316.0,240.0,0.9999999999999432,TRACKING,-1.7562499999999994,0.0,2.707799998461269,29.465843190471155,True,True
2026-09-17T06:51:22.436855+00:00,29.002548000004026,870,316.9999999999999,240.0,316.0,240.0,316.0,240.0,0.9999999999998863,TRACKING,-1.7812499999999993,0.0,1.909200000227429,30.58805536698997,True,True
2026-09-17T06:51:22.470123+00:00,29.035816100004013,871,316.9999999999999,240.0,316.0,240.0,316.0,240.0,0.9999999999998863,TRACKING,-1.8062499999999992,0.0,2.2964000090723857,30.05882512077345,True,True
2026-09-17T06:51:22.502811+00:00,29.068500699999277,872,316.9999999999999,240.0,316.0,240.0,316.0,240.0,0.9999999999998863,TRACKING,-1.8312499999999992,0.0,1.6998999926727265,30.59544862549655,True,True
2026-09-17T06:51:22.536683+00:00,29.102373000001535,873,324.9999999999999,240.0,324.0,240.0,323.0,240.0,1.9999999999998863,TRACKING,-1.8124999999999991,0.0,1.8139000021619722,29.52264829767479,True,True
2026-09-17T06:51:22.570304+00:00,29.135997000004863,874,325.9999999999999,240.0,325.0,240.0,326.0,240.0,1.1368683772161603e-13,TRACKING,-1.774999999999999,0.0,2.3607000039191917,29.74066142936613,True,True
2026-09-17T06:51:22.604346+00:00,29.170037000003504,875,323.99999999999983,240.0,323.0,240.0,324.0,240.0,1.7053025658242404e-13,TRACKING,-1.7499999999999991,0.0,2.9294999985722825,29.377203291420244,True,True
2026-09-17T06:51:22.637948+00:00,29.20363720000023,876,323.9999999999999,240.0,323.0,240.0,323.0,240.0,0.9999999999998863,TRACKING,-1.731249999999999,0.0,3.4992000000784174,29.761727611663694,True,True
2026-09-17T06:51:22.669977+00:00,29.23566920000303,877,324.99999999999983,240.0,324.0,240.0,324.0,240.0,0.9999999999998295,TRACKING,-1.7062499999999992,0.0,1.844300000811927,31.21878121605183,True,True
2026-09-17T06:51:22.703967+00:00,29.26965509999718,878,324.9999999999999,240.0,324.0,240.0,324.0,240.0,0.9999999999998863,TRACKING,-1.6812499999999992,0.0,2.452199987601489,29.423967003143538,True,True
2026-09-17T06:51:22.737223+00:00,29.302915000007488,879,324.9999999999999,240.0,324.0,240.0,324.0,240.0,0.9999999999998863,TRACKING,-1.6562499999999993,0.0,2.4831999908201396,30.066235908409155,True,True
2026-09-17T06:51:22.771310+00:00,29.336997999998857,880,324.9999999999999,240.0,324.0,240.0,324.0,240.0,0.9999999999998863,TRACKING,-1.6312499999999994,0.0,3.0515999969793484,29.340140253299946,True,True
2026-09-17T06:51:22.804066+00:00,29.369752700004028,881,324.9999999999999,240.0,324.0,240.0,324.0,240.0,0.9999999999998863,TRACKING,-1.6062499999999995,0.0,2.8673000051639974,30.529969739980306,True,True
2026-09-17T06:51:22.836191+00:00,29.401883200000157,882,324.99999999999994,240.0,324.0,240.0,324.0,240.0,0.9999999999999432,TRACKING,-1.5812499999999996,0.0,1.7610999930184335,31.123076208602207,True,True
2026-09-17T06:51:22.870595+00:00,29.43628200000967,883,324.99999999999994,240.0,324.0,240.0,324.0,240.0,0.9999999999999432,TRACKING,-1.5562499999999997,0.0,2.1751999884145334,29.070781530851914,True,True
2026-09-17T06:51:22.904108+00:00,29.469796799996402,884,324.99999999999994,240.0,324.0,240.0,324.0,240.0,0.9999999999999432,TRACKING,-1.5312499999999998,0.0,2.7234000008320436,29.837564311762304,True,True
2026-09-17T06:51:22.938194+00:00,29.503886799997417,885,325.0,240.0,325.0,240.0,325.0,240.0,0.0,TRACKING,-1.4999999999999998,0.0,3.334799999720417,29.33411557554185,True,True
2026-09-17T06:51:22.970772+00:00,29.53645050000341,886,324.0,240.0,324.0,240.0,324.0,240.0,0.0,TRACKING,-1.4749999999999999,0.0,2.8255999932298437,30.70904104312239,True,True
2026-09-17T06:51:23.003894+00:00,29.569581999996444,887,324.0,240.0,324.0,240.0,324.0,240.0,0.0,TRACKING,-1.45,0.0,2.7942000015173107,30.182756597506604,True,True
2026-09-17T06:51:23.037077+00:00,29.602768299999298,888,324.0,240.0,324.0,240.0,324.0,240.0,0.0,TRACKING,-1.425,0.0,2.1927000052528456,30.132916291180972,True,True
2026-09-17T06:51:23.070620+00:00,29.636312200003886,889,324.0,240.0,324.0,240.0,324.0,240.0,0.0,TRACKING,-1.4000000000000001,0.0,2.7849000034620985,29.81167961576388,True,True
2026-09-17T06:51:23.104459+00:00,29.67015089999768,890,324.0,240.0,324.0,240.0,324.0,240.0,0.0,TRACKING,-1.3750000000000002,0.0,3.068699996219948,29.55196269902224,True,True
2026-09-17T06:51:23.137670+00:00,29.70333109999774,891,324.0,240.0,324.0,240.0,324.0,240.0,0.0,TRACKING,-1.3500000000000003,0.0,2.7692000003298745,30.138456067117435,True,True
2026-09-17T06:51:23.170952+00:00,29.7366408000089,892,324.00000000000006,240.0,324.0,240.0,324.0,240.0,5.684341886080802e-14,TRACKING,-1.3250000000000004,0.0,3.044400000362657,30.02128508107199,True,True
2026-09-17T06:51:23.203885+00:00,29.769573900004616,893,324.00000000000006,240.0,324.0,240.0,324.0,240.0,5.684341886080802e-14,TRACKING,-1.3000000000000005,0.0,2.35130000510253,30.36458760730291,True,True
2026-09-17T06:51:23.236549+00:00,29.8022406000091,894,324.0000000000001,240.0,324.0,240.0,324.0,240.0,1.1368683772161603e-13,TRACKING,-1.2750000000000006,0.0,1.9148999999742955,30.61221365680488,True,True
2026-09-17T06:51:23.270467+00:00,29.836156300007133,895,324.0000000000001,240.0,324.0,240.0,324.0,240.0,1.1368683772161603e-13,TRACKING,-1.2500000000000007,0.0,2.299900006619282,29.48486984075192,True,True
2026-09-17T06:51:23.304189+00:00,29.869870900001843,896,324.0000000000001,240.0,324.0,240.0,324.0,240.0,1.1368683772161603e-13,TRACKING,-1.2250000000000008,0.0,2.790300000924617,29.66074045537879,True,True
2026-09-17T06:51:23.337181+00:00,29.902869500001543,897,324.0000000000001,240.0,324.0,240.0,324.0,240.0,1.1368683772161603e-13,TRACKING,-1.2000000000000008,0.0,2.6950000028591603,30.30431594095116,True,True
2026-09-17T06:51:23.369967+00:00,29.93565880000824,898,324.0000000000001,240.0,324.0,240.0,324.0,240.0,1.1368683772161603e-13,TRACKING,-1.175000000000001,0.0,1.569299987750128,30.497753834199862,True,True
2026-09-17T06:51:23.403032+00:00,29.968724599995767,899,324.0000000000001,240.0,324.0,240.0,324.0,240.0,1.1368683772161603e-13,TRACKING,-1.150000000000001,0.0,1.7803999944590032,30.24272814742899,True,True
