timestamp,elapsed_s,frame_number,ground_truth_x,ground_truth_y,detected_x,detected_y,tracked_x,tracked_y,pixel_error,tracking_state,pan_deg,tilt_deg,processing_time_ms,fps,ground_truth_in_fov,lock_retained
2026-09-17T06:44:49.558490+00:00,0.028367299993988127,0,44.0,240.0,44.0,240.0,44.0,240.0,0.0,ACQUIRING,0.0,0.0,28.359300005831756,0.0,True,False
2026-09-17T06:44:49.567627+00:00,0.03751239999837708,1,48.0,240.0,48.0,240.0,48.0,240.0,0.0,TRACKING,-0.16666666666666666,0.0,3.909799997927621,109.34817547321256,True,True
2026-09-17T06:44:49.600215+00:00,0.0700966000003973,2,78.66666666666666,240.0,78.0,240.0,75.0,240.0,3.666666666666657,TRACKING,-0.3333333333333333,0.0,3.207400004612282,30.68972078301753,True,True
2026-09-17T06:44:49.634243+00:00,0.10412709999945946,3,109.33333333333333,240.0,109.0,240.0,107.0,240.0,2.3333333333333286,TRACKING,-0.5,0.0,3.7837000127183273,29.385404270509067,True,True
2026-09-17T06:44:49.665544+00:00,0.13543249999929685,4,140.0,240.0,140.0,240.0,140.0,240.0,0.0,TRACKING,-0.6666666666666666,0.0,1.7615999968256801,31.943370792425405,True,True
2026-09-17T06:44:49.698880+00:00,0.16876609998871572,5,170.66666666666666,240.0,170.0,240.0,170.0,240.0,0.6666666666666572,TRACKING,-0.8333333333333333,0.0,1.6002000047592446,29.99976001144285,True,True
2026-09-17T06:44:49.732650+00:00,0.2025324999995064,6,201.33333333333331,240.0,201.0,240.0,201.0,240.0,0.3333333333333144,TRACKING,-0.9999999999999999,0.0,2.0806999964406714,29.615238807821726,True,True
2026-09-17T06:44:49.766954+00:00,0.2368399999977555,7,231.99999999999997,240.0,231.0,240.0,231.0,240.0,0.9999999999999716,TRACKING,-1.1666666666666665,0.0,2.8857999859610572,29.14814545073337,True,True
2026-09-17T06:44:49.798921+00:00,0.26880720000190195,8,262.66666666666663,240.0,262.0,240.0,262.0,240.0,0.6666666666666288,TRACKING,-1.3333333333333333,0.0,1.7915999924298376,31.282064111661047,True,True
2026-09-17T06:44:49.831894+00:00,0.30178179999347776,9,293.3333333333333,240.0,293.0,240.0,293.0,240.0,0.3333333333333144,TRACKING,-1.5,0.0,1.2284000113140792,30.326372427731496,True,True
2026-09-17T06:44:49.865505+00:00,0.3353888999990886,10,324.0,240.0,324.0,240.0,324.0,240.0,0.0,TRACKING,-1.475,0.0,1.8929999932879582,29.755617111653365,True,True
2026-09-17T06:44:49.899478+00:00,0.3693652999936603,11,324.0,240.0,324.0,240.0,329.0,240.0,5.0,TRACKING,-1.4187500000000002,0.0,2.1781999967060983,29.432194115908896,True,True
2026-09-17T06:44:49.933903+00:00,0.40378490000148304,12,319.0,240.0,319.0,240.0,322.0,240.0,3.0,TRACKING,-1.4062500000000002,0.0,3.4540999913588166,29.053213859914827,True,True
2026-09-17T06:44:49.967109+00:00,0.43699309999647085,13,321.0,240.0,321.0,240.0,320.0,240.0,1.0,TRACKING,-1.4062500000000002,0.0,2.9697999998461455,30.113044373104604,True,True
2026-09-17T06:44:49.998737+00:00,0.46862569999939296,14,325.0,240.0,325.0,240.0,324.0,240.0,1.0,TRACKING,-1.3812500000000003,0.0,1.4282999909482896,31.612956251070834,True,True
2026-09-17T06:44:50.032819+00:00,0.5027021999994759,15,325.00000000000006,240.0,325.0,240.0,325.0,240.0,5.684341886080802e-14,TRACKING,-1.3500000000000003,0.0,2.311000003828667,29.345736798015277,True,True
2026-09-17T06:44:50.065572+00:00,0.5354566999885719,16,324.00000000000006,240.0,324.0,240.0,324.0,240.0,5.684341886080802e-14,TRACKING,-1.3250000000000004,0.0,1.8417999963276088,30.53015617191221,True,True
2026-09-17T06:44:50.100311+00:00,0.5701954999967711,17,324.00000000000006,240.0,324.0,240.0,324.0,240.0,5.684341886080802e-14,TRACKING,-1.3000000000000005,0.0,2.8877000004285946,28.786256283002764,True,True
2026-09-17T06:44:50.133499+00:00,0.6033842999895569,18,324.0000000000001,240.0,324.0,240.0,324.0,240.0,1.1368683772161603e-13,TRACKING,-1.2750000000000006,0.0,3.000400000018999,30.130646489700407,True,True
2026-09-17T06:44:50.165871+00:00,0.6357513999973889,19,324.0000000000001,240.0,324.0,240.0,324.0,240.0,1.1368683772161603e-13,TRACKING,-1.2500000000000007,0.0,1.8743999971775338,30.895569876758323,True,True
2026-09-17T06:44:50.199178+00:00,0.6690606999909505,20,324.0000000000001,240.0,324.0,240.0,324.0,240.0,1.1368683772161603e-13,TRACKING,-1.2250000000000008,0.0,1.749200004269369,30.021645612285216,True,True
2026-09-17T06:44:50.233614+00:00,0.703500499992515,21,324.0000000000001,240.0,324.0,240.0,324.0,240.0,1.1368683772161603e-13,TRACKING,-1.2000000000000008,0.0,3.2410999992862344,29.03617326333413,True,True
2026-09-17T06:44:50.266906+00:00,0.7367917999945348,22,324.0000000000001,240.0,324.0,240.0,324.0,240.0,1.1368683772161603e-13,TRACKING,-1.175000000000001,0.0,3.042600001208484,30.037877762037766,True,True
2026-09-17T06:44:50.301239+00:00,0.7711253000015859,23,324.0000000000001,240.0,324.0,240.0,324.0,240.0,1.1368683772161603e-13,TRACKING,-1.150000000000001,0.0,3.830499990726821,29.126072197551395,True,True
2026-09-17T06:44:50.332150+00:00,0.8020391999889398,24,324.00000000000017,240.0,324.0,240.0,324.0,240.0,1.7053025658242404e-13,TRACKING,-1.125000000000001,0.0,1.5867000038269907,32.34790823574746,True,True
2026-09-17T06:44:50.365806+00:00,0.835690899999463,25,324.00000000000017,240.0,324.0,240.0,324.0,240.0,1.7053025658242404e-13,TRACKING,-1.1000000000000012,0.0,1.9788999925367534,29.716180748291787,True,True
2026-09-17T06:44:50.400068+00:00,0.8699215999949956,26,324.0000000000002,240.0,324.0,240.0,324.0,240.0,2.2737367544323206e-13,TRACKING,-1.0750000000000013,0.0,2.3323000059463084,29.21354223344856,True,True
2026-09-17T06:44:50.433583+00:00,0.9034614999982296,27,324.0000000000002,240.0,324.0,240.0,324.0,240.0,2.2737367544323206e-13,TRACKING,-1.0500000000000014,0.0,2.694599999813363,29.81523498589977,True,True
2026-09-17T06:44:50.466139+00:00,0.9360100999911083,28,324.0000000000002,240.0,324.0,240.0,324.0,240.0,2.2737367544323206e-13,TRACKING,-1.0250000000000015,0.0,2.292299992404878,30.723287644285428,True,True
2026-09-17T06:44:50.498726+00:00,0.9686094999924535,29,324.0000000000002,240.0,324.0,240.0,324.0,240.0,2.2737367544323206e-13,TRACKING,-1.0000000000000016,0.0,1.7226999916601926,30.67541120262138,True,True
2026-09-17T06:44:50.532540+00:00,1.0024285999970743,30,324.0000000000002,240.0,324.0,240.0,324.0,240.0,2.2737367544323206e-13,TRACKING,-0.9750000000000015,0.0,1.859399999375455,29.569089652396595,True,True
2026-09-17T06:44:50.566352+00:00,1.0362348999915412,31,324.0000000000002,240.0,324.0,240.0,324.0,240.0,2.2737367544323206e-13,TRACKING,-0.9500000000000015,0.0,2.4883000005502254,29.580285336273796,True,True
2026-09-17T06:44:50.600470+00:00,1.0703544999996666,32,324.0000000000002,240.0,324.0,240.0,324.0,240.0,2.2737367544323206e-13,TRACKING,-0.9250000000000015,0.0,2.9347999952733517,29.30866715207256,True,True
2026-09-17T06:44:50.632391+00:00,1.1022736999875633,33,324.0000000000002,240.0,324.0,240.0,324.0,240.0,2.2737367544323206e-13,TRACKING,-0.9000000000000015,0.0,1.9778999994741753,31.329106004510923,True,True
2026-09-17T06:44:50.665201+00:00,1.1350886000000173,34,324.0000000000002,240.0,324.0,240.0,324.0,240.0,2.2737367544323206e-13,TRACKING,-0.8750000000000014,0.0,1.5077999996719882,30.473961512010604,True,True
2026-09-17T06:44:50.699804+00:00,1.1696882999967784,35,324.0000000000002,240.0,324.0,240.0,324.0,240.0,2.2737367544323206e-13,TRACKING,-0.8500000000000014,0.0,2.4391000042669475,28.901984701994877,True,True
2026-09-17T06:44:50.733174+00:00,1.2030587999906857,36,324.0000000000002,240.0,324.0,240.0,324.0,240.0,2.2737367544323206e-13,TRACKING,-0.8250000000000014,0.0,2.460400006384589,29.966587260681674,True,True
2026-09-17T06:44:50.766571+00:00,1.2364564000017708,37,324.0000000000002,240.0,324.0,240.0,324.0,240.0,2.2737367544323206e-13,TRACKING,-0.8000000000000014,0.0,2.5919999898178503,29.942271290993517,True,True
2026-09-17T06:44:50.800248+00:00,1.270129899989115,38,324.0000000000002,240.0,324.0,240.0,324.0,240.0,2.2737367544323206e-13,TRACKING,-0.7750000000000014,0.0,3.0448999896179885,29.696942710910267,True,True
2026-09-17T06:44:50.832533+00:00,1.3024177999905078,39,324.0000000000002,240.0,324.0,240.0,324.0,240.0,2.2737367544323206e-13,TRACKING,-0.7500000000000013,0.0,2.135000002454035,30.971354592799972,True,True
2026-09-17T06:44:50.865394+00:00,1.335279899998568,40,324.0000000000002,240.0,324.0,240.0,324.0,240.0,2.2737367544323206e-13,TRACKING,-0.7250000000000013,0.0,1.5826000017113984,30.430191611452884,True,True
2026-09-17T06:44:50.899452+00:00,1.3693379999895114,41,324.0000000000002,240.0,324.0,240.0,324.0,240.0,2.2737367544323206e-13,TRACKING,-0.7000000000000013,0.0,2.37869999546092,29.361590936250547,True,True
2026-09-17T06:44:50.933805+00:00,1.4036927999986801,42,324.0000000000002,240.0,324.0,240.0,324.0,240.0,2.2737367544323206e-13,TRACKING,-0.6750000000000013,0.0,3.2881000079214573,29.10801401065114,True,True
2026-09-17T06:44:50.966514+00:00,1.4363997999898857,43,324.0000000000002,240.0,324.0,240.0,324.0,240.0,2.2737367544323206e-13,TRACKING,-0.6500000000000012,0.0,2.6523999986238778,30.574494764695228,True,True
2026-09-17T06:44:50.998993+00:00,1.468881799999508,44,324.0000000000002,240.0,324.0,240.0,324.0,240.0,2.2737367544323206e-13,TRACKING,-0.6250000000000012,0.0,1.8253000016557053,30.78628162378429,True,True
2026-09-17T06:44:51.032454+00:00,1.5023426999978255,45,324.0000000000002,240.0,324.0,240.0,324.0,240.0,2.2737367544323206e-13,TRACKING,-0.6000000000000012,0.0,2.097100004903041,29.885627704284207,True,True
2026-09-17T06:44:51.066048+00:00,1.535934300001827,46,324.0000000000002,240.0,324.0,240.0,324.0,240.0,2.2737367544323206e-13,TRACKING,-0.5750000000000012,0.0,2.184299999498762,29.769347095133227,True,True
2026-09-17T06:44:51.099702+00:00,1.5695870999916224,47,324.00000000000017,240.0,324.0,240.0,324.0,240.0,1.7053025658242404e-13,TRACKING,-0.5500000000000012,0.0,2.7125000051455572,29.715209441806756,True,True
2026-09-17T06:44:51.133977+00:00,1.6038601999898674,48,324.00000000000017,240.0,324.0,240.0,324.0,240.0,1.7053025658242404e-13,TRACKING,-0.5250000000000011,0.0,3.59139998909086,29.177401520469576,True,True
2026-09-17T06:44:51.165241+00:00,1.6351265999983298,49,324.00000000000017,240.0,324.0,240.0,324.0,240.0,1.7053025658242404e-13,TRACKING,-0.5000000000000011,0.0,1.6736000106902793,31.983215200002117,True,True
2026-09-17T06:44:51.198805+00:00,1.6686880999914138,50,324.00000000000017,240.0,324.0,240.0,324.0,240.0,1.7053025658242404e-13,TRACKING,-0.4750000000000011,0.0,1.8165999936172739,29.796046070827273,True,True
2026-09-17T06:44:51.233016+00:00,1.7028940000018338,51,324.00000000000017,240.0,324.0,240.0,324.0,240.0,1.7053025658242404e-13,TRACKING,-0.45000000000000107,0.0,2.6159000117331743,29.23472265589778,True,True
2026-09-17T06:44:51.267406+00:00,1.737290099990787,52,324.00000000000017,240.0,324.0,240.0,324.0,240.0,1.7053025658242404e-13,TRACKING,-0.42500000000000104,0.0,3.3813999907579273,29.073063525259084,True,True
2026-09-17T06:44:51.303636+00:00,1.7735201999894343,53,324.00000000000017,240.0,324.0,240.0,324.0,240.0,1.7053025658242404e-13,TRACKING,-0.400000000000001,0.0,5.664299998898059,27.601359091952137,True,True
2026-09-17T06:44:51.332177+00:00,1.8020642999908887,54,324.00000000000017,240.0,324.0,240.0,324.0,240.0,1.7053025658242404e-13,TRACKING,-0.375000000000001,0.0,1.8851999921025708,35.033509550101385,True,True
2026-09-17T06:44:51.365658+00:00,1.835541499996907,55,324.00000000000017,240.0,324.0,240.0,324.0,240.0,1.7053025658242404e-13,TRACKING,-0.350000000000001,0.0,1.866100006736815,29.87107642874028,True,True
2026-09-17T06:44:51.399370+00:00,1.8692534000001615,56,324.00000000000017,240.0,324.0,240.0,324.0,240.0,1.7053025658242404e-13,TRACKING,-0.32500000000000095,0.0,1.967399992281571,29.6631159888189,True,True
2026-09-17T06:44:51.432548+00:00,1.9024317000003066,57,324.00000000000017,240.0,324.0,240.0,324.0,240.0,1.7053025658242404e-13,TRACKING,-0.30000000000000093,0.0,2.251399986562319,30.140181986287022,True,True
2026-09-17T06:44:51.465546+00:00,1.935430899990024,58,324.00000000000017,240.0,324.0,240.0,324.0,240.0,1.7053025658242404e-13,TRACKING,-0.2750000000000009,0.0,1.8277999915881082,30.303764949198765,True,True
2026-09-17T06:44:51.498452+00:00,1.9683366999961436,59,324.0000000000001,240.0,324.0,240.0,324.0,240.0,1.1368683772161603e-13,TRACKING,-0.2500000000000009,0.0,1.37420000100974,30.38977930377103,True,True
2026-09-17T06:44:51.533310+00:00,2.0031970999989426,60,324.0000000000001,240.0,324.0,240.0,324.0,240.0,1.1368683772161603e-13,TRACKING,-0.2250000000000009,0.0,2.410699991742149,28.685844107345538,True,True
2026-09-17T06:44:51.566825+00:00,2.0367101000010734,61,324.0000000000001,240.0,324.0,240.0,324.0,240.0,1.1368683772161603e-13,TRACKING,-0.2000000000000009,0.0,2.7716999902622774,29.839166888563145,True,True
2026-09-17T06:44:51.600484+00:00,2.0703678999998374,62,324.0000000000001,240.0,324.0,240.0,324.0,240.0,1.1368683772161603e-13,TRACKING,-0.1750000000000009,0.0,3.15509999927599,29.71079512139011,True,True
2026-09-17T06:44:51.632541+00:00,2.1024245000007795,63,324.00000000000017,240.0,324.0,240.0,324.0,240.0,1.7053025658242404e-13,TRACKING,-0.1500000000000009,0.0,1.977799998712726,31.19482415385944,True,True
2026-09-17T06:44:51.665416+00:00,2.135297399989213,64,324.00000000000017,240.0,324.0,240.0,324.0,240.0,1.7053025658242404e-13,TRACKING,-0.12500000000000092,0.0,1.6260999982478097,30.420194152382656,True,True
2026-09-17T06:44:51.699310+00:00,2.169196799994097,65,324.00000000000017,240.0,324.0,240.0,324.0,240.0,1.7053025658242404e-13,TRACKING,-0.10000000000000092,0.0,1.9429999956628308,29.499047176525835,True,True
2026-09-17T06:44:51.733138+00:00,2.2030182000016794,66,324.00000000000017,240.0,324.0,240.0,324.0,240.0,1.7053025658242404e-13,TRACKING,-0.07500000000000093,0.0,2.0864999969489872,29.56707882511707,True,True
2026-09-17T06:44:51.766712+00:00,2.2365854999952717,67,324.00000000000017,240.0,324.0,240.0,324.0,240.0,1.7053025658242404e-13,TRACKING,-0.050000000000000926,0.0,2.6768999960040674,29.790897694806873,True,True
2026-09-17T06:44:51.799194+00:00,2.2690772999922046,68,324.00000000000017,240.0,324.0,240.0,324.0,240.0,1.7053025658242404e-13,TRACKING,-0.025000000000000924,0.0,2.025199995841831,30.776996044983473,True,True
2026-09-17T06:44:51.832193+00:00,2.3020813999901293,69,324.00000000000017,240.0,324.0,240.0,324.0,240.0,1.7053025658242404e-13,TRACKING,-9.228728892196614e-16,0.0,1.6523999947821721,30.299265850693757,True,True
2026-09-17T06:44:51.866589+00:00,2.336474299998372,70,324.00000000000017,240.0,324.0,240.0,324.0,240.0,1.7053025658242404e-13,TRACKING,0.02499999999999908,0.0,2.729400002863258,29.075768538283796,True,True
2026-09-17T06:44:51.899198+00:00,2.369084299993119,71,324.00000000000017,240.0,324.0,240.0,324.0,240.0,1.7053025658242404e-13,TRACKING,0.04999999999999908,0.0,2.1948000066913664,30.665440054004144,True,True
2026-09-17T06:44:51.933210+00:00,2.4030955999915022,72,324.00000000000017,240.0,324.0,240.0,324.0,240.0,1.7053025658242404e-13,TRACKING,0.07499999999999908,0.0,2.813900006003678,29.40199286847436,True,True
2026-09-17T06:44:51.970327+00:00,2.440209499996854,73,324.00000000000017,240.0,324.0,240.0,324.0,240.0,1.7053025658242404e-13,TRACKING,0.09999999999999909,0.0,6.527100005769171,26.94408294077965,True,True
2026-09-17T06:44:51.999954+00:00,2.4698303999903146,74,324.00000000000017,240.0,324.0,240.0,324.0,240.0,1.7053025658242404e-13,TRACKING,0.12499999999999908,0.0,2.7043000009143725,33.75994653169785,True,True
2026-09-17T06:44:52.032136+00:00,2.5020221000013407,75,324.00000000000017,240.0,324.0,240.0,324.0,240.0,1.7053025658242404e-13,TRACKING,0.14999999999999908,0.0,1.5502999885939062,31.06390776683076,True,True
2026-09-17T06:44:52.066082+00:00,2.535967999996501,76,324.00000000000017,240.0,324.0,240.0,324.0,240.0,1.7053025658242404e-13,TRACKING,0.17499999999999907,0.0,2.470300009008497,29.458638602675766,True,True
2026-09-17T06:44:52.100170+00:00,2.5700386999960756,77,324.00000000000017,240.0,324.0,240.0,324.0,240.0,1.7053025658242404e-13,TRACKING,0.19999999999999907,0.0,2.9015000036451966,29.35073244789472,True,True
2026-09-17T06:44:52.133079+00:00,2.6029623999929754,78,324.00000000000017,240.0,324.0,240.0,324.0,240.0,1.7053025658242404e-13,TRACKING,0.22499999999999906,0.0,2.6080999959958717,30.37325695757654,True,True
2026-09-17T06:44:52.165535+00:00,2.635418399993796,79,324.00000000000017,240.0,324.0,240.0,324.0,240.0,1.7053025658242404e-13,TRACKING,0.24999999999999906,0.0,1.5046000044094399,30.8109440465467,True,True
2026-09-17T06:44:52.199223+00:00,2.6691076999995857,80,324.00000000000017,240.0,324.0,240.0,324.0,240.0,1.7053025658242404e-13,TRACKING,0.2749999999999991,0.0,2.0434000034583732,29.683015076838636,True,True
2026-09-17T06:44:52.232818+00:00,2.7027023999980884,81,324.00000000000017,240.0,324.0,240.0,324.0,240.0,1.7053025658242404e-13,TRACKING,0.2999999999999991,0.0,2.4195000005420297,29.766600090031222,True,True
2026-09-17T06:44:52.266602+00:00,2.7364846999989823,82,324.0000000000001,240.0,324.0,240.0,324.0,240.0,1.1368683772161603e-13,TRACKING,0.3249999999999991,0.0,2.6809999981196597,29.60130008831666,True,True
2026-09-17T06:44:52.301024+00:00,2.7709074999875156,83,324.0000000000001,240.0,324.0,240.0,324.0,240.0,1.1368683772161603e-13,TRACKING,0.34999999999999915,0.0,3.8035999896237627,29.050513041737204,True,True
2026-09-17T06:44:52.332124+00:00,2.8020120000001043,84,324.0000000000001,240.0,324.0,240.0,324.0,240.0,1.1368683772161603e-13,TRACKING,0.37499999999999917,0.0,1.8286999984411523,32.149688938747694,True,True
2026-09-17T06:44:52.365695+00:00,2.8355831999942893,85,324.0000000000001,240.0,324.0,240.0,324.0,240.0,1.1368683772161603e-13,TRACKING,0.3999999999999992,0.0,1.8438000115565956,29.78743685579347,True,True
2026-09-17T06:44:52.399164+00:00,2.8690479999931995,86,324.0000000000001,240.0,324.0,240.0,324.0,240.0,1.1368683772161603e-13,TRACKING,0.4249999999999992,0.0,2.078799996525049,29.88214482179982,True,True
2026-09-17T06:44:52.433556+00:00,2.9034402999968734,87,324.0000000000001,240.0,324.0,240.0,324.0,240.0,1.1368683772161603e-13,TRACKING,0.44999999999999923,0.0,2.7363000117475167,29.076275791185154,True,True
2026-09-17T06:44:52.466677+00:00,2.936561199996504,88,324.0000000000001,240.0,324.0,240.0,324.0,240.0,1.1368683772161603e-13,TRACKING,0.47499999999999926,0.0,2.836100000422448,30.19241626921829,True,True
2026-09-17T06:44:52.499085+00:00,2.968974299990805,89,324.0000000000001,240.0,324.0,240.0,324.0,240.0,1.1368683772161603e-13,TRACKING,0.4999999999999993,0.0,1.747999995131977,30.85172353695969,True,True
2026-09-17T06:44:52.532370+00:00,3.002254599996377,90,324.0000000000001,240.0,324.0,240.0,324.0,240.0,1.1368683772161603e-13,TRACKING,0.5249999999999992,0.0,1.7661000019870698,30.04780605440985,True,True
2026-09-17T06:44:52.565701+00:00,3.0355874999950174,91,324.0000000000001,240.0,324.0,240.0,324.0,240.0,1.1368683772161603e-13,TRACKING,0.5499999999999993,0.0,2.0151000062469393,30.00039000629352,True,True
2026-09-17T06:44:52.599506+00:00,3.0693926999956602,92,324.0000000000001,240.0,324.0,240.0,324.0,240.0,1.1368683772161603e-13,TRACKING,0.5749999999999993,0.0,2.5284000003011897,29.58124785479705,True,True
2026-09-17T06:44:52.633676+00:00,3.103562199990847,93,324.0000000000001,240.0,324.0,240.0,324.0,240.0,1.1368683772161603e-13,TRACKING,0.5999999999999993,0.0,3.320000003441237,29.265865761596125,True,True
2026-09-17T06:44:52.665751+00:00,3.135639899992384,94,324.0000000000001,240.0,324.0,240.0,324.0,240.0,1.1368683772161603e-13,TRACKING,0.6249999999999993,0.0,1.812300004530698,31.174304889443107,True,True
2026-09-17T06:44:52.698850+00:00,3.168738599997596,95,324.0000000000001,240.0,324.0,240.0,324.0,240.0,1.1368683772161603e-13,TRACKING,0.6499999999999994,0.0,1.798799989046529,30.212666957993385,True,True
2026-09-17T06:44:52.732715+00:00,3.2026012999995146,96,324.0000000000001,240.0,324.0,240.0,324.0,240.0,1.1368683772161603e-13,TRACKING,0.6749999999999994,0.0,1.8967000069096684,29.531017902982885,True,True
2026-09-17T06:44:52.766589+00:00,3.236475199999404,97,324.0000000000001,240.0,324.0,240.0,324.0,240.0,1.1368683772161603e-13,TRACKING,0.6999999999999994,0.0,2.9328999953577295,29.52125382678879,True,True
2026-09-17T06:44:52.800899+00:00,3.2707832000014605,98,324.0000000000001,240.0,324.0,240.0,324.0,240.0,1.1368683772161603e-13,TRACKING,0.7249999999999994,0.0,3.5617000103229657,29.147720646498247,True,True
2026-09-17T06:44:52.832517+00:00,3.3024001000012504,99,324.0000000000001,240.0,324.0,240.0,324.0,240.0,1.1368683772161603e-13,TRACKING,0.7499999999999994,0.0,1.9766999903367832,31.628654295855867,True,True
2026-09-17T06:44:52.865770+00:00,3.335656700000982,100,324.0000000000001,240.0,324.0,240.0,324.0,240.0,1.1368683772161603e-13,TRACKING,0.7749999999999995,0.0,1.8358999950578436,30.06921934317027,True,True
2026-09-17T06:44:52.901991+00:00,3.371855899997172,101,324.0000000000001,240.0,324.0,240.0,324.0,240.0,1.1368683772161603e-13,TRACKING,0.7999999999999995,0.0,4.186799997114576,27.624919890639763,True,True
2026-09-17T06:44:52.934524+00:00,3.4044098000013037,102,324.0000000000001,240.0,324.0,240.0,324.0,240.0,1.1368683772161603e-13,TRACKING,0.8249999999999995,0.0,4.189200000837445,30.718285670014367,True,True
2026-09-17T06:44:52.968802+00:00,3.438622399989981,103,324.0000000000001,240.0,324.0,240.0,324.0,240.0,1.1368683772161603e-13,TRACKING,0.8499999999999995,0.0,4.846599986194633,29.22899751351678,True,True
2026-09-17T06:44:52.998849+00:00,3.468731699991622,104,324.0000000000001,240.0,324.0,240.0,324.0,240.0,1.1368683772161603e-13,TRACKING,0.8749999999999996,0.0,1.691099998424761,33.21232974348474,True,True
2026-09-17T06:44:53.032548+00:00,3.5024327999999514,105,324.00000000000006,240.0,324.0,240.0,324.0,240.0,5.684341886080802e-14,TRACKING,0.8999999999999996,0.0,1.9691000052262098,29.6726219545607,True,True
2026-09-17T06:44:53.066479+00:00,3.5363634999957867,106,324.00000000000006,240.0,324.0,240.0,324.0,240.0,5.684341886080802e-14,TRACKING,0.9249999999999996,0.0,2.659599995240569,29.471835244269673,True,True
2026-09-17T06:44:53.100172+00:00,3.570048499997938,107,324.00000000000006,240.0,324.0,240.0,324.0,240.0,5.684341886080802e-14,TRACKING,0.9499999999999996,0.0,3.202199994120747,29.686804213630197,True,True
2026-09-17T06:44:53.133594+00:00,3.6034778999892296,108,324.00000000000006,240.0,324.0,240.0,324.0,240.0,5.684341886080802e-14,TRACKING,0.9749999999999996,0.0,3.2365000079153106,29.913788469446114,True,True
2026-09-17T06:44:53.165454+00:00,3.635340399996494,109,324.00000000000006,240.0,324.0,240.0,324.0,240.0,5.684341886080802e-14,TRACKING,0.9999999999999997,0.0,1.5140000032261014,31.3848567994354,True,True
2026-09-17T06:44:53.198959+00:00,3.668844799991348,110,324.00000000000006,240.0,324.0,240.0,324.0,240.0,5.684341886080802e-14,TRACKING,1.0249999999999997,0.0,1.6693999932613224,29.846826093098077,True,True
2026-09-17T06:44:53.232575+00:00,3.7024600000004284,111,324.00000000000006,240.0,324.0,240.0,324.0,240.0,5.684341886080802e-14,TRACKING,1.0499999999999996,0.0,1.8503999890526757,29.748447123023716,True,True
2026-09-17T06:44:53.265889+00:00,3.7357556999922963,112,324.00000000000006,240.0,324.0,240.0,324.0,240.0,5.684341886080802e-14,TRACKING,1.0749999999999995,0.0,2.2942999930819497,30.03390828978635,True,True
2026-09-17T06:44:53.299543+00:00,3.7694260999996914,113,324.0000000000001,240.0,324.0,240.0,324.0,240.0,1.1368683772161603e-13,TRACKING,1.0999999999999994,0.0,2.1988999942550436,29.699676860992703,True,True
2026-09-17T06:44:53.332787+00:00,3.8026717999891844,114,324.0000000000001,240.0,324.0,240.0,324.0,240.0,1.1368683772161603e-13,TRACKING,1.1249999999999993,0.0,2.174699999159202,30.07907790529424,True,True
2026-09-17T06:44:53.366211+00:00,3.836096999992151,115,324.0000000000001,240.0,324.0,240.0,324.0,240.0,1.1368683772161603e-13,TRACKING,1.1499999999999992,0.0,2.001500004553236,29.917547237151943,True,True
2026-09-17T06:44:53.398939+00:00,3.868816499991226,116,324.0000000000001,240.0,324.0,240.0,324.0,240.0,1.1368683772161603e-13,TRACKING,1.1749999999999992,0.0,1.9836999999824911,30.562814224797584,True,True
2026-09-17T06:44:53.432760+00:00,3.902644399990095,117,324.0000000000001,240.0,324.0,240.0,324.0,240.0,1.1368683772161603e-13,TRACKING,1.199999999999999,0.0,2.549099997850135,29.561397545618835,True,True
2026-09-17T06:44:53.465744+00:00,3.9355999999970663,118,324.0000000000001,240.0,324.0,240.0,324.0,240.0,1.1368683772161603e-13,TRACKING,1.224999999999999,0.0,1.741200001561083,30.343856576377235,True,True
2026-09-17T06:44:53.498785+00:00,3.968669599998975,119,324.00000000000017,240.0,324.0,240.0,324.0,240.0,1.7053025658242404e-13,TRACKING,1.249999999999999,0.0,1.793899995391257,30.239252967749177,True,True
2026-09-17T06:44:53.532187+00:00,4.002071999988402,120,324.00000000000017,240.0,324.0,240.0,324.0,240.0,1.7053025658242404e-13,TRACKING,1.2749999999999988,0.0,1.5218000044114888,29.937968538683812,True,True
2026-09-17T06:44:53.565320+00:00,4.035205799998948,121,324.0000000000002,240.0,324.0,240.0,324.0,240.0,2.2737367544323206e-13,TRACKING,1.2999999999999987,0.0,1.70980000984855,30.180661429769945,True,True
2026-09-17T06:44:53.600454+00:00,4.070326599990949,122,324.0000000000002,240.0,324.0,240.0,324.0,240.0,2.2737367544323206e-13,TRACKING,1.3249999999999986,0.0,2.932999996119179,28.473155515471337,True,True
2026-09-17T06:44:53.632886+00:00,4.102761899994221,123,324.0000000000002,240.0,324.0,240.0,324.0,240.0,2.2737367544323206e-13,TRACKING,1.3499999999999985,0.0,2.600499996333383,30.83060739068657,True,True
2026-09-17T06:44:53.665440+00:00,4.135329099997762,124,324.0000000000002,240.0,324.0,240.0,324.0,240.0,2.2737367544323206e-13,TRACKING,1.3749999999999984,0.0,1.7663999897195026,30.705740741951065,True,True
2026-09-17T06:44:53.699464+00:00,4.16934670000046,125,324.0000000000002,240.0,324.0,240.0,324.0,240.0,2.2737367544323206e-13,TRACKING,1.3999999999999984,0.0,2.2349000064423308,29.396547667109687,True,True
2026-09-17T06:44:53.732421+00:00,4.202304799997364,126,324.0000000000002,240.0,324.0,240.0,324.0,240.0,2.2737367544323206e-13,TRACKING,1.4249999999999983,0.0,1.896300003863871,30.341554886171842,True,True
2026-09-17T06:44:53.767040+00:00,4.236924999990151,127,324.0000000000003,240.0,324.0,240.0,324.0,240.0,2.8421709430404007e-13,TRACKING,1.4499999999999982,0.0,3.0168999946909025,28.88487068845194,True,True
2026-09-17T06:44:53.800332+00:00,4.270215999989887,128,324.0000000000003,240.0,324.0,240.0,324.0,240.0,2.8421709430404007e-13,TRACKING,1.474999999999998,0.0,3.1930999975884333,30.038148448768286,True,True
2026-09-17T06:44:53.832018+00:00,4.301906299995608,129,324.00000000000034,240.0,324.0,240.0,324.0,240.0,3.410605131648481e-13,TRACKING,1.499999999999998,0.0,1.4286000077845529,31.55539707164255,True,True
2026-09-17T06:44:53.865337+00:00,4.335219499989762,130,324.00000000000034,240.0,324.0,240.0,324.0,240.0,3.410605131648481e-13,TRACKING,1.524999999999998,0.0,1.5400999982375652,30.018130956361976,True,True
2026-09-17T06:44:53.899018+00:00,4.36890429999039,131,324.00000000000034,240.0,324.0,240.0,324.0,240.0,3.410605131648481e-13,TRACKING,1.5499999999999978,0.0,1.8635000014910474,29.68698047728777,True,True
2026-09-17T06:44:53.933252+00:00,4.403138599998783,132,324.00000000000034,240.0,324.0,240.0,324.0,240.0,3.410605131648481e-13,TRACKING,1.5749999999999977,0.0,2.4456000101054087,29.210470193777574,True,True
2026-09-17T06:44:53.967104+00:00,4.43698779999977,133,324.00000000000034,240.0,324.0,240.0,324.0,240.0,3.410605131648481e-13,TRACKING,1.5999999999999976,0.0,3.1925000075716525,29.542795692981144,True,True
2026-09-17T06:44:53.998438+00:00,4.468311799995718,134,324.00000000000034,240.0,324.0,240.0,324.0,240.0,3.410605131648481e-13,TRACKING,1.6249999999999976,0.0,1.4724999928148463,31.924403017793498,True,True
2026-09-17T06:44:54.032002+00:00,4.501887499995064,135,324.0000000000004,240.0,324.0,240.0,324.0,240.0,3.979039320256561e-13,TRACKING,1.6499999999999975,0.0,1.3948999985586852,29.7834445750786,True,True
2026-09-17T06:44:54.065982+00:00,4.535868799997843,136,324.0000000000004,240.0,324.0,240.0,324.0,240.0,3.979039320256561e-13,TRACKING,1.6749999999999974,0.0,2.068800007691607,29.427950076018966,True,True
2026-09-17T06:44:54.099608+00:00,4.569493199989665,137,324.0000000000004,240.0,324.0,240.0,324.0,240.0,3.979039320256561e-13,TRACKING,1.6999999999999973,0.0,2.6013000024249777,29.74030764097511,True,True
2026-09-17T06:44:54.134011+00:00,4.603894999992917,138,324.00000000000045,240.0,324.0,240.0,324.0,240.0,4.547473508864641e-13,TRACKING,1.7249999999999972,0.0,3.3531000080984086,29.068246426218113,True,True
2026-09-17T06:44:54.165108+00:00,4.634994899999583,139,324.00000000000045,240.0,324.0,240.0,324.0,240.0,4.547473508864641e-13,TRACKING,1.7499999999999971,0.0,1.5792999911354855,32.15444421961689,True,True
2026-09-17T06:44:54.198406+00:00,4.668291099995258,140,324.00000000000045,240.0,324.0,240.0,324.0,240.0,4.547473508864641e-13,TRACKING,1.774999999999997,0.0,1.5368000022135675,30.033457275301416,True,True
2026-09-17T06:44:54.232936+00:00,4.702821300001233,141,324.00000000000045,240.0,324.0,240.0,324.0,240.0,4.547473508864641e-13,TRACKING,1.799999999999997,0.0,2.212299994425848,28.960156611516123,True,True
2026-09-17T06:44:54.266926+00:00,4.736812799994368,142,324.0000000000005,240.0,324.0,240.0,324.0,240.0,5.115907697472721e-13,TRACKING,1.8249999999999968,0.0,3.072400009841658,29.419119491695152,True,True
2026-09-17T06:44:54.299067+00:00,4.768939699992188,143,316.0000000000005,240.0,316.0,240.0,317.0,240.0,0.9999999999994884,TRACKING,1.8062499999999968,0.0,1.8576000002212822,31.1265637228569,True,True
2026-09-17T06:44:54.332625+00:00,4.802511899993988,144,315.0000000000005,240.0,315.0,240.0,314.0,240.0,1.0000000000005116,TRACKING,1.7687499999999967,0.0,1.9982000085292384,29.786549584072507,True,True
2026-09-17T06:44:54.365947+00:00,4.835828600000241,145,317.0000000000005,240.0,317.0,240.0,316.0,240.0,1.0000000000005116,TRACKING,1.7437499999999968,0.0,2.052899988484569,30.01497746812601,True,True
2026-09-17T06:44:54.399291+00:00,4.869174099992961,146,317.0000000000005,240.0,317.0,240.0,317.0,240.0,5.115907697472721e-13,TRACKING,1.7249999999999968,0.0,2.0567000028677285,29.989054001839072,True,True
2026-09-17T06:44:54.432864+00:00,4.902751599991461,147,316.0000000000005,240.0,316.0,240.0,316.0,240.0,5.115907697472721e-13,TRACKING,1.6999999999999968,0.0,2.532500002416782,29.78184796499608,True,True
2026-09-17T06:44:54.466397+00:00,4.936279699992156,148,316.0000000000005,240.0,316.0,240.0,316.0,240.0,5.115907697472721e-13,TRACKING,1.674999999999997,0.0,2.3707999935140833,29.82572826910231,True,True
2026-09-17T06:44:54.498470+00:00,4.9683584999875166,149,316.0000000000005,240.0,316.0,240.0,316.0,240.0,5.115907697472721e-13,TRACKING,1.649999999999997,0.0,1.4425999979721382,31.17323591108819,True,True
2026-09-17T06:44:54.532330+00:00,5.002218099994934,150,316.00000000000045,240.0,316.0,240.0,316.0,240.0,4.547473508864641e-13,TRACKING,1.6249999999999971,0.0,1.852000001235865,29.533721596856736,True,True
2026-09-17T06:44:54.565558+00:00,5.035444799999823,151,316.00000000000045,240.0,316.0,240.0,316.0,240.0,4.547473508864641e-13,TRACKING,1.5999999999999972,0.0,1.9826999923679978,30.096277988872455,True,True
2026-09-17T06:44:54.600068+00:00,5.069954099992174,152,316.00000000000045,240.0,316.0,240.0,316.0,240.0,4.547473508864641e-13,TRACKING,1.5749999999999973,0.0,2.772699997876771,28.977695873913827,True,True
2026-09-17T06:44:54.632518+00:00,5.102405199999339,153,316.00000000000045,240.0,316.0,240.0,316.0,240.0,4.547473508864641e-13,TRACKING,1.5499999999999974,0.0,2.0739999890793115,30.815596382840624,True,True
2026-09-17T06:44:54.665417+00:00,5.135299099987606,154,316.00000000000045,240.0,316.0,240.0,316.0,240.0,4.547473508864641e-13,TRACKING,1.5249999999999975,0.0,1.67939999664668,30.40077340651924,True,True
2026-09-17T06:44:54.698483+00:00,5.168371799998567,155,316.0000000000004,240.0,316.0,240.0,316.0,240.0,3.979039320256561e-13,TRACKING,1.4999999999999976,0.0,1.6179999947780743,30.236418546673022,True,True
2026-09-17T06:44:54.732369+00:00,5.202248399989912,156,316.0000000000004,240.0,316.0,240.0,316.0,240.0,3.979039320256561e-13,TRACKING,1.4749999999999976,0.0,1.8589999963296577,29.518900959821547,True,True
2026-09-17T06:44:54.767012+00:00,5.236895699999877,157,316.00000000000034,240.0,316.0,240.0,316.0,240.0,3.410605131648481e-13,TRACKING,1.4499999999999977,0.0,3.2110000029206276,28.862277860392826,True,True
2026-09-17T06:44:54.800350+00:00,5.270233599992935,158,316.00000000000034,240.0,316.0,240.0,316.0,240.0,3.410605131648481e-13,TRACKING,1.4249999999999978,0.0,3.297000002930872,29.99589056923953,True,True
2026-09-17T06:44:54.832169+00:00,5.302052099999855,159,316.00000000000034,240.0,316.0,240.0,316.0,240.0,3.410605131648481e-13,TRACKING,1.399999999999998,0.0,1.7144999874290079,31.42825713916419,True,True
2026-09-17T06:44:54.865880+00:00,5.3357645999931265,160,316.00000000000034,240.0,316.0,240.0,316.0,240.0,3.410605131648481e-13,TRACKING,1.374999999999998,0.0,1.6013999993447214,29.662588066728773,True,True
2026-09-17T06:44:54.899344+00:00,5.369226800001343,161,316.00000000000034,240.0,316.0,240.0,316.0,240.0,3.410605131648481e-13,TRACKING,1.349999999999998,0.0,2.2515000018756837,29.884466644585828,True,True
2026-09-17T06:44:54.932794+00:00,5.402680300001521,162,316.00000000000034,240.0,316.0,240.0,316.0,240.0,3.410605131648481e-13,TRACKING,1.3249999999999982,0.0,2.1536999993259087,29.892238480119648,True,True
2026-09-17T06:44:54.967529+00:00,5.4374134999961825,163,316.0000000000003,240.0,316.0,240.0,316.0,240.0,2.8421709430404007e-13,TRACKING,1.2999999999999983,0.0,3.682399998069741,28.79089747428081,True,True
2026-09-17T06:44:54.999063+00:00,5.468945100001292,164,316.0000000000003,240.0,316.0,240.0,316.0,240.0,2.8421709430404007e-13,TRACKING,1.2749999999999984,0.0,1.7050000024028122,31.71421684398974,True,True
2026-09-17T06:44:55.031860+00:00,5.501747699992848,165,316.0000000000002,240.0,316.0,240.0,316.0,240.0,2.2737367544323206e-13,TRACKING,1.2499999999999984,0.0,1.505599997472018,30.485388361210365,True,True
2026-09-17T06:44:55.066005+00:00,5.535891299994546,166,316.0000000000002,240.0,316.0,240.0,316.0,240.0,2.2737367544323206e-13,TRACKING,1.2249999999999985,0.0,2.153100009309128,29.28806569753214,True,True
2026-09-17T06:44:55.099834+00:00,5.569720100000268,167,316.0000000000002,240.0,316.0,240.0,316.0,240.0,2.2737367544323206e-13,TRACKING,1.1999999999999986,0.0,2.8817000129492953,29.560611071952252,True,True
2026-09-17T06:44:55.133524+00:00,5.603411499992944,168,316.0000000000002,240.0,316.0,240.0,316.0,240.0,2.2737367544323206e-13,TRACKING,1.1749999999999987,0.0,3.2223000016529113,29.681164932812866,True,True
2026-09-17T06:44:55.165718+00:00,5.635605999996187,169,316.0000000000002,240.0,316.0,240.0,316.0,240.0,2.2737367544323206e-13,TRACKING,1.1499999999999988,0.0,1.7294999997830018,31.06120610350441,True,True
2026-09-17T06:44:55.198790+00:00,5.66867739999725,170,316.0000000000002,240.0,316.0,240.0,316.0,240.0,2.2737367544323206e-13,TRACKING,1.124999999999999,0.0,1.7183000018121675,30.237607115751285,True,True
2026-09-17T06:44:55.233094+00:00,5.702982499991776,171,316.00000000000017,240.0,316.0,240.0,316.0,240.0,1.7053025658242404e-13,TRACKING,1.099999999999999,0.0,2.0185000030323863,29.150184671071095,True,True
2026-09-17T06:44:55.267092+00:00,5.736978100001579,172,316.00000000000017,240.0,316.0,240.0,316.0,240.0,1.7053025658242404e-13,TRACKING,1.074999999999999,0.0,2.9140999977244064,29.415571418408476,True,True
2026-09-17T06:44:55.300194+00:00,5.770077900000615,173,316.0000000000001,240.0,316.0,240.0,316.0,240.0,1.1368683772161603e-13,TRACKING,1.0499999999999992,0.0,2.9876000044168904,30.211662911229894,True,True
2026-09-17T06:44:55.332545+00:00,5.802430899988394,174,316.0000000000001,240.0,316.0,240.0,316.0,240.0,1.1368683772161603e-13,TRACKING,1.0249999999999992,0.0,1.967999996850267,30.909034722521362,True,True
2026-09-17T06:44:55.365582+00:00,5.835462399991229,175,316.0000000000001,240.0,316.0,240.0,316.0,240.0,1.1368683772161603e-13,TRACKING,0.9999999999999992,0.0,1.7077999946195632,30.274132265085584,True,True
2026-09-17T06:44:55.399687+00:00,5.869574899988947,176,316.0000000000001,240.0,316.0,240.0,316.0,240.0,1.1368683772161603e-13,TRACKING,0.9749999999999992,0.0,2.434399997582659,29.314767315995272,True,True
2026-09-17T06:44:55.433266+00:00,5.903152200000477,177,316.0000000000001,240.0,316.0,240.0,316.0,240.0,1.1368683772161603e-13,TRACKING,0.9499999999999992,0.0,2.7141999889863655,29.78202534619,True,True
2026-09-17T06:44:55.466691+00:00,5.936574099992868,178,316.0000000000001,240.0,316.0,240.0,316.0,240.0,1.1368683772161603e-13,TRACKING,0.9249999999999992,0.0,2.783200005069375,29.920501235048846,True,True
2026-09-17T06:44:55.499556+00:00,5.969443599999067,179,316.0000000000001,240.0,316.0,240.0,316.0,240.0,1.1368683772161603e-13,TRACKING,0.8999999999999991,0.0,2.1653000003425404,30.423340781313403,True,True
2026-09-17T06:44:55.531787+00:00,6.001672499987762,180,316.0000000000001,240.0,316.0,240.0,316.0,240.0,1.1368683772161603e-13,TRACKING,0.8749999999999991,0.0,1.573899993672967,31.028052473114833,True,True
2026-09-17T06:44:55.565899+00:00,6.03578109999944,181,316.0000000000001,240.0,316.0,240.0,316.0,240.0,1.1368683772161603e-13,TRACKING,0.8499999999999991,0.0,2.149499996448867,29.318119173980705,True,True
2026-09-17T06:44:55.599631+00:00,6.069517399999313,182,316.0000000000001,240.0,316.0,240.0,316.0,240.0,1.1368683772161603e-13,TRACKING,0.8249999999999991,0.0,2.513400002499111,29.641661948813592,True,True
2026-09-17T06:44:55.633310+00:00,6.103194499999518,183,316.0000000000001,240.0,316.0,240.0,316.0,240.0,1.1368683772161603e-13,TRACKING,0.799999999999999,0.0,2.9159000114304945,29.69376816869407,True,True
2026-09-17T06:44:55.665767+00:00,6.135655799997039,184,316.00000000000017,240.0,316.0,240.0,316.0,240.0,1.7053025658242404e-13,TRACKING,0.774999999999999,0.0,1.6933999868342653,30.805913505508112,True,True
2026-09-17T06:44:55.698704+00:00,6.168588999993517,185,316.00000000000017,240.0,316.0,240.0,316.0,240.0,1.7053025658242404e-13,TRACKING,0.749999999999999,0.0,1.558799995109439,30.36449540606276,True,True
2026-09-17T06:44:55.732355+00:00,6.202239899997949,186,316.00000000000017,240.0,316.0,240.0,316.0,240.0,1.7053025658242404e-13,TRACKING,0.724999999999999,0.0,1.7193000094266608,29.716887211584428,True,True
2026-09-17T06:44:55.766307+00:00,6.2361933999927714,187,316.00000000000017,240.0,316.0,240.0,316.0,240.0,1.7053025658242404e-13,TRACKING,0.699999999999999,0.0,2.5928999966708943,29.452044712694708,True,True
2026-09-17T06:44:55.800847+00:00,6.270727999988594,188,316.00000000000017,240.0,316.0,240.0,316.0,240.0,1.7053025658242404e-13,TRACKING,0.6749999999999989,0.0,3.545800005667843,28.95646685124372,True,True
2026-09-17T06:44:55.832245+00:00,6.302129999996396,189,316.00000000000017,240.0,316.0,240.0,316.0,240.0,1.7053025658242404e-13,TRACKING,0.6499999999999989,0.0,1.7346000095130876,31.845105399387123,True,True
2026-09-17T06:44:55.865331+00:00,6.335220199995092,190,316.00000000000017,240.0,316.0,240.0,316.0,240.0,1.7053025658242404e-13,TRACKING,0.6249999999999989,0.0,1.4603000017814338,30.220427801566547,True,True
2026-09-17T06:44:55.898993+00:00,6.368877499990049,191,316.00000000000017,240.0,316.0,240.0,316.0,240.0,1.7053025658242404e-13,TRACKING,0.5999999999999989,0.0,1.8848000036086887,29.71123649698112,True,True
2026-09-17T06:44:55.933415+00:00,6.40330219999305,192,316.00000000000017,240.0,316.0,240.0,316.0,240.0,1.7053025658242404e-13,TRACKING,0.5749999999999988,0.0,2.4530000082449988,29.048909646644034,True,True
2026-09-17T06:44:55.966912+00:00,6.436795299989171,193,316.00000000000017,240.0,316.0,240.0,316.0,240.0,1.7053025658242404e-13,TRACKING,0.5499999999999988,0.0,3.0809000018052757,29.85689590141841,True,True
2026-09-17T06:44:55.998705+00:00,6.4685909999971045,194,316.00000000000017,240.0,316.0,240.0,316.0,240.0,1.7053025658242404e-13,TRACKING,0.5249999999999988,0.0,1.7516000079922378,31.450793652930894,True,True
2026-09-17T06:44:56.032551+00:00,6.502435999995214,195,316.0000000000002,240.0,316.0,240.0,316.0,240.0,2.2737367544323206e-13,TRACKING,0.4999999999999988,0.0,1.9881000043824315,29.546461812848577,True,True
2026-09-17T06:44:56.066091+00:00,6.5359788999921875,196,316.0000000000002,240.0,316.0,240.0,316.0,240.0,2.2737367544323206e-13,TRACKING,0.47499999999999876,0.0,2.38540000282228,29.812568385268584,True,True
2026-09-17T06:44:56.100112+00:00,6.5699956999887945,197,316.0000000000002,240.0,316.0,240.0,316.0,240.0,2.2737367544323206e-13,TRACKING,0.44999999999999873,0.0,2.9168000037316233,29.397239014244274,True,True
2026-09-17T06:44:56.132532+00:00,6.602414699998917,198,316.0000000000002,240.0,316.0,240.0,316.0,240.0,2.2737367544323206e-13,TRACKING,0.4249999999999987,0.0,1.9623999978648499,30.846108753748076,True,True
2026-09-17T06:44:56.165334+00:00,6.635211499989964,199,316.0000000000002,240.0,316.0,240.0,316.0,240.0,2.2737367544323206e-13,TRACKING,0.3999999999999987,0.0,1.6902000061236322,30.490779596575997,True,True
2026-09-17T06:44:56.198878+00:00,6.668765999987954,200,316.0000000000002,240.0,316.0,240.0,316.0,240.0,2.2737367544323206e-13,TRACKING,0.37499999999999867,0.0,1.7638999997870997,29.802261993470218,True,True
2026-09-17T06:44:56.232634+00:00,6.702521200000774,201,316.0000000000002,240.0,316.0,240.0,316.0,240.0,2.2737367544323206e-13,TRACKING,0.34999999999999865,0.0,2.1785999997518957,29.62506516389212,True,True
2026-09-17T06:44:56.266563+00:00,6.736446299997624,202,316.0000000000002,240.0,316.0,240.0,316.0,240.0,2.2737367544323206e-13,TRACKING,0.3249999999999986,0.0,2.741100004641339,29.47670014510951,True,True
2026-09-17T06:44:56.300353+00:00,6.770237399992766,203,316.0000000000002,240.0,316.0,240.0,316.0,240.0,2.2737367544323206e-13,TRACKING,0.2999999999999986,0.0,3.2076000061351806,29.593591216141828,True,True
2026-09-17T06:44:56.332447+00:00,6.802330899998196,204,316.0000000000002,240.0,316.0,240.0,316.0,240.0,2.2737367544323206e-13,TRACKING,0.2749999999999986,0.0,1.8644000083440915,31.158957416012274,True,True
2026-09-17T06:44:56.365619+00:00,6.835507499999949,205,316.0000000000002,240.0,316.0,240.0,316.0,240.0,2.2737367544323206e-13,TRACKING,0.24999999999999858,0.0,1.86309999844525,30.14172639592907,True,True
2026-09-17T06:44:56.399052+00:00,6.868936300001224,206,316.0000000000002,240.0,316.0,240.0,316.0,240.0,2.2737367544323206e-13,TRACKING,0.2249999999999986,0.0,2.176199996029027,29.914325370993435,True,True
2026-09-17T06:44:56.434542+00:00,6.904421699990053,207,316.0000000000002,240.0,316.0,240.0,316.0,240.0,2.2737367544323206e-13,TRACKING,0.1999999999999986,0.0,3.872300003422424,28.180603862850667,True,True
2026-09-17T06:44:56.464960+00:00,6.934848599994439,208,316.0000000000002,240.0,316.0,240.0,316.0,240.0,2.2737367544323206e-13,TRACKING,0.1749999999999986,0.0,1.3990000006742775,32.865655057066355,True,True
2026-09-17T06:44:56.498364+00:00,6.968247999990126,209,316.0000000000002,240.0,316.0,240.0,316.0,240.0,2.2737367544323206e-13,TRACKING,0.1499999999999986,0.0,1.4686000067740679,29.940657620469874,True,True
2026-09-17T06:44:56.532195+00:00,7.002078399993479,210,316.0000000000002,240.0,316.0,240.0,316.0,240.0,2.2737367544323206e-13,TRACKING,0.12499999999999861,0.0,1.6248000029008836,29.559213012582884,True,True
2026-09-17T06:44:56.565773+00:00,7.035661299989442,211,316.0000000000002,240.0,316.0,240.0,316.0,240.0,2.2737367544323206e-13,TRACKING,0.09999999999999862,0.0,2.122199992300011,29.77705916166285,True,True
2026-09-17T06:44:56.599957+00:00,7.069842899989453,212,316.0000000000002,240.0,316.0,240.0,316.0,240.0,2.2737367544323206e-13,TRACKING,0.07499999999999862,0.0,2.762000003713183,29.255505886198538,True,True
2026-09-17T06:44:56.634011+00:00,7.103896299988264,213,316.0000000000002,240.0,316.0,240.0,316.0,240.0,2.2737367544323206e-13,TRACKING,0.04999999999999862,0.0,3.373500003363006,29.365643372905893,True,True
2026-09-17T06:44:56.665473+00:00,7.135361099994043,214,316.0000000000002,240.0,316.0,240.0,316.0,240.0,2.2737367544323206e-13,TRACKING,0.02499999999999862,0.0,1.8219000048702583,31.78154635708299,True,True
2026-09-17T06:44:56.698791+00:00,7.1686789999948815,215,316.0000000000002,240.0,316.0,240.0,316.0,240.0,2.2737367544323206e-13,TRACKING,-1.3808398868775384e-15,0.0,1.6398000007029623,30.01389643329356,True,True
2026-09-17T06:44:56.732239+00:00,7.202125199997681,216,316.0000000000002,240.0,316.0,240.0,316.0,240.0,2.2737367544323206e-13,TRACKING,-0.025000000000001382,0.0,1.8154999997932464,29.89876278669299,True,True
2026-09-17T06:44:56.766584+00:00,7.236468199989758,217,316.0000000000002,240.0,316.0,240.0,316.0,240.0,2.2737367544323206e-13,TRACKING,-0.050000000000001384,0.0,2.973700000438839,29.11801532279344,True,True
2026-09-17T06:44:56.800743+00:00,7.270628799989936,218,316.0000000000002,240.0,316.0,240.0,316.0,240.0,2.2737367544323206e-13,TRACKING,-0.07500000000000139,0.0,3.752599994186312,29.27349051230961,True,True
2026-09-17T06:44:56.831943+00:00,7.301831399992807,219,316.0000000000002,240.0,316.0,240.0,316.0,240.0,2.2737367544323206e-13,TRACKING,-0.1000000000000014,0.0,1.5777000080561265,32.048611330722174,True,True
2026-09-17T06:44:56.865338+00:00,7.335225199989509,220,316.0000000000002,240.0,316.0,240.0,316.0,240.0,2.2737367544323206e-13,TRACKING,-0.1250000000000014,0.0,1.5552999975625426,29.945678542087478,True,True
2026-09-17T06:44:56.899047+00:00,7.368932599987602,221,316.0000000000002,240.0,316.0,240.0,316.0,240.0,2.2737367544323206e-13,TRACKING,-0.15000000000000138,0.0,2.023399996687658,29.667076073994863,True,True
2026-09-17T06:44:56.933249+00:00,7.403134699998191,222,316.0000000000002,240.0,316.0,240.0,316.0,240.0,2.2737367544323206e-13,TRACKING,-0.17500000000000138,0.0,2.8449000092223287,29.237970758824925,True,True
2026-09-17T06:44:56.966927+00:00,7.436761499993736,223,316.0000000000002,240.0,316.0,240.0,316.0,240.0,2.2737367544323206e-13,TRACKING,-0.20000000000000137,0.0,2.8106999961892143,29.738185023031473,True,True
2026-09-17T06:44:56.998930+00:00,7.468816799999331,224,316.0000000000002,240.0,316.0,240.0,316.0,240.0,2.2737367544323206e-13,TRACKING,-0.22500000000000137,0.0,1.822799997171387,31.19608925280536,True,True
2026-09-17T06:44:57.031846+00:00,7.501728899995214,225,316.0000000000002,240.0,316.0,240.0,316.0,240.0,2.2737367544323206e-13,TRACKING,-0.2500000000000014,0.0,1.5802999987499788,30.383962133230188,True,True
2026-09-17T06:44:57.065739+00:00,7.5356218999950215,226,316.0000000000002,240.0,316.0,240.0,316.0,240.0,2.2737367544323206e-13,TRACKING,-0.2750000000000014,0.0,2.045200002612546,29.50461747280229,True,True
2026-09-17T06:44:57.099857+00:00,7.569741200000863,227,316.0000000000002,240.0,316.0,240.0,316.0,240.0,2.2737367544323206e-13,TRACKING,-0.30000000000000143,0.0,2.518900000723079,29.30892485569178,True,True
2026-09-17T06:44:57.134190+00:00,7.6040695999981835,228,316.0000000000002,240.0,316.0,240.0,316.0,240.0,2.2737367544323206e-13,TRACKING,-0.32500000000000145,0.0,3.6632999981520697,29.130399321787255,True,True
2026-09-17T06:44:57.165235+00:00,7.6351205999962986,229,316.0000000000002,240.0,316.0,240.0,316.0,240.0,2.2737367544323206e-13,TRACKING,-0.3500000000000015,0.0,1.6296000103466213,32.20508196388865,True,True
2026-09-17T06:44:57.198649+00:00,7.668536799988942,230,316.0000000000002,240.0,316.0,240.0,316.0,240.0,2.2737367544323206e-13,TRACKING,-0.3750000000000015,0.0,1.491100003477186,29.925604952691888,True,True
2026-09-17T06:44:57.232544+00:00,7.7024296000017785,231,316.0000000000002,240.0,316.0,240.0,316.0,240.0,2.2737367544323206e-13,TRACKING,-0.4000000000000015,0.0,2.277499996125698,29.504791566977932,True,True
2026-09-17T06:44:57.267208+00:00,7.737083100000746,232,316.0000000000002,240.0,316.0,240.0,316.0,240.0,2.2737367544323206e-13,TRACKING,-0.42500000000000154,0.0,3.1174000032478943,28.857114000888934,True,True
2026-09-17T06:44:57.300690+00:00,7.770577599992976,233,316.0000000000002,240.0,316.0,240.0,316.0,240.0,2.2737367544323206e-13,TRACKING,-0.45000000000000157,0.0,3.1682999979238957,29.855647949125352,True,True
2026-09-17T06:44:57.331930+00:00,7.801816299994243,234,316.0000000000002,240.0,316.0,240.0,316.0,240.0,2.2737367544323206e-13,TRACKING,-0.4750000000000016,0.0,1.4116000093054026,32.01157538436038,True,True
2026-09-17T06:44:57.365323+00:00,7.835211699988577,235,316.0000000000002,240.0,316.0,240.0,316.0,240.0,2.2737367544323206e-13,TRACKING,-0.5000000000000016,0.0,1.578499999595806,29.944243823091977,True,True
2026-09-17T06:44:57.398935+00:00,7.868823799988604,236,316.0000000000002,240.0,316.0,240.0,316.0,240.0,2.2737367544323206e-13,TRACKING,-0.5250000000000016,0.0,1.8399000109639019,29.751190791387025,True,True
2026-09-17T06:44:57.433043+00:00,7.90292860000045,237,316.0000000000002,240.0,316.0,240.0,316.0,240.0,2.2737367544323206e-13,TRACKING,-0.5500000000000016,0.0,2.6073999906657264,29.321385835795898,True,True
2026-09-17T06:44:57.467298+00:00,7.937184399997932,238,316.0000000000002,240.0,316.0,240.0,316.0,240.0,2.2737367544323206e-13,TRACKING,-0.5750000000000016,0.0,3.4294000070076436,29.19213680817613,True,True
2026-09-17T06:44:57.498921+00:00,7.96880930000043,239,316.0000000000002,240.0,316.0,240.0,316.0,240.0,2.2737367544323206e-13,TRACKING,-0.6000000000000016,0.0,1.6675999941071495,31.62065334344159,True,True
2026-09-17T06:44:57.532463+00:00,8.002350499999011,240,316.0000000000002,240.0,316.0,240.0,316.0,240.0,2.2737367544323206e-13,TRACKING,-0.6250000000000017,0.0,2.2038999886717647,29.814079402117713,True,True
2026-09-17T06:44:57.566911+00:00,8.036797599997954,241,316.0000000000003,240.0,316.0,240.0,316.0,240.0,2.8421709430404007e-13,TRACKING,-0.6500000000000017,0.0,1.9176999921910465,29.030019944514837,True,True
2026-09-17T06:44:57.599842+00:00,8.069726199988509,242,316.0000000000003,240.0,316.0,240.0,316.0,240.0,2.8421709430404007e-13,TRACKING,-0.6750000000000017,0.0,2.6157999964198098,30.36873721588012,True,True
2026-09-17T06:44:57.633250+00:00,8.10313540000061,243,316.0000000000003,240.0,316.0,240.0,316.0,240.0,2.8421709430404007e-13,TRACKING,-0.7000000000000017,0.0,2.9855999891879037,29.93187504153858,True,True
2026-09-17T06:44:57.665697+00:00,8.135565699994913,244,316.0000000000003,240.0,316.0,240.0,316.0,240.0,2.8421709430404007e-13,TRACKING,-0.7250000000000018,0.0,1.7395000031683594,30.835360763720093,True,True
2026-09-17T06:44:57.699284+00:00,8.169169499989948,245,316.0000000000003,240.0,316.0,240.0,316.0,240.0,2.8421709430404007e-13,TRACKING,-0.7500000000000018,0.0,2.3099999962141737,29.758539217224037,True,True
2026-09-17T06:44:57.733850+00:00,8.203734399998211,246,316.0000000000003,240.0,316.0,240.0,316.0,240.0,2.8421709430404007e-13,TRACKING,-0.7750000000000018,0.0,2.6053000037791207,28.9310832596345,True,True
2026-09-17T06:44:57.766250+00:00,8.236135699989973,247,316.0000000000003,240.0,316.0,240.0,316.0,240.0,2.8421709430404007e-13,TRACKING,-0.8000000000000018,0.0,2.5661999970907345,30.862959210101742,True,True
2026-09-17T06:44:57.800345+00:00,8.270218699995894,248,316.0000000000003,240.0,316.0,240.0,316.0,240.0,2.8421709430404007e-13,TRACKING,-0.8250000000000018,0.0,3.0576999997720122,29.340140240773017,True,True
2026-09-17T06:44:57.832120+00:00,8.302003199991304,249,316.0000000000003,240.0,316.0,240.0,316.0,240.0,2.8421709430404007e-13,TRACKING,-0.8500000000000019,0.0,1.7746999947121367,31.461876076213127,True,True
2026-09-17T06:44:57.865222+00:00,8.335106099999393,250,316.0000000000003,240.0,316.0,240.0,316.0,240.0,2.8421709430404007e-13,TRACKING,-0.8750000000000019,0.0,1.554200003738515,30.20883365975922,True,True
2026-09-17T06:44:57.898724+00:00,8.368611300000339,251,316.00000000000034,240.0,316.0,240.0,316.0,240.0,3.410605131648481e-13,TRACKING,-0.9000000000000019,0.0,1.7933999915840104,29.846113438265736,True,True
2026-09-17T06:44:57.933062+00:00,8.402949700001045,252,316.00000000000034,240.0,316.0,240.0,316.0,240.0,3.410605131648481e-13,TRACKING,-0.9250000000000019,0.0,2.6294999988749623,29.12191598849774,True,True
2026-09-17T06:44:57.967671+00:00,8.43755339999916,253,316.00000000000034,240.0,316.0,240.0,316.0,240.0,3.410605131648481e-13,TRACKING,-0.950000000000002,0.0,3.6250999983167276,28.898643788221158,True,True
2026-09-17T06:44:57.998851+00:00,8.468738999989,254,316.00000000000034,240.0,316.0,240.0,316.0,240.0,3.410605131648481e-13,TRACKING,-0.975000000000002,0.0,1.7281000036746264,32.066081791782004,True,True
2026-09-17T06:44:58.032188+00:00,8.502076499993564,255,316.00000000000034,240.0,316.0,240.0,316.0,240.0,3.410605131648481e-13,TRACKING,-1.000000000000002,0.0,1.6699999978300184,29.99625046458531,True,True
2026-09-17T06:44:58.066474+00:00,8.536361899998155,256,316.00000000000034,240.0,316.0,240.0,316.0,240.0,3.410605131648481e-13,TRACKING,-1.025000000000002,0.0,2.6341000047978014,29.166934026322327,True,True
2026-09-17T06:44:58.100707+00:00,8.57058600000164,257,316.00000000000034,240.0,316.0,240.0,316.0,240.0,3.410605131648481e-13,TRACKING,-1.0500000000000018,0.0,3.2128000020748004,29.21917595782451,True,True
2026-09-17T06:44:58.133947+00:00,8.603831699991133,258,316.0000000000003,240.0,316.0,240.0,316.0,240.0,2.8421709430404007e-13,TRACKING,-1.0750000000000017,0.0,3.4558999905129895,30.07907790529424,True,True
2026-09-17T06:44:58.165132+00:00,8.635020399990026,259,316.0000000000003,240.0,316.0,240.0,316.0,240.0,2.8421709430404007e-13,TRACKING,-1.1000000000000016,0.0,1.4611999940825626,32.06289457513454,True,True
2026-09-17T06:44:58.198606+00:00,8.668494099998497,260,316.0000000000002,240.0,316.0,240.0,316.0,240.0,2.2737367544323206e-13,TRACKING,-1.1250000000000016,0.0,1.5793999918969348,29.874199737313795,True,True
2026-09-17T06:44:58.232178+00:00,8.702063399992767,261,316.0000000000002,240.0,316.0,240.0,316.0,240.0,2.2737367544323206e-13,TRACKING,-1.1500000000000015,0.0,1.7660000012256205,29.789122804786217,True,True
2026-09-17T06:44:58.266559+00:00,8.736445199989248,262,316.0000000000002,240.0,316.0,240.0,316.0,240.0,2.2737367544323206e-13,TRACKING,-1.1750000000000014,0.0,2.5950999988708645,29.085155521303207,True,True
2026-09-17T06:44:58.300984+00:00,8.770872399996733,263,316.0000000000002,240.0,316.0,240.0,316.0,240.0,2.2737367544323206e-13,TRACKING,-1.2000000000000013,0.0,3.5977000079583377,29.046800198174065,True,True
2026-09-17T06:44:58.332293+00:00,8.802182300001732,264,316.0000000000002,240.0,316.0,240.0,316.0,240.0,2.2737367544323206e-13,TRACKING,-1.2250000000000012,0.0,1.9656999938888475,31.938779741881802,True,True
2026-09-17T06:44:58.365529+00:00,8.835410100000445,265,316.0000000000002,240.0,316.0,240.0,316.0,240.0,2.2737367544323206e-13,TRACKING,-1.250000000000001,0.0,1.5967000072123483,30.09528166290699,True,True
2026-09-17T06:44:58.399516+00:00,8.869403699995019,266,316.00000000000017,240.0,316.0,240.0,316.0,240.0,1.7053025658242404e-13,TRACKING,-1.275000000000001,0.0,2.540500005125068,29.417302085087364,True,True
2026-09-17T06:44:58.433270+00:00,8.903154100000393,267,316.00000000000017,240.0,316.0,240.0,316.0,240.0,1.7053025658242404e-13,TRACKING,-1.300000000000001,0.0,2.6280999882146716,29.62927846309286,True,True
2026-09-17T06:44:58.467355+00:00,8.937239699997008,268,316.0000000000001,240.0,316.0,240.0,316.0,240.0,1.1368683772161603e-13,TRACKING,-1.3250000000000008,0.0,3.50030000845436,29.33790222555281,True,True
2026-09-17T06:44:58.499552+00:00,8.969437399995513,269,316.0000000000001,240.0,316.0,240.0,316.0,240.0,1.1368683772161603e-13,TRACKING,-1.3500000000000008,0.0,2.138099996955134,31.058119059635285,True,True
2026-09-17T06:44:58.532003+00:00,9.00188719999278,270,316.0000000000001,240.0,316.0,240.0,316.0,240.0,1.1368683772161603e-13,TRACKING,-1.3750000000000007,0.0,1.5323999978136271,30.816830922971526,True,True
2026-09-17T06:44:58.565849+00:00,9.035733999990043,271,316.0000000000001,240.0,316.0,240.0,316.0,240.0,1.1368683772161603e-13,TRACKING,-1.4000000000000006,0.0,1.890700004878454,29.5448905090244,True,True
2026-09-17T06:44:58.599695+00:00,9.069580700001097,272,316.0000000000001,240.0,316.0,240.0,316.0,240.0,1.1368683772161603e-13,TRACKING,-1.4250000000000005,0.0,2.4298999924212694,29.544977787300038,True,True
2026-09-17T06:44:58.634193+00:00,9.104077899988624,273,316.0000000000001,240.0,316.0,240.0,316.0,240.0,1.1368683772161603e-13,TRACKING,-1.4500000000000004,0.0,3.744899993762374,28.98785989476149,True,True
2026-09-17T06:44:58.665965+00:00,9.1358470999985,274,316.00000000000006,240.0,316.0,240.0,316.0,240.0,5.684341886080802e-14,TRACKING,-1.4750000000000003,0.0,2.07280000904575,31.47702805513312,True,True
2026-09-17T06:44:58.698451+00:00,9.168339199997718,275,316.00000000000006,240.0,316.0,240.0,316.0,240.0,5.684341886080802e-14,TRACKING,-1.5000000000000002,0.0,1.553599999169819,30.776711878397776,True,True
2026-09-17T06:44:58.732856+00:00,9.202742800000124,276,316.0,240.0,316.0,240.0,316.0,240.0,0.0,TRACKING,-1.5250000000000001,0.0,2.552199992351234,29.06672557319759,True,True
2026-09-17T06:44:58.766776+00:00,9.236664500000188,277,316.0,240.0,316.0,240.0,316.0,240.0,0.0,TRACKING,-1.55,0.0,3.0869999900460243,29.479654616310505,True,True
2026-09-17T06:44:58.800567+00:00,9.270451799995499,278,316.0,240.0,316.0,240.0,316.0,240.0,0.0,TRACKING,-1.575,0.0,3.329500003019348,29.59691955672077,True,True
2026-09-17T06:44:58.832070+00:00,9.30195699998876,279,316.0,240.0,316.0,240.0,316.0,240.0,0.0,TRACKING,-1.5999999999999999,0.0,1.4825999969616532,31.740792003030208,True,True
2026-09-17T06:44:58.865784+00:00,9.33566989999963,280,316.0,240.0,316.0,240.0,316.0,240.0,0.0,TRACKING,-1.6249999999999998,0.0,1.8305999983567744,29.66223610776895,True,True
2026-09-17T06:44:58.899164+00:00,9.369038499993621,281,315.99999999999994,240.0,315.0,240.0,315.0,240.0,0.9999999999999432,TRACKING,-1.6562499999999998,0.0,1.827100000809878,29.968293550825013,True,True
2026-09-17T06:44:58.933390+00:00,9.403268399997614,282,316.99999999999994,240.0,316.0,240.0,316.0,240.0,0.9999999999999432,TRACKING,-1.6812499999999997,0.0,2.8178999928059056,29.214224987024473,True,True
2026-09-17T06:44:58.968090+00:00,9.437974899992696,283,316.99999999999994,240.0,316.0,240.0,316.0,240.0,0.9999999999999432,TRACKING,-1.7062499999999996,0.0,4.179299998213537,28.81304655155984,True,True
2026-09-17T06:44:58.999563+00:00,9.469451099997968,284,316.99999999999994,240.0,316.0,240.0,316.0,240.0,0.9999999999999432,TRACKING,-1.7312499999999995,0.0,2.06830000388436,31.77003576773866,True,True
2026-09-17T06:44:59.031801+00:00,9.50168329999724,285,316.99999999999994,240.0,316.0,240.0,316.0,240.0,0.9999999999999432,TRACKING,-1.7562499999999994,0.0,1.487100002123043,31.024875746074372,True,True
2026-09-17T06:44:59.065610+00:00,9.53549139999086,286,316.9999999999999,240.0,316.0,240.0,316.0,240.0,0.9999999999998863,TRACKING,-1.7812499999999993,0.0,2.0158999977866188,29.578710432963774,True,True
2026-09-17T06:44:59.099731+00:00,9.569614499996533,287,316.9999999999999,240.0,316.0,240.0,316.0,240.0,0.9999999999998863,TRACKING,-1.8062499999999992,0.0,2.50909999886062,29.305660969658945,True,True
2026-09-17T06:44:59.133393+00:00,9.603267400001641,288,316.9999999999999,240.0,316.0,240.0,316.0,240.0,0.9999999999998863,TRACKING,-1.8312499999999992,0.0,3.078499998082407,29.7151211291804,True,True
2026-09-17T06:44:59.165810+00:00,9.635692799987737,289,324.9999999999999,240.0,324.0,240.0,323.0,240.0,1.9999999999998863,TRACKING,-1.8124999999999991,0.0,1.7654999974183738,30.840020490998047,True,True
2026-09-17T06:44:59.198859+00:00,9.668739299988374,290,325.9999999999999,240.0,325.0,240.0,326.0,240.0,1.1368683772161603e-13,TRACKING,-1.774999999999999,0.0,1.777800003765151,30.260390661060125,True,True
2026-09-17T06:44:59.232430+00:00,9.702313999994658,291,323.99999999999983,240.0,323.0,240.0,324.0,240.0,1.7053025658242404e-13,TRACKING,-1.7499999999999991,0.0,1.8034000095212832,29.784331648915423,True,True
2026-09-17T06:44:59.266223+00:00,9.736103399991407,292,323.9999999999999,240.0,323.0,240.0,323.0,240.0,0.9999999999998863,TRACKING,-1.731249999999999,0.0,2.3003999958746135,29.595080116729207,True,True
2026-09-17T06:44:59.299264+00:00,9.769145799989928,293,324.99999999999983,240.0,324.0,240.0,324.0,240.0,0.9999999999998295,TRACKING,-1.7062499999999992,0.0,2.1133999980520457,30.264145462942995,True,True
2026-09-17T06:44:59.333132+00:00,9.802991699994891,294,324.9999999999999,240.0,324.0,240.0,324.0,240.0,0.9999999999998863,TRACKING,-1.6812499999999992,0.0,2.35870000324212,29.54567613369362,True,True
2026-09-17T06:44:59.365461+00:00,9.835343400001875,295,324.9999999999999,240.0,324.0,240.0,324.0,240.0,0.9999999999998863,TRACKING,-1.6562499999999993,0.0,1.8874999950639904,30.910276733034653,True,True
2026-09-17T06:44:59.399239+00:00,9.869121199997608,296,324.9999999999999,240.0,324.0,240.0,324.0,240.0,0.9999999999998863,TRACKING,-1.6312499999999994,0.0,2.1869000047445297,29.60524368450108,True,True
2026-09-17T06:44:59.433011+00:00,9.902895699997316,297,324.9999999999999,240.0,324.0,240.0,324.0,240.0,0.9999999999998863,TRACKING,-1.6062499999999995,0.0,2.5021000037668273,29.608136316115143,True,True
2026-09-17T06:44:59.467649+00:00,9.937529299990274,298,324.99999999999994,240.0,324.0,240.0,324.0,240.0,0.9999999999999432,TRACKING,-1.5812499999999996,0.0,3.76769999274984,28.873694914861044,True,True
2026-09-17T06:44:59.499216+00:00,9.969100299989805,299,324.99999999999994,240.0,324.0,240.0,324.0,240.0,0.9999999999999432,TRACKING,-1.5562499999999997,0.0,2.043300002696924,31.67463811773044,True,True
2026-09-17T06:44:59.532201+00:00,10.00208589999238,300,324.99999999999994,240.0,324.0,240.0,324.0,240.0,0.9999999999999432,TRACKING,-1.5312499999999998,0.0,1.711699995212257,30.31625921377557,True,True
2026-09-17T06:44:59.565679+00:00,10.035559700001613,301,325.0,240.0,325.0,240.0,325.0,240.0,0.0,TRACKING,-1.4999999999999998,0.0,1.6722000000299886,29.874110490119854,True,True
2026-09-17T06:44:59.599910+00:00,10.06979739999224,302,324.0,240.0,324.0,240.0,324.0,240.0,0.0,TRACKING,-1.4749999999999999,0.0,2.519899993785657,29.207569441690865,True,True
2026-09-17T06:44:59.632664+00:00,10.102550299998256,303,324.0,240.0,324.0,240.0,324.0,240.0,0.0,TRACKING,-1.45,0.0,2.2738999978173524,30.53164757368965,True,True
2026-09-17T06:44:59.665739+00:00,10.135610799989081,304,324.0,240.0,324.0,240.0,324.0,240.0,0.0,TRACKING,-1.425,0.0,2.0379000052344054,30.247576421334625,True,True
2026-09-17T06:44:59.698705+00:00,10.168592000001809,305,324.0,240.0,324.0,240.0,324.0,240.0,0.0,TRACKING,-1.4000000000000001,0.0,1.6886999947018921,30.320303676460956,True,True
2026-09-17T06:44:59.735635+00:00,10.205519299997832,306,324.0,240.0,324.0,240.0,324.0,240.0,0.0,TRACKING,-1.3750000000000002,0.0,3.011799999512732,27.08023603425369,True,True
2026-09-17T06:44:59.769360+00:00,10.239245199991274,307,324.0,240.0,324.0,240.0,324.0,240.0,0.0,TRACKING,-1.3500000000000003,0.0,3.01279999257531,29.650802504735232,True,True
2026-09-17T06:44:59.801339+00:00,10.271218499998213,308,324.00000000000006,240.0,324.0,240.0,324.0,240.0,5.684341886080802e-14,TRACKING,-1.3250000000000004,0.0,4.446899998583831,31.276095985806034,True,True
2026-09-17T06:44:59.832893+00:00,10.302776199998334,309,324.00000000000006,240.0,324.0,240.0,324.0,240.0,5.684341886080802e-14,TRACKING,-1.3000000000000005,0.0,2.317700011190027,31.68798740073445,True,True
2026-09-17T06:44:59.865077+00:00,10.3349642999965,310,324.0000000000001,240.0,324.0,240.0,324.0,240.0,1.1368683772161603e-13,TRACKING,-1.2750000000000006,0.0,1.4998000115156174,31.067382046687506,True,True
2026-09-17T06:44:59.899970+00:00,10.369419700000435,311,324.0000000000001,240.0,324.0,240.0,324.0,240.0,1.1368683772161603e-13,TRACKING,-1.2500000000000007,0.0,2.324500004760921,29.023026866203505,True,True
2026-09-17T06:44:59.933199+00:00,10.403084199992009,312,324.0000000000001,240.0,324.0,240.0,324.0,240.0,1.1368683772161603e-13,TRACKING,-1.2250000000000008,0.0,2.903500004322268,29.704882004791735,True,True
2026-09-17T06:44:59.967587+00:00,10.437473400001181,313,324.0000000000001,240.0,324.0,240.0,324.0,240.0,1.1368683772161603e-13,TRACKING,-1.2000000000000008,0.0,3.21579999581445,29.078896855212264,True,True
2026-09-17T06:44:59.998664+00:00,10.468552599995746,314,324.0000000000001,240.0,324.0,240.0,324.0,240.0,1.1368683772161603e-13,TRACKING,-1.175000000000001,0.0,1.5944000042509288,32.17586038813342,True,True
2026-09-17T06:45:00.032609+00:00,10.502498299989384,315,324.0000000000001,240.0,324.0,240.0,324.0,240.0,1.1368683772161603e-13,TRACKING,-1.150000000000001,0.0,1.939099995070137,29.458812167297623,True,True
2026-09-17T06:45:00.065864+00:00,10.535748099995544,316,324.00000000000017,240.0,324.0,240.0,324.0,240.0,1.7053025658242404e-13,TRACKING,-1.125000000000001,0.0,2.093500006594695,30.07536886882689,True,True
2026-09-17T06:45:00.100300+00:00,10.570187599994824,317,324.00000000000017,240.0,324.0,240.0,324.0,240.0,1.7053025658242404e-13,TRACKING,-1.1000000000000012,0.0,2.879400009987876,29.036426197270682,True,True
2026-09-17T06:45:00.132483+00:00,10.602365499988082,318,324.0000000000002,240.0,324.0,240.0,324.0,240.0,2.2737367544323206e-13,TRACKING,-1.0750000000000013,0.0,2.011300006415695,31.077230030845246,True,True
2026-09-17T06:45:00.165436+00:00,10.635324299990316,319,324.0000000000002,240.0,324.0,240.0,324.0,240.0,2.2737367544323206e-13,TRACKING,-1.0500000000000014,0.0,1.5124999918043613,30.340910467984777,True,True
2026-09-17T06:45:00.198472+00:00,10.668357799993828,320,324.0000000000002,240.0,324.0,240.0,324.0,240.0,2.2737367544323206e-13,TRACKING,-1.0250000000000015,0.0,1.4943999995011836,30.272299329277345,True,True
2026-09-17T06:45:00.232064+00:00,10.701946699991822,321,324.0000000000002,240.0,324.0,240.0,324.0,240.0,2.2737367544323206e-13,TRACKING,-1.0000000000000016,0.0,1.7234999977517873,29.77174007066957,True,True
2026-09-17T06:45:00.266703+00:00,10.736589399995864,322,324.0000000000002,240.0,324.0,240.0,324.0,240.0,2.2737367544323206e-13,TRACKING,-0.9750000000000015,0.0,2.6418000052217394,28.86611031713231,True,True
2026-09-17T06:45:00.299494+00:00,10.769373199989786,323,324.0000000000002,240.0,324.0,240.0,324.0,240.0,2.2737367544323206e-13,TRACKING,-0.9500000000000015,0.0,2.1071999944979325,30.50287032575224,True,True
2026-09-17T06:45:00.332133+00:00,10.802021700001205,324,324.0000000000002,240.0,324.0,240.0,324.0,240.0,2.2737367544323206e-13,TRACKING,-0.9250000000000015,0.0,1.6036000015446916,30.629278516631572,True,True
2026-09-17T06:45:00.365376+00:00,10.835264399996959,325,324.0000000000002,240.0,324.0,240.0,324.0,240.0,2.2737367544323206e-13,TRACKING,-0.9000000000000015,0.0,1.720900007057935,30.081792397360825,True,True
2026-09-17T06:45:00.399620+00:00,10.86949420000019,326,324.0000000000002,240.0,324.0,240.0,324.0,240.0,2.2737367544323206e-13,TRACKING,-0.8750000000000014,0.0,1.9979999924544245,29.214310335017846,True,True
2026-09-17T06:45:00.432971+00:00,10.902856999993674,327,324.0000000000002,240.0,324.0,240.0,324.0,240.0,2.2737367544323206e-13,TRACKING,-0.8500000000000014,0.0,2.689100001589395,29.97350342882872,True,True
2026-09-17T06:45:00.466550+00:00,10.936434999995981,328,324.0000000000002,240.0,324.0,240.0,324.0,240.0,2.2737367544323206e-13,TRACKING,-0.8250000000000014,0.0,2.5256000080844387,29.78140448898892,True,True
2026-09-17T06:45:00.498807+00:00,10.968696299998555,329,324.0000000000002,240.0,324.0,240.0,324.0,240.0,2.2737367544323206e-13,TRACKING,-0.8000000000000014,0.0,1.6151999880094081,30.996891009358407,True,True
2026-09-17T06:45:00.531990+00:00,11.00187829999777,330,324.0000000000002,240.0,324.0,240.0,324.0,240.0,2.2737367544323206e-13,TRACKING,-0.7750000000000014,0.0,1.8000999989453703,30.136821168816244,True,True
2026-09-17T06:45:00.566046+00:00,11.035932499988121,331,324.0000000000002,240.0,324.0,240.0,324.0,240.0,2.2737367544323206e-13,TRACKING,-0.7500000000000013,0.0,2.0825999963562936,29.364953523599137,True,True
2026-09-17T06:45:00.599924+00:00,11.06980859999021,332,324.0000000000002,240.0,324.0,240.0,324.0,240.0,2.2737367544323206e-13,TRACKING,-0.7250000000000013,0.0,3.009699998074211,29.51933663964621,True,True
2026-09-17T06:45:00.634179+00:00,11.10406409999996,333,324.0000000000002,240.0,324.0,240.0,324.0,240.0,2.2737367544323206e-13,TRACKING,-0.7000000000000013,0.0,3.401899986783974,29.192392454216137,True,True
2026-09-17T06:45:00.665285+00:00,11.135173699993175,334,324.0000000000002,240.0,324.0,240.0,324.0,240.0,2.2737367544323206e-13,TRACKING,-0.6750000000000013,0.0,1.6140000079758465,32.144418450192276,True,True
2026-09-17T06:45:00.698692+00:00,11.168580999990809,335,324.0000000000002,240.0,324.0,240.0,324.0,240.0,2.2737367544323206e-13,TRACKING,-0.6500000000000012,0.0,1.7860999942058697,29.933577393887422,True,True
2026-09-17T06:45:00.732661+00:00,11.202542899991386,336,324.0000000000002,240.0,324.0,240.0,324.0,240.0,2.2737367544323206e-13,TRACKING,-0.6250000000000012,0.0,2.2074000007705763,29.444760157206,True,True
2026-09-17T06:45:00.766111+00:00,11.235994999995455,337,324.0000000000002,240.0,324.0,240.0,324.0,240.0,2.2737367544323206e-13,TRACKING,-0.6000000000000012,0.0,2.321699997992255,29.89348949328587,True,True
2026-09-17T06:45:00.800083+00:00,11.269967999993241,338,324.0000000000002,240.0,324.0,240.0,324.0,240.0,2.2737367544323206e-13,TRACKING,-0.5750000000000012,0.0,2.4997000000439584,29.43513967165579,True,True
2026-09-17T06:45:00.831841+00:00,11.301730399994995,339,324.00000000000017,240.0,324.0,240.0,324.0,240.0,1.7053025658242404e-13,TRACKING,-0.5500000000000012,0.0,1.4136000099824741,31.483766968012656,True,True
2026-09-17T06:45:00.865136+00:00,11.335020899990923,340,324.00000000000017,240.0,324.0,240.0,324.0,240.0,1.7053025658242404e-13,TRACKING,-0.5250000000000011,0.0,1.5427000034833327,30.03859960416063,True,True
2026-09-17T06:45:00.899467+00:00,11.36935480000102,341,324.00000000000017,240.0,324.0,240.0,324.0,240.0,1.7053025658242404e-13,TRACKING,-0.5000000000000011,0.0,2.0963999995728955,29.125732867688264,True,True
2026-09-17T06:45:00.933289+00:00,11.403175200000987,342,324.00000000000017,240.0,324.0,240.0,324.0,240.0,1.7053025658242404e-13,TRACKING,-0.4750000000000011,0.0,2.6947999867843464,29.56795306977306,True,True
2026-09-17T06:45:00.967196+00:00,11.437080799994874,343,324.00000000000017,240.0,324.0,240.0,324.0,240.0,1.7053025658242404e-13,TRACKING,-0.45000000000000107,0.0,2.9543999989982694,29.49365297119979,True,True
2026-09-17T06:45:00.998677+00:00,11.468565299990587,344,324.00000000000017,240.0,324.0,240.0,324.0,240.0,1.7053025658242404e-13,TRACKING,-0.42500000000000104,0.0,1.3999000075273216,31.761660503935534,True,True
2026-09-17T06:45:01.032239+00:00,11.502125699989847,345,324.00000000000017,240.0,324.0,240.0,324.0,240.0,1.7053025658242404e-13,TRACKING,-0.400000000000001,0.0,1.8764999986160547,29.797022682150708,True,True
2026-09-17T06:45:01.066844+00:00,11.536732399996254,346,324.00000000000017,240.0,324.0,240.0,324.0,240.0,1.7053025658242404e-13,TRACKING,-0.375000000000001,0.0,3.2581000123173,28.896138603648126,True,True
2026-09-17T06:45:01.100598+00:00,11.570484099996975,347,324.00000000000017,240.0,324.0,240.0,324.0,240.0,1.7053025658242404e-13,TRACKING,-0.350000000000001,0.0,3.361900002346374,29.628137248750054,True,True
2026-09-17T06:45:01.133217+00:00,11.60310209999443,348,324.00000000000017,240.0,324.0,240.0,324.0,240.0,1.7053025658242404e-13,TRACKING,-0.32500000000000095,0.0,2.625699999043718,30.657918942853797,True,True
2026-09-17T06:45:01.165798+00:00,11.63568690000102,349,324.00000000000017,240.0,324.0,240.0,324.0,240.0,1.7053025658242404e-13,TRACKING,-0.30000000000000093,0.0,2.0296000002417713,30.68915567374333,True,True
2026-09-17T06:45:01.198714+00:00,11.668598699994618,350,324.00000000000017,240.0,324.0,240.0,324.0,240.0,1.7053025658242404e-13,TRACKING,-0.2750000000000009,0.0,1.7788999975891784,30.384239093410102,True,True
2026-09-17T06:45:01.232353+00:00,11.702238099998794,351,324.0000000000001,240.0,324.0,240.0,324.0,240.0,1.1368683772161603e-13,TRACKING,-0.2500000000000009,0.0,1.7296000005444512,29.7270462575387,True,True
2026-09-17T06:45:01.266483+00:00,11.736359799993807,352,324.0000000000001,240.0,324.0,240.0,324.0,240.0,1.1368683772161603e-13,TRACKING,-0.2250000000000009,0.0,2.7790000021923333,29.30686337861777,True,True
2026-09-17T06:45:01.300366+00:00,11.770251099995221,353,324.0000000000001,240.0,324.0,240.0,324.0,240.0,1.1368683772161603e-13,TRACKING,-0.2000000000000009,0.0,3.1987999973353,29.50609743380348,True,True
2026-09-17T06:45:01.332214+00:00,11.802100899993093,354,324.0000000000001,240.0,324.0,240.0,324.0,240.0,1.1368683772161603e-13,TRACKING,-0.1750000000000009,0.0,1.9447000086074695,31.39737141416341,True,True
2026-09-17T06:45:01.365046+00:00,11.83492879998812,355,324.00000000000017,240.0,324.0,240.0,324.0,240.0,1.7053025658242404e-13,TRACKING,-0.1500000000000009,0.0,1.4921999973012134,30.461893698697864,True,True
2026-09-17T06:45:01.399008+00:00,11.868894399987767,356,324.00000000000017,240.0,324.0,240.0,324.0,240.0,1.7053025658242404e-13,TRACKING,-0.12500000000000092,0.0,1.7997999966610223,29.44155263002576,True,True
2026-09-17T06:45:01.433095+00:00,11.902978799989796,357,324.00000000000017,240.0,324.0,240.0,324.0,240.0,1.7053025658242404e-13,TRACKING,-0.10000000000000092,0.0,2.5825000047916546,29.338935112263968,True,True
2026-09-17T06:45:01.466047+00:00,11.935929899991606,358,324.00000000000017,240.0,324.0,240.0,324.0,240.0,1.7053025658242404e-13,TRACKING,-0.07500000000000093,0.0,2.4505000037606806,30.34800052031849,True,True
2026-09-17T06:45:01.498582+00:00,11.968468199993367,359,324.00000000000017,240.0,324.0,240.0,324.0,240.0,1.7053025658242404e-13,TRACKING,-0.050000000000000926,0.0,1.7083999991882592,30.733013093673637,True,True
2026-09-17T06:45:01.533032+00:00,12.002918499987572,360,324.00000000000017,240.0,324.0,240.0,324.0,240.0,1.7053025658242404e-13,TRACKING,-0.025000000000000924,0.0,2.2945999953662977,29.027323424417485,True,True
2026-09-17T06:45:01.565620+00:00,12.035505799998646,361,324.00000000000017,240.0,324.0,240.0,324.0,240.0,1.7053025658242404e-13,TRACKING,-9.228728892196614e-16,0.0,1.731700001982972,30.686801289465457,True,True
2026-09-17T06:45:01.599621+00:00,12.06950749999669,362,324.00000000000017,240.0,324.0,240.0,324.0,240.0,1.7053025658242404e-13,TRACKING,0.02499999999999908,0.0,2.655200005392544,29.41029419286512,True,True
2026-09-17T06:45:01.633537+00:00,12.103418999991845,363,324.00000000000017,240.0,324.0,240.0,324.0,240.0,1.7053025658242404e-13,TRACKING,0.04999999999999908,0.0,2.9079999949317425,29.488521597181983,True,True
2026-09-17T06:45:01.665391+00:00,12.135278699992341,364,324.00000000000017,240.0,324.0,240.0,324.0,240.0,1.7053025658242404e-13,TRACKING,0.07499999999999908,0.0,1.6041000053519383,31.387615074355462,True,True
2026-09-17T06:45:01.698802+00:00,12.168687500001397,365,324.00000000000017,240.0,324.0,240.0,324.0,240.0,1.7053025658242404e-13,TRACKING,0.09999999999999909,0.0,1.4595999964512885,29.932233415415514,True,True
2026-09-17T06:45:01.732552+00:00,12.202439799992135,366,324.00000000000017,240.0,324.0,240.0,324.0,240.0,1.7053025658242404e-13,TRACKING,0.12499999999999908,0.0,1.8278000061400235,29.627610570966024,True,True
2026-09-17T06:45:01.766318+00:00,12.236205299996072,367,324.00000000000017,240.0,324.0,240.0,324.0,240.0,1.7053025658242404e-13,TRACKING,0.14999999999999908,0.0,2.5650000025052577,29.616028191005107,True,True
2026-09-17T06:45:01.800038+00:00,12.26991669999552,368,324.00000000000017,240.0,324.0,240.0,324.0,240.0,1.7053025658242404e-13,TRACKING,0.17499999999999907,0.0,2.922899991972372,29.663555948919328,True,True
2026-09-17T06:45:01.832148+00:00,12.302036499997484,369,324.00000000000017,240.0,324.0,240.0,324.0,240.0,1.7053025658242404e-13,TRACKING,0.19999999999999907,0.0,1.5645999956177548,31.13344416649001,True,True
2026-09-17T06:45:01.865436+00:00,12.335323599996627,370,324.00000000000017,240.0,324.0,240.0,324.0,240.0,1.7053025658242404e-13,TRACKING,0.22499999999999906,0.0,1.8568000086816028,30.041667794002823,True,True
2026-09-17T06:45:01.899247+00:00,12.369135000000824,371,324.00000000000017,240.0,324.0,240.0,324.0,240.0,1.7053025658242404e-13,TRACKING,0.24999999999999906,0.0,2.0450000010896474,29.575823535135275,True,True
2026-09-17T06:45:01.933160+00:00,12.403048499996657,372,324.00000000000017,240.0,324.0,240.0,324.0,240.0,1.7053025658242404e-13,TRACKING,0.2749999999999991,0.0,2.6123000134248286,29.48678255334494,True,True
2026-09-17T06:45:01.966268+00:00,12.436152199996286,373,324.00000000000017,240.0,324.0,240.0,324.0,240.0,1.7053025658242404e-13,TRACKING,0.2999999999999991,0.0,2.5521000061417,30.208103626217603,True,True
2026-09-17T06:45:01.998765+00:00,12.468652899988228,374,324.0000000000001,240.0,324.0,240.0,324.0,240.0,1.1368683772161603e-13,TRACKING,0.3249999999999991,0.0,1.6499000048497692,30.768568069239166,True,True
2026-09-17T06:45:02.032112+00:00,12.502000399996177,375,324.0000000000001,240.0,324.0,240.0,324.0,240.0,1.1368683772161603e-13,TRACKING,0.34999999999999915,0.0,1.451400006772019,29.987255409300133,True,True
2026-09-17T06:45:02.065709+00:00,12.53559659999155,376,324.0000000000001,240.0,324.0,240.0,324.0,240.0,1.1368683772161603e-13,TRACKING,0.37499999999999917,0.0,2.183699994930066,29.765271076423538,True,True
2026-09-17T06:45:02.099680+00:00,12.569565500001772,377,324.0000000000001,240.0,324.0,240.0,324.0,240.0,1.1368683772161603e-13,TRACKING,0.3999999999999992,0.0,2.3480999952880666,29.43869244217684,True,True
2026-09-17T06:45:02.133102+00:00,12.602987399994163,378,324.0000000000001,240.0,324.0,240.0,324.0,240.0,1.1368683772161603e-13,TRACKING,0.4249999999999992,0.0,2.5973000010708347,29.920501235048846,True,True
2026-09-17T06:45:02.165279+00:00,12.635167200001888,379,324.0000000000001,240.0,324.0,240.0,324.0,240.0,1.1368683772161603e-13,TRACKING,0.44999999999999923,0.0,1.7249999946216121,31.07539511618899,True,True
2026-09-17T06:45:02.199574+00:00,12.669458599993959,380,324.0000000000001,240.0,324.0,240.0,324.0,240.0,1.1368683772161603e-13,TRACKING,0.47499999999999926,0.0,2.2356999979820102,29.161830669824546,True,True
2026-09-17T06:45:02.231806+00:00,12.701693399998476,381,324.0000000000001,240.0,324.0,240.0,324.0,240.0,1.1368683772161603e-13,TRACKING,0.4999999999999993,0.0,1.4082999987294897,31.022373331302827,True,True
2026-09-17T06:45:02.266953+00:00,12.736840999990818,382,324.0000000000001,240.0,324.0,240.0,324.0,240.0,1.1368683772161603e-13,TRACKING,0.5249999999999992,0.0,2.966800006106496,28.45144477056393,True,True
2026-09-17T06:45:02.299758+00:00,12.76959659998829,383,324.0000000000001,240.0,324.0,240.0,324.0,240.0,1.1368683772161603e-13,TRACKING,0.5499999999999993,0.0,2.6717000000644475,30.529130899057783,True,True
2026-09-17T06:45:02.332318+00:00,12.802204599996912,384,324.0000000000001,240.0,324.0,240.0,324.0,240.0,1.1368683772161603e-13,TRACKING,0.5749999999999993,0.0,1.6742999869165942,30.667320894736896,True,True
2026-09-17T06:45:02.365353+00:00,12.835242199987988,385,324.0000000000001,240.0,324.0,240.0,324.0,240.0,1.1368683772161603e-13,TRACKING,0.5999999999999993,0.0,1.5175000007729977,30.26854251731741,True,True
2026-09-17T06:45:02.398927+00:00,12.868813199995202,386,324.0000000000001,240.0,324.0,240.0,324.0,240.0,1.1368683772161603e-13,TRACKING,0.6249999999999993,0.0,1.9379000004846603,29.787614303568898,True,True
2026-09-17T06:45:02.433212+00:00,12.903097199989134,387,324.0000000000001,240.0,324.0,240.0,324.0,240.0,1.1368683772161603e-13,TRACKING,0.6499999999999994,0.0,2.8382000018609688,29.168125078083268,True,True
2026-09-17T06:45:02.466947+00:00,12.936833899992052,388,324.0000000000001,240.0,324.0,240.0,324.0,240.0,1.1368683772161603e-13,TRACKING,0.6749999999999994,0.0,2.998900003149174,29.641310499055287,True,True
2026-09-17T06:45:02.498431+00:00,12.968310999989626,389,324.0000000000001,240.0,324.0,240.0,324.0,240.0,1.1368683772161603e-13,TRACKING,0.6999999999999994,0.0,1.464999993913807,31.769127399826754,True,True
2026-09-17T06:45:02.531815+00:00,13.001703499990981,390,324.0000000000001,240.0,324.0,240.0,324.0,240.0,1.1368683772161603e-13,TRACKING,0.7249999999999994,0.0,1.484699998400174,29.946844350061234,True,True
2026-09-17T06:45:02.566047+00:00,13.035929699995904,391,324.0000000000001,240.0,324.0,240.0,324.0,240.0,1.1368683772161603e-13,TRACKING,0.7499999999999994,0.0,2.1475000103237107,29.2173831700907,True,True
2026-09-17T06:45:02.599635+00:00,13.069520599994576,392,324.0000000000001,240.0,324.0,240.0,324.0,240.0,1.1368683772161603e-13,TRACKING,0.7749999999999995,0.0,2.425700004096143,29.76996746260306,True,True
2026-09-17T06:45:02.634345+00:00,13.104231299992534,393,324.0000000000001,240.0,324.0,240.0,324.0,240.0,1.1368683772161603e-13,TRACKING,0.7999999999999995,0.0,3.3941000001505017,28.809560166139207,True,True
2026-09-17T06:45:02.665599+00:00,13.135488499989151,394,324.0000000000001,240.0,324.0,240.0,324.0,240.0,1.1368683772161603e-13,TRACKING,0.8249999999999995,0.0,1.6979999927571043,31.992628901764743,True,True
2026-09-17T06:45:02.698678+00:00,13.168564499996137,395,324.0000000000001,240.0,324.0,240.0,324.0,240.0,1.1368683772161603e-13,TRACKING,0.8499999999999995,0.0,1.5266999980667606,30.233401855992078,True,True
2026-09-17T06:45:02.732077+00:00,13.201958499994362,396,324.0000000000001,240.0,324.0,240.0,324.0,240.0,1.1368683772161603e-13,TRACKING,0.8749999999999996,0.0,1.453899996704422,29.945499193063313,True,True
2026-09-17T06:45:02.766770+00:00,13.236655999993673,397,324.00000000000006,240.0,324.0,240.0,324.0,240.0,5.684341886080802e-14,TRACKING,0.8999999999999996,0.0,2.8381000010995194,28.820520210962243,True,True
2026-09-17T06:45:02.800350+00:00,13.270232899987604,398,324.00000000000006,240.0,324.0,240.0,324.0,240.0,5.684341886080802e-14,TRACKING,0.9249999999999996,0.0,3.026599995791912,29.782380153639057,True,True
2026-09-17T06:45:02.832263+00:00,13.30214949999936,399,324.00000000000006,240.0,324.0,240.0,324.0,240.0,5.684341886080802e-14,TRACKING,0.9499999999999996,0.0,1.9896000012522563,31.33165812247242,True,True
2026-09-17T06:45:02.865072+00:00,13.334960399995907,400,324.00000000000006,240.0,324.0,240.0,324.0,240.0,5.684341886080802e-14,TRACKING,0.9749999999999996,0.0,1.5202000067802146,30.477676628962026,True,True
2026-09-17T06:45:02.899075+00:00,13.368961499989382,401,324.00000000000006,240.0,324.0,240.0,324.0,240.0,5.684341886080802e-14,TRACKING,0.9999999999999997,0.0,1.9869999960064888,29.41081318521789,True,True
2026-09-17T06:45:02.933308+00:00,13.40319479999016,402,324.00000000000006,240.0,324.0,240.0,324.0,240.0,5.684341886080802e-14,TRACKING,1.0249999999999997,0.0,2.9500999953597784,29.211323476768584,True,True
2026-09-17T06:45:02.967319+00:00,13.43720129999565,403,324.00000000000006,240.0,324.0,240.0,324.0,240.0,5.684341886080802e-14,TRACKING,1.0499999999999996,0.0,2.8012999973725528,29.406142938514208,True,True
2026-09-17T06:45:02.998682+00:00,13.468560499997693,404,324.00000000000006,240.0,324.0,240.0,324.0,240.0,5.684341886080802e-14,TRACKING,1.0749999999999995,0.0,1.565899990964681,31.88856858385531,True,True
2026-09-17T06:45:03.033247+00:00,13.503133499994874,405,324.0000000000001,240.0,324.0,240.0,324.0,240.0,1.1368683772161603e-13,TRACKING,1.0999999999999994,0.0,1.7585000023245811,28.92430509592864,True,True
2026-09-17T06:45:03.065952+00:00,13.535840299999109,406,324.0000000000001,240.0,324.0,240.0,324.0,240.0,1.1368683772161603e-13,TRACKING,1.1249999999999993,0.0,2.061799998045899,30.57468171360483,True,True
2026-09-17T06:45:03.100015+00:00,13.569900899994536,407,324.0000000000001,240.0,324.0,240.0,324.0,240.0,1.1368683772161603e-13,TRACKING,1.1499999999999992,0.0,2.8143999952590093,29.359435833022268,True,True
2026-09-17T06:45:03.133120+00:00,13.603006399993319,408,324.0000000000001,240.0,324.0,240.0,324.0,240.0,1.1368683772161603e-13,TRACKING,1.1749999999999992,0.0,2.4141000030795112,30.206461163153207,True,True
2026-09-17T06:45:03.165243+00:00,13.635131699993508,409,324.0000000000001,240.0,324.0,240.0,324.0,240.0,1.1368683772161603e-13,TRACKING,1.199999999999999,0.0,1.5596000012010336,31.128113978519135,True,True
2026-09-17T06:45:03.198378+00:00,13.668267100001685,410,324.0000000000001,240.0,324.0,240.0,324.0,240.0,1.1368683772161603e-13,TRACKING,1.224999999999999,0.0,1.3337999989744276,30.17920410658127,True,True
2026-09-17T06:45:03.232107+00:00,13.701992199989036,411,324.00000000000017,240.0,324.0,240.0,324.0,240.0,1.7053025658242404e-13,TRACKING,1.249999999999999,0.0,1.6807999927550554,29.651505862846353,True,True
2026-09-17T06:45:03.266714+00:00,13.736601399999927,412,324.00000000000017,240.0,324.0,240.0,324.0,240.0,1.7053025658242404e-13,TRACKING,1.2749999999999988,0.0,2.8962999931536615,28.894051283627267,True,True
2026-09-17T06:45:03.300298+00:00,13.77018279999902,413,324.0000000000002,240.0,324.0,240.0,324.0,240.0,2.2737367544323206e-13,TRACKING,1.2999999999999987,0.0,2.9325000068638474,29.778389228173964,True,True
2026-09-17T06:45:03.332023+00:00,13.80189679999603,414,324.0000000000002,240.0,324.0,240.0,324.0,240.0,2.2737367544323206e-13,TRACKING,1.3249999999999986,0.0,1.6953000013018027,31.531815604915657,True,True
2026-09-17T06:45:03.365328+00:00,13.835216599996784,415,324.0000000000002,240.0,324.0,240.0,324.0,240.0,2.2737367544323206e-13,TRACKING,1.3499999999999985,0.0,1.53570000838954,30.0121849464092,True,True
2026-09-17T06:45:03.399311+00:00,13.869198100001086,416,324.0000000000002,240.0,324.0,240.0,324.0,240.0,2.2737367544323206e-13,TRACKING,1.3749999999999984,0.0,2.2114000021247193,29.427776874870393,True,True
2026-09-17T06:45:03.433896+00:00,13.903782199995476,417,324.0000000000002,240.0,324.0,240.0,324.0,240.0,2.2737367544323206e-13,TRACKING,1.3999999999999984,0.0,3.156000006129034,28.915021647583874,True,True
2026-09-17T06:45:03.465847+00:00,13.93573369999649,418,324.0000000000002,240.0,324.0,240.0,324.0,240.0,2.2737367544323206e-13,TRACKING,1.4249999999999983,0.0,1.9860000029439107,31.297435174193943,True,True
2026-09-17T06:45:03.498595+00:00,13.96848019999743,419,324.0000000000003,240.0,324.0,240.0,324.0,240.0,2.8421709430404007e-13,TRACKING,1.4499999999999982,0.0,1.7272999975830317,30.537614706038926,True,True
2026-09-17T06:45:03.532280+00:00,14.002162099990528,420,324.0000000000003,240.0,324.0,240.0,324.0,240.0,2.8421709430404007e-13,TRACKING,1.474999999999998,0.0,1.8890999926952645,29.689536522729036,True,True
2026-09-17T06:45:03.566220+00:00,14.036103199992795,421,324.00000000000034,240.0,324.0,240.0,324.0,240.0,3.410605131648481e-13,TRACKING,1.499999999999998,0.0,2.4468000046908855,29.4628046802615,True,True
2026-09-17T06:45:03.600464+00:00,14.070348699999158,422,324.00000000000034,240.0,324.0,240.0,324.0,240.0,3.410605131648481e-13,TRACKING,1.524999999999998,0.0,3.2848999981069937,29.200916903364625,True,True
2026-09-17T06:45:03.633875+00:00,14.10376109999197,423,324.00000000000034,240.0,324.0,240.0,324.0,240.0,3.410605131648481e-13,TRACKING,1.5499999999999978,0.0,2.9519999952754006,29.92900839853219,True,True
2026-09-17T06:45:03.665453+00:00,14.135340599998017,424,324.00000000000034,240.0,324.0,240.0,324.0,240.0,3.410605131648481e-13,TRACKING,1.5749999999999977,0.0,1.7198999994434416,31.666112503635016,True,True
2026-09-17T06:45:03.698684+00:00,14.168572299997322,425,324.00000000000034,240.0,324.0,240.0,324.0,240.0,3.410605131648481e-13,TRACKING,1.5999999999999976,0.0,1.5075000119395554,30.091749745601373,True,True
2026-09-17T06:45:03.732078+00:00,14.201966199994786,426,324.00000000000034,240.0,324.0,240.0,324.0,240.0,3.410605131648481e-13,TRACKING,1.6249999999999976,0.0,1.5500000008614734,29.945588867306856,True,True
2026-09-17T06:45:03.766890+00:00,14.236777400001301,427,324.0000000000004,240.0,324.0,240.0,324.0,240.0,3.979039320256561e-13,TRACKING,1.6499999999999975,0.0,2.800499991280958,28.726386904583208,True,True
2026-09-17T06:45:03.800955+00:00,14.270839999997406,428,324.0000000000004,240.0,324.0,240.0,324.0,240.0,3.979039320256561e-13,TRACKING,1.6749999999999974,0.0,3.5813999857055023,29.357711980716477,True,True
2026-09-17T06:45:03.832227+00:00,14.302114999998594,429,324.0000000000004,240.0,324.0,240.0,324.0,240.0,3.979039320256561e-13,TRACKING,1.6999999999999973,0.0,1.608099992154166,31.974420462415104,True,True
2026-09-17T06:45:03.865285+00:00,14.335171599988826,430,324.00000000000045,240.0,324.0,240.0,324.0,240.0,4.547473508864641e-13,TRACKING,1.7249999999999972,0.0,1.4644999901065603,30.251145014777556,True,True
2026-09-17T06:45:03.899206+00:00,14.369091699991259,431,324.00000000000045,240.0,324.0,240.0,324.0,240.0,4.547473508864641e-13,TRACKING,1.7499999999999971,0.0,2.180299998144619,29.481045159898336,True,True
2026-09-17T06:45:03.933485+00:00,14.403372499989928,432,324.00000000000045,240.0,324.0,240.0,324.0,240.0,4.547473508864641e-13,TRACKING,1.774999999999997,0.0,2.698299998883158,29.170847822653723,True,True
2026-09-17T06:45:03.966498+00:00,14.436377899997751,433,324.00000000000045,240.0,324.0,240.0,324.0,240.0,4.547473508864641e-13,TRACKING,1.799999999999997,0.0,2.2115000028861687,30.298072429449835,True,True
2026-09-17T06:45:03.998886+00:00,14.46876269999484,434,324.0000000000005,240.0,324.0,240.0,324.0,240.0,5.115907697472721e-13,TRACKING,1.8249999999999968,0.0,1.7408999992767349,30.878683829755765,True,True
2026-09-17T06:45:04.032459+00:00,14.502347799993004,435,316.0000000000005,240.0,316.0,240.0,317.0,240.0,0.9999999999994884,TRACKING,1.8062499999999968,0.0,2.0998000109102577,29.775108606337188,True,True
2026-09-17T06:45:04.065697+00:00,14.535581699994509,436,315.0000000000005,240.0,315.0,240.0,314.0,240.0,1.0000000000005116,TRACKING,1.7687499999999967,0.0,2.055999997537583,30.089757745997407,True,True
2026-09-17T06:45:04.099975+00:00,14.569861700001638,437,317.0000000000005,240.0,317.0,240.0,316.0,240.0,1.0000000000005116,TRACKING,1.7437499999999968,0.0,2.8055000002495944,29.17152858203116,True,True
2026-09-17T06:45:04.133759+00:00,14.603643399997964,438,317.0000000000005,240.0,317.0,240.0,317.0,240.0,5.115907697472721e-13,TRACKING,1.7249999999999968,0.0,3.3127000060630962,29.60182584383797,True,True
2026-09-17T06:45:04.166084+00:00,14.635972099989885,439,316.0000000000005,240.0,316.0,240.0,316.0,240.0,5.115907697472721e-13,TRACKING,1.6999999999999968,0.0,2.2296999959507957,30.932267621335658,True,True
2026-09-17T06:45:04.198591+00:00,14.668478499996127,440,316.0000000000005,240.0,316.0,240.0,316.0,240.0,5.115907697472721e-13,TRACKING,1.674999999999997,0.0,1.560900011099875,30.76317278468246,True,True
2026-09-17T06:45:04.232507+00:00,14.70239569999103,441,316.0000000000005,240.0,316.0,240.0,316.0,240.0,5.115907697472721e-13,TRACKING,1.649999999999997,0.0,2.0583000004990026,29.483565864820093,True,True
2026-09-17T06:45:04.266120+00:00,14.736006599996472,442,316.00000000000045,240.0,316.0,240.0,316.0,240.0,4.547473508864641e-13,TRACKING,1.6249999999999971,0.0,2.0477000070968643,29.7522529845403,True,True
2026-09-17T06:45:04.300472+00:00,14.77034809999168,443,316.00000000000045,240.0,316.0,240.0,316.0,240.0,4.547473508864641e-13,TRACKING,1.5999999999999972,0.0,2.760400006081909,29.11928716391412,True,True
2026-09-17T06:45:04.331792+00:00,14.80168039999262,444,316.00000000000045,240.0,316.0,240.0,316.0,240.0,4.547473508864641e-13,TRACKING,1.5749999999999973,0.0,1.4308999961940572,31.915946163224042,True,True
2026-09-17T06:45:04.365885+00:00,14.835774199993466,445,316.00000000000045,240.0,316.0,240.0,316.0,240.0,4.547473508864641e-13,TRACKING,1.5499999999999974,0.0,2.355200005695224,29.33084607685781,True,True
2026-09-17T06:45:04.399147+00:00,14.869033599999966,446,316.00000000000045,240.0,316.0,240.0,316.0,240.0,4.547473508864641e-13,TRACKING,1.5249999999999975,0.0,2.0428000134415925,30.06668790791669,True,True
2026-09-17T06:45:04.433261+00:00,14.903148500001407,447,316.0000000000004,240.0,316.0,240.0,316.0,240.0,3.979039320256561e-13,TRACKING,1.4999999999999976,0.0,2.8033999988110736,29.312705004492365,True,True
2026-09-17T06:45:04.466217+00:00,14.936101100000087,448,316.0000000000004,240.0,316.0,240.0,316.0,240.0,3.979039320256561e-13,TRACKING,1.4749999999999976,0.0,2.653400006238371,30.346619084383608,True,True
2026-09-17T06:45:04.498642+00:00,14.968526799988467,449,316.00000000000034,240.0,316.0,240.0,316.0,240.0,3.410605131648481e-13,TRACKING,1.4499999999999977,0.0,1.7480999958934262,30.839735159406132,True,True
2026-09-17T06:45:04.532096+00:00,15.001984699993045,450,316.00000000000034,240.0,316.0,240.0,316.0,240.0,3.410605131648481e-13,TRACKING,1.4249999999999978,0.0,1.4127000031294301,29.88830739117448,True,True
2026-09-17T06:45:04.565344+00:00,15.03522669999802,451,316.00000000000034,240.0,316.0,240.0,316.0,240.0,3.410605131648481e-13,TRACKING,1.399999999999998,0.0,1.643399999011308,30.082425842318035,True,True
2026-09-17T06:45:04.600231+00:00,15.070117700000992,452,316.00000000000034,240.0,316.0,240.0,316.0,240.0,3.410605131648481e-13,TRACKING,1.374999999999998,0.0,3.0528000061167404,28.660686134384935,True,True
2026-09-17T06:45:04.632968+00:00,15.102854099997785,453,316.00000000000034,240.0,316.0,240.0,316.0,240.0,3.410605131648481e-13,TRACKING,1.349999999999998,0.0,2.598999999463558,30.547036329528215,True,True
2026-09-17T06:45:04.665385+00:00,15.135273199994117,454,316.00000000000034,240.0,316.0,240.0,316.0,240.0,3.410605131648481e-13,TRACKING,1.3249999999999982,0.0,1.6208000015467405,30.84601361892035,True,True
2026-09-17T06:45:04.698430+00:00,15.16831860000093,455,316.0000000000003,240.0,316.0,240.0,316.0,240.0,2.8421709430404007e-13,TRACKING,1.2999999999999983,0.0,1.5463000017916784,30.261397949300935,True,True
2026-09-17T06:45:04.732393+00:00,15.202276700001676,456,316.0000000000003,240.0,316.0,240.0,316.0,240.0,2.8421709430404007e-13,TRACKING,1.2749999999999984,0.0,1.9991999870399013,29.448055102554118,True,True
2026-09-17T06:45:04.766835+00:00,15.236718699990888,457,316.0000000000002,240.0,316.0,240.0,316.0,240.0,2.2737367544323206e-13,TRACKING,1.2499999999999984,0.0,2.839799999492243,29.03431857363707,True,True
2026-09-17T06:45:04.800341+00:00,15.270218499994371,458,316.0000000000002,240.0,316.0,240.0,316.0,240.0,2.2737367544323206e-13,TRACKING,1.2249999999999985,0.0,2.7430000045569614,29.850924480027654,True,True
2026-09-17T06:45:04.832014+00:00,15.301903200001107,459,316.0000000000002,240.0,316.0,240.0,316.0,240.0,2.2737367544323206e-13,TRACKING,1.1999999999999986,0.0,1.6527999978279695,31.560974217443142,True,True
2026-09-17T06:45:04.865341+00:00,15.335228899988579,460,316.0000000000002,240.0,316.0,240.0,316.0,240.0,2.2737367544323206e-13,TRACKING,1.1749999999999987,0.0,1.5316000062739477,30.006871584870687,True,True
2026-09-17T06:45:04.898822+00:00,15.36870999999519,461,316.0000000000002,240.0,316.0,240.0,316.0,240.0,2.2737367544323206e-13,TRACKING,1.1499999999999988,0.0,1.7979999975068495,29.867596936855204,True,True
2026-09-17T06:45:04.933262+00:00,15.403149199992185,462,316.0000000000002,240.0,316.0,240.0,316.0,240.0,2.2737367544323206e-13,TRACKING,1.124999999999999,0.0,2.7344999980414286,29.036679135613888,True,True
2026-09-17T06:45:04.966916+00:00,15.436800499999663,463,316.00000000000017,240.0,316.0,240.0,316.0,240.0,1.7053025658242404e-13,TRACKING,1.099999999999999,0.0,2.6089999882970005,29.71653397573935,True,True
2026-09-17T06:45:04.998592+00:00,15.468480800001998,464,316.00000000000017,240.0,316.0,240.0,316.0,240.0,1.7053025658242404e-13,TRACKING,1.074999999999999,0.0,1.6804000042611733,31.56535764895777,True,True
2026-09-17T06:45:05.032267+00:00,15.50214519999281,465,316.0000000000001,240.0,316.0,240.0,316.0,240.0,1.1368683772161603e-13,TRACKING,1.0499999999999992,0.0,1.5024000022094697,29.704970243727228,True,True
2026-09-17T06:45:05.065754+00:00,15.535638399989693,466,316.0000000000001,240.0,316.0,240.0,316.0,240.0,1.1368683772161603e-13,TRACKING,1.0249999999999992,0.0,2.0035000052303076,29.8568067575825,True,True
2026-09-17T06:45:05.100151+00:00,15.570038799996837,467,316.0000000000001,240.0,316.0,240.0,316.0,240.0,1.1368683772161603e-13,TRACKING,0.9999999999999992,0.0,2.8055000002495944,29.06942941920266,True,True
2026-09-17T06:45:05.133843+00:00,15.603726799992728,468,316.0000000000001,240.0,316.0,240.0,316.0,240.0,1.1368683772161603e-13,TRACKING,0.9749999999999992,0.0,3.3820999960880727,29.684160535560796,True,True
2026-09-17T06:45:05.165652+00:00,15.63553729999694,469,316.0000000000001,240.0,316.0,240.0,316.0,240.0,1.1368683772161603e-13,TRACKING,0.9499999999999992,0.0,1.6909000114537776,31.436161011853923,True,True
2026-09-17T06:45:05.198375+00:00,15.66826389999187,470,316.0000000000001,240.0,316.0,240.0,316.0,240.0,1.1368683772161603e-13,TRACKING,0.9249999999999992,0.0,1.4691000105813146,30.556183659619588,True,True
2026-09-17T06:45:05.232070+00:00,15.70195909999893,471,316.0000000000001,240.0,316.0,240.0,316.0,240.0,1.1368683772161603e-13,TRACKING,0.8999999999999991,0.0,1.5746999997645617,29.67781760578617,True,True
2026-09-17T06:45:05.267077+00:00,15.736957599991001,472,316.0000000000001,240.0,316.0,240.0,316.0,240.0,1.1368683772161603e-13,TRACKING,0.8749999999999991,0.0,3.008700005011633,28.57265312017831,True,True
2026-09-17T06:45:05.300189+00:00,15.770069799997145,473,316.0000000000001,240.0,316.0,240.0,316.0,240.0,1.1368683772161603e-13,TRACKING,0.8499999999999991,0.0,2.9174999945098534,30.20034911043197,True,True
2026-09-17T06:45:05.332118+00:00,15.802006999991136,474,316.0000000000001,240.0,316.0,240.0,316.0,240.0,1.1368683772161603e-13,TRACKING,0.8249999999999991,0.0,1.7758000030880794,31.31144872400118,True,True
2026-09-17T06:45:05.365373+00:00,15.835262199994759,475,316.0000000000001,240.0,316.0,240.0,316.0,240.0,1.1368683772161603e-13,TRACKING,0.799999999999999,0.0,1.4862000098219141,30.0704852140734,True,True
2026-09-17T06:45:05.398448+00:00,15.868334799990407,476,316.00000000000017,240.0,316.0,240.0,316.0,240.0,1.7053025658242404e-13,TRACKING,0.774999999999999,0.0,1.51940000068862,30.2365099850503,True,True
2026-09-17T06:45:05.432944+00:00,15.902830299994093,477,316.00000000000017,240.0,316.0,240.0,316.0,240.0,1.7053025658242404e-13,TRACKING,0.749999999999999,0.0,2.293199999257922,28.989288454817018,True,True
2026-09-17T06:45:05.466573+00:00,15.93645860000106,478,316.00000000000017,240.0,316.0,240.0,316.0,240.0,1.7053025658242404e-13,TRACKING,0.724999999999999,0.0,2.6320999895688146,29.736858532629427,True,True
2026-09-17T06:45:05.499160+00:00,15.96904879999056,479,316.00000000000017,240.0,316.0,240.0,316.0,240.0,1.7053025658242404e-13,TRACKING,0.699999999999999,0.0,1.8364999996265396,30.6840706814379,True,True
2026-09-17T06:45:05.531918+00:00,16.00180559999717,480,316.00000000000017,240.0,316.0,240.0,316.0,240.0,1.7053025658242404e-13,TRACKING,0.6749999999999989,0.0,1.712299999780953,30.52801249811422,True,True
2026-09-17T06:45:05.565662+00:00,16.035547899999074,481,316.00000000000017,240.0,316.0,240.0,316.0,240.0,1.7053025658242404e-13,TRACKING,0.6499999999999989,0.0,1.6442000051029027,29.636391115708218,True,True
2026-09-17T06:45:05.599739+00:00,16.069624999989173,482,316.00000000000017,240.0,316.0,240.0,316.0,240.0,1.7053025658242404e-13,TRACKING,0.6249999999999989,0.0,2.4840999976731837,29.34522011234898,True,True
2026-09-17T06:45:05.634166+00:00,16.10404949999065,483,316.00000000000017,240.0,316.0,240.0,316.0,240.0,1.7053025658242404e-13,TRACKING,0.5999999999999989,0.0,3.6299999919719994,29.049078416739974,True,True
2026-09-17T06:45:05.665996+00:00,16.135880000001634,484,316.00000000000017,240.0,316.0,240.0,316.0,240.0,1.7053025658242404e-13,TRACKING,0.5749999999999988,0.0,2.0521999977063388,31.416408779470974,True,True
2026-09-17T06:45:05.698829+00:00,16.16871810000157,485,316.00000000000017,240.0,316.0,240.0,316.0,240.0,1.7053025658242404e-13,TRACKING,0.5499999999999988,0.0,1.5519000007770956,30.452431778999646,True,True
2026-09-17T06:45:05.732531+00:00,16.2024179,486,316.00000000000017,240.0,316.0,240.0,316.0,240.0,1.7053025658242404e-13,TRACKING,0.5249999999999988,0.0,1.736000005621463,29.673766611272825,True,True
2026-09-17T06:45:05.766653+00:00,16.236538400000427,487,316.0000000000002,240.0,316.0,240.0,316.0,240.0,2.2737367544323206e-13,TRACKING,0.4999999999999988,0.0,2.7271999861113727,29.307894080904408,True,True
2026-09-17T06:45:05.800553+00:00,16.270438199993805,488,316.0000000000002,240.0,316.0,240.0,316.0,240.0,2.2737367544323206e-13,TRACKING,0.47499999999999876,0.0,2.7966000052401796,29.498699113131558,True,True
2026-09-17T06:45:05.832896+00:00,16.302777699995204,489,316.0000000000002,240.0,316.0,240.0,316.0,240.0,2.2737367544323206e-13,TRACKING,0.44999999999999873,0.0,2.2390999947674572,30.92193756727052,True,True
2026-09-17T06:45:05.866790+00:00,16.336674599995604,490,316.0000000000002,240.0,316.0,240.0,316.0,240.0,2.2737367544323206e-13,TRACKING,0.4249999999999987,0.0,2.6301000034436584,29.501222825338075,True,True
2026-09-17T06:45:05.898824+00:00,16.368711699993582,491,316.0000000000002,240.0,316.0,240.0,316.0,240.0,2.2737367544323206e-13,TRACKING,0.3999999999999987,0.0,1.6452999989269301,31.213811489276303,True,True
2026-09-17T06:45:05.933096+00:00,16.402983099993435,492,316.0000000000002,240.0,316.0,240.0,316.0,240.0,2.2737367544323206e-13,TRACKING,0.37499999999999867,0.0,2.602599997771904,29.17884883618148,True,True
2026-09-17T06:45:05.966619+00:00,16.436503599994467,493,316.0000000000002,240.0,316.0,240.0,316.0,240.0,2.2737367544323206e-13,TRACKING,0.34999999999999865,0.0,2.737300004810095,29.832490564556487,True,True
2026-09-17T06:45:05.999361+00:00,16.469245399988722,494,316.0000000000002,240.0,316.0,240.0,316.0,240.0,2.2737367544323206e-13,TRACKING,0.3249999999999986,0.0,2.229799996712245,30.54199830722352,True,True
2026-09-17T06:45:06.032072+00:00,16.501961099987966,495,316.0000000000002,240.0,316.0,240.0,316.0,240.0,2.2737367544323206e-13,TRACKING,0.2999999999999986,0.0,1.51940000068862,30.566364162255724,True,True
2026-09-17T06:45:06.065545+00:00,16.53543199998967,496,316.0000000000002,240.0,316.0,240.0,316.0,240.0,2.2737367544323206e-13,TRACKING,0.2749999999999986,0.0,1.851699998951517,29.876698862269166,True,True
2026-09-17T06:45:06.099711+00:00,16.569596000001184,497,316.0000000000002,240.0,316.0,240.0,316.0,240.0,2.2737367544323206e-13,TRACKING,0.24999999999999858,0.0,2.576199985924177,29.270577205917135,True,True
2026-09-17T06:45:06.132766+00:00,16.602650199987693,498,316.0000000000002,240.0,316.0,240.0,316.0,240.0,2.2737367544323206e-13,TRACKING,0.2249999999999986,0.0,2.448599989293143,30.25334149391443,True,True
2026-09-17T06:45:06.165277+00:00,16.63516589999199,499,316.0000000000002,240.0,316.0,240.0,316.0,240.0,2.2737367544323206e-13,TRACKING,0.1999999999999986,0.0,1.640000002225861,30.75437403678431,True,True
2026-09-17T06:45:06.198512+00:00,16.668400599999586,500,316.0000000000002,240.0,316.0,240.0,316.0,240.0,2.2737367544323206e-13,TRACKING,0.1749999999999986,0.0,1.5828999894438311,30.089033443100558,True,True
2026-09-17T06:45:06.232656+00:00,16.702541999999085,501,316.0000000000002,240.0,316.0,240.0,316.0,240.0,2.2737367544323206e-13,TRACKING,0.1499999999999986,0.0,2.280200002132915,29.289952960765877,True,True
2026-09-17T06:45:06.266287+00:00,16.73617109999759,502,316.0000000000002,240.0,316.0,240.0,316.0,240.0,2.2737367544323206e-13,TRACKING,0.12499999999999861,0.0,2.4788000009721145,29.736151132334925,True,True
2026-09-17T06:45:06.299841+00:00,16.76970540000184,503,316.0000000000002,240.0,316.0,240.0,316.0,240.0,2.2737367544323206e-13,TRACKING,0.09999999999999862,0.0,2.849299999070354,29.82021392643677,True,True
2026-09-17T06:45:06.332050+00:00,16.801933399998234,504,316.0000000000002,240.0,316.0,240.0,316.0,240.0,2.2737367544323206e-13,TRACKING,0.07499999999999862,0.0,1.658799999859184,31.02891895593561,True,True
2026-09-17T06:45:06.365162+00:00,16.83505090000108,505,316.0000000000002,240.0,316.0,240.0,316.0,240.0,2.2737367544323206e-13,TRACKING,0.04999999999999862,0.0,1.5561000036541373,30.19551596328491,True,True
2026-09-17T06:45:06.399210+00:00,16.869095999994897,506,316.0000000000002,240.0,316.0,240.0,316.0,240.0,2.2737367544323206e-13,TRACKING,0.02499999999999862,0.0,2.07570000202395,29.372802552542648,True,True
2026-09-17T06:45:06.433062+00:00,16.90294569999969,507,316.0000000000002,240.0,316.0,240.0,316.0,240.0,2.2737367544323206e-13,TRACKING,-1.3808398868775384e-15,0.0,2.441100004944019,29.542359307715657,True,True
2026-09-17T06:45:06.466699+00:00,16.9365853999916,508,316.0000000000002,240.0,316.0,240.0,316.0,240.0,2.2737367544323206e-13,TRACKING,-0.025000000000001382,0.0,3.0064000020502135,29.726781161559813,True,True
2026-09-17T06:45:06.498463+00:00,16.968348700000206,509,316.0000000000002,240.0,316.0,240.0,316.0,240.0,2.2737367544323206e-13,TRACKING,-0.050000000000001384,0.0,1.528099994175136,31.48287488167329,True,True
2026-09-17T06:45:06.532338+00:00,17.00221569999121,510,316.0000000000002,240.0,316.0,240.0,316.0,240.0,2.2737367544323206e-13,TRACKING,-0.07500000000000139,0.0,1.9487999961711466,29.527268440239446,True,True
2026-09-17T06:45:06.565469+00:00,17.035356599997613,511,316.0000000000002,240.0,316.0,240.0,316.0,240.0,2.2737367544323206e-13,TRACKING,-0.1000000000000014,0.0,1.697299987426959,30.17419562555164,True,True
2026-09-17T06:45:06.599471+00:00,17.069357699991087,512,316.0000000000002,240.0,316.0,240.0,316.0,240.0,2.2737367544323206e-13,TRACKING,-0.1250000000000014,0.0,2.1500000002561137,29.41081318521789,True,True
2026-09-17T06:45:06.633702+00:00,17.103588899990427,513,316.0000000000002,240.0,316.0,240.0,316.0,240.0,2.2737367544323206e-13,TRACKING,-0.15000000000000138,0.0,2.764100005151704,29.213115520907365,True,True
2026-09-17T06:45:06.665219+00:00,17.135107099995366,514,316.0000000000002,240.0,316.0,240.0,316.0,240.0,2.2737367544323206e-13,TRACKING,-0.17500000000000138,0.0,1.513600000180304,31.727700180952503,True,True
2026-09-17T06:45:06.698992+00:00,17.16887979999592,515,316.0000000000002,240.0,316.0,240.0,316.0,240.0,2.2737367544323206e-13,TRACKING,-0.20000000000000137,0.0,1.7944999999599531,29.60971435459962,True,True
2026-09-17T06:45:06.732682+00:00,17.202562699996633,516,316.0000000000002,240.0,316.0,240.0,316.0,240.0,2.2737367544323206e-13,TRACKING,-0.22500000000000137,0.0,2.215900007286109,29.688655073608178,True,True
2026-09-17T06:45:06.767334+00:00,17.23721249999653,517,316.0000000000002,240.0,316.0,240.0,316.0,240.0,2.2737367544323206e-13,TRACKING,-0.2500000000000014,0.0,3.1824000034248456,28.86019544132901,True,True
2026-09-17T06:45:06.800622+00:00,17.270506100001512,518,316.0000000000002,240.0,316.0,240.0,316.0,240.0,2.2737367544323206e-13,TRACKING,-0.2750000000000014,0.0,3.194499993696809,30.03580267229688,True,True
2026-09-17T06:45:06.832111+00:00,17.301998599999934,519,316.0000000000002,240.0,316.0,240.0,316.0,240.0,2.2737367544323206e-13,TRACKING,-0.30000000000000143,0.0,1.7746999947121367,31.75359212670083,True,True
2026-09-17T06:45:06.865295+00:00,17.335183399991365,520,316.0000000000002,240.0,316.0,240.0,316.0,240.0,2.2737367544323206e-13,TRACKING,-0.32500000000000145,0.0,1.6909999976633117,30.134278352082916,True,True
2026-09-17T06:45:06.899427+00:00,17.369313899995177,521,316.0000000000002,240.0,316.0,240.0,316.0,240.0,2.2737367544323206e-13,TRACKING,-0.3500000000000015,0.0,2.323200009413995,29.299307068115436,True,True
2026-09-17T06:45:06.932611+00:00,17.4024986000004,522,316.0000000000002,240.0,316.0,240.0,316.0,240.0,2.2737367544323206e-13,TRACKING,-0.3750000000000015,0.0,2.279299995279871,30.13436914730689,True,True
2026-09-17T06:45:06.967300+00:00,17.437182599998778,523,316.0000000000002,240.0,316.0,240.0,316.0,240.0,2.2737367544323206e-13,TRACKING,-0.4000000000000015,0.0,3.2426000107079744,28.83173797851311,True,True
2026-09-17T06:45:06.999163+00:00,17.46904729999369,524,316.0000000000002,240.0,316.0,240.0,316.0,240.0,2.2737367544323206e-13,TRACKING,-0.42500000000000154,0.0,1.927699995576404,31.382689940895833,True,True
2026-09-17T06:45:07.032075+00:00,17.501957100001164,525,316.0000000000002,240.0,316.0,240.0,316.0,240.0,2.2737367544323206e-13,TRACKING,-0.45000000000000157,0.0,1.7965000006370246,30.38608559677981,True,True
2026-09-17T06:45:07.065488+00:00,17.535371699996176,526,316.0000000000002,240.0,316.0,240.0,316.0,240.0,2.2737367544323206e-13,TRACKING,-0.4750000000000016,0.0,1.7247000068891793,29.927037886111588,True,True
2026-09-17T06:45:07.099880+00:00,17.569756400000188,527,316.0000000000002,240.0,316.0,240.0,316.0,240.0,2.2737367544323206e-13,TRACKING,-0.5000000000000016,0.0,2.903500004322268,29.0827024776525,True,True
2026-09-17T06:45:07.134170+00:00,17.604054899988114,528,316.0000000000002,240.0,316.0,240.0,316.0,240.0,2.2737367544323206e-13,TRACKING,-0.5250000000000016,0.0,3.6736999900313094,29.155793995423046,True,True
2026-09-17T06:45:07.167402+00:00,17.63728650000121,529,316.0000000000002,240.0,316.0,240.0,316.0,240.0,2.2737367544323206e-13,TRACKING,-0.5500000000000016,0.0,3.416399995330721,30.091840284726608,True,True
2026-09-17T06:45:07.198602+00:00,17.668488199997228,530,316.0000000000002,240.0,316.0,240.0,316.0,240.0,2.2737367544323206e-13,TRACKING,-0.5750000000000016,0.0,1.6860999894561246,32.04953576656484,True,True
2026-09-17T06:45:07.232493+00:00,17.702374000000418,531,316.0000000000002,240.0,316.0,240.0,316.0,240.0,2.2737367544323206e-13,TRACKING,-0.6000000000000016,0.0,2.1246000105747953,29.510886563275612,True,True
2026-09-17T06:45:07.266176+00:00,17.736058599999524,532,316.0000000000002,240.0,316.0,240.0,316.0,240.0,2.2737367544323206e-13,TRACKING,-0.6250000000000017,0.0,2.384799998253584,29.687156743038464,True,True
2026-09-17T06:45:07.300330+00:00,17.77021469999454,533,316.0000000000003,240.0,316.0,240.0,316.0,240.0,2.8421709430404007e-13,TRACKING,-0.6500000000000017,0.0,3.345800010720268,29.277347242393446,True,True
2026-09-17T06:45:07.331953+00:00,17.8018419,534,316.0000000000003,240.0,316.0,240.0,316.0,240.0,2.8421709430404007e-13,TRACKING,-0.6750000000000017,0.0,1.6140999941853806,31.618353816568536,True,True
2026-09-17T06:45:07.365620+00:00,17.835508699994534,535,316.0000000000003,240.0,316.0,240.0,316.0,240.0,2.8421709430404007e-13,TRACKING,-0.7000000000000017,0.0,1.6058000037446618,29.70285266679137,True,True
2026-09-17T06:45:07.399166+00:00,17.869051999994554,536,316.0000000000003,240.0,316.0,240.0,316.0,240.0,2.8421709430404007e-13,TRACKING,-0.7250000000000018,0.0,1.7735000001266599,29.81221287110757,True,True
2026-09-17T06:45:07.432619+00:00,17.90249959999346,537,316.0000000000003,240.0,316.0,240.0,316.0,240.0,2.8421709430404007e-13,TRACKING,-0.7500000000000018,0.0,2.137700008461252,29.897511332132787,True,True
2026-09-17T06:45:07.467203+00:00,17.937088199993013,538,316.0000000000003,240.0,316.0,240.0,316.0,240.0,2.8421709430404007e-13,TRACKING,-0.7750000000000018,0.0,3.0144000047584996,28.91125977960837,True,True
2026-09-17T06:45:07.498706+00:00,17.968591799988644,539,316.0000000000003,240.0,316.0,240.0,316.0,240.0,2.8421709430404007e-13,TRACKING,-0.8000000000000018,0.0,1.6234999930020422,31.742404047114906,True,True
2026-09-17T06:45:07.532155+00:00,18.002039399987552,540,316.0000000000003,240.0,316.0,240.0,316.0,240.0,2.8421709430404007e-13,TRACKING,-0.8250000000000018,0.0,1.6778999997768551,29.897511332132787,True,True
2026-09-17T06:45:07.565383+00:00,18.035270099993795,541,316.0000000000003,240.0,316.0,240.0,316.0,240.0,2.8421709430404007e-13,TRACKING,-0.8500000000000019,0.0,1.6635000065434724,30.092655279971122,True,True
2026-09-17T06:45:07.599613+00:00,18.069498400000157,542,316.0000000000003,240.0,316.0,240.0,316.0,240.0,2.8421709430404007e-13,TRACKING,-0.8750000000000019,0.0,2.6768999960040674,29.215590602341916,True,True
2026-09-17T06:45:07.633388+00:00,18.103271399988444,543,316.00000000000034,240.0,316.0,240.0,316.0,240.0,3.410605131648481e-13,TRACKING,-0.9000000000000019,0.0,2.972399990539998,29.60945134713596,True,True
2026-09-17T06:45:07.665542+00:00,18.135423699990497,544,316.00000000000034,240.0,316.0,240.0,316.0,240.0,3.410605131648481e-13,TRACKING,-0.9250000000000019,0.0,1.5985999925760552,31.101974040306164,True,True
2026-09-17T06:45:07.699445+00:00,18.169329500000458,545,316.00000000000034,240.0,316.0,240.0,316.0,240.0,3.410605131648481e-13,TRACKING,-0.950000000000002,0.0,2.156899994588457,29.49347898312998,True,True
2026-09-17T06:45:07.731982+00:00,18.201871299999766,546,316.00000000000034,240.0,316.0,240.0,316.0,240.0,3.410605131648481e-13,TRACKING,-0.975000000000002,0.0,1.5896999975666404,30.729707638215153,True,True
2026-09-17T06:45:07.766040+00:00,18.23592559999088,547,316.00000000000034,240.0,316.0,240.0,316.0,240.0,3.410605131648481e-13,TRACKING,-1.000000000000002,0.0,2.391899994108826,29.36486729314621,True,True
2026-09-17T06:45:07.799225+00:00,18.26910959999077,548,316.00000000000034,240.0,316.0,240.0,316.0,240.0,3.410605131648481e-13,TRACKING,-1.025000000000002,0.0,2.2526999964611605,30.135004821698878,True,True
2026-09-17T06:45:07.832221+00:00,18.30210719999741,549,316.00000000000034,240.0,316.0,240.0,316.0,240.0,3.410605131648481e-13,TRACKING,-1.0500000000000018,0.0,1.848600004450418,30.305234313975287,True,True
2026-09-17T06:45:07.865757+00:00,18.335643699989305,550,316.0000000000003,240.0,316.0,240.0,316.0,240.0,2.8421709430404007e-13,TRACKING,-1.0750000000000017,0.0,1.9164999976055697,29.818257726406465,True,True
2026-09-17T06:45:07.899497+00:00,18.369382499993662,551,316.0000000000003,240.0,316.0,240.0,316.0,240.0,2.8421709430404007e-13,TRACKING,-1.1000000000000016,0.0,2.3240000009536743,29.639465537329333,True,True
2026-09-17T06:45:07.933134+00:00,18.403019299992593,552,316.0000000000002,240.0,316.0,240.0,316.0,240.0,2.2737367544323206e-13,TRACKING,-1.1250000000000016,0.0,2.4307999992743134,29.729344052697964,True,True
2026-09-17T06:45:07.966651+00:00,18.436536900000647,553,316.0000000000002,240.0,316.0,240.0,316.0,240.0,2.2737367544323206e-13,TRACKING,-1.1500000000000015,0.0,2.855200000340119,29.835071716343567,True,True
2026-09-17T06:45:07.998791+00:00,18.468675500000245,554,316.0000000000002,240.0,316.0,240.0,316.0,240.0,2.2737367544323206e-13,TRACKING,-1.1750000000000014,0.0,1.8675000028451905,31.115232151136055,True,True
2026-09-17T06:45:08.032118+00:00,18.502003399989917,555,316.0000000000002,240.0,316.0,240.0,316.0,240.0,2.2737367544323206e-13,TRACKING,-1.2000000000000013,0.0,1.5459999995073304,30.00489080649817,True,True
2026-09-17T06:45:08.065239+00:00,18.5351251999964,556,316.0000000000002,240.0,316.0,240.0,316.0,240.0,2.2737367544323206e-13,TRACKING,-1.2250000000000012,0.0,1.538500000606291,30.191595861464272,True,True
2026-09-17T06:45:08.099534+00:00,18.56941709999228,557,316.0000000000002,240.0,316.0,240.0,316.0,240.0,2.2737367544323206e-13,TRACKING,-1.250000000000001,0.0,2.485499993781559,29.16140546660271,True,True
2026-09-17T06:45:08.133591+00:00,18.60346159999608,558,316.00000000000017,240.0,316.0,240.0,316.0,240.0,1.7053025658242404e-13,TRACKING,-1.275000000000001,0.0,3.1365000031655654,29.373320209970263,True,True
2026-09-17T06:45:08.166343+00:00,18.63622439999017,559,316.00000000000017,240.0,316.0,240.0,316.0,240.0,1.7053025658242404e-13,TRACKING,-1.300000000000001,0.0,2.4172999983420596,30.522421776540067,True,True
2026-09-17T06:45:08.199055+00:00,18.668943999990006,560,316.0000000000001,240.0,316.0,240.0,316.0,240.0,1.1368683772161603e-13,TRACKING,-1.3250000000000008,0.0,1.7311999981757253,30.56272081581048,True,True
2026-09-17T06:45:08.232642+00:00,18.702526699998998,561,316.0000000000001,240.0,316.0,240.0,316.0,240.0,1.1368683772161603e-13,TRACKING,-1.3500000000000008,0.0,1.8754999910015613,29.777236485816804,True,True
2026-09-17T06:45:08.266486+00:00,18.736371399994823,562,316.0000000000001,240.0,316.0,240.0,316.0,240.0,1.1368683772161603e-13,TRACKING,-1.3750000000000007,0.0,2.8790000069420785,29.546723715185998,True,True
2026-09-17T06:45:08.300670+00:00,18.77055429999018,563,316.0000000000001,240.0,316.0,240.0,316.0,240.0,1.1368683772161603e-13,TRACKING,-1.4000000000000006,0.0,2.9977999947732314,29.254393282483544,True,True
2026-09-17T06:45:08.332546+00:00,18.802432500000577,564,316.0000000000001,240.0,316.0,240.0,316.0,240.0,1.1368683772161603e-13,TRACKING,-1.4250000000000005,0.0,1.8636000022524968,31.369399767674047,True,True
2026-09-17T06:45:08.365249+00:00,18.835134399996605,565,316.0000000000001,240.0,316.0,240.0,316.0,240.0,1.1368683772161603e-13,TRACKING,-1.4500000000000004,0.0,1.4932000049157068,30.57926298231848,True,True
2026-09-17T06:45:08.398977+00:00,18.86883979999402,566,316.00000000000006,240.0,316.0,240.0,316.0,240.0,5.684341886080802e-14,TRACKING,-1.4750000000000003,0.0,1.8314000044483691,29.66883644984678,True,True
2026-09-17T06:45:08.433087+00:00,18.90297019999707,567,316.00000000000006,240.0,316.0,240.0,316.0,240.0,5.684341886080802e-14,TRACKING,-1.5000000000000002,0.0,2.7860999980475754,29.299392913960094,True,True
2026-09-17T06:45:08.467031+00:00,18.936917099999846,568,316.0,240.0,316.0,240.0,316.0,240.0,0.0,TRACKING,-1.5250000000000001,0.0,3.2500000088475645,29.457770810243677,True,True
2026-09-17T06:45:08.498462+00:00,18.968351599993184,569,316.0,240.0,316.0,240.0,316.0,240.0,0.0,TRACKING,-1.55,0.0,1.3890999980503693,31.812180890802296,True,True
2026-09-17T06:45:08.532297+00:00,19.0021851999918,570,316.0,240.0,316.0,240.0,316.0,240.0,0.0,TRACKING,-1.575,0.0,1.6998999926727265,29.556417290531172,True,True
2026-09-17T06:45:08.565437+00:00,19.035324299999047,571,316.0,240.0,316.0,240.0,316.0,240.0,0.0,TRACKING,-1.5999999999999999,0.0,1.5882000006968156,30.175834581545978,True,True
2026-09-17T06:45:08.599971+00:00,19.06985889999487,572,316.0,240.0,316.0,240.0,316.0,240.0,0.0,TRACKING,-1.6249999999999998,0.0,2.80100000964012,28.95646685124372,True,True
2026-09-17T06:45:08.633474+00:00,19.103358899999876,573,315.99999999999994,240.0,315.0,240.0,315.0,240.0,0.9999999999999432,TRACKING,-1.6562499999999998,0.0,3.1278000096790493,29.85074626419616,True,True
2026-09-17T06:45:08.665955+00:00,19.13583819998894,574,316.99999999999994,240.0,316.0,240.0,316.0,240.0,0.9999999999999432,TRACKING,-1.6812499999999997,0.0,1.9170000014128163,30.7888409028744,True,True
2026-09-17T06:45:08.698593+00:00,19.168476799997734,575,316.99999999999994,240.0,316.0,240.0,316.0,240.0,0.9999999999999432,TRACKING,-1.7062499999999996,0.0,1.56309999874793,30.638569048014702,True,True
2026-09-17T06:45:08.732391+00:00,19.20227189999423,576,316.99999999999994,240.0,316.0,240.0,316.0,240.0,0.9999999999999432,TRACKING,-1.7312499999999995,0.0,1.9687000021804124,29.59008850702273,True,True
2026-09-17T06:45:08.766874+00:00,19.23675949999597,577,316.99999999999994,240.0,316.0,240.0,316.0,240.0,0.9999999999999432,TRACKING,-1.7562499999999994,0.0,3.2021000079112127,28.99592897011002,True,True
2026-09-17T06:45:08.800991+00:00,19.270876099995803,578,316.9999999999999,240.0,316.0,240.0,316.0,240.0,0.9999999999998863,TRACKING,-1.7812499999999993,0.0,2.875799997127615,29.311244379711635,True,True
2026-09-17T06:45:08.832452+00:00,19.30233639999642,579,316.9999999999999,240.0,316.0,240.0,316.0,240.0,0.9999999999998863,TRACKING,-1.8062499999999992,0.0,1.9777000125031918,31.786092312545623,True,True
2026-09-17T06:45:08.865352+00:00,19.335240599990357,580,316.9999999999999,240.0,316.0,240.0,316.0,240.0,0.9999999999998863,TRACKING,-1.8312499999999992,0.0,1.6776999982539564,30.391257048774385,True,True
2026-09-17T06:45:08.898623+00:00,19.36850759999652,581,324.9999999999999,240.0,324.0,240.0,323.0,240.0,1.9999999999998863,TRACKING,-1.8124999999999991,0.0,1.748299997416325,30.059819034320935,True,True
2026-09-17T06:45:08.932509+00:00,19.402393999989727,582,325.9999999999999,240.0,325.0,240.0,326.0,240.0,1.1368683772161603e-13,TRACKING,-1.774999999999999,0.0,2.1967999928165227,29.51036404576629,True,True
2026-09-17T06:45:08.966816+00:00,19.436701599988737,583,323.99999999999983,240.0,323.0,240.0,324.0,240.0,1.7053025658242404e-13,TRACKING,-1.7499999999999991,0.0,3.010899992659688,29.14806048889576,True,True
2026-09-17T06:45:08.998580+00:00,19.46846179998829,584,323.9999999999999,240.0,323.0,240.0,323.0,240.0,0.9999999999998863,TRACKING,-1.731249999999999,0.0,1.6143999964697286,31.48594782193026,True,True
2026-09-17T06:45:09.032121+00:00,19.50200729999051,585,324.99999999999983,240.0,324.0,240.0,324.0,240.0,0.9999999999998295,TRACKING,-1.7062499999999992,0.0,1.590200001373887,29.810257707705677,True,True
2026-09-17T06:45:09.065607+00:00,19.5354912999901,586,324.9999999999999,240.0,324.0,240.0,324.0,240.0,0.9999999999998863,TRACKING,-1.6812499999999992,0.0,1.854799993452616,29.865010154469775,True,True
2026-09-17T06:45:09.100905+00:00,19.57079220000014,587,324.9999999999999,240.0,324.0,240.0,324.0,240.0,0.9999999999998863,TRACKING,-1.6562499999999993,0.0,3.61509999493137,28.32788964914515,True,True
2026-09-17T06:45:09.133910+00:00,19.603794499998912,588,324.9999999999999,240.0,324.0,240.0,324.0,240.0,0.9999999999998863,TRACKING,-1.6312499999999994,0.0,3.1204999977489933,30.300918421966227,True,True
2026-09-17T06:45:09.165652+00:00,19.635539999988396,589,324.9999999999999,240.0,324.0,240.0,324.0,240.0,0.9999999999998863,TRACKING,-1.6062499999999995,0.0,1.7290999967372045,31.50052764427321,True,True
2026-09-17T06:45:09.198741+00:00,19.66862929999479,590,324.99999999999994,240.0,324.0,240.0,324.0,240.0,0.9999999999999432,TRACKING,-1.5812499999999996,0.0,1.5584000066155568,30.221249763722074,True,True
2026-09-17T06:45:09.232255+00:00,19.702143199989223,591,324.99999999999994,240.0,324.0,240.0,324.0,240.0,0.9999999999999432,TRACKING,-1.5562499999999997,0.0,1.6018000023905188,29.838365578644687,True,True
2026-09-17T06:45:09.266560+00:00,19.736447999996017,592,324.99999999999994,240.0,324.0,240.0,324.0,240.0,0.9999999999999432,TRACKING,-1.5312499999999998,0.0,2.7062000008299947,29.150439582855967,True,True
2026-09-17T06:45:09.299411+00:00,19.769294400000945,593,325.0,240.0,325.0,240.0,325.0,240.0,0.0,TRACKING,-1.4999999999999998,0.0,2.4113999970722944,30.444736709349222,True,True
2026-09-17T06:45:09.332299+00:00,19.802186999993864,594,324.0,240.0,324.0,240.0,324.0,240.0,0.0,TRACKING,-1.4749999999999999,0.0,1.6713000077288598,30.40197491883447,True,True
2026-09-17T06:45:09.365142+00:00,19.835032199989655,595,324.0,240.0,324.0,240.0,324.0,240.0,0.0,TRACKING,-1.45,0.0,1.4305999939097092,30.44584901684747,True,True
2026-09-17T06:45:09.398651+00:00,19.86853659999906,596,324.0,240.0,324.0,240.0,324.0,240.0,0.0,TRACKING,-1.425,0.0,1.6444999928353354,29.84682608013475,True,True
2026-09-17T06:45:09.435549+00:00,19.905437900000834,597,324.0,240.0,324.0,240.0,324.0,240.0,0.0,TRACKING,-1.4000000000000001,0.0,5.18490000104066,27.099316282948067,True,True
2026-09-17T06:45:09.467051+00:00,19.936933999997564,598,324.0,240.0,324.0,240.0,324.0,240.0,0.0,TRACKING,-1.3750000000000002,0.0,3.173000004608184,31.74996269709044,True,True
2026-09-17T06:45:09.498890+00:00,19.96877890000178,599,324.0,240.0,324.0,240.0,324.0,240.0,0.0,TRACKING,-1.3500000000000003,0.0,1.6634999919915572,31.402202546329036,True,True
2026-09-17T06:45:09.532516+00:00,20.00240159999521,600,324.00000000000006,240.0,324.0,240.0,324.0,240.0,5.684341886080802e-14,TRACKING,-1.3250000000000004,0.0,1.8703999958233908,29.741811341605892,True,True
2026-09-17T06:45:09.566049+00:00,20.03593909999472,601,324.00000000000006,240.0,324.0,240.0,324.0,240.0,5.684341886080802e-14,TRACKING,-1.3000000000000005,0.0,2.3268000077223405,29.81736861765424,True,True
2026-09-17T06:45:09.599585+00:00,20.069469499998377,602,324.0000000000001,240.0,324.0,240.0,324.0,240.0,1.1368683772161603e-13,TRACKING,-1.2750000000000006,0.0,2.6935000059893355,29.82368238646035,True,True
2026-09-17T06:45:09.633103+00:00,20.10298779999721,603,324.0000000000001,240.0,324.0,240.0,324.0,240.0,1.1368683772161603e-13,TRACKING,-1.2500000000000007,0.0,2.8163000097265467,29.834448645511515,True,True
2026-09-17T06:45:09.665708+00:00,20.135592399994493,604,324.0000000000001,240.0,324.0,240.0,324.0,240.0,1.1368683772161603e-13,TRACKING,-1.2250000000000008,0.0,1.7238000000361353,30.670518886392593,True,True
2026-09-17T06:45:09.698950+00:00,20.168837699995493,605,324.0000000000001,240.0,324.0,240.0,324.0,240.0,1.1368683772161603e-13,TRACKING,-1.2000000000000008,0.0,1.7580999992787838,30.079439799609176,True,True
2026-09-17T06:45:09.732160+00:00,20.202048899998772,606,324.0000000000001,240.0,324.0,240.0,324.0,240.0,1.1368683772161603e-13,TRACKING,-1.175000000000001,0.0,1.4640000008512288,30.110324224998102,True,True
2026-09-17T06:45:09.766309+00:00,20.236185399990063,607,324.0000000000001,240.0,324.0,240.0,324.0,240.0,1.1368683772161603e-13,TRACKING,-1.150000000000001,0.0,2.373800001805648,29.294157287803873,True,True
2026-09-17T06:45:09.801465+00:00,20.27135239999916,608,324.00000000000017,240.0,324.0,240.0,324.0,240.0,1.7053025658242404e-13,TRACKING,-1.125000000000001,0.0,4.413999995449558,28.43574941682094,True,True
2026-09-17T06:45:09.832369+00:00,20.302256899987697,609,324.00000000000017,240.0,324.0,240.0,324.0,240.0,1.7053025658242404e-13,TRACKING,-1.1000000000000012,0.0,1.832599999033846,32.35774726563794,True,True
2026-09-17T06:45:09.865295+00:00,20.335181399990688,610,324.0000000000002,240.0,324.0,240.0,324.0,240.0,2.2737367544323206e-13,TRACKING,-1.0750000000000013,0.0,1.519099998404272,30.37251894209915,True,True
2026-09-17T06:45:09.898883+00:00,20.368763699996634,611,324.0000000000002,240.0,324.0,240.0,324.0,240.0,2.2737367544323206e-13,TRACKING,-1.0500000000000014,0.0,1.9518000044627115,29.777591166267147,True,True
2026-09-17T06:45:09.932952+00:00,20.402834799999255,612,324.0000000000002,240.0,324.0,240.0,324.0,240.0,2.2737367544323206e-13,TRACKING,-1.0250000000000015,0.0,2.2680999973090366,29.350387863118335,True,True
2026-09-17T06:45:09.965887+00:00,20.43576939999184,613,324.0000000000002,240.0,324.0,240.0,324.0,240.0,2.2737367544323206e-13,TRACKING,-1.0000000000000016,0.0,2.3079999955371022,30.363204660906877,True,True
2026-09-17T06:45:10.000487+00:00,20.470360499995877,614,324.0000000000002,240.0,324.0,240.0,324.0,240.0,2.2737367544323206e-13,TRACKING,-0.9750000000000015,0.0,2.6951000036206096,28.909170274530823,True,True
2026-09-17T06:45:10.031989+00:00,20.501877899994724,615,324.0000000000002,240.0,324.0,240.0,324.0,240.0,2.2737367544323206e-13,TRACKING,-0.9500000000000015,0.0,1.5393000066978857,31.728505525093137,True,True
2026-09-17T06:45:10.065285+00:00,20.53516829998989,616,324.0000000000002,240.0,324.0,240.0,324.0,240.0,2.2737367544323206e-13,TRACKING,-0.9250000000000015,0.0,1.7289999959757552,30.038689836865366,True,True
2026-09-17T06:45:10.099753+00:00,20.56963579999865,617,324.0000000000002,240.0,324.0,240.0,324.0,240.0,2.2737367544323206e-13,TRACKING,-0.9000000000000015,0.0,2.8703999996650964,29.01283817352213,True,True
2026-09-17T06:45:10.134714+00:00,20.60460219999368,618,324.0000000000002,240.0,324.0,240.0,324.0,240.0,2.2737367544323206e-13,TRACKING,-0.8750000000000014,0.0,4.222900010063313,28.598883503654722,True,True
2026-09-17T06:45:10.165260+00:00,20.63514369999757,619,324.0000000000002,240.0,324.0,240.0,324.0,240.0,2.2737367544323206e-13,TRACKING,-0.8500000000000014,0.0,1.656000007642433,32.742334196832736,True,True
2026-09-17T06:45:10.198408+00:00,20.668297299998812,620,324.0000000000002,240.0,324.0,240.0,324.0,240.0,2.2737367544323206e-13,TRACKING,-0.8250000000000014,0.0,1.4962999994168058,30.162636937241736,True,True
2026-09-17T06:45:10.232191+00:00,20.702079299997422,621,324.0000000000002,240.0,324.0,240.0,324.0,240.0,2.2737367544323206e-13,TRACKING,-0.8000000000000014,0.0,1.6556999908061698,29.60156296374282,True,True
2026-09-17T06:45:10.265999+00:00,20.735885999994935,622,324.0000000000002,240.0,324.0,240.0,324.0,240.0,2.2737367544323206e-13,TRACKING,-0.7750000000000014,0.0,1.9266000017523766,29.579935340437736,True,True
2026-09-17T06:45:10.299987+00:00,20.76987229999213,623,324.0000000000002,240.0,324.0,240.0,324.0,240.0,2.2737367544323206e-13,TRACKING,-0.7500000000000013,0.0,2.5901000044541433,29.423620696648815,True,True
2026-09-17T06:45:10.334511+00:00,20.804396499996074,624,324.0000000000002,240.0,324.0,240.0,324.0,240.0,2.2737367544323206e-13,TRACKING,-0.7250000000000013,0.0,3.795600001467392,28.965189631788093,True,True
2026-09-17T06:45:10.365176+00:00,20.83506199999829,625,324.0000000000002,240.0,324.0,240.0,324.0,240.0,2.2737367544323206e-13,TRACKING,-0.7000000000000013,0.0,1.537299991468899,32.60993624521952,True,True
2026-09-17T06:45:10.399036+00:00,20.868924599999445,626,324.0000000000002,240.0,324.0,240.0,324.0,240.0,2.2737367544323206e-13,TRACKING,-0.6750000000000013,0.0,1.7650999943725765,29.53110511200631,True,True
2026-09-17T06:45:10.432753+00:00,20.902641900000162,627,324.0000000000002,240.0,324.0,240.0,324.0,240.0,2.2737367544323206e-13,TRACKING,-0.6500000000000012,0.0,2.045199988060631,29.658365289591305,True,True
2026-09-17T06:45:10.466706+00:00,20.936591499994393,628,324.0000000000002,240.0,324.0,240.0,324.0,240.0,2.2737367544323206e-13,TRACKING,-0.6250000000000012,0.0,2.704200000152923,29.455428051286475,True,True
2026-09-17T06:45:10.498760+00:00,20.968646799999988,629,324.0000000000002,240.0,324.0,240.0,324.0,240.0,2.2737367544323206e-13,TRACKING,-0.6000000000000012,0.0,1.597200011019595,31.19608925280536,True,True
2026-09-17T06:45:10.532029+00:00,21.001917799992952,630,324.0000000000002,240.0,324.0,240.0,324.0,240.0,2.2737367544323206e-13,TRACKING,-0.5750000000000012,0.0,1.4812000008532777,30.056205109899064,True,True
2026-09-17T06:45:10.565509+00:00,21.035396699997364,631,324.00000000000017,240.0,324.0,240.0,324.0,240.0,1.7053025658242404e-13,TRACKING,-0.5500000000000012,0.0,1.7573000077391043,29.869559629146774,True,True
2026-09-17T06:45:10.599927+00:00,21.069808899992495,632,324.00000000000017,240.0,324.0,240.0,324.0,240.0,1.7053025658242404e-13,TRACKING,-0.5250000000000011,0.0,2.9166999884182587,29.059461474171478,True,True
2026-09-17T06:45:10.633580+00:00,21.103467599998112,633,324.00000000000017,240.0,324.0,240.0,324.0,240.0,1.7053025658242404e-13,TRACKING,-0.5000000000000011,0.0,3.1947000097716227,29.710000678371987,True,True
2026-09-17T06:45:10.666513+00:00,21.136398299990105,634,324.00000000000017,240.0,324.0,240.0,324.0,240.0,1.7053025658242404e-13,TRACKING,-0.4750000000000011,0.0,2.4911999935284257,30.36680059164028,True,True
2026-09-17T06:45:10.698948+00:00,21.168836500000907,635,324.00000000000017,240.0,324.0,240.0,324.0,240.0,1.7053025658242404e-13,TRACKING,-0.45000000000000107,0.0,1.6845999925862998,30.82785110354483,True,True
2026-09-17T06:45:10.732039+00:00,21.20192649999808,636,324.00000000000017,240.0,324.0,240.0,324.0,240.0,1.7053025658242404e-13,TRACKING,-0.42500000000000104,0.0,1.8300999945495278,30.220610458912677,True,True
2026-09-17T06:45:10.766129+00:00,21.236015699993004,637,324.00000000000017,240.0,324.0,240.0,324.0,240.0,1.7053025658242404e-13,TRACKING,-0.400000000000001,0.0,2.1000999986426905,29.33480398920822,True,True
2026-09-17T06:45:10.799922+00:00,21.269805799995083,638,324.00000000000017,240.0,324.0,240.0,324.0,240.0,1.7053025658242404e-13,TRACKING,-0.375000000000001,0.0,2.7394000062486157,29.59446701662514,True,True
2026-09-17T06:45:10.832988+00:00,21.30286869998963,639,324.00000000000017,240.0,324.0,240.0,324.0,240.0,1.7053025658242404e-13,TRACKING,-0.350000000000001,0.0,2.5465999933658168,30.245380779209132,True,True
2026-09-17T06:45:10.865581+00:00,21.335467899989453,640,324.00000000000017,240.0,324.0,240.0,324.0,240.0,1.7053025658242404e-13,TRACKING,-0.32500000000000095,0.0,1.7023999971570447,30.67559940137951,True,True
2026-09-17T06:45:10.898847+00:00,21.368734699994093,641,324.00000000000017,240.0,324.0,240.0,324.0,240.0,1.7053025658242404e-13,TRACKING,-0.30000000000000093,0.0,1.5625000087311491,30.059999755327585,True,True
2026-09-17T06:45:10.933102+00:00,21.402985299995635,642,324.00000000000017,240.0,324.0,240.0,324.0,240.0,1.7053025658242404e-13,TRACKING,-0.2750000000000009,0.0,1.9571000011637807,29.19656881791799,True,True
2026-09-17T06:45:10.966836+00:00,21.43671959999483,643,324.0000000000001,240.0,324.0,240.0,324.0,240.0,1.1368683772161603e-13,TRACKING,-0.2500000000000009,0.0,3.160699998261407,29.643419309836897,True,True
2026-09-17T06:45:10.999799+00:00,21.46968329999072,644,324.0000000000001,240.0,324.0,240.0,324.0,240.0,1.1368683772161603e-13,TRACKING,-0.2250000000000009,0.0,2.4007000029087067,30.33640034719109,True,True
2026-09-17T06:45:11.032314+00:00,21.502196000001277,645,324.0000000000001,240.0,324.0,240.0,324.0,240.0,1.1368683772161603e-13,TRACKING,-0.2000000000000009,0.0,1.6487999964738265,30.757211787249428,True,True
2026-09-17T06:45:11.065844+00:00,21.535731600000872,646,324.0000000000001,240.0,324.0,240.0,324.0,240.0,1.1368683772161603e-13,TRACKING,-0.1750000000000009,0.0,2.29280001076404,29.819057956680776,True,True
2026-09-17T06:45:11.099980+00:00,21.569860299990978,647,324.00000000000017,240.0,324.0,240.0,324.0,240.0,1.7053025658242404e-13,TRACKING,-0.1500000000000009,0.0,3.0362999968929216,29.300852370289757,True,True
2026-09-17T06:45:11.133426+00:00,21.603311999992002,648,324.00000000000017,240.0,324.0,240.0,324.0,240.0,1.7053025658242404e-13,TRACKING,-0.12500000000000092,0.0,2.9402999934973195,29.893846948567557,True,True
2026-09-17T06:45:11.165775+00:00,21.635662399989087,649,324.00000000000017,240.0,324.0,240.0,324.0,240.0,1.7053025658242404e-13,TRACKING,-0.10000000000000092,0.0,1.8514999974286184,30.911518871176145,True,True
2026-09-17T06:45:11.198653+00:00,21.668539399994188,650,324.00000000000017,240.0,324.0,240.0,324.0,240.0,1.7053025658242404e-13,TRACKING,-0.07500000000000093,0.0,1.5715000045020133,30.416400518442995,True,True
2026-09-17T06:45:11.232071+00:00,21.70195769998827,651,324.00000000000017,240.0,324.0,240.0,324.0,240.0,1.7053025658242404e-13,TRACKING,-0.050000000000000926,0.0,1.8434999947203323,29.92372443173599,True,True
2026-09-17T06:45:11.266346+00:00,21.736233299991,652,324.00000000000017,240.0,324.0,240.0,324.0,240.0,1.7053025658242404e-13,TRACKING,-0.025000000000000924,0.0,2.1314000041456893,29.1752733699883,True,True
2026-09-17T06:45:11.300217+00:00,21.770101899994188,653,324.00000000000017,240.0,324.0,240.0,324.0,240.0,1.7053025658242404e-13,TRACKING,-9.228728892196614e-16,0.0,2.786600001854822,29.525873520188537,True,True
2026-09-17T06:45:11.333940+00:00,21.803826699993806,654,324.00000000000017,240.0,324.0,240.0,324.0,240.0,1.7053025658242404e-13,TRACKING,0.02499999999999908,0.0,3.222200000891462,29.65176961794667,True,True
2026-09-17T06:45:11.365217+00:00,21.835106300000916,655,324.00000000000017,240.0,324.0,240.0,324.0,240.0,1.7053025658242404e-13,TRACKING,0.04999999999999908,0.0,1.5275999903678894,31.969718275575342,True,True
2026-09-17T06:45:11.399613+00:00,21.86949420000019,656,324.00000000000017,240.0,324.0,240.0,324.0,240.0,1.7053025658242404e-13,TRACKING,0.07499999999999908,0.0,2.4313999892910942,29.079996162054496,True,True
2026-09-17T06:45:11.432997+00:00,21.902882800000953,657,324.00000000000017,240.0,324.0,240.0,324.0,240.0,1.7053025658242404e-13,TRACKING,0.09999999999999909,0.0,2.4831999908201396,29.950342331728987,True,True
2026-09-17T06:45:11.465822+00:00,21.935696000000462,658,324.00000000000017,240.0,324.0,240.0,324.0,240.0,1.7053025658242404e-13,TRACKING,0.12499999999999908,0.0,2.141200006008148,30.475540331785744,True,True
2026-09-17T06:45:11.499030+00:00,21.96891849998792,659,324.00000000000017,240.0,324.0,240.0,324.0,240.0,1.7053025658242404e-13,TRACKING,0.14999999999999908,0.0,1.895699999295175,30.100082786589294,True,True
2026-09-17T06:45:11.532437+00:00,22.002326299989363,660,324.00000000000017,240.0,324.0,240.0,324.0,240.0,1.7053025658242404e-13,TRACKING,0.17499999999999907,0.0,1.7702000041026622,29.933129387653523,True,True
2026-09-17T06:45:11.565790+00:00,22.03567149999435,661,324.00000000000017,240.0,324.0,240.0,324.0,240.0,1.7053025658242404e-13,TRACKING,0.19999999999999907,0.0,1.8226999964099377,29.989323796241457,True,True
2026-09-17T06:45:11.599585+00:00,22.06946759999846,662,324.00000000000017,240.0,324.0,240.0,324.0,240.0,1.7053025658242404e-13,TRACKING,0.22499999999999906,0.0,2.4034000089159235,29.589212952925752,True,True
2026-09-17T06:45:11.633771+00:00,22.103656299994327,663,324.00000000000017,240.0,324.0,240.0,324.0,240.0,1.7053025658242404e-13,TRACKING,0.24999999999999906,0.0,3.0473000078927726,29.249430370880315,True,True
2026-09-17T06:45:11.665542+00:00,22.135427399989567,664,324.00000000000017,240.0,324.0,240.0,324.0,240.0,1.7053025658242404e-13,TRACKING,0.2749999999999991,0.0,1.8679000058909878,31.47514565595252,True,True
2026-09-17T06:45:11.698461+00:00,22.168344899997464,665,324.00000000000017,240.0,324.0,240.0,324.0,240.0,1.7053025658242404e-13,TRACKING,0.2999999999999991,0.0,1.4761000056751072,30.37897774011023,True,True
2026-09-17T06:45:11.732339+00:00,22.20222439999634,666,324.0000000000001,240.0,324.0,240.0,324.0,240.0,1.1368683772161603e-13,TRACKING,0.3249999999999991,0.0,1.899000009871088,29.51637420957237,True,True
2026-09-17T06:45:11.766245+00:00,22.236130699995556,667,324.0000000000001,240.0,324.0,240.0,324.0,240.0,1.1368683772161603e-13,TRACKING,0.34999999999999915,0.0,2.1813000057591125,29.493044066238596,True,True
2026-09-17T06:45:11.799805+00:00,22.269691099994816,668,324.0000000000001,240.0,324.0,240.0,324.0,240.0,1.1368683772161603e-13,TRACKING,0.37499999999999917,0.0,2.5052999990293756,29.797022682150708,True,True
2026-09-17T06:45:11.831906+00:00,22.301792400001432,669,324.0000000000001,240.0,324.0,240.0,324.0,240.0,1.1368683772161603e-13,TRACKING,0.3999999999999992,0.0,1.6881999908946455,31.15138638603124,True,True
2026-09-17T06:45:11.865775+00:00,22.335658600000897,670,324.0000000000001,240.0,324.0,240.0,324.0,240.0,1.1368683772161603e-13,TRACKING,0.4249999999999992,0.0,2.0167000038782135,29.527965937004435,True,True
2026-09-17T06:45:11.898642+00:00,22.3685276999895,671,324.0000000000001,240.0,324.0,240.0,324.0,240.0,1.1368683772161603e-13,TRACKING,0.44999999999999923,0.0,1.7386999970767647,30.423711033973134,True,True
2026-09-17T06:45:11.932453+00:00,22.40234019998752,672,324.0000000000001,240.0,324.0,240.0,324.0,240.0,1.1368683772161603e-13,TRACKING,0.47499999999999926,0.0,2.208799996878952,29.574861369568367,True,True
2026-09-17T06:45:11.967154+00:00,22.437039299999014,673,324.0000000000001,240.0,324.0,240.0,324.0,240.0,1.1368683772161603e-13,TRACKING,0.4999999999999993,0.0,3.1109999981708825,28.819191266308113,True,True
2026-09-17T06:45:11.999793+00:00,22.469678900000872,674,324.0000000000001,240.0,324.0,240.0,324.0,240.0,1.1368683772161603e-13,TRACKING,0.5249999999999992,0.0,2.4960999871836975,30.637630361373517,True,True
2026-09-17T06:45:12.032216+00:00,22.50210299999162,675,324.0000000000001,240.0,324.0,240.0,324.0,240.0,1.1368683772161603e-13,TRACKING,0.5499999999999993,0.0,1.8087000062223524,30.841256975068504,True,True
2026-09-17T06:45:12.065999+00:00,22.535874199995305,676,324.0000000000001,240.0,324.0,240.0,324.0,240.0,1.1368683772161603e-13,TRACKING,0.5749999999999993,0.0,1.992299992707558,29.611029513043604,True,True
2026-09-17T06:45:12.100090+00:00,22.56996999999683,677,324.0000000000001,240.0,324.0,240.0,324.0,240.0,1.1368683772161603e-13,TRACKING,0.5999999999999993,0.0,2.5371999945491552,29.32912558013944,True,True
2026-09-17T06:45:12.134158+00:00,22.604043699990143,678,324.0000000000001,240.0,324.0,240.0,324.0,240.0,1.1368683772161603e-13,TRACKING,0.6249999999999993,0.0,3.653499996289611,29.348148284342916,True,True
2026-09-17T06:45:12.165659+00:00,22.635541399999056,679,324.0000000000001,240.0,324.0,240.0,324.0,240.0,1.1368683772161603e-13,TRACKING,0.6499999999999994,0.0,1.7820000066421926,31.748349870531143,True,True
2026-09-17T06:45:12.198669+00:00,22.66855719999876,680,324.0000000000001,240.0,324.0,240.0,324.0,240.0,1.1368683772161603e-13,TRACKING,0.6749999999999994,0.0,1.6128999995999038,30.28852852298003,True,True
2026-09-17T06:45:12.232447+00:00,22.7023341999884,681,324.0000000000001,240.0,324.0,240.0,324.0,240.0,1.1368683772161603e-13,TRACKING,0.6999999999999994,0.0,1.835999995819293,29.605944882810523,True,True
2026-09-17T06:45:12.266618+00:00,22.736502499989,682,324.0000000000001,240.0,324.0,240.0,324.0,240.0,1.1368683772161603e-13,TRACKING,0.7249999999999994,0.0,2.5523000076645985,29.266893582133072,True,True
2026-09-17T06:45:12.300415+00:00,22.770300399992266,683,324.0000000000001,240.0,324.0,240.0,324.0,240.0,1.1368683772161603e-13,TRACKING,0.7499999999999994,0.0,3.21579999581445,29.587637098855446,True,True
2026-09-17T06:45:12.332306+00:00,22.80219269999361,684,324.0000000000001,240.0,324.0,240.0,324.0,240.0,1.1368683772161603e-13,TRACKING,0.7749999999999995,0.0,1.6972000012174249,31.355530957560564,True,True
2026-09-17T06:45:12.365172+00:00,22.835059099990758,685,324.0000000000001,240.0,324.0,240.0,324.0,240.0,1.1368683772161603e-13,TRACKING,0.7999999999999995,0.0,1.63050000264775,30.42621035728927,True,True
2026-09-17T06:45:12.398574+00:00,22.868457099990337,686,324.0000000000001,240.0,324.0,240.0,324.0,240.0,1.1368683772161603e-13,TRACKING,0.8249999999999995,0.0,1.6512000001966953,29.941912689759995,True,True
2026-09-17T06:45:12.432576+00:00,22.902462999991258,687,324.0000000000001,240.0,324.0,240.0,324.0,240.0,1.1368683772161603e-13,TRACKING,0.8499999999999995,0.0,2.0800000056624413,29.40666178436479,True,True
2026-09-17T06:45:12.466168+00:00,22.936054399993736,688,324.0000000000001,240.0,324.0,240.0,324.0,240.0,1.1368683772161603e-13,TRACKING,0.8749999999999996,0.0,2.471900006639771,29.769524340343438,True,True
2026-09-17T06:45:12.499716+00:00,22.969596199996886,689,324.00000000000006,240.0,324.0,240.0,324.0,240.0,5.684341886080802e-14,TRACKING,0.8999999999999996,0.0,2.744199999142438,29.813546079998712,True,True
2026-09-17T06:45:12.532385+00:00,23.00227189999714,690,324.00000000000006,240.0,324.0,240.0,324.0,240.0,5.684341886080802e-14,TRACKING,0.9249999999999996,0.0,1.7238000000361353,30.603782015143157,True,True
2026-09-17T06:45:12.565936+00:00,23.035822499994538,691,324.00000000000006,240.0,324.0,240.0,324.0,240.0,5.684341886080802e-14,TRACKING,0.9499999999999996,0.0,2.086000007693656,29.805726278444173,True,True
2026-09-17T06:45:12.599798+00:00,23.069684399990365,692,324.00000000000006,240.0,324.0,240.0,324.0,240.0,5.684341886080802e-14,TRACKING,0.9749999999999996,0.0,2.850300006684847,29.5317155895928,True,True
2026-09-17T06:45:12.633451+00:00,23.103336000000127,693,324.00000000000006,240.0,324.0,240.0,324.0,240.0,5.684341886080802e-14,TRACKING,0.9999999999999997,0.0,3.0960000003688037,29.716269054366425,True,True
2026-09-17T06:45:12.665331+00:00,23.135216499998933,694,324.00000000000006,240.0,324.0,240.0,324.0,240.0,5.684341886080802e-14,TRACKING,1.0249999999999997,0.0,1.8014999950537458,31.36713665210555,True,True
2026-09-17T06:45:12.698587+00:00,23.16847589999088,695,324.00000000000006,240.0,324.0,240.0,324.0,240.0,5.684341886080802e-14,TRACKING,1.0499999999999996,0.0,1.5174000000115484,30.066687921071704,True,True
2026-09-17T06:45:12.732078+00:00,23.201964099993347,696,324.00000000000006,240.0,324.0,240.0,324.0,240.0,5.684341886080802e-14,TRACKING,1.0749999999999995,0.0,1.7863000102806836,29.861264562632577,True,True
2026-09-17T06:45:12.766189+00:00,23.236076399989543,697,324.0000000000001,240.0,324.0,240.0,324.0,240.0,1.1368683772161603e-13,TRACKING,1.0999999999999994,0.0,2.286300004925579,29.314939189428234,True,True
2026-09-17T06:45:12.799655+00:00,23.269541299989214,698,324.0000000000001,240.0,324.0,240.0,324.0,240.0,1.1368683772161603e-13,TRACKING,1.1249999999999993,0.0,2.216299995779991,29.882055527128806,True,True
2026-09-17T06:45:12.833117+00:00,23.30300200000056,699,324.0000000000001,240.0,324.0,240.0,324.0,240.0,1.1368683772161603e-13,TRACKING,1.1499999999999992,0.0,2.591899989056401,29.885806323863548,True,True
2026-09-17T06:45:12.865526+00:00,23.335415499997907,700,324.0000000000001,240.0,324.0,240.0,324.0,240.0,1.1368683772161603e-13,TRACKING,1.1749999999999992,0.0,1.639699999941513,30.851342807221037,True,True
2026-09-17T06:45:12.899562+00:00,23.369444199997815,701,324.0000000000001,240.0,324.0,240.0,324.0,240.0,1.1368683772161603e-13,TRACKING,1.199999999999999,0.0,2.637700003106147,29.38695865556733,True,True
2026-09-17T06:45:12.932316+00:00,23.402202599987504,702,324.0000000000001,240.0,324.0,240.0,324.0,240.0,1.1368683772161603e-13,TRACKING,1.224999999999999,0.0,1.9623999978648499,30.52652145143737,True,True
2026-09-17T06:45:12.966706+00:00,23.436590799989062,703,324.00000000000017,240.0,324.0,240.0,324.0,240.0,1.7053025658242404e-13,TRACKING,1.249999999999999,0.0,3.0446000018855557,29.079742468482948,True,True
2026-09-17T06:45:12.999062+00:00,23.468945199987502,704,324.00000000000017,240.0,324.0,240.0,324.0,240.0,1.7053025658242404e-13,TRACKING,1.2749999999999988,0.0,2.1391000045696273,30.907697254414614,True,True
2026-09-17T06:45:13.032132+00:00,23.50201909999305,705,324.0000000000002,240.0,324.0,240.0,324.0,240.0,2.2737367544323206e-13,TRACKING,1.2999999999999987,0.0,1.5436999965459108,30.23532150222002,True,True
2026-09-17T06:45:13.065243+00:00,23.535129099996993,706,324.0000000000002,240.0,324.0,240.0,324.0,240.0,2.2737367544323206e-13,TRACKING,1.3249999999999986,0.0,1.6171000024769455,30.202355780153347,True,True
2026-09-17T06:45:13.099536+00:00,23.569420399988303,707,324.0000000000002,240.0,324.0,240.0,324.0,240.0,2.2737367544323206e-13,TRACKING,1.3499999999999985,0.0,2.3969000030774623,29.161915711956894,True,True
2026-09-17T06:45:13.133974+00:00,23.603859199996805,708,324.0000000000002,240.0,324.0,240.0,324.0,240.0,2.2737367544323206e-13,TRACKING,1.3749999999999984,0.0,3.305300007923506,29.037016381323724,True,True
2026-09-17T06:45:13.166097+00:00,23.635968399990816,709,324.0000000000002,240.0,324.0,240.0,324.0,240.0,2.2737367544323206e-13,TRACKING,1.3999999999999984,0.0,2.3111000045901164,31.143722054318527,True,True
2026-09-17T06:45:13.198740+00:00,23.668625099991914,710,324.0000000000002,240.0,324.0,240.0,324.0,240.0,2.2737367544323206e-13,TRACKING,1.4249999999999983,0.0,1.5801999979885295,30.621587605801288,True,True
2026-09-17T06:45:13.232841+00:00,23.702727399999276,711,324.0000000000003,240.0,324.0,240.0,324.0,240.0,2.8421709430404007e-13,TRACKING,1.4499999999999982,0.0,2.270999990287237,29.32353535638718,True,True
2026-09-17T06:45:13.266992+00:00,23.73687379999319,712,324.0000000000003,240.0,324.0,240.0,324.0,240.0,2.8421709430404007e-13,TRACKING,1.474999999999998,0.0,2.8215999918757007,29.285664086937423,True,True
2026-09-17T06:45:13.300023+00:00,23.76990629998909,713,324.00000000000034,240.0,324.0,240.0,324.0,240.0,3.410605131648481e-13,TRACKING,1.499999999999998,0.0,2.9310999962035567,30.273215776105204,True,True
2026-09-17T06:45:13.334491+00:00,23.804374599989387,714,324.00000000000034,240.0,324.0,240.0,324.0,240.0,3.410605131648481e-13,TRACKING,1.524999999999998,0.0,4.17659999220632,29.012164800449458,True,True
2026-09-17T06:45:13.365918+00:00,23.835802199988393,715,324.00000000000034,240.0,324.0,240.0,324.0,240.0,3.410605131648481e-13,TRACKING,1.5499999999999978,0.0,2.14609999966342,31.819165320661813,True,True
2026-09-17T06:45:13.399200+00:00,23.869087599989143,716,324.00000000000034,240.0,324.0,240.0,324.0,240.0,3.410605131648481e-13,TRACKING,1.5749999999999977,0.0,1.901499999803491,30.04320212397823,True,True
2026-09-17T06:45:13.432627+00:00,23.902513900000486,717,324.00000000000034,240.0,324.0,240.0,324.0,240.0,3.410605131648481e-13,TRACKING,1.5999999999999976,0.0,2.1963999897707254,29.916562696459813,True,True
2026-09-17T06:45:13.467670+00:00,23.93755799999053,718,324.00000000000034,240.0,324.0,240.0,324.0,240.0,3.410605131648481e-13,TRACKING,1.6249999999999976,0.0,3.0547000060323626,28.535473882452454,True,True
2026-09-17T06:45:13.498821+00:00,23.96870769999805,719,324.0000000000004,240.0,324.0,240.0,324.0,240.0,3.979039320256561e-13,TRACKING,1.6499999999999975,0.0,1.5170999977272004,32.10303790272956,True,True
2026-09-17T06:45:13.532210+00:00,24.002094299998134,720,324.0000000000004,240.0,324.0,240.0,324.0,240.0,3.979039320256561e-13,TRACKING,1.6749999999999974,0.0,1.5082000027177855,29.952136485819004,True,True
2026-09-17T06:45:13.565620+00:00,24.03550169999653,721,324.0000000000004,240.0,324.0,240.0,324.0,240.0,3.979039320256561e-13,TRACKING,1.6999999999999973,0.0,1.6386000061174855,29.933487791567803,True,True
2026-09-17T06:45:13.601455+00:00,24.071343199990224,722,324.00000000000045,240.0,324.0,240.0,324.0,240.0,4.547473508864641e-13,TRACKING,1.7249999999999972,0.0,1.8137000006390736,27.90061800359753,True,True
2026-09-17T06:45:13.634373+00:00,24.10425530000066,723,324.00000000000045,240.0,324.0,240.0,324.0,240.0,4.547473508864641e-13,TRACKING,1.7499999999999971,0.0,3.9394999912474304,30.383962119796074,True,True
2026-09-17T06:45:13.665526+00:00,24.135410799994133,724,324.00000000000045,240.0,324.0,240.0,324.0,240.0,4.547473508864641e-13,TRACKING,1.774999999999997,0.0,1.8225000094389543,32.097061520741384,True,True
2026-09-17T06:45:13.705536+00:00,24.175415999998222,725,324.00000000000045,240.0,324.0,240.0,324.0,240.0,4.547473508864641e-13,TRACKING,1.799999999999997,0.0,6.131000001914799,24.996750419890315,True,True
2026-09-17T06:45:13.732861+00:00,24.20274329998938,726,324.0000000000005,240.0,324.0,240.0,324.0,240.0,5.115907697472721e-13,TRACKING,1.8249999999999968,0.0,2.260799999930896,36.59344319869139,True,True
2026-09-17T06:45:13.766102+00:00,24.23598719999427,727,316.0000000000005,240.0,316.0,240.0,317.0,240.0,0.9999999999994884,TRACKING,1.8062499999999968,0.0,2.2606999991694465,30.08070653120972,True,True
2026-09-17T06:45:13.800138+00:00,24.270022099997732,728,315.0000000000005,240.0,315.0,240.0,314.0,240.0,1.0000000000005116,TRACKING,1.7687499999999967,0.0,2.9916000057710335,29.381605349164474,True,True
2026-09-17T06:45:13.832108+00:00,24.30199029999494,729,317.0000000000005,240.0,317.0,240.0,316.0,240.0,1.0000000000005116,TRACKING,1.7437499999999968,0.0,1.7265000060433522,31.281085581524927,True,True
2026-09-17T06:45:13.865718+00:00,24.335605299987947,730,317.0000000000005,240.0,317.0,240.0,317.0,240.0,5.115907697472721e-13,TRACKING,1.7249999999999968,0.0,1.7661000019870698,29.748624132323926,True,True
2026-09-17T06:45:13.898557+00:00,24.36844389999169,731,316.0000000000005,240.0,316.0,240.0,316.0,240.0,5.115907697472721e-13,TRACKING,1.6999999999999968,0.0,1.3959999923827127,30.451968107228385,True,True
2026-09-17T06:45:13.934810+00:00,24.404690099996515,732,316.0000000000005,240.0,316.0,240.0,316.0,240.0,5.115907697472721e-13,TRACKING,1.674999999999997,0.0,2.969399996800348,27.589098991532143,True,True
2026-09-17T06:45:13.967181+00:00,24.437063199991826,733,316.0000000000005,240.0,316.0,240.0,316.0,240.0,5.115907697472721e-13,TRACKING,1.649999999999997,0.0,3.264700004365295,30.889843732754407,True,True
2026-09-17T06:45:14.000067+00:00,24.469950300001074,734,316.00000000000045,240.0,316.0,240.0,316.0,240.0,4.547473508864641e-13,TRACKING,1.6249999999999971,0.0,2.7627999952528626,30.407059294337472,True,True
2026-09-17T06:45:14.031885+00:00,24.501769199996488,735,316.00000000000045,240.0,316.0,240.0,316.0,240.0,4.547473508864641e-13,TRACKING,1.5999999999999972,0.0,1.6575000045122579,31.42786206135697,True,True
2026-09-17T06:45:14.065392+00:00,24.535276199996588,736,316.00000000000045,240.0,316.0,240.0,316.0,240.0,4.547473508864641e-13,TRACKING,1.5749999999999973,0.0,1.7099999968195334,29.844510102277912,True,True
2026-09-17T06:45:14.099706+00:00,24.569591199993738,737,316.00000000000045,240.0,316.0,240.0,316.0,240.0,4.547473508864641e-13,TRACKING,1.5499999999999974,0.0,2.6431000005686656,29.141774736501517,True,True
2026-09-17T06:45:14.133675+00:00,24.603558999995585,738,316.00000000000045,240.0,316.0,240.0,316.0,240.0,4.547473508864641e-13,TRACKING,1.5249999999999975,0.0,3.4236000064993277,29.43964578058149,True,True
2026-09-17T06:45:14.165596+00:00,24.635482899990166,739,316.0000000000004,240.0,316.0,240.0,316.0,240.0,3.979039320256561e-13,TRACKING,1.4999999999999976,0.0,1.9683999998960644,31.324493566567593,True,True
2026-09-17T06:45:14.198456+00:00,24.668344399993657,740,316.0000000000004,240.0,316.0,240.0,316.0,240.0,3.979039320256561e-13,TRACKING,1.4749999999999976,0.0,1.5251000004354864,30.430747223764897,True,True
2026-09-17T06:45:14.232518+00:00,24.702402899987646,741,316.00000000000034,240.0,316.0,240.0,316.0,240.0,3.410605131648481e-13,TRACKING,1.4499999999999977,0.0,1.9554000027710572,29.361246096465884,True,True
2026-09-17T06:45:14.266676+00:00,24.7365570999973,742,316.00000000000034,240.0,316.0,240.0,316.0,240.0,3.410605131648481e-13,TRACKING,1.4249999999999978,0.0,3.0294000025605783,29.278975930262963,True,True
2026-09-17T06:45:14.300266+00:00,24.770141100001638,743,316.00000000000034,240.0,316.0,240.0,316.0,240.0,3.410605131648481e-13,TRACKING,1.399999999999998,0.0,3.3423999993829057,29.77608384560507,True,True
2026-09-17T06:45:14.332763+00:00,24.802322699993965,744,316.00000000000034,240.0,316.0,240.0,316.0,240.0,3.410605131648481e-13,TRACKING,1.374999999999998,0.0,1.7797999898903072,31.073657003953066,True,True
2026-09-17T06:45:14.365296+00:00,24.835171699989587,745,316.00000000000034,240.0,316.0,240.0,316.0,240.0,3.410605131648481e-13,TRACKING,1.349999999999998,0.0,1.7450000013923272,30.44232701553414,True,True
2026-09-17T06:45:14.399348+00:00,24.869233199991868,746,316.00000000000034,240.0,316.0,240.0,316.0,240.0,3.410605131648481e-13,TRACKING,1.3249999999999982,0.0,2.231899998150766,29.35866006878847,True,True
2026-09-17T06:45:14.432422+00:00,24.902305899988278,747,316.0000000000003,240.0,316.0,240.0,316.0,240.0,2.8421709430404007e-13,TRACKING,1.2999999999999983,0.0,1.865199999883771,30.23641855997698,True,True
2026-09-17T06:45:14.465872+00:00,24.935758699997677,748,316.0000000000003,240.0,316.0,240.0,316.0,240.0,2.8421709430404007e-13,TRACKING,1.2749999999999984,0.0,1.9335000106366351,29.892863967112394,True,True
2026-09-17T06:45:14.499111+00:00,24.968988199994783,749,316.0000000000002,240.0,316.0,240.0,316.0,240.0,2.2737367544323206e-13,TRACKING,1.2499999999999984,0.0,1.736000005621463,30.09374200897118,True,True
2026-09-17T06:45:14.532879+00:00,25.002765299999737,750,316.0000000000002,240.0,316.0,240.0,316.0,240.0,2.2737367544323206e-13,TRACKING,1.2249999999999985,0.0,1.8945000047096983,29.605857218450513,True,True
2026-09-17T06:45:14.565103+00:00,25.03497989999596,751,316.0000000000002,240.0,316.0,240.0,316.0,240.0,2.2737367544323206e-13,TRACKING,1.1999999999999986,0.0,1.3387999933911487,31.041825759663055,True,True
2026-09-17T06:45:14.599128+00:00,25.06901399999333,752,316.0000000000002,240.0,316.0,240.0,316.0,240.0,2.2737367544323206e-13,TRACKING,1.1749999999999987,0.0,2.0607000042218715,29.382295993643453,True,True
2026-09-17T06:45:14.634124+00:00,25.104008199996315,753,316.0000000000002,240.0,316.0,240.0,316.0,240.0,2.2737367544323206e-13,TRACKING,1.1499999999999988,0.0,3.5056000051554292,28.576164047605737,True,True
2026-09-17T06:45:14.667627+00:00,25.137512399989646,754,316.0000000000002,240.0,316.0,240.0,316.0,240.0,2.2737367544323206e-13,TRACKING,1.124999999999999,0.0,3.70400000247173,29.847004262123857,True,True
2026-09-17T06:45:14.698410+00:00,25.168299099997967,755,316.00000000000017,240.0,316.0,240.0,316.0,240.0,1.7053025658242404e-13,TRACKING,1.099999999999999,0.0,1.5112000110093504,32.481558586328944,True,True
2026-09-17T06:45:14.732962+00:00,25.20284939999692,756,316.00000000000017,240.0,316.0,240.0,316.0,240.0,1.7053025658242404e-13,TRACKING,1.074999999999999,0.0,2.1945999906165525,28.943308742044195,True,True
2026-09-17T06:45:14.766066+00:00,25.235952599992743,757,316.0000000000001,240.0,316.0,240.0,316.0,240.0,1.1368683772161603e-13,TRACKING,1.0499999999999992,0.0,2.0366999960970134,30.20855990134583,True,True
2026-09-17T06:45:14.800080+00:00,25.269965899991803,758,316.0000000000001,240.0,316.0,240.0,316.0,240.0,1.1368683772161603e-13,TRACKING,1.0249999999999992,0.0,3.07799999427516,29.400264015183268,True,True
2026-09-17T06:45:14.832018+00:00,25.301902999999584,759,316.0000000000001,240.0,316.0,240.0,316.0,240.0,1.1368683772161603e-13,TRACKING,0.9999999999999992,0.0,1.4206000050762668,31.31154675146993,True,True
2026-09-17T06:45:14.865623+00:00,25.335510299992166,760,316.0000000000001,240.0,316.0,240.0,316.0,240.0,1.1368683772161603e-13,TRACKING,0.9749999999999992,0.0,1.7614999960642308,29.755440044892953,True,True
2026-09-17T06:45:14.899137+00:00,25.369023099992773,761,316.0000000000001,240.0,316.0,240.0,316.0,240.0,1.1368683772161603e-13,TRACKING,0.9499999999999992,0.0,1.8807000014930964,29.839344966157967,True,True
2026-09-17T06:45:14.932657+00:00,25.402541499992367,762,316.0000000000001,240.0,316.0,240.0,316.0,240.0,1.1368683772161603e-13,TRACKING,0.9249999999999992,0.0,2.0367999968584627,29.83435963566671,True,True
2026-09-17T06:45:14.967798+00:00,25.437683299998753,763,316.0000000000001,240.0,316.0,240.0,316.0,240.0,1.1368683772161603e-13,TRACKING,0.8999999999999991,0.0,3.822000013315119,28.45614054539842,True,True
2026-09-17T06:45:14.998740+00:00,25.46862839999085,764,316.0000000000001,240.0,316.0,240.0,316.0,240.0,1.1368683772161603e-13,TRACKING,0.8749999999999991,0.0,1.5167999954428524,32.31529386737921,True,True
2026-09-17T06:45:15.032328+00:00,25.502205600001616,765,316.0000000000001,240.0,316.0,240.0,316.0,240.0,1.1368683772161603e-13,TRACKING,0.8499999999999991,0.0,2.0048000005772337,29.78211404403292,True,True
2026-09-17T06:45:15.065663+00:00,25.53553660000034,766,316.0000000000001,240.0,316.0,240.0,316.0,240.0,1.1368683772161603e-13,TRACKING,0.8249999999999991,0.0,1.9022000051336363,30.002100148157933,True,True
2026-09-17T06:45:15.098962+00:00,25.56884929999069,767,316.0000000000001,240.0,316.0,240.0,316.0,240.0,1.1368683772161603e-13,TRACKING,0.799999999999999,0.0,1.7973999929381534,30.018581510648147,True,True
2026-09-17T06:45:15.133429+00:00,25.603315399988787,768,316.00000000000017,240.0,316.0,240.0,316.0,240.0,1.7053025658242404e-13,TRACKING,0.774999999999999,0.0,3.0445000011241063,29.014016673054435,True,True
2026-09-17T06:45:15.165505+00:00,25.635384799999883,769,316.00000000000017,240.0,316.0,240.0,316.0,240.0,1.7053025658242404e-13,TRACKING,0.749999999999999,0.0,1.7096999945351854,31.182373217272406,True,True
2026-09-17T06:45:15.198875+00:00,25.66876400000183,770,316.00000000000017,240.0,316.0,240.0,316.0,240.0,1.7053025658242404e-13,TRACKING,0.724999999999999,0.0,1.856000002590008,29.9587767214825,True,True
2026-09-17T06:45:15.232124+00:00,25.70201249999809,771,316.00000000000017,240.0,316.0,240.0,316.0,240.0,1.7053025658242404e-13,TRACKING,0.699999999999999,0.0,1.6517999902134761,30.076544809914314,True,True
2026-09-17T06:45:15.266521+00:00,25.736402499998803,772,316.00000000000017,240.0,316.0,240.0,316.0,240.0,1.7053025658242404e-13,TRACKING,0.6749999999999989,0.0,2.9452999879140407,29.078220412308312,True,True
2026-09-17T06:45:15.300066+00:00,25.769952199989348,773,316.00000000000017,240.0,316.0,240.0,316.0,240.0,1.7053025658242404e-13,TRACKING,0.6499999999999989,0.0,2.9156999953556806,29.806525849168146,True,True
2026-09-17T06:45:15.332212+00:00,25.80209639998793,774,316.00000000000017,240.0,316.0,240.0,316.0,240.0,1.7053025658242404e-13,TRACKING,0.6249999999999989,0.0,1.8477000121492893,31.109811413693997,True,True
2026-09-17T06:45:15.365294+00:00,25.835179199988488,775,316.00000000000017,240.0,316.0,240.0,316.0,240.0,1.7053025658242404e-13,TRACKING,0.5999999999999989,0.0,1.6227000014623627,30.227187541053695,True,True
2026-09-17T06:45:15.398437+00:00,25.86832019999565,776,316.00000000000017,240.0,316.0,240.0,316.0,240.0,1.7053025658242404e-13,TRACKING,0.5749999999999988,0.0,1.4966000017011538,30.174104576924922,True,True
2026-09-17T06:45:15.432651+00:00,25.90253649999795,777,316.00000000000017,240.0,316.0,240.0,316.0,240.0,1.7053025658242404e-13,TRACKING,0.5499999999999988,0.0,2.3650000075576827,29.225836806808523,True,True
2026-09-17T06:45:15.466922+00:00,25.936808999991626,778,316.00000000000017,240.0,316.0,240.0,316.0,240.0,1.7053025658242404e-13,TRACKING,0.5249999999999988,0.0,3.203400003258139,29.177912325757145,True,True
2026-09-17T06:45:15.500492+00:00,25.970376400000532,779,316.0000000000002,240.0,316.0,240.0,316.0,240.0,2.2737367544323206e-13,TRACKING,0.4999999999999988,0.0,3.3625999931246042,29.790808931722225,True,True
2026-09-17T06:45:15.532716+00:00,26.002595500001917,780,316.0000000000002,240.0,316.0,240.0,316.0,240.0,2.2737367544323206e-13,TRACKING,0.47499999999999876,0.0,2.1803999989060685,31.03749018306,True,True
2026-09-17T06:45:15.565453+00:00,26.035340999995242,781,316.0000000000002,240.0,316.0,240.0,316.0,240.0,2.2737367544323206e-13,TRACKING,0.44999999999999873,0.0,1.4844999968772754,30.538547287530754,True,True
2026-09-17T06:45:15.598994+00:00,26.068881599989254,782,316.0000000000002,240.0,316.0,240.0,316.0,240.0,2.2737367544323206e-13,TRACKING,0.4249999999999987,0.0,1.8966999923577532,29.81461274331781,True,True
2026-09-17T06:45:15.633513+00:00,26.103399699990405,783,316.0000000000002,240.0,316.0,240.0,316.0,240.0,2.2737367544323206e-13,TRACKING,0.3999999999999987,0.0,2.9307999939192086,28.970308330025773,True,True
2026-09-17T06:45:15.665881+00:00,26.13572549998935,784,316.0000000000002,240.0,316.0,240.0,316.0,240.0,2.2737367544323206e-13,TRACKING,0.37499999999999867,0.0,1.8209999980172142,30.935042598564518,True,True
2026-09-17T06:45:15.698485+00:00,26.16837359999772,785,316.0000000000002,240.0,316.0,240.0,316.0,240.0,2.2737367544323206e-13,TRACKING,0.34999999999999865,0.0,1.4098000101512298,30.629653785167694,True,True
2026-09-17T06:45:15.731984+00:00,26.20186589998775,786,316.0000000000002,240.0,316.0,240.0,316.0,240.0,2.2737367544323206e-13,TRACKING,0.3249999999999986,0.0,1.5880999999353662,29.857609071269522,True,True
2026-09-17T06:45:15.766428+00:00,26.236313599991263,787,316.0000000000002,240.0,316.0,240.0,316.0,240.0,2.2737367544323206e-13,TRACKING,0.2999999999999986,0.0,2.3320999898714945,29.029514304237132,True,True
2026-09-17T06:45:15.799693+00:00,26.26957569998922,788,316.0000000000002,240.0,316.0,240.0,316.0,240.0,2.2737367544323206e-13,TRACKING,0.2749999999999986,0.0,2.6440000074217096,30.064247298320616,True,True
2026-09-17T06:45:15.832691+00:00,26.302575599998818,789,316.0000000000002,240.0,316.0,240.0,316.0,240.0,2.2737367544323206e-13,TRACKING,0.24999999999999858,0.0,2.1235000021988526,30.303122121858088,True,True
2026-09-17T06:45:15.865492+00:00,26.335376299990457,790,316.0000000000002,240.0,316.0,240.0,316.0,240.0,2.2737367544323206e-13,TRACKING,0.2249999999999986,0.0,1.5305999986594543,30.48715424533262,True,True
2026-09-17T06:45:15.898999+00:00,26.368886999989627,791,316.0000000000002,240.0,316.0,240.0,316.0,240.0,2.2737367544323206e-13,TRACKING,0.1999999999999986,0.0,1.8715999904088676,29.841214896280434,True,True
2026-09-17T06:45:15.932548+00:00,26.402429499998107,792,316.0000000000002,240.0,316.0,240.0,316.0,240.0,2.2737367544323206e-13,TRACKING,0.1749999999999986,0.0,2.1151999972062185,29.8129238949749,True,True
2026-09-17T06:45:15.966821+00:00,26.43670679999923,793,316.0000000000002,240.0,316.0,240.0,316.0,240.0,2.2737367544323206e-13,TRACKING,0.1499999999999986,0.0,3.0690999992657453,29.1738264089431,True,True
2026-09-17T06:45:16.000510+00:00,26.470389900001464,794,316.0000000000002,240.0,316.0,240.0,316.0,240.0,2.2737367544323206e-13,TRACKING,0.12499999999999861,0.0,3.4174000029452145,29.688478790064586,True,True
2026-09-17T06:45:16.032134+00:00,26.502019699997618,795,316.0000000000002,240.0,316.0,240.0,316.0,240.0,2.2737367544323206e-13,TRACKING,0.09999999999999862,0.0,1.6484000079799443,31.615754766758297,True,True
2026-09-17T06:45:16.065594+00:00,26.53547499999695,796,316.0000000000002,240.0,316.0,240.0,316.0,240.0,2.2737367544323206e-13,TRACKING,0.07499999999999862,0.0,1.8198000034317374,29.890630184752947,True,True
2026-09-17T06:45:16.099218+00:00,26.569103399990126,797,316.0000000000002,240.0,316.0,240.0,316.0,240.0,2.2737367544323206e-13,TRACKING,0.04999999999999862,0.0,2.0986000017728657,29.736770117011417,True,True
2026-09-17T06:45:16.133873+00:00,26.603756199998315,798,316.0000000000002,240.0,316.0,240.0,316.0,240.0,2.2737367544323206e-13,TRACKING,0.02499999999999862,0.0,3.4758999972837046,28.857696918104345,True,True
2026-09-17T06:45:16.165460+00:00,26.635345099988626,799,316.0000000000002,240.0,316.0,240.0,316.0,240.0,2.2737367544323206e-13,TRACKING,-1.3808398868775384e-15,0.0,1.5806000010343269,31.65668954305864,True,True
2026-09-17T06:45:16.198646+00:00,26.66853419999825,800,316.0000000000002,240.0,316.0,240.0,316.0,240.0,2.2737367544323206e-13,TRACKING,-0.025000000000001382,0.0,1.3823000044794753,30.13037412012028,True,True
2026-09-17T06:45:16.232508+00:00,26.7023918999912,801,316.0000000000002,240.0,316.0,240.0,316.0,240.0,2.2737367544323206e-13,TRACKING,-0.050000000000001384,0.0,1.8024000019067898,29.535378959829586,True,True
2026-09-17T06:45:16.266074+00:00,26.735959599987837,802,316.0000000000002,240.0,316.0,240.0,316.0,240.0,2.2737367544323206e-13,TRACKING,-0.07500000000000139,0.0,2.2554999886779115,29.79054269729986,True,True
2026-09-17T06:45:16.299566+00:00,26.76943869999377,803,316.0000000000002,240.0,316.0,240.0,316.0,240.0,2.2737367544323206e-13,TRACKING,-0.1000000000000014,0.0,2.5202000106219202,29.869381190735552,True,True
2026-09-17T06:45:16.332227+00:00,26.80211319999944,804,316.0000000000002,240.0,316.0,240.0,316.0,240.0,2.2737367544323206e-13,TRACKING,-0.1250000000000014,0.0,1.5107999934116378,30.60490596111653,True,True
2026-09-17T06:45:16.365680+00:00,26.835556999998516,805,316.0000000000002,240.0,316.0,240.0,316.0,240.0,2.2737367544323206e-13,TRACKING,-0.15000000000000138,0.0,1.8677000043680891,29.90090839042221,True,True
2026-09-17T06:45:16.398821+00:00,26.86870639999688,806,316.0000000000002,240.0,316.0,240.0,316.0,240.0,2.2737367544323206e-13,TRACKING,-0.17500000000000138,0.0,1.9516000029398128,30.166458519590794,True,True
2026-09-17T06:45:16.432917+00:00,26.90279889998783,807,316.0000000000002,240.0,316.0,240.0,316.0,240.0,2.2737367544323206e-13,TRACKING,-0.20000000000000137,0.0,2.4649999977555126,29.331964516111352,True,True
2026-09-17T06:45:16.466563+00:00,26.936431699999957,808,316.0000000000002,240.0,316.0,240.0,316.0,240.0,2.2737367544323206e-13,TRACKING,-0.22500000000000137,0.0,2.886300004320219,29.7328797970846,True,True
2026-09-17T06:45:16.498743+00:00,26.96863229999144,809,316.0000000000002,240.0,316.0,240.0,316.0,240.0,2.2737367544323206e-13,TRACKING,-0.2500000000000014,0.0,1.7438999930163845,31.055321958736144,True,True
2026-09-17T06:45:16.531872+00:00,27.001760699989973,810,316.0000000000002,240.0,316.0,240.0,316.0,240.0,2.2737367544323206e-13,TRACKING,-0.2750000000000014,0.0,1.4217999996617436,30.185580953028886,True,True
2026-09-17T06:45:16.566148+00:00,27.036031399999047,811,316.0000000000002,240.0,316.0,240.0,316.0,240.0,2.2737367544323206e-13,TRACKING,-0.30000000000000143,0.0,1.7032999894581735,29.179444824156608,True,True
2026-09-17T06:45:16.599713+00:00,27.069594599990523,812,316.0000000000002,240.0,316.0,240.0,316.0,240.0,2.2737367544323206e-13,TRACKING,-0.32500000000000145,0.0,2.634899996337481,29.794536881285072,True,True
2026-09-17T06:45:16.633580+00:00,27.103466399988974,813,316.0000000000002,240.0,316.0,240.0,316.0,240.0,2.2737367544323206e-13,TRACKING,-0.3500000000000015,0.0,2.961999998660758,29.523084100807473,True,True
2026-09-17T06:45:16.665533+00:00,27.135418399993796,814,316.0000000000002,240.0,316.0,240.0,316.0,240.0,2.2737367544323206e-13,TRACKING,-0.3750000000000015,0.0,1.663100003497675,31.29694541340458,True,True
2026-09-17T06:45:16.698792+00:00,27.168680699993274,815,316.0000000000002,240.0,316.0,240.0,316.0,240.0,2.2737367544323206e-13,TRACKING,-0.4000000000000015,0.0,1.7385000101057813,30.06406652623797,True,True
2026-09-17T06:45:16.732299+00:00,27.202187099988805,816,316.0000000000002,240.0,316.0,240.0,316.0,240.0,2.2737367544323206e-13,TRACKING,-0.42500000000000154,0.0,1.8379999964963645,29.845044532787135,True,True
2026-09-17T06:45:16.766359+00:00,27.2362429999921,817,316.0000000000002,240.0,316.0,240.0,316.0,240.0,2.2737367544323206e-13,TRACKING,-0.45000000000000157,0.0,2.2179999941727147,29.36348767477106,True,True
2026-09-17T06:45:16.800171+00:00,27.270051499988767,818,316.0000000000002,240.0,316.0,240.0,316.0,240.0,2.2737367544323206e-13,TRACKING,-0.4750000000000016,0.0,2.896399993915111,29.578360474395218,True,True
2026-09-17T06:45:16.833043+00:00,27.302917099994374,819,316.0000000000002,240.0,316.0,240.0,316.0,240.0,2.2737367544323206e-13,TRACKING,-0.5000000000000016,0.0,2.6931999891530722,30.42695097090552,True,True
2026-09-17T06:45:16.865849+00:00,27.33573819999583,820,316.0000000000002,240.0,316.0,240.0,316.0,240.0,2.2737367544323206e-13,TRACKING,-0.5250000000000016,0.0,1.575700007379055,30.468204903419803,True,True
2026-09-17T06:45:16.899015+00:00,27.368899299995974,821,316.0000000000002,240.0,316.0,240.0,316.0,240.0,2.2737367544323206e-13,TRACKING,-0.5500000000000016,0.0,1.7718000017339364,30.15581509647407,True,True
2026-09-17T06:45:16.932927+00:00,27.4028135999979,822,316.0000000000002,240.0,316.0,240.0,316.0,240.0,2.2737367544323206e-13,TRACKING,-0.5750000000000016,0.0,2.3323000059463084,29.48608698818031,True,True
2026-09-17T06:45:16.966506+00:00,27.436390299990308,823,316.0000000000002,240.0,316.0,240.0,316.0,240.0,2.2737367544323206e-13,TRACKING,-0.6000000000000016,0.0,2.800799993565306,29.782557554080064,True,True
2026-09-17T06:45:16.999272+00:00,27.469155200000387,824,316.0000000000002,240.0,316.0,240.0,316.0,240.0,2.2737367544323206e-13,TRACKING,-0.6250000000000017,0.0,1.9830999954137951,30.520465488751064,True,True
2026-09-17T06:45:17.032262+00:00,27.50214969999797,825,316.0000000000003,240.0,316.0,240.0,316.0,240.0,2.8421709430404007e-13,TRACKING,-0.6500000000000017,0.0,2.0514999923761934,30.30808165219026,True,True
2026-09-17T06:45:17.065715+00:00,27.535599999988335,826,316.0000000000003,240.0,316.0,240.0,316.0,240.0,2.8421709430404007e-13,TRACKING,-0.6750000000000017,0.0,1.8189999973401427,29.895098109376793,True,True
2026-09-17T06:45:17.099142+00:00,27.569023899995955,827,316.0000000000003,240.0,316.0,240.0,316.0,240.0,2.8421709430404007e-13,TRACKING,-0.7000000000000017,0.0,2.2351000079652295,29.918710855765895,True,True
2026-09-17T06:45:17.133169+00:00,27.603052699996624,828,316.0000000000003,240.0,316.0,240.0,316.0,240.0,2.8421709430404007e-13,TRACKING,-0.7250000000000018,0.0,2.8663999983109534,29.386872295829633,True,True
2026-09-17T06:45:17.166236+00:00,27.636115899993456,829,316.0000000000003,240.0,316.0,240.0,316.0,240.0,2.8421709430404007e-13,TRACKING,-0.7500000000000018,0.0,2.4222000065492466,30.245106344692037,True,True
2026-09-17T06:45:17.198740+00:00,27.66861670000071,830,316.0000000000003,240.0,316.0,240.0,316.0,240.0,2.8421709430404007e-13,TRACKING,-0.7750000000000018,0.0,1.6965999966487288,30.768473384555204,True,True
2026-09-17T06:45:17.232212+00:00,27.70209459999751,831,316.0000000000003,240.0,316.0,240.0,316.0,240.0,2.8421709430404007e-13,TRACKING,-0.8000000000000018,0.0,1.639699999941513,29.870451853183333,True,True
2026-09-17T06:45:17.266023+00:00,27.735910999996122,832,316.0000000000003,240.0,316.0,240.0,316.0,240.0,2.8421709430404007e-13,TRACKING,-0.8250000000000018,0.0,2.1852000063518062,29.571450540004165,True,True
2026-09-17T06:45:17.299798+00:00,27.769683499995153,833,316.0000000000003,240.0,316.0,240.0,316.0,240.0,2.8421709430404007e-13,TRACKING,-0.8500000000000019,0.0,2.705999999307096,29.60988970401005,True,True
2026-09-17T06:45:17.333634+00:00,27.8035186999914,834,316.0000000000003,240.0,316.0,240.0,316.0,240.0,2.8421709430404007e-13,TRACKING,-0.8750000000000019,0.0,2.99059999815654,29.555019627811312,True,True
2026-09-17T06:45:17.365317+00:00,27.83520380000118,835,316.00000000000034,240.0,316.0,240.0,316.0,240.0,3.410605131648481e-13,TRACKING,-0.9000000000000019,0.0,1.4476999931503087,31.560575781401866,True,True
2026-09-17T06:45:17.399184+00:00,27.86907259999134,836,316.00000000000034,240.0,316.0,240.0,316.0,240.0,3.410605131648481e-13,TRACKING,-0.9250000000000019,0.0,1.8474000098649412,29.525699177134967,True,True
2026-09-17T06:45:17.432412+00:00,27.90229869999166,837,316.00000000000034,240.0,316.0,240.0,316.0,240.0,3.410605131648481e-13,TRACKING,-0.950000000000002,0.0,2.0366999960970134,30.096821474394194,True,True
2026-09-17T06:45:17.466802+00:00,27.93668109999271,838,316.00000000000034,240.0,316.0,240.0,316.0,240.0,3.410605131648481e-13,TRACKING,-0.975000000000002,0.0,2.885399997467175,29.08464795853291,True,True
2026-09-17T06:45:17.499703+00:00,27.969568100001197,839,316.00000000000034,240.0,316.0,240.0,316.0,240.0,3.410605131648481e-13,TRACKING,-1.000000000000002,0.0,2.404499988188036,30.407151754248137,True,True
2026-09-17T06:45:17.532618+00:00,28.002505999989808,840,316.00000000000034,240.0,316.0,240.0,316.0,240.0,3.410605131648481e-13,TRACKING,-1.025000000000002,0.0,2.056600002106279,30.360162619529273,True,True
2026-09-17T06:45:17.565604+00:00,28.035489699992468,841,316.00000000000034,240.0,316.0,240.0,316.0,240.0,3.410605131648481e-13,TRACKING,-1.0500000000000018,0.0,1.676600004429929,30.318005557877157,True,True
2026-09-17T06:45:17.598964+00:00,28.06885229999898,842,316.0000000000003,240.0,316.0,240.0,316.0,240.0,2.8421709430404007e-13,TRACKING,-1.0750000000000017,0.0,1.9192999898223206,29.973683100381876,True,True
2026-09-17T06:45:17.633828+00:00,28.10371359999408,843,316.0000000000003,240.0,316.0,240.0,316.0,240.0,2.8421709430404007e-13,TRACKING,-1.1000000000000016,0.0,3.0731000006198883,28.685103542913012,True,True
2026-09-17T06:45:17.665291+00:00,28.13517839999986,844,316.0000000000002,240.0,316.0,240.0,316.0,240.0,2.2737367544323206e-13,TRACKING,-1.1250000000000016,0.0,1.5296999918064103,31.78154635708299,True,True
2026-09-17T06:45:17.698819+00:00,28.168708199998946,845,316.0000000000002,240.0,316.0,240.0,316.0,240.0,2.2737367544323206e-13,TRACKING,-1.1500000000000015,0.0,1.6087999974843115,29.824216071292582,True,True
2026-09-17T06:45:17.732722+00:00,28.20260479999706,846,316.0000000000002,240.0,316.0,240.0,316.0,240.0,2.2737367544323206e-13,TRACKING,-1.1750000000000014,0.0,2.26759999350179,29.501483926281505,True,True
2026-09-17T06:45:17.765584+00:00,28.235470200001146,847,316.0000000000002,240.0,316.0,240.0,316.0,240.0,2.2737367544323206e-13,TRACKING,-1.2000000000000013,0.0,1.8162999913329259,30.42713613331129,True,True
2026-09-17T06:45:17.799775+00:00,28.269659099998535,848,316.0000000000002,240.0,316.0,240.0,316.0,240.0,2.2737367544323206e-13,TRACKING,-1.2250000000000012,0.0,2.833300008205697,29.249259264742985,True,True
2026-09-17T06:45:17.832226+00:00,28.302106399991317,849,316.0000000000002,240.0,316.0,240.0,316.0,240.0,2.2737367544323206e-13,TRACKING,-1.250000000000001,0.0,1.978100000997074,30.819205302828003,True,True
2026-09-17T06:45:17.865624+00:00,28.33551129999978,850,316.00000000000017,240.0,316.0,240.0,316.0,240.0,1.7053025658242404e-13,TRACKING,-1.275000000000001,0.0,1.5893999952822924,29.935727984416804,True,True
2026-09-17T06:45:17.898911+00:00,28.36879809999664,851,316.00000000000017,240.0,316.0,240.0,316.0,240.0,1.7053025658242404e-13,TRACKING,-1.300000000000001,0.0,1.81130001146812,30.041938549045803,True,True
2026-09-17T06:45:17.932283+00:00,28.402171499998076,852,316.0000000000001,240.0,316.0,240.0,316.0,240.0,1.1368683772161603e-13,TRACKING,-1.3250000000000008,0.0,2.0121000125072896,29.963983290792356,True,True
2026-09-17T06:45:17.967413+00:00,28.437295700001414,853,316.0000000000001,240.0,316.0,240.0,316.0,240.0,1.1368683772161603e-13,TRACKING,-1.3500000000000008,0.0,3.4429999941494316,28.470399323115245,True,True
2026-09-17T06:45:17.998891+00:00,28.46877959999256,854,316.0000000000001,240.0,316.0,240.0,316.0,240.0,1.1368683772161603e-13,TRACKING,-1.3750000000000007,0.0,1.7361000063829124,31.76226580192648,True,True
2026-09-17T06:45:18.032092+00:00,28.501973399994313,855,316.0000000000001,240.0,316.0,240.0,316.0,240.0,1.1368683772161603e-13,TRACKING,-1.4000000000000006,0.0,1.635399996303022,30.12610788602528,True,True
2026-09-17T06:45:18.065713+00:00,28.53560170000128,856,316.0000000000001,240.0,316.0,240.0,316.0,240.0,1.1368683772161603e-13,TRACKING,-1.4250000000000005,0.0,2.0087000011699274,29.736858532629427,True,True
2026-09-17T06:45:18.099996+00:00,28.56988199999614,857,316.0000000000001,240.0,316.0,240.0,316.0,240.0,1.1368683772161603e-13,TRACKING,-1.4500000000000004,0.0,2.62539999675937,29.171273301280635,True,True
2026-09-17T06:45:18.133533+00:00,28.603418799990322,858,316.00000000000006,240.0,316.0,240.0,316.0,240.0,5.684341886080802e-14,TRACKING,-1.4750000000000003,0.0,2.885599998990074,29.817990988213353,True,True
2026-09-17T06:45:18.166199+00:00,28.636085499994806,859,316.00000000000006,240.0,316.0,240.0,316.0,240.0,5.684341886080802e-14,TRACKING,-1.5000000000000002,0.0,2.431900007650256,30.61221365680488,True,True
2026-09-17T06:45:18.198796+00:00,28.66868259999319,860,316.0,240.0,316.0,240.0,316.0,240.0,0.0,TRACKING,-1.5250000000000001,0.0,1.6119000065373257,30.677575614075536,True,True
2026-09-17T06:45:18.232157+00:00,28.702044799996656,861,316.0,240.0,316.0,240.0,316.0,240.0,0.0,TRACKING,-1.55,0.0,1.7998000112129375,29.974042476098486,True,True
2026-09-17T06:45:18.265825+00:00,28.73570259999542,862,316.0,240.0,316.0,240.0,316.0,240.0,0.0,TRACKING,-1.575,0.0,2.217500004917383,29.71079512139011,True,True
2026-09-17T06:45:18.299988+00:00,28.769874099991284,863,316.0,240.0,316.0,240.0,316.0,240.0,0.0,TRACKING,-1.5999999999999999,0.0,2.633999989484437,29.264152879476658,True,True
2026-09-17T06:45:18.332422+00:00,28.802306400000816,864,316.0,240.0,316.0,240.0,316.0,240.0,0.0,TRACKING,-1.6249999999999998,0.0,1.8871000065701082,30.833459227563218,True,True
2026-09-17T06:45:18.365331+00:00,28.835217599989846,865,315.99999999999994,240.0,315.0,240.0,315.0,240.0,0.9999999999999432,TRACKING,-1.6562499999999998,0.0,1.5801999979885295,30.384793028917723,True,True
2026-09-17T06:45:18.398621+00:00,28.868508599989582,866,316.99999999999994,240.0,316.0,240.0,316.0,240.0,0.9999999999999432,TRACKING,-1.6812499999999997,0.0,1.5849000046728179,30.038148448768286,True,True
2026-09-17T06:45:18.432728+00:00,28.902615699989838,867,316.99999999999994,240.0,316.0,240.0,316.0,240.0,0.9999999999999432,TRACKING,-1.7062499999999996,0.0,2.3262000031536445,29.319408568670507,True,True
2026-09-17T06:45:18.465988+00:00,28.93587229998957,868,316.99999999999994,240.0,316.0,240.0,316.0,240.0,0.9999999999999432,TRACKING,-1.7312499999999995,0.0,2.4464999878546223,30.06921934317027,True,True
2026-09-17T06:45:18.500848+00:00,28.970732699992368,869,316.99999999999994,240.0,316.0,240.0,316.0,240.0,0.9999999999999432,TRACKING,-1.7562499999999994,0.0,3.836300005787052,28.685844107345538,True,True
2026-09-17T06:45:18.532134+00:00,29.002019999999902,870,316.9999999999999,240.0,316.0,240.0,316.0,240.0,0.9999999999998863,TRACKING,-1.7812499999999993,0.0,1.4473000046564266,31.96185032774297,True,True
2026-09-17T06:45:18.565264+00:00,29.03515189999598,871,316.9999999999999,240.0,316.0,240.0,316.0,240.0,0.9999999999998863,TRACKING,-1.8062499999999992,0.0,1.5051000082166865,30.182392199613002,True,True
2026-09-17T06:45:18.598990+00:00,29.068865099994582,872,316.9999999999999,240.0,316.0,240.0,316.0,240.0,0.9999999999998863,TRACKING,-1.8312499999999992,0.0,1.8010999920079485,29.661972166435906,True,True
2026-09-17T06:45:18.633094+00:00,29.102978499999153,873,324.9999999999999,240.0,324.0,240.0,323.0,240.0,1.9999999999998863,TRACKING,-1.8124999999999991,0.0,2.8277000092202798,29.313993910486694,True,True
2026-09-17T06:45:18.665216+00:00,29.13510299999325,874,325.9999999999999,240.0,325.0,240.0,326.0,240.0,1.1368683772161603e-13,TRACKING,-1.774999999999999,0.0,1.5729000006103888,31.12888917130991,True,True
2026-09-17T06:45:18.699129+00:00,29.169018000000506,875,323.99999999999983,240.0,323.0,240.0,324.0,240.0,1.7053025658242404e-13,TRACKING,-1.7499999999999991,0.0,1.767399997333996,29.48547839557962,True,True
2026-09-17T06:45:18.732065+00:00,29.201951800001552,876,323.9999999999999,240.0,323.0,240.0,323.0,240.0,0.9999999999998863,TRACKING,-1.731249999999999,0.0,1.6860999894561246,30.36394221038023,True,True
2026-09-17T06:45:18.767051+00:00,29.236938099988038,877,324.99999999999983,240.0,324.0,240.0,324.0,240.0,0.9999999999998295,TRACKING,-1.7062499999999992,0.0,2.907799993408844,28.582616635262458,True,True
2026-09-17T06:45:18.800342+00:00,29.27022649999708,878,324.9999999999999,240.0,324.0,240.0,324.0,240.0,0.9999999999998863,TRACKING,-1.6812499999999992,0.0,3.2079999946290627,30.040494578543406,True,True
2026-09-17T06:45:18.833412+00:00,29.303296099998988,879,324.9999999999999,240.0,324.0,240.0,324.0,240.0,0.9999999999998863,TRACKING,-1.6562499999999993,0.0,2.696099996683188,30.239252967749177,True,True
2026-09-17T06:45:18.865405+00:00,29.335290699993493,880,324.9999999999999,240.0,324.0,240.0,324.0,240.0,0.9999999999998863,TRACKING,-1.6312499999999994,0.0,1.571100001456216,31.255274332910968,True,True
2026-09-17T06:45:18.898587+00:00,29.368473399998038,881,324.9999999999999,240.0,324.0,240.0,324.0,240.0,0.9999999999998863,TRACKING,-1.6062499999999995,0.0,1.744900000630878,30.136185417793904,True,True
2026-09-17T06:45:18.932277+00:00,29.402164799990715,882,324.99999999999994,240.0,324.0,240.0,324.0,240.0,0.9999999999999432,TRACKING,-1.5812499999999996,0.0,1.9506999960867688,29.681164932812866,True,True
2026-09-17T06:45:18.965656+00:00,29.435534699994605,883,324.99999999999994,240.0,324.0,240.0,324.0,240.0,0.9999999999999432,TRACKING,-1.5562499999999997,0.0,2.099900011671707,29.96712605921542,True,True
2026-09-17T06:45:18.999907+00:00,29.469788999995217,884,324.99999999999994,240.0,324.0,240.0,324.0,240.0,0.9999999999999432,TRACKING,-1.5312499999999998,0.0,2.5538000045344234,29.193415132761217,True,True
2026-09-17T06:45:19.031984+00:00,29.50187310000183,885,325.0,240.0,325.0,240.0,325.0,240.0,0.0,TRACKING,-1.4999999999999998,0.0,1.4411000011023134,31.168086366575906,True,True
2026-09-17T06:45:19.065554+00:00,29.53544319998764,886,324.0,240.0,324.0,240.0,324.0,240.0,0.0,TRACKING,-1.4749999999999999,0.0,1.5999000024748966,29.78841291574125,True,True
2026-09-17T06:45:19.100338+00:00,29.570227499993052,887,324.0,240.0,324.0,240.0,324.0,240.0,0.0,TRACKING,-1.45,0.0,3.042600001208484,28.748602094749458,True,True
2026-09-17T06:45:19.132941+00:00,29.602827499998966,888,324.0,240.0,324.0,240.0,324.0,240.0,0.0,TRACKING,-1.425,0.0,2.5800000003073364,30.67484662020221,True,True
2026-09-17T06:45:19.167442+00:00,29.637328600001638,889,324.0,240.0,324.0,240.0,324.0,240.0,0.0,TRACKING,-1.4000000000000001,0.0,3.5551999899325892,28.984583098004556,True,True
2026-09-17T06:45:19.199108+00:00,29.668993399987812,890,324.0,240.0,324.0,240.0,324.0,240.0,0.0,TRACKING,-1.3750000000000002,0.0,1.7382999940309674,31.580808987791674,True,True
2026-09-17T06:45:19.232432+00:00,29.702320299998973,891,324.0,240.0,324.0,240.0,324.0,240.0,0.0,TRACKING,-1.3500000000000003,0.0,1.7623000021558255,30.005791107636625,True,True
2026-09-17T06:45:19.266248+00:00,29.736133400001563,892,324.00000000000006,240.0,324.0,240.0,324.0,240.0,5.684341886080802e-14,TRACKING,-1.3250000000000004,0.0,1.9077999895671383,29.574336571429807,True,True
2026-09-17T06:45:19.300223+00:00,29.770106999989366,893,324.00000000000006,240.0,324.0,240.0,324.0,240.0,5.684341886080802e-14,TRACKING,-1.3000000000000005,0.0,2.5867999938782305,29.43461983301779,True,True
2026-09-17T06:45:19.332735+00:00,29.802616199987824,894,324.0000000000001,240.0,324.0,240.0,324.0,240.0,1.1368683772161603e-13,TRACKING,-1.2750000000000006,0.0,2.1132999972905964,30.760523176437296,True,True
2026-09-17T06:45:19.365256+00:00,29.83514450000075,895,324.0000000000001,240.0,324.0,240.0,324.0,240.0,1.1368683772161603e-13,TRACKING,-1.2500000000000007,0.0,1.453899996704422,30.742461167739375,True,True
2026-09-17T06:45:19.398787+00:00,29.86867519999214,896,324.0000000000001,240.0,324.0,240.0,324.0,240.0,1.1368683772161603e-13,TRACKING,-1.2250000000000008,0.0,1.5395000082207844,29.823415564149627,True,True
2026-09-17T06:45:19.432683+00:00,29.902569300000323,897,324.0000000000001,240.0,324.0,240.0,324.0,240.0,1.1368683772161603e-13,TRACKING,-1.2000000000000008,0.0,2.15869999374263,29.503659921891032,True,True
2026-09-17T06:45:19.466846+00:00,29.936730499990517,898,324.0000000000001,240.0,324.0,240.0,324.0,240.0,1.1368683772161603e-13,TRACKING,-1.175000000000001,0.0,2.73949999245815,29.272976367546875,True,True
2026-09-17T06:45:19.500425+00:00,29.970308699994348,899,324.0000000000001,240.0,324.0,240.0,324.0,240.0,1.1368683772161603e-13,TRACKING,-1.150000000000001,0.0,3.274599992437288,29.781227102284117,True,True
