timestamp,elapsed_s,frame_number,ground_truth_x,ground_truth_y,detected_x,detected_y,tracked_x,tracked_y,pixel_error,tracking_state,pan_deg,tilt_deg,processing_time_ms,fps,ground_truth_in_fov,lock_retained
2026-09-17T06:18:47.829413+00:00,0.11930839999695309,0,320.0,240.0,320.0,240.0,320.0,240.0,0.0,ACQUIRING,0.0,0.0,119.3040999933146,0.0,True,False
2026-09-17T06:18:47.863870+00:00,0.15376599998853635,1,326.74929689697234,244.24822938800764,326.0,244.0,326.0,244.0,0.7893438217171437,TRACKING,0.037500000000000006,0.025,34.41989999555517,29.021173855528637,True,True
2026-09-17T06:18:47.897825+00:00,0.18772199998784345,2,327.49437570308316,244.4858404149804,327.0,244.0,327.0,244.0,0.6931437402352433,TRACKING,0.08125000000000002,0.05,33.92010000243317,29.44987631112045,True,True
2026-09-17T06:18:47.937758+00:00,0.22765200000139885,3,327.23102096364045,244.70224126025593,327.0,244.0,327.0,244.0,0.7392654957775314,TRACKING,0.12500000000000003,0.07500000000000001,39.89370001363568,25.043826688217404,True,True
2026-09-17T06:18:47.977969+00:00,0.2678608999995049,4,326.9550224946436,244.8868931175802,326.0,244.0,326.0,244.0,1.3033216668521852,TRACKING,0.16250000000000003,0.1,40.141900011803955,24.870115821300818,True,True
2026-09-17T06:18:48.020757+00:00,0.3106499999994412,5,327.6621780140115,245.02933653663445,327.0,245.0,327.0,245.0,0.662827545159299,TRACKING,0.20625000000000004,0.13125,42.73860000830609,23.37043779844607,True,True
2026-09-17T06:18:48.091721+00:00,0.3816126999881817,6,327.3482957678718,244.11921756621388,327.0,244.0,327.0,244.0,0.36813417392487435,TRACKING,0.25000000000000006,0.15625,70.91059999947902,14.091910259314654,True,True
2026-09-17T06:18:48.130773+00:00,0.4206699999922421,7,327.0091971502709,244.14631363371336,327.0,244.0,327.0,244.0,0.14660241124726847,TRACKING,0.29375000000000007,0.18125,38.99509999610018,25.6034083230546,True,True
2026-09-17T06:18:48.166867+00:00,0.4567547999904491,8,326.6407193146665,244.10055909623532,326.0,244.0,326.0,244.0,0.6485625428764665,TRACKING,0.33125000000000004,0.20625,36.04510000150185,27.71249944712699,True,True
2026-09-17T06:18:48.202849+00:00,0.4927395999984583,9,327.2387177755713,243.9720703994546,327.0,243.0,327.0,243.0,1.0009530647685294,TRACKING,0.37500000000000006,0.22499999999999998,35.79350000654813,27.789511120735103,True,True
2026-09-17T06:18:48.236982+00:00,0.5268810999987181,10,326.79906899872117,244.75117078135725,326.0,244.0,326.0,244.0,1.0967081687860747,TRACKING,0.4125000000000001,0.24999999999999997,34.09489999467041,29.289867170229467,True,True
2026-09-17T06:18:48.273575+00:00,0.5634633999870857,11,327.3176729781505,244.42841445910602,327.0,244.0,327.0,244.0,0.5333432945281147,TRACKING,0.4562500000000001,0.27499999999999997,36.54120001010597,27.335624067321604,True,True
2026-09-17T06:18:48.308215+00:00,0.5981130000000121,12,326.7904557985617,243.994610238578,326.0,243.0,326.0,243.0,1.2704605055506435,TRACKING,0.49375000000000013,0.29374999999999996,34.59659998770803,28.860362013614584,True,True
2026-09-17T06:18:48.343925+00:00,0.633815199995297,13,327.21337218139024,244.44084448756337,327.0,244.0,327.0,244.0,0.48976683228474976,TRACKING,0.5375000000000001,0.31875,35.668700002133846,28.009478411192237,True,True
2026-09-17T06:18:48.382060+00:00,0.6719548999972176,14,326.5824080129719,243.75850341520373,326.0,243.0,326.0,243.0,0.9563088018258453,TRACKING,0.5750000000000001,0.33749999999999997,38.08030000072904,26.219398682990263,True,True
2026-09-17T06:18:48.418689+00:00,0.7085870999871986,15,326.89358285323283,243.93929460198342,326.0,243.0,326.0,243.0,1.296443082015911,TRACKING,0.6125,0.35624999999999996,36.5894999995362,27.298387764685224,True,True
2026-09-17T06:18:48.460097+00:00,0.7499939999979688,16,327.14295242333566,243.97526772645944,327.0,243.0,327.0,243.0,0.9856888624768432,TRACKING,0.65625,0.37499999999999994,41.367400001036,24.150564271652645,True,True
2026-09-17T06:18:48.506049+00:00,0.7959445000014966,17,326.3266110707247,243.8588344369249,326.0,243.0,326.0,243.0,0.9188424138926334,TRACKING,0.69375,0.39374999999999993,45.91000000073109,21.762548828048118,True,True
2026-09-17T06:18:48.544443+00:00,0.8343407999927877,18,326.4406942100322,243.5827873183361,326.0,243.0,326.0,243.0,0.7306520684766928,TRACKING,0.73125,0.4124999999999999,38.352999996277504,26.044176137461637,True,True
2026-09-17T06:18:48.580047+00:00,0.8699358999874676,19,326.48138073831797,243.1403179070968,326.0,243.0,326.0,243.0,0.5014145293822038,TRACKING,0.7687499999999999,0.4312499999999999,35.55510001024231,28.093754481641046,True,True
2026-09-17T06:18:48.614669+00:00,0.9045570999878692,20,326.4448954231348,242.52503370867123,326.0,242.0,326.0,242.0,0.6881804507303159,TRACKING,0.8062499999999999,0.4437499999999999,34.576199992443435,28.88403637044356,True,True
2026-09-17T06:18:48.649644+00:00,0.9395345999946585,21,326.32751126192545,242.73097417549144,326.0,242.0,326.0,242.0,0.8009911809273508,TRACKING,0.8437499999999999,0.45624999999999993,34.88990000914782,28.589807727993538,True,True
2026-09-17T06:18:48.682832+00:00,0.9727299999940442,22,326.125551811278,242.75262560522202,326.0,242.0,326.0,242.0,0.7630259228564922,TRACKING,0.8812499999999999,0.46874999999999994,33.13340000750031,30.124655826364666,True,True
2026-09-17T06:18:48.713784+00:00,1.0036802999966312,23,325.8353934845835,242.58493492214427,325.0,242.0,325.0,242.0,1.0198191688865708,TRACKING,0.9124999999999999,0.48124999999999996,30.90640000300482,32.30986452203738,True,True
2026-09-17T06:18:48.747978+00:00,1.0378733999968972,24,326.45346781665955,242.2233223072143,326.0,242.0,326.0,242.0,0.505475927859573,TRACKING,0.9499999999999998,0.49374999999999997,34.15059999679215,29.2456665231354,True,True
2026-09-17T06:18:48.778481+00:00,1.0683786000008695,25,325.9762636939248,241.66369264522484,325.0,241.0,325.0,241.0,1.1804993551041256,TRACKING,0.9812499999999998,0.49999999999999994,30.4617999936454,32.781296299312366,True,True
2026-09-17T06:18:48.809106+00:00,1.098986299999524,26,326.4003295487307,241.90244576046143,326.0,241.0,326.0,241.0,0.9872548293939912,TRACKING,1.0187499999999998,0.50625,30.564999993657693,32.67151729937114,True,True
2026-09-17T06:18:48.840668+00:00,1.1305621999927098,27,325.72227551647893,241.93648541526602,325.0,241.0,325.0,241.0,1.1826609212749342,TRACKING,1.0499999999999998,0.5125,31.508900006883778,31.669722801750737,True,True
2026-09-17T06:18:48.870024+00:00,1.1599160999903688,28,325.9387755541766,241.76322704901912,325.0,241.0,325.0,241.0,1.209882254384272,TRACKING,1.0812499999999998,0.5187499999999999,29.308600001968443,34.067023464675906,True,True
2026-09-17T06:18:48.899805+00:00,1.189698899994255,29,326.0465695191044,241.38060423819502,326.0,241.0,326.0,241.0,0.38344270268402314,TRACKING,1.11875,0.5249999999999999,29.731999995419756,33.576426657987646,True,True
2026-09-17T06:18:48.933672+00:00,1.2235586999886436,30,325.0424652063002,240.78707386134465,325.0,240.0,325.0,240.0,0.7882185971912238,TRACKING,1.15,0.5249999999999999,33.81280000030529,29.533547161109183,True,True
2026-09-17T06:18:48.966901+00:00,1.256795699999202,31,324.92334034358294,240.98161995609536,324.0,240.0,324.0,240.0,1.3476405783043588,TRACKING,1.1749999999999998,0.5249999999999999,33.150000002933666,30.086951279668135,True,True
2026-09-17T06:18:49.001283+00:00,1.2911807999917073,32,325.68614454287115,240.96375625852795,325.0,240.0,325.0,240.0,1.1830555606410256,TRACKING,1.2062499999999998,0.5249999999999999,34.34179999749176,29.0823641698865,True,True
2026-09-17T06:18:49.034498+00:00,1.3243958999955794,33,325.32790120657626,240.7335274185831,325.0,240.0,325.0,240.0,0.8034809736934303,TRACKING,1.2374999999999998,0.5249999999999999,33.1585000094492,30.106788776292245,True,True
2026-09-17T06:18:49.067809+00:00,1.3577035999915097,34,324.84570938787897,240.29150888845982,324.0,240.0,324.0,240.0,0.8945399939620914,TRACKING,1.2624999999999997,0.5249999999999999,33.264999990933575,30.02308775815156,True,True
2026-09-17T06:18:49.101039+00:00,1.3909361999976682,35,325.23674560372734,239.63880548428466,325.0,239.0,325.0,239.0,0.6812642127958748,TRACKING,1.2937499999999997,0.5187499999999999,33.186500004376285,30.090934799404383,True,True
2026-09-17T06:18:49.132921+00:00,1.4228178999910597,36,324.49826559942056,239.77704862464657,324.0,239.0,324.0,239.0,0.9230780967128707,TRACKING,1.3187499999999996,0.5125,31.844600001932122,31.365956025158045,True,True
2026-09-17T06:18:49.165743+00:00,1.4556397999986075,37,324.62760606367993,239.70839225290052,324.0,239.0,324.0,239.0,0.946419016681988,TRACKING,1.3437499999999996,0.50625,32.782700000097975,30.467462266658462,True,True
2026-09-17T06:18:49.198396+00:00,1.4882931999891298,38,324.62218629313094,239.4355074534302,324.0,239.0,324.0,239.0,0.7594619973068296,TRACKING,1.3687499999999995,0.5,32.61409999686293,30.62468227781032,True,True
2026-09-17T06:18:49.231870+00:00,1.5217646999954013,39,324.47950980515964,238.96157577532887,324.0,238.0,324.0,238.0,1.0745034317970072,TRACKING,1.3937499999999994,0.4875,33.43039999890607,29.876163297510743,True,True
2026-09-17T06:18:49.265506+00:00,1.5553967000014381,40,324.1971658981322,239.29028128018297,324.0,239.0,324.0,239.0,0.3509096935266086,TRACKING,1.4187499999999993,0.48125,33.58450000814628,29.73358705460583,True,True
2026-09-17T06:18:49.298017+00:00,1.5879125999927055,41,323.7728311580054,238.4258013338369,323.0,238.0,323.0,238.0,0.8823688427642942,TRACKING,1.4374999999999993,0.46875,32.45259998948313,30.754184883966467,True,True
2026-09-17T06:18:49.330055+00:00,1.6199469999992289,42,324.2042709103847,238.37279616515428,324.0,238.0,324.0,238.0,0.42509244357332143,TRACKING,1.4624999999999992,0.45625,31.98329999577254,31.21644231814437,True,True
2026-09-17T06:18:49.362805+00:00,1.6526984999945853,43,323.48934061712316,238.1363972178723,323.0,238.0,323.0,238.0,0.5079945281297592,TRACKING,1.4812499999999993,0.44375,32.693000001017936,30.532952693518833,True,True
2026-09-17T06:18:49.394996+00:00,1.6848925999947824,44,323.62598721658765,237.72219432466517,323.0,237.0,323.0,237.0,0.9557325137870564,TRACKING,1.4999999999999993,0.425,32.138800001121126,31.061592030647812,True,True
2026-09-17T06:18:49.425557+00:00,1.7154492999979993,45,323.61225040675583,238.13622173547333,323.0,238.0,323.0,238.0,0.6272215890640638,TRACKING,1.5187499999999994,0.4125,30.51570001116488,32.72604698461291,True,True
2026-09-17T06:18:49.456955+00:00,1.746850399998948,46,323.4462638703408,237.3849430350212,323.0,237.0,323.0,237.0,0.5893492870809754,TRACKING,1.5374999999999994,0.39375,31.35800000745803,31.846018132160637,True,True
2026-09-17T06:18:49.488064+00:00,1.7779593000013847,47,323.12625644117907,237.47523498722177,323.0,237.0,323.0,237.0,0.4917204307519435,TRACKING,1.5562499999999995,0.375,31.03089999058284,32.14514174148464,True,True
2026-09-17T06:18:49.517647+00:00,1.8075446000002557,48,322.6505532111513,237.41437034684782,322.0,237.0,322.0,237.0,0.7713120411908887,TRACKING,1.5687499999999994,0.35625,29.545899989898317,33.80056987889794,True,True
2026-09-17T06:18:49.548707+00:00,1.8386033999995561,49,323.01757657694554,237.2099996814328,323.0,237.0,323.0,237.0,0.21073396085824006,TRACKING,1.5874999999999995,0.3375,31.0174000042025,32.19699408935713,True,True
2026-09-17T06:18:49.580409+00:00,1.8702977999928407,50,322.22584722600834,236.87013224883628,322.0,236.0,322.0,236.0,0.8989644597872337,TRACKING,1.5999999999999994,0.3125,31.64650000690017,31.55131506549673,True,True
2026-09-17T06:18:49.612057+00:00,1.9019545999908587,51,322.27398506106636,237.40311597827042,322.0,237.0,322.0,237.0,0.48741184395175785,TRACKING,1.6124999999999994,0.29375,31.582299998262897,31.588789772264104,True,True
2026-09-17T06:18:49.642716+00:00,1.9326135000010254,52,322.16071006264224,236.81761660482448,322.0,236.0,322.0,236.0,0.8332614455974674,TRACKING,1.6249999999999993,0.26875,30.62159998808056,32.61695624006059,True,True
2026-09-17T06:18:49.675550+00:00,1.9654472999973223,53,321.8848430890256,237.12259600964,321.0,237.0,321.0,237.0,0.8932956250738093,TRACKING,1.6312499999999994,0.25,32.79579999798443,30.45641991218756,True,True
2026-09-17T06:18:49.705077+00:00,1.9949753999972017,54,322.4453066131981,236.32728981987555,322.0,236.0,322.0,236.0,0.5526450994554652,TRACKING,1.6437499999999994,0.225,29.488100000889972,33.866046240837754,True,True
2026-09-17T06:18:49.734935+00:00,2.024828900001012,55,321.8411253962521,236.44118432444822,321.0,236.0,321.0,236.0,0.9498081597665256,TRACKING,1.6499999999999995,0.2,29.815400004736148,33.49690990578577,True,True
2026-09-17T06:18:49.762587+00:00,2.052473399991868,56,322.07142709688435,236.47399276325189,322.0,236.0,322.0,236.0,0.47934431235228436,TRACKING,1.6624999999999994,0.17500000000000002,27.58239999820944,36.173560756416684,True,True
2026-09-17T06:18:49.791131+00:00,2.081021399993915,57,321.1354428165798,236.4356310491163,321.0,236.0,321.0,236.0,0.4562007973658537,TRACKING,1.6687499999999995,0.15000000000000002,28.4825999988243,35.02872355080197,True,True
2026-09-17T06:18:49.819891+00:00,2.1097798999981023,58,321.0325075801489,236.33619298318848,321.0,236.0,321.0,236.0,0.3377609579455676,TRACKING,1.6749999999999996,0.12500000000000003,28.704799988190643,34.77232817617054,True,True
2026-09-17T06:18:49.848849+00:00,2.1387370999873383,59,320.76206075131523,236.1859250256873,320.0,236.0,320.0,236.0,0.7844136051038147,TRACKING,1.6749999999999996,0.10000000000000003,28.91079999972135,34.53372564929352,True,True
2026-09-17T06:18:49.876851+00:00,2.1667436999996426,60,321.32364638309474,235.99520068508872,321.0,235.0,321.0,235.0,1.0465043644874885,TRACKING,1.6812499999999997,0.06875000000000003,27.948100003413856,35.70586931511378,True,True
2026-09-17T06:18:49.903327+00:00,2.1932222999894293,61,320.716913502748,236.77449458975713,320.0,236.0,320.0,236.0,1.0553704752291893,TRACKING,1.6812499999999997,0.04375000000000003,26.40879999671597,37.7663471779368,True,True
2026-09-17T06:18:49.929699+00:00,2.2195823999936692,62,320.94161633112645,236.5343563068297,320.0,236.0,320.0,236.0,1.0826716850886575,TRACKING,1.6812499999999997,0.01875000000000003,26.315399998566136,37.93612314972831,True,True
2026-09-17T06:18:49.956691+00:00,2.2465870999876643,63,320.9976144362768,236.28538397379234,320.0,236.0,320.0,236.0,1.0376312331292947,TRACKING,1.6812499999999997,-0.006249999999999971,26.91919999779202,37.03059097943573,True,True
2026-09-17T06:18:49.990107+00:00,2.279992299998412,64,320.88487282120644,236.0381978086557,320.0,236.0,320.0,236.0,0.8856968907566215,TRACKING,1.6812499999999997,-0.031249999999999972,33.35779999906663,29.935459140441136,True,True
2026-09-17T06:18:50.030340+00:00,2.3202363999880617,65,320.60346194575465,235.8034135649408,320.0,235.0,320.0,235.0,1.0048082783819325,TRACKING,1.6812499999999997,-0.06249999999999997,40.16829999454785,24.848362872003214,True,True
2026-09-17T06:18:50.063499+00:00,2.3533956999890506,66,320.1535576825582,236.59161599782385,320.0,236.0,320.0,236.0,0.6112196419894831,TRACKING,1.6812499999999997,-0.08749999999999997,33.11709999979939,30.157452056291234,True,True
2026-09-17T06:18:50.098138+00:00,2.3880305999919074,67,319.53544120713656,236.41333240776103,319.0,236.0,319.0,236.0,0.6764177448924489,TRACKING,1.6749999999999996,-0.11249999999999996,34.595299992361106,28.87261114995333,True,True
2026-09-17T06:18:50.126008+00:00,2.415900199994212,68,319.7494988221666,236.27900632771932,319.0,236.0,319.0,236.0,0.7997455941338452,TRACKING,1.6687499999999995,-0.13749999999999996,27.81929999764543,35.881390472676536,True,True
2026-09-17T06:18:50.155314+00:00,2.445212199992966,69,319.7962217160551,236.1989714197835,319.0,236.0,319.0,236.0,0.8207061879919924,TRACKING,1.6624999999999994,-0.16249999999999995,29.26840000145603,34.11572052546779,True,True
2026-09-17T06:18:50.184010+00:00,2.473908100000699,70,319.67620565596314,236.18342564638232,319.0,236.0,319.0,236.0,0.700641889203977,TRACKING,1.6562499999999993,-0.18749999999999994,28.65550000569783,34.84818387750563,True,True
2026-09-17T06:18:50.215975+00:00,2.5058726999995997,71,319.3901506154699,236.2424057806934,319.0,236.0,319.0,236.0,0.4593234865158955,TRACKING,1.6499999999999992,-0.21249999999999994,31.924299997626804,31.284608599337773,True,True
2026-09-17T06:18:50.245199+00:00,2.5350927999970736,72,318.9388603371128,236.38576231993756,318.0,236.0,318.0,236.0,1.015022807668487,TRACKING,1.6374999999999993,-0.23749999999999993,29.18310000677593,34.2230177202149,True,True
2026-09-17T06:18:50.274012+00:00,2.563910799988662,73,319.3232418300745,236.62313486426552,319.0,236.0,319.0,236.0,0.7019845723184522,TRACKING,1.6312499999999992,-0.26249999999999996,28.771199999027885,34.70053439835834,True,True
2026-09-17T06:18:50.305360+00:00,2.5952556999982335,74,318.5443048033311,236.96392802277808,318.0,236.0,318.0,236.0,1.106989138169911,TRACKING,1.6187499999999992,-0.2875,31.308400008128956,31.903116605720133,True,True
2026-09-17T06:18:50.333068+00:00,2.6229567999980645,75,318.60316103461753,237.41728790690078,318.0,237.0,318.0,237.0,0.7334387710821695,TRACKING,1.6062499999999993,-0.30624999999999997,27.65850001014769,36.09964947262379,True,True
2026-09-17T06:18:50.362193+00:00,2.652091299998574,76,318.501023675602,236.99207926986884,318.0,236.0,318.0,236.0,1.1114162142137634,TRACKING,1.5937499999999993,-0.33125,29.08519998891279,34.32356827755803,True,True
2026-09-17T06:18:50.389449+00:00,2.6793453999998746,77,318.2392064937068,237.69686334946078,318.0,237.0,318.0,237.0,0.7367755930086123,TRACKING,1.5812499999999994,-0.35,27.217399998335168,36.691727114536,True,True
2026-09-17T06:18:50.416635+00:00,2.706530399998883,78,317.8191230510448,237.5398764693622,317.0,237.0,317.0,237.0,0.9810347470523,TRACKING,1.5624999999999993,-0.36874999999999997,27.147099986905232,36.78499172471898,True,True
2026-09-17T06:18:50.443260+00:00,2.7331543999898713,79,318.2422858209909,237.52900945264648,318.0,237.0,318.0,237.0,0.5818534351901345,TRACKING,1.5499999999999994,-0.38749999999999996,26.46739999181591,37.56009616655919,True,True
2026-09-17T06:18:50.469591+00:00,2.7594772999873385,80,317.5103052429341,237.6717878988261,317.0,237.0,317.0,237.0,0.8436293155025115,TRACKING,1.5312499999999993,-0.40624999999999994,26.275899988831952,37.98973517721153,True,True
2026-09-17T06:18:50.496216+00:00,2.7861068999918643,81,317.6248887158059,237.97535337377343,317.0,237.0,317.0,237.0,1.1583609588003165,TRACKING,1.5124999999999993,-0.42499999999999993,26.359600000432692,37.55219754821868,True,True
2026-09-17T06:18:50.523641+00:00,2.8135342999885324,82,317.58783953101147,238.44644555952505,317.0,238.0,317.0,238.0,0.7381523906615857,TRACKING,1.4937499999999992,-0.43749999999999994,27.382599990232848,36.45989047891819,True,True
2026-09-17T06:18:50.550351+00:00,2.840247999993153,83,317.4010557454309,238.09138540858703,317.0,238.0,317.0,238.0,0.4113356340578068,TRACKING,1.4749999999999992,-0.44999999999999996,26.663500000722706,37.433975818663725,True,True
2026-09-17T06:18:50.577885+00:00,2.867779399995925,84,317.066528995196,237.916059344845,317.0,237.0,317.0,237.0,0.9184720085444258,TRACKING,1.4562499999999992,-0.46874999999999994,27.49029999540653,36.32216305379731,True,True
2026-09-17T06:18:50.605175+00:00,2.8950704999879235,85,316.58634325098217,238.9259045505704,316.0,238.0,316.0,238.0,1.0959460044816653,TRACKING,1.4312499999999992,-0.48124999999999996,27.235199988353997,36.641982195411174,True,True
2026-09-17T06:18:50.632644+00:00,2.92253479998908,86,316.9626735155945,239.12589537629634,316.0,239.0,316.0,239.0,0.9708707140499305,TRACKING,1.4062499999999993,-0.48749999999999993,27.42220000072848,36.41090433609778,True,True
2026-09-17T06:18:50.660962+00:00,2.9508556999935536,87,317.19778446466205,238.5205309075318,317.0,238.0,317.0,238.0,0.5568403004071503,TRACKING,1.3874999999999993,-0.49999999999999994,28.27709999110084,35.30961233018873,True,True
2026-09-17T06:18:50.689265+00:00,2.9791605999926105,88,316.29402903128937,239.11382371939112,316.0,239.0,316.0,239.0,0.31529178602842417,TRACKING,1.3624999999999994,-0.50625,28.26259999710601,35.329571912754254,True,True
2026-09-17T06:18:50.718727+00:00,3.0086246999999275,89,316.25384693554963,238.9092898472457,316.0,238.0,316.0,238.0,0.9440584160908961,TRACKING,1.3374999999999995,-0.5187499999999999,29.422099993098527,33.9396078533423,True,True
2026-09-17T06:18:50.748338+00:00,3.03823389999161,90,316.07976315973883,239.90993999846677,316.0,239.0,316.0,239.0,0.9134292323224744,TRACKING,1.3124999999999996,-0.5249999999999999,29.57359999709297,33.77328669065385,True,True
2026-09-17T06:18:50.778692+00:00,3.0685894999915035,91,315.77438637034476,240.11827202722492,315.0,240.0,315.0,240.0,0.7833661487450294,TRACKING,1.2812499999999996,-0.5249999999999999,30.302500003017485,32.94285074264748,True,True
2026-09-17T06:18:50.809027+00:00,3.0989229999977397,92,316.3404072877145,239.5362646911555,316.0,239.0,316.0,239.0,0.6351826040669517,TRACKING,1.2562499999999996,-0.5312499999999999,30.29580001020804,32.96685182370693,True,True
2026-09-17T06:18:50.840152+00:00,3.1300473000010243,93,315.78059700444265,240.16537270549526,315.0,240.0,315.0,240.0,0.7979221860981601,TRACKING,1.2249999999999996,-0.5312499999999999,29.44980000029318,32.129236638075994,True,True
2026-09-17T06:18:50.875598+00:00,3.165355899996939,94,316.09780525352807,240.0065231070514,316.0,240.0,316.0,240.0,0.09802254099590185,TRACKING,1.1999999999999997,-0.5312499999999999,31.660699998610653,28.321711994123202,True,True
2026-09-17T06:18:50.909469+00:00,3.1993672999960836,95,315.29495862738344,240.06011293709287,315.0,240.0,315.0,240.0,0.3010218548109959,TRACKING,1.1687499999999997,-0.5312499999999999,32.21770000527613,29.401906420351814,True,True
2026-09-17T06:18:50.939408+00:00,3.2292742999998154,96,315.3750587488107,240.32600824895354,315.0,240.0,315.0,240.0,0.4969410864933732,TRACKING,1.1374999999999997,-0.5312499999999999,28.807800001231954,33.436987991949024,True,True
2026-09-17T06:18:50.973418+00:00,3.2633150999899954,97,315.34118039508456,240.80354444282938,315.0,240.0,315.0,240.0,0.872976364853043,TRACKING,1.1062499999999997,-0.5312499999999999,29.585700001916848,29.37651289888836,True,True
2026-09-17T06:18:51.006293+00:00,3.2961886999983108,98,315.196469576316,241.49152792693172,315.0,241.0,315.0,241.0,0.5293392082319184,TRACKING,1.0749999999999997,-0.5249999999999999,28.856900011305697,30.419546376029675,True,True
2026-09-17T06:18:51.041350+00:00,3.3312464999908116,99,314.94414156929935,241.38823910084523,314.0,241.0,314.0,241.0,1.020849108489665,TRACKING,1.0374999999999996,-0.5187499999999999,31.066400013514794,28.52432269605935,True,True
2026-09-17T06:18:51.073041+00:00,3.3629392000002554,100,315.5874789080683,241.49143665363323,315.0,241.0,315.0,241.0,0.7659252260889151,TRACKING,1.0062499999999996,-0.5125,29.037599990260787,31.5530074655053,True,True
2026-09-17T06:18:51.107066+00:00,3.3969550999900093,101,315.1298293324191,241.798363165948,315.0,241.0,315.0,241.0,0.808850666253595,TRACKING,0.9749999999999996,-0.50625,29.759699988062494,29.398016818641082,True,True
2026-09-17T06:18:51.137773+00:00,3.4276614999980666,102,314.5746036956826,242.30575200214275,314.0,242.0,314.0,242.0,0.6508868518462984,TRACKING,0.9374999999999997,-0.49374999999999997,27.210000000195578,32.56650078607729,True,True
2026-09-17T06:18:51.172548+00:00,3.462440399991465,103,314.9252738330511,242.00983547516012,314.0,242.0,314.0,242.0,0.9253261061381088,TRACKING,0.8999999999999997,-0.48124999999999996,28.725799988023937,28.7530658010984,True,True
2026-09-17T06:18:51.206759+00:00,3.496653599999263,104,315.1853703917954,241.90635426378697,315.0,241.0,315.0,241.0,0.9251163351920633,TRACKING,0.8687499999999997,-0.475,29.33330000087153,29.228484905594094,True,True
2026-09-17T06:18:51.239319+00:00,3.529216399998404,105,314.3584806247241,242.99056805873968,314.0,242.0,314.0,242.0,1.0534388626293847,TRACKING,0.8312499999999997,-0.46249999999999997,28.805399997509085,30.709889813725344,True,True
2026-09-17T06:18:51.272287+00:00,3.562183799993363,106,314.44824614826825,243.25726741096844,314.0,243.0,314.0,243.0,0.5168279502733273,TRACKING,0.7937499999999997,-0.44375,28.678400005446747,30.332995630620093,True,True
2026-09-17T06:18:51.305107+00:00,3.5949951999937184,107,314.45836066658933,242.70078675256678,314.0,242.0,314.0,242.0,0.8373748104936724,TRACKING,0.7562499999999998,-0.43124999999999997,28.077499999199063,30.477212188116763,True,True
2026-09-17T06:18:51.338992+00:00,3.628885400001309,108,314.3925676631341,243.3150185577411,314.0,243.0,314.0,243.0,0.5033349400348265,TRACKING,0.7187499999999998,-0.4125,28.422600007615983,29.507055130274466,True,True
2026-09-17T06:18:51.371564+00:00,3.6614612999983365,109,314.25465806107957,243.093428608444,314.0,243.0,314.0,243.0,0.2712556597540119,TRACKING,0.6812499999999998,-0.39375,27.868600009242073,30.697540208904304,True,True
2026-09-17T06:18:51.403467+00:00,3.693361499987077,110,314.0484678541296,243.02907232651668,314.0,243.0,314.0,243.0,0.056518431091311834,TRACKING,0.6437499999999998,-0.375,26.31919999839738,31.347765855792762,True,True
2026-09-17T06:18:51.438368+00:00,3.7282636999880197,111,313.777875709143,243.1146121315178,313.0,243.0,313.0,243.0,0.7862738451492608,TRACKING,0.5999999999999999,-0.35625,28.070200001820922,28.651489017110404,True,True
2026-09-17T06:18:51.470915+00:00,3.7608081999933347,112,314.44680054209425,243.34233578085272,314.0,243.0,314.0,243.0,0.5628716650070066,TRACKING,0.5624999999999999,-0.3375,27.33470000384841,30.72715819375573,True,True
2026-09-17T06:18:51.504400+00:00,3.794283999988693,113,314.0591990688771,243.7041756463642,314.0,243.0,314.0,243.0,0.7066596568988227,TRACKING,0.5249999999999999,-0.31875000000000003,27.421299993875436,29.872325684185718,True,True
2026-09-17T06:18:51.538373+00:00,3.828267999997479,114,313.619063332487,244.1917288792008,313.0,244.0,313.0,244.0,0.6480735859063196,TRACKING,0.4812499999999999,-0.29375,27.627000003121793,29.42561204512311,True,True
2026-09-17T06:18:51.570867+00:00,3.860763799995766,115,314.1304182081236,243.79627841256303,314.0,243.0,314.0,243.0,0.8068879843720985,TRACKING,0.44374999999999987,-0.275,27.14459999697283,30.773207616144582,True,True
2026-09-17T06:18:51.605361+00:00,3.8952520999882836,116,313.59731888777515,244.5088147498307,313.0,244.0,313.0,244.0,0.7846542571975286,TRACKING,0.39999999999999986,-0.25,28.02230000088457,28.995340455080584,True,True
2026-09-17T06:18:51.638401+00:00,3.9282877999939956,117,314.0238483458554,244.320058483612,314.0,244.0,314.0,244.0,0.32094575325442964,TRACKING,0.3624999999999998,-0.225,28.02660000452306,30.270283354888697,True,True
2026-09-17T06:18:51.671702+00:00,3.9615912000008393,118,313.4141147874773,244.22048348942994,313.0,244.0,313.0,244.0,0.469152455304829,TRACKING,0.3187499999999998,-0.2,28.047800005879253,30.026964207693617,True,True
2026-09-17T06:18:51.705501+00:00,3.9953884999995353,119,313.7722490809588,244.20034073607204,313.0,244.0,313.0,244.0,0.7978126682195226,TRACKING,0.2749999999999998,-0.17500000000000002,28.37319999525789,29.588162369141443,True,True
2026-09-17T06:18:51.739186+00:00,4.029079699990689,120,314.1024021761642,244.2496826530913,314.0,244.0,314.0,244.0,0.2698659536471345,TRACKING,0.2374999999999998,-0.15000000000000002,28.613500006031245,29.681341129510805,True,True
2026-09-17T06:18:51.774243+00:00,4.064137199995457,121,313.4087425102961,244.35838799455172,313.0,244.0,313.0,244.0,0.543610517155416,TRACKING,0.19374999999999978,-0.12500000000000003,30.28910000284668,28.52456677926219,True,True
2026-09-17T06:18:51.803841+00:00,4.093733399990015,122,313.695453402758,244.51618713687193,313.0,244.0,313.0,244.0,0.8660857900229825,TRACKING,0.14999999999999977,-0.10000000000000003,26.800099993124604,33.78812145423705,True,True
2026-09-17T06:18:51.837951+00:00,4.1278292999923,123,313.9667304407148,244.71268774753608,313.0,244.0,313.0,244.0,1.2010377056914903,TRACKING,0.10624999999999976,-0.07500000000000004,27.459100005216897,29.329039559976007,True,True
2026-09-17T06:18:51.872486+00:00,4.1623707999970065,124,314.2267788569885,244.93740076051282,314.0,244.0,314.0,244.0,0.9644422407728849,TRACKING,0.06874999999999976,-0.05000000000000004,28.576800003065728,28.950682508395175,True,True
2026-09-17T06:18:51.904409+00:00,4.19427339998947,125,313.479810901924,245.17976659345766,313.0,245.0,313.0,245.0,0.5123812347544456,TRACKING,0.02499999999999975,-0.018750000000000037,27.448599998024292,31.345407591739825,True,True
2026-09-17T06:18:51.938004+00:00,4.227900300000329,126,313.73004321086984,244.4291815411698,313.0,244.0,313.0,244.0,0.8468529299813728,TRACKING,-0.018750000000000253,0.006249999999999964,27.27710000181105,29.73809657378718,True,True
2026-09-17T06:18:51.970849+00:00,4.260741999998572,127,313.9816941689187,244.6750242793323,313.0,244.0,313.0,244.0,1.1913778657407745,TRACKING,-0.06250000000000025,0.031249999999999965,27.15110000281129,30.44909368435487,True,True
2026-09-17T06:18:52.004741+00:00,4.294633599987719,128,314.23898127455345,244.90668241229196,314.0,244.0,314.0,244.0,0.937648679595271,TRACKING,-0.10000000000000026,0.05624999999999997,27.44439999514725,29.50583626385975,True,True
2026-09-17T06:18:52.037406+00:00,4.327302499994403,129,313.5061185038483,245.11357899852138,313.0,245.0,313.0,245.0,0.5187062066746201,TRACKING,-0.14375000000000027,0.08749999999999997,26.681200004532002,30.610152156804048,True,True
2026-09-17T06:18:52.070849+00:00,4.36074329999974,130,313.7873136768708,244.2851989874643,313.0,244.0,313.0,244.0,0.8373776258286636,TRACKING,-0.18750000000000028,0.11249999999999996,26.89470000041183,29.90359081841337,True,True
2026-09-17T06:18:52.105085+00:00,4.394980099998065,131,314.0867658279312,244.41111550168625,314.0,244.0,314.0,244.0,0.420171708499421,TRACKING,-0.22500000000000028,0.13749999999999996,28.027899999869987,29.208337229207032,True,True
2026-09-17T06:18:52.136501+00:00,4.426395599992247,132,313.4086625813229,244.48101589863717,313.0,244.0,313.0,244.0,0.6311746193528617,TRACKING,-0.26875000000000027,0.16249999999999995,26.140700007090345,31.831420801362203,True,True
2026-09-17T06:18:52.171192+00:00,4.461070799996378,133,313.7571775341935,244.48472754688805,313.0,244.0,313.0,244.0,0.8990431652592883,TRACKING,-0.3125000000000003,0.18749999999999994,27.255900000454858,28.839054998410315,True,True
2026-09-17T06:18:52.204399+00:00,4.494295999989845,134,314.13646764818213,244.41224325241086,314.0,244.0,314.0,244.0,0.4342440767110668,TRACKING,-0.3500000000000003,0.21249999999999994,27.434099989477545,30.097636739481754,True,True
2026-09-17T06:18:52.239742+00:00,4.529639299988048,135,313.55067065145414,244.2537462713525,313.0,244.0,313.0,244.0,0.606321149720363,TRACKING,-0.3937500000000003,0.23749999999999993,29.365700000198558,28.29390577707333,True,True
2026-09-17T06:18:52.271065+00:00,4.5609543999889866,136,314.0039024527555,243.99963484678176,314.0,243.0,314.0,243.0,0.9996424641029917,TRACKING,-0.43125000000000036,0.2562499999999999,27.149200002895668,31.93347618145986,True,True
2026-09-17T06:18:52.306815+00:00,4.596707999997307,137,313.5002545691041,244.640546208081,313.0,244.0,313.0,244.0,0.8127447807254362,TRACKING,-0.47500000000000037,0.28124999999999994,29.91939999628812,27.969211485481026,True,True
2026-09-17T06:18:52.337839+00:00,4.627732099994319,138,314.04379156872415,244.16737997299703,314.0,244.0,314.0,244.0,0.1730137475803775,TRACKING,-0.5125000000000004,0.30624999999999997,27.649099996779114,32.23300595654069,True,True
2026-09-17T06:18:52.373671+00:00,4.663562599991565,139,313.638548530824,243.57132089385703,313.0,243.0,313.0,243.0,0.8568265810390497,TRACKING,-0.5562500000000004,0.32499999999999996,29.80849999585189,27.909183518981305,True,True
2026-09-17T06:18:52.403861+00:00,4.693756900000153,140,314.2885285238027,243.84386089109705,314.0,243.0,314.0,243.0,0.8918239246459367,TRACKING,-0.5937500000000003,0.34374999999999994,26.875199997448362,33.118833677732546,True,True
2026-09-17T06:18:52.438511+00:00,4.728404599998612,141,313.9977001034624,243.97682031902997,313.0,243.0,313.0,243.0,1.396274841182328,TRACKING,-0.6375000000000003,0.36249999999999993,27.866899996297434,28.861944661391107,True,True
2026-09-17T06:18:52.472210+00:00,4.762097499988158,142,314.7699948327908,243.96236841069953,314.0,243.0,314.0,243.0,1.2324954362742628,TRACKING,-0.6750000000000003,0.3812499999999999,28.263699990930036,29.679843537073534,True,True
2026-09-17T06:18:52.503906+00:00,4.793798699989566,143,314.60930482486134,243.79304285071998,314.0,243.0,314.0,243.0,1.0000846627548032,TRACKING,-0.7125000000000002,0.3999999999999999,27.014499995857477,31.544547208168893,True,True
2026-09-17T06:18:52.541729+00:00,4.831618299998809,144,314.5194803103899,243.46176842717801,314.0,243.0,314.0,243.0,0.6950466698152284,TRACKING,-0.7500000000000002,0.4187499999999999,31.28040001320187,26.441316136490148,True,True
2026-09-17T06:18:52.577853+00:00,4.867749899989576,145,314.5043272314656,242.96187471597796,314.0,242.0,314.0,242.0,1.0860704054689205,TRACKING,-0.7875000000000002,0.4312499999999999,33.96619998966344,27.676604419829907,True,True
2026-09-17T06:18:52.607706+00:00,4.897602899989579,146,314.5676048629611,243.287112753428,314.0,243.0,314.0,243.0,0.6360888409947973,TRACKING,-0.8250000000000002,0.4499999999999999,29.812099994160235,33.49747094094082,True,True
2026-09-17T06:18:52.637718+00:00,4.927599499991629,147,314.7130234631082,242.431670655395,314.0,242.0,314.0,242.0,0.8335118557476842,TRACKING,-0.8625000000000002,0.4624999999999999,27.336099999956787,33.33711153702905,True,True
2026-09-17T06:18:52.670381+00:00,4.960277899997891,148,314.9442419547068,242.39018814398827,314.0,242.0,314.0,242.0,1.0216847149377948,TRACKING,-0.9000000000000001,0.4749999999999999,26.336700000683777,30.60125342147674,True,True
2026-09-17T06:18:52.706123+00:00,4.996019599988358,149,315.26486563841786,242.15776994546252,315.0,242.0,315.0,242.0,0.30829395405318355,TRACKING,-0.9312500000000001,0.48749999999999993,28.810200004954822,27.978523692681506,True,True
2026-09-17T06:18:52.738495+00:00,5.028393199987477,150,314.6784439395672,241.7299980258528,314.0,241.0,314.0,241.0,0.9965858201301492,TRACKING,-0.9687500000000001,0.4937499999999999,27.76369999628514,30.889366645267316,True,True
2026-09-17T06:18:52.771548+00:00,5.061417899996741,151,315.1884681898708,242.1029426337588,315.0,242.0,315.0,242.0,0.21474972511825297,TRACKING,-1.0,0.5062499999999999,27.622099994914606,30.280365899447418,True,True
2026-09-17T06:18:52.807853+00:00,5.097733199989307,152,314.7983694454658,241.27317212267636,314.0,241.0,314.0,241.0,0.8438108674702601,TRACKING,-1.0375,0.5124999999999998,30.650300002889708,27.536603035214007,True,True
2026-09-17T06:18:52.837798+00:00,5.127609299990581,153,315.51151634261225,241.237761528327,315.0,241.0,315.0,241.0,0.5640740315878878,TRACKING,-1.06875,0.5187499999999998,26.906200000667013,33.47157091981004,True,True
2026-09-17T06:18:52.872490+00:00,5.162368299992522,154,315.33121299240486,240.99429987954508,315.0,240.0,315.0,240.0,1.0480144544810175,TRACKING,-1.1,0.5187499999999998,28.788399999029934,28.76952731505975,True,True
2026-09-17T06:18:52.906367+00:00,5.196263099991484,155,315.2606969158113,241.54089622445,315.0,241.0,315.0,241.0,0.6004428428566599,TRACKING,-1.13125,0.5249999999999998,28.97810000285972,29.503050616337674,True,True
2026-09-17T06:18:52.937939+00:00,5.227822000000742,156,315.303137020327,240.8761843568415,315.0,240.0,315.0,240.0,0.9271413485906307,TRACKING,-1.1625,0.5249999999999998,27.741099998820573,31.68678248312277,True,True
2026-09-17T06:18:52.970924+00:00,5.260819099989021,157,315.4616316195113,240.9993262310031,315.0,240.0,315.0,240.0,1.1007981959030848,TRACKING,-1.19375,0.5249999999999998,27.241200004937127,30.30569354140864,True,True
2026-09-17T06:18:53.005006+00:00,5.294902399997227,158,315.7392064966417,240.91001405638067,315.0,240.0,315.0,240.0,1.1724128229799118,TRACKING,-1.225,0.5249999999999998,27.764600003138185,29.339881987930916,True,True
2026-09-17T06:18:53.037930+00:00,5.327822699997341,159,316.1388130136986,240.6084710668977,316.0,240.0,316.0,240.0,0.6241042316982849,TRACKING,-1.25,0.5249999999999998,27.30380000139121,30.37639389666941,True,True
2026-09-17T06:18:53.071187+00:00,5.361074499989627,160,315.66332626685937,240.09545096298748,315.0,240.0,315.0,240.0,0.6701586548279657,TRACKING,-1.28125,0.5249999999999998,27.140599995618686,30.073559934559857,True,True
2026-09-17T06:18:53.104036+00:00,5.39392949998728,161,316.31554328965746,239.37223602773398,316.0,239.0,316.0,239.0,0.4879828152619906,TRACKING,-1.30625,0.5187499999999998,26.897700008703396,30.436767617453448,True,True
2026-09-17T06:18:53.137733+00:00,5.427629499987233,162,316.0981813049274,239.44063392183236,316.0,239.0,316.0,239.0,0.45143972101113095,TRACKING,-1.3312499999999998,0.5124999999999998,27.32760000799317,29.67359050449204,True,True
2026-09-17T06:18:53.170633+00:00,5.460509799988358,163,316.0138760266281,239.3029731653783,316.0,239.0,316.0,239.0,0.30329075662526367,TRACKING,-1.3562499999999997,0.5062499999999999,26.72320000419859,30.413347809046435,True,True
2026-09-17T06:18:53.205340+00:00,5.495233499997994,164,316.06518001260906,238.9620973177807,316.0,238.0,316.0,238.0,0.964302692583876,TRACKING,-1.3812499999999996,0.49374999999999986,27.941299995291047,28.79877431617325,True,True
2026-09-17T06:18:53.242101+00:00,5.5319962999928975,165,316.25456106934337,239.42135787034394,316.0,239.0,316.0,239.0,0.49228426028669536,TRACKING,-1.4062499999999996,0.4874999999999999,31.7773999995552,27.201410124871575,True,True
2026-09-17T06:18:53.272796+00:00,5.562683199997991,166,316.5844007096294,238.68460586928495,316.0,238.0,316.0,238.0,0.9001163178582758,TRACKING,-1.4312499999999995,0.47499999999999987,28.998300011153333,32.5871951821138,True,True
2026-09-17T06:18:53.303747+00:00,5.5936398999911034,167,317.05699266422323,238.75618229012358,317.0,238.0,317.0,238.0,0.7583269873028373,TRACKING,-1.4499999999999995,0.46249999999999986,26.446100004250184,32.30318477817404,True,True
2026-09-17T06:18:53.337699+00:00,5.627569799995399,168,316.67454144833107,238.64090718750387,316.0,238.0,316.0,238.0,0.9304666509395695,TRACKING,-1.4749999999999994,0.44999999999999984,27.388700007577427,29.47253012456261,True,True
2026-09-17T06:18:53.372058+00:00,5.661948199995095,169,317.43916098385944,238.34406764756855,317.0,238.0,317.0,238.0,0.5578932835657243,TRACKING,-1.4937499999999995,0.43749999999999983,28.036699994117953,29.08803202036301,True,True
2026-09-17T06:18:53.403531+00:00,5.693425699995714,170,317.35287327828235,237.87140457299668,317.0,237.0,317.0,237.0,0.9401412023548686,TRACKING,-1.5124999999999995,0.41874999999999984,26.591400004690513,31.768723690900632,True,True
2026-09-17T06:18:53.439868+00:00,5.729764599993359,171,317.41760716095274,238.22909833373646,317.0,238.0,317.0,238.0,0.4763210969501884,TRACKING,-1.5312499999999996,0.40624999999999983,29.228999992483296,27.518719610797383,True,True
2026-09-17T06:18:53.471192+00:00,5.761087099992437,172,317.63519707764715,237.42375331929966,317.0,237.0,317.0,237.0,0.7635720025439388,TRACKING,-1.5499999999999996,0.38749999999999984,27.495899994391948,31.925931839075297,True,True
2026-09-17T06:18:53.507991+00:00,5.797887399996398,173,318.00738194409587,237.46238143122682,318.0,237.0,318.0,237.0,0.4624403540371384,TRACKING,-1.5624999999999996,0.36874999999999986,30.815200007054955,27.1736915158945,True,True
2026-09-17T06:18:53.541506+00:00,5.831396499997936,174,317.5358040592186,237.35238455698553,317.0,237.0,317.0,237.0,0.641296238782843,TRACKING,-1.5812499999999996,0.34999999999999987,31.298800007789396,29.842639759172787,True,True
2026-09-17T06:18:53.571682+00:00,5.861579199990956,175,318.2220080787401,237.1015360691064,318.0,237.0,318.0,237.0,0.24412529642674374,TRACKING,-1.5937499999999996,0.3312499999999999,27.818899994599633,33.13156212768443,True,True
2026-09-17T06:18:53.605351+00:00,5.89524209999945,176,318.06744004983057,236.7179613957998,318.0,236.0,318.0,236.0,0.7211218525186517,TRACKING,-1.6062499999999995,0.30624999999999986,28.014899988193065,29.706293864987085,True,True
2026-09-17T06:18:53.640027+00:00,5.929922899988014,177,318.07344650737423,237.21011771161753,318.0,237.0,318.0,237.0,0.2225844607803052,TRACKING,-1.6187499999999995,0.28749999999999987,29.39949999563396,28.834398293284675,True,True
2026-09-17T06:18:53.672272+00:00,5.962163599993801,178,318.2412736324274,236.58677279892024,318.0,236.0,318.0,236.0,0.634440921802341,TRACKING,-1.6312499999999994,0.26249999999999984,28.40229999856092,31.01669628204481,True,True
2026-09-17T06:18:53.708507+00:00,5.998393599991687,179,318.57206647339746,236.85698313298812,318.0,236.0,318.0,236.0,1.030378639244591,TRACKING,-1.6437499999999994,0.23749999999999985,31.49670000129845,27.60143527624489,True,True
2026-09-17T06:18:53.741107+00:00,6.030994000000646,180,319.06686823042367,237.03007124554935,319.0,237.0,319.0,237.0,0.0733187564602795,TRACKING,-1.6499999999999995,0.21874999999999983,30.445600001257844,30.674470243468363,True,True
2026-09-17T06:18:53.776436+00:00,6.066330499990727,181,318.72661960341156,236.11560242330498,318.0,236.0,318.0,236.0,0.7357580909075764,TRACKING,-1.6624999999999994,0.19374999999999984,32.67299999424722,28.299350537849417,True,True
2026-09-17T06:18:53.808407+00:00,6.098302999991574,182,319.55215820412604,236.12336079969495,319.0,236.0,319.0,236.0,0.565770774505962,TRACKING,-1.6687499999999995,0.16874999999999984,31.08109999448061,31.2768785666899,True,True
2026-09-17T06:18:53.843509+00:00,6.133396499993978,183,319.5442180327113,236.0633248996588,319.0,236.0,319.0,236.0,0.5478898703616794,TRACKING,-1.6749999999999996,0.14374999999999985,33.18250000302214,28.49530539648381,True,True
2026-09-17T06:18:53.876907+00:00,6.166799300001003,184,319.7034290189645,235.9456426985209,319.0,235.0,319.0,235.0,1.178580713395274,TRACKING,-1.6812499999999997,0.11249999999999985,33.35079998942092,29.937610014420795,True,True
2026-09-17T06:18:53.911129+00:00,6.201014699996449,185,320.03031662865055,236.78060625733687,320.0,236.0,320.0,236.0,0.7811947433042623,TRACKING,-1.6812499999999997,0.08749999999999986,34.16769999603275,29.22660556746646,True,True
2026-09-17T06:18:53.966207+00:00,6.25610109999252,186,319.52530153510247,236.57862599810028,319.0,236.0,319.0,236.0,0.7815047974635579,TRACKING,-1.6874999999999998,0.062499999999999854,55.02869999327231,18.15330099754789,True,True
2026-09-17T06:18:54.016251+00:00,6.306129899996449,187,320.18869935631494,236.3502046831105,320.0,236.0,320.0,236.0,0.39780744983747157,TRACKING,-1.6874999999999998,0.03749999999999985,49.98199999681674,19.988486630130325,True,True
2026-09-17T06:18:54.050826+00:00,6.340702799992869,188,320.02072045769273,236.10591116353544,320.0,236.0,320.0,236.0,0.10791900633543051,TRACKING,-1.6874999999999998,0.012499999999999852,34.48150001349859,28.924388758350197,True,True
2026-09-17T06:18:54.093989+00:00,6.383879599990905,189,320.02146982057945,235.8563539627889,320.0,235.0,320.0,235.0,0.8566230575813056,TRACKING,-1.6874999999999998,-0.01875000000000015,43.09099999954924,23.160586241812126,True,True
2026-09-17T06:18:54.127392+00:00,6.4172847000008915,190,320.19094697664787,236.61215476074625,320.0,236.0,320.0,236.0,0.6412442584501317,TRACKING,-1.6874999999999998,-0.04375000000000015,33.35199999855831,29.935548754563154,True,True
2026-09-17T06:18:54.162318+00:00,6.452215099998284,191,320.5290460081921,236.3839218450761,320.0,236.0,320.0,236.0,0.6536709125474531,TRACKING,-1.6874999999999998,-0.06875000000000014,34.88070001185406,28.628358108542805,True,True
2026-09-17T06:18:54.193005+00:00,6.482899499998894,192,321.035555614323,236.1822235960466,321.0,236.0,321.0,236.0,0.18566001364334153,TRACKING,-1.6812499999999997,-0.09375000000000014,30.64200001244899,32.589850216401096,True,True
2026-09-17T06:18:54.224507+00:00,6.514401399996132,193,320.7101592430243,236.0175620710784,320.0,236.0,320.0,236.0,0.7103763627777883,TRACKING,-1.6812499999999997,-0.11875000000000013,31.45740000763908,31.744117024296155,True,True
2026-09-17T06:18:54.259380+00:00,6.54927289999614,194,321.5524352889874,235.90034675506976,321.0,235.0,321.0,235.0,1.056318620437621,TRACKING,-1.6749999999999996,-0.15000000000000013,34.82800000347197,28.676713075140434,True,True
2026-09-17T06:18:54.293238+00:00,6.5831341999873985,195,321.56185735710085,236.84086854210676,321.0,236.0,321.0,236.0,1.0113078635277692,TRACKING,-1.6687499999999995,-0.17500000000000013,33.818399999290705,29.53223887618486,True,True
2026-09-17T06:18:54.326396+00:00,6.616290099991602,196,321.7377945914302,236.8492740135861,321.0,236.0,321.0,236.0,1.1249920929927892,TRACKING,-1.6624999999999994,-0.20000000000000012,33.11750000284519,30.16054457496923,True,True
2026-09-17T06:18:54.361272+00:00,6.651162599999225,197,322.07951206948235,236.93554007704702,322.0,236.0,322.0,236.0,0.9389128846461288,TRACKING,-1.6499999999999995,-0.22500000000000012,34.826500006602146,28.67589073858792,True,True
2026-09-17T06:18:54.398236+00:00,6.6881329999887384,198,321.58617126150824,237.1094490290977,321.0,237.0,321.0,237.0,0.5963018009268399,TRACKING,-1.6437499999999994,-0.24375000000000013,36.92050000245217,27.048665967466974,True,True
2026-09-17T06:18:54.430133+00:00,6.720019699991099,199,322.256830554557,236.38056410476813,322.0,236.0,322.0,236.0,0.459119779133957,TRACKING,-1.6312499999999994,-0.26875000000000016,31.848400001763366,31.361037671693307,True,True
2026-09-17T06:18:54.465167+00:00,6.755059699993581,200,322.0904458409525,236.7582055744036,322.0,236.0,322.0,236.0,0.7635811307269867,TRACKING,-1.6187499999999995,-0.2937500000000002,34.988800005521625,28.538812783366648,True,True
2026-09-17T06:18:54.496681+00:00,6.786576899990905,201,322.08587117082766,237.25142744784193,322.0,237.0,322.0,237.0,0.2656870706444356,TRACKING,-1.6062499999999995,-0.31250000000000017,31.455399992410094,31.728706867516475,True,True
2026-09-17T06:18:54.527399+00:00,6.817276299989317,202,322.2418594683052,236.86899484410495,322.0,236.0,322.0,236.0,0.9020244129123475,TRACKING,-1.5937499999999996,-0.3375000000000002,30.655800001113676,32.573926527936784,True,True
2026-09-17T06:18:54.557414+00:00,6.847303299990017,203,322.5570633108795,237.6193620831652,322.0,237.0,322.0,237.0,0.8330239626750331,TRACKING,-1.5812499999999996,-0.3562500000000002,29.95830000145361,33.303360308278414,True,True
2026-09-17T06:18:54.591810+00:00,6.881704799990985,204,323.0300357715123,237.51065155454882,323.0,237.0,323.0,237.0,0.5115341217684903,TRACKING,-1.5624999999999996,-0.37500000000000017,34.34919999563135,29.068499919243987,True,True
2026-09-17T06:18:54.627243+00:00,6.917138499993598,205,322.65923132291414,237.55063341559242,322.0,237.0,322.0,237.0,0.8589430106113526,TRACKING,-1.5499999999999996,-0.39375000000000016,35.3845000063302,28.22172112780328,True,True
2026-09-17T06:18:54.658776+00:00,6.948671299993293,206,323.44300680344975,237.7467061700955,323.0,237.0,323.0,237.0,0.8682310362809338,TRACKING,-1.5312499999999996,-0.41250000000000014,31.488200009334832,31.71300994550639,True,True
2026-09-17T06:18:54.690986+00:00,6.980876699992223,207,323.3796224440594,238.1058781759149,323.0,238.0,323.0,238.0,0.39411088308838477,TRACKING,-1.5124999999999995,-0.42500000000000016,32.14940000907518,31.050693363015036,True,True
2026-09-17T06:18:54.718667+00:00,7.008563899988076,208,323.46724295555856,237.63475012771946,323.0,237.0,323.0,237.0,0.7881774572765742,TRACKING,-1.4937499999999995,-0.44375000000000014,27.634300000499934,36.11777283906571,True,True
2026-09-17T06:18:54.749625+00:00,7.039515999989817,209,323.7039386756342,238.3394985586909,323.0,238.0,323.0,238.0,0.7815298653326446,TRACKING,-1.4749999999999994,-0.45625000000000016,30.915399998775683,32.30798556297457,True,True
2026-09-17T06:18:54.779854+00:00,7.069748999987496,210,324.0876867748201,238.22586040240807,324.0,238.0,324.0,238.0,0.24228473301941228,TRACKING,-1.4499999999999995,-0.46875000000000017,30.181699999957345,33.07643965457499,True,True
2026-09-17T06:18:54.811612+00:00,7.101507899991702,211,323.6163725207001,238.29911865350002,323.0,238.0,323.0,238.0,0.685118276756555,TRACKING,-1.4312499999999995,-0.4812500000000002,31.709699993371032,31.487236644454235,True,True
2026-09-17T06:18:54.843190+00:00,7.133064999987255,212,324.2877905995467,238.5640891629114,324.0,238.0,324.0,238.0,0.6332614096102273,TRACKING,-1.4062499999999996,-0.4937500000000002,31.514900008914992,31.688589893904478,True,True
2026-09-17T06:18:54.871628+00:00,7.161520399997244,213,324.0996464945703,239.0251086007829,324.0,239.0,324.0,239.0,0.10276120724002628,TRACKING,-1.3812499999999996,-0.5000000000000002,28.394299995852634,35.14271455150749,True,True
2026-09-17T06:18:54.900353+00:00,7.190247799997451,214,324.049557919918,238.686023617034,324.0,238.0,324.0,238.0,0.6878113044687668,TRACKING,-1.3562499999999997,-0.5125000000000002,28.679399998509325,34.809972360630965,True,True
2026-09-17T06:18:54.931097+00:00,7.220959400001448,215,324.13505630952386,239.55018122674235,324.0,239.0,324.0,239.0,0.566515303413708,TRACKING,-1.3312499999999998,-0.5187500000000002,30.66190000390634,32.560986723904264,True,True
2026-09-17T06:18:54.960379+00:00,7.250275200000033,216,324.3535883598835,239.62042044434824,324.0,239.0,324.0,239.0,0.7141052135437427,TRACKING,-1.30625,-0.5250000000000001,29.20849999645725,34.11129834588389,True,True
2026-09-17T06:18:54.993382+00:00,7.283278999995673,217,324.7025176257842,239.89906518759767,324.0,239.0,324.0,239.0,1.1409860762022905,TRACKING,-1.28125,-0.5312500000000001,32.96290000434965,30.29954126894773,True,True
2026-09-17T06:18:55.022548+00:00,7.312441999994917,218,325.17912616799856,240.38791846895793,325.0,240.0,325.0,240.0,0.4272785070893653,TRACKING,-1.25,-0.5312500000000001,29.124900000169873,34.29002503260746,True,True
2026-09-17T06:18:55.051251+00:00,7.341147499988438,219,324.78061625190776,240.08825788902556,324.0,240.0,324.0,240.0,0.7855897069830822,TRACKING,-1.225,-0.5312500000000001,28.660999989369884,34.836529592785816,True,True
2026-09-17T06:18:55.082902+00:00,7.372798299998976,220,325.5041120959942,240.00083244319023,325.0,240.0,325.0,240.0,0.5041127833028081,TRACKING,-1.19375,-0.5312500000000001,31.611300000804476,31.59477800456966,True,True
2026-09-17T06:18:55.114402+00:00,7.404294299994945,221,325.34666166911194,240.12586064953615,325.0,240.0,325.0,240.0,0.3688024077106016,TRACKING,-1.1625,-0.5312500000000001,31.440699996892363,31.750063504191218,True,True
2026-09-17T06:18:55.147149+00:00,7.437045099999523,222,325.30523853540944,240.46303000266096,325.0,240.0,325.0,240.0,0.5545875466174017,TRACKING,-1.13125,-0.5312500000000001,32.70669998892117,30.53360528170949,True,True
2026-09-17T06:18:55.181177+00:00,7.471071799998754,223,325.37674374575374,241.01149775477614,325.0,241.0,325.0,241.0,0.3769191535720266,TRACKING,-1.1,-0.5250000000000001,33.98790000937879,29.388685944349657,True,True
2026-09-17T06:18:55.212550+00:00,7.502442099998007,224,325.55800777447337,240.7698930221381,325.0,240.0,325.0,240.0,0.9508459086043567,TRACKING,-1.06875,-0.5250000000000001,31.327600008808076,31.877285203642163,True,True
2026-09-17T06:18:55.245877+00:00,7.5357648999925,225,325.8457925002074,241.73632021154282,325.0,241.0,325.0,241.0,1.1213975242230172,TRACKING,-1.0375,-0.5187500000000002,33.26320000633132,30.009483001585615,True,True
2026-09-17T06:18:55.275729+00:00,7.565612499995041,226,326.23679322962744,241.90836375832245,326.0,241.0,326.0,241.0,0.9387202730478774,TRACKING,-1.0,-0.5125000000000002,29.786600003717467,33.50353126934466,True,True
2026-09-17T06:18:55.307897+00:00,7.597794000001159,227,325.7276407627621,242.28309416399858,325.0,242.0,325.0,242.0,0.7807710197766682,TRACKING,-0.96875,-0.5000000000000002,31.04679999523796,31.07375354815329,True,True
2026-09-17T06:18:55.338542+00:00,7.62843709999288,228,326.3149034986378,241.8570753185026,326.0,241.0,326.0,241.0,0.9130949102041296,TRACKING,-0.93125,-0.49375000000000024,28.335199996945448,32.63377400687828,True,True
2026-09-17T06:18:55.379173+00:00,7.66906219998782,229,325.9950895799183,242.62637308866198,325.0,242.0,325.0,242.0,1.1758173830412055,TRACKING,-0.9,-0.48125000000000023,35.44249999686144,24.6153240268833,True,True
2026-09-17T06:18:55.411566+00:00,7.701458499999717,230,326.7646490752003,242.58656515148363,326.0,242.0,326.0,242.0,0.9637151473021763,TRACKING,-0.8625,-0.4687500000000002,32.33800000452902,30.86772253722744,True,True
2026-09-17T06:18:55.441938+00:00,7.731832899997244,231,326.61997619760695,242.7327520476589,326.0,242.0,326.0,242.0,0.9598416791051869,TRACKING,-0.8250000000000001,-0.4562500000000002,30.324000006658025,32.92246102248685,True,True
2026-09-17T06:18:55.474922+00:00,7.764819699994405,232,326.5574115582857,243.05956942765985,326.0,243.0,326.0,243.0,0.5605855528126131,TRACKING,-0.7875000000000001,-0.4375000000000002,31.379000007291324,30.31515636818547,True,True
2026-09-17T06:18:55.505883+00:00,7.795764099995722,233,326.5732444534078,242.56120145981947,326.0,242.0,326.0,242.0,0.8022195970345908,TRACKING,-0.7500000000000001,-0.4250000000000002,28.831000003265217,32.316024869037086,True,True
2026-09-17T06:18:55.542573+00:00,7.832469000000856,234,326.6637151832381,243.2313953668823,326.0,243.0,326.0,243.0,0.7028951986429842,TRACKING,-0.7125000000000001,-0.4062500000000002,32.279799997922964,27.244318874595287,True,True
2026-09-17T06:18:55.573374+00:00,7.863268599990988,235,326.8250174018233,243.0634770546906,326.0,243.0,326.0,243.0,0.8274557690797991,TRACKING,-0.6750000000000002,-0.38750000000000023,29.70919999643229,32.46795413967666,True,True
2026-09-17T06:18:55.610642+00:00,7.900533299995004,236,327.0533004958363,243.05036779394462,327.0,243.0,327.0,243.0,0.07333387705040498,TRACKING,-0.6312500000000002,-0.36875000000000024,33.255900008953176,26.83504764273506,True,True
2026-09-17T06:18:55.640799+00:00,7.930694700000458,237,326.34467199108246,243.1846019133389,326.0,243.0,326.0,243.0,0.3909944345449575,TRACKING,-0.5937500000000002,-0.35000000000000026,30.115299989120103,33.15495964441857,True,True
2026-09-17T06:18:55.674382+00:00,7.964279399995576,238,326.69519998517,243.45834545985224,326.0,243.0,326.0,243.0,0.8326965713556999,TRACKING,-0.5562500000000002,-0.33125000000000027,30.389699997613207,29.775463236098158,True,True
2026-09-17T06:18:55.709646+00:00,7.999536299990723,239,327.1009156048218,243.86341577955136,327.0,243.0,327.0,243.0,0.8692932575804521,TRACKING,-0.5125000000000003,-0.3125000000000003,32.60969999246299,28.363242376318954,True,True
2026-09-17T06:18:55.743388+00:00,8.033284499993897,240,326.55781548629005,244.39130196996308,326.0,244.0,326.0,244.0,0.6813775373770378,TRACKING,-0.4750000000000003,-0.28750000000000026,32.559600003878586,29.631209958040625,True,True
2026-09-17T06:18:55.773457+00:00,8.063345399990794,241,327.06186427733047,244.03318615289925,327.0,244.0,327.0,244.0,0.0702033443211484,TRACKING,-0.4312500000000003,-0.26250000000000023,29.959099992993288,33.26580375515094,True,True
2026-09-17T06:18:55.807999+00:00,8.097892799996771,242,326.6089971591644,243.77996551455905,326.0,243.0,326.0,243.0,0.9895573473890636,TRACKING,-0.39375000000000027,-0.24375000000000024,30.528900009812787,28.945738313939714,True,True
2026-09-17T06:18:55.849025+00:00,8.138882100000046,243,327.19512238685877,244.62227505782312,327.0,244.0,327.0,244.0,0.6521495177045118,TRACKING,-0.35000000000000026,-0.21875000000000025,38.367100001778454,24.39661082087507,True,True
2026-09-17T06:18:55.908157+00:00,8.198051299987128,244,326.8161238465344,244.55051100986975,326.0,244.0,326.0,244.0,0.9844391829208942,TRACKING,-0.3125000000000002,-0.19375000000000026,59.05699999129865,16.9006848194386,True,True
2026-09-17T06:18:55.966175+00:00,8.256070099989302,245,327.4678636278014,244.55485482660424,327.0,244.0,327.0,244.0,0.7257825106914121,TRACKING,-0.2687500000000002,-0.16875000000000026,57.94929999683518,17.235792535566706,True,True
2026-09-17T06:18:56.023151+00:00,8.313029500000994,246,327.1461846098205,244.62529773390696,327.0,244.0,327.0,244.0,0.6421582329749888,TRACKING,-0.2250000000000002,-0.14375000000000027,56.90949999552686,17.55636470529408,True,True
2026-09-17T06:18:56.075433+00:00,8.365323799996986,247,326.84691305936644,244.75166574435525,326.0,244.0,326.0,244.0,1.1323705759876317,TRACKING,-0.1875000000000002,-0.11875000000000027,52.216099997167476,19.12254299372277,True,True
2026-09-17T06:18:56.126447+00:00,8.416337899994687,248,327.56586123927605,244.92364508689377,327.0,244.0,327.0,244.0,1.0831985915140512,TRACKING,-0.14375000000000018,-0.09375000000000028,50.96169999160338,19.602423644542657,True,True
2026-09-17T06:18:56.173720+00:00,8.463610599996173,249,327.2988300256485,245.13080798589124,327.0,245.0,327.0,245.0,0.3262056305492057,TRACKING,-0.10000000000000017,-0.06250000000000028,47.21540000173263,21.1538583573304,True,True
2026-09-17T06:18:56.228798+00:00,8.518689499993343,250,327.04161153215966,244.362638725148,327.0,244.0,327.0,244.0,0.365018307192452,TRACKING,-0.05625000000000017,-0.037500000000000276,55.01450000156183,18.155772901263084,True,True
2026-09-17T06:18:56.288884+00:00,8.57877139998891,251,326.7899917398553,244.60855993171103,326.0,244.0,326.0,244.0,0.9972121838022768,TRACKING,-0.018750000000000162,-0.012500000000000275,60.01999998989049,16.643947679314294,True,True
2026-09-17T06:18:56.345786+00:00,8.635670599993318,252,327.53975313077467,244.85795901379683,327.0,244.0,327.0,244.0,1.0136207927702978,TRACKING,0.024999999999999842,0.012499999999999727,56.84720000135712,17.57493954084611,True,True
2026-09-17T06:18:56.392360+00:00,8.682249999998021,253,327.2866773237624,245.10021468674427,327.0,245.0,327.0,245.0,0.30368877390975385,TRACKING,0.06874999999999984,0.04374999999999973,46.52160000114236,21.468717928935124,True,True
2026-09-17T06:18:56.443124+00:00,8.733007199989515,254,327.02654771082024,244.3247235206953,327.0,244.0,327.0,244.0,0.3258069149704261,TRACKING,0.11249999999999985,0.06874999999999973,50.70479999994859,19.701638391549846,True,True
2026-09-17T06:18:56.497659+00:00,8.787554899987299,255,326.755152092348,244.52092644364643,326.0,244.0,326.0,244.0,0.917397973764755,TRACKING,0.14999999999999986,0.09374999999999972,54.48260001139715,18.332578642924112,True,True
2026-09-17T06:18:56.552170+00:00,8.842056699999375,256,327.4682853096333,244.67833513363087,327.0,244.0,327.0,244.0,0.8242752481643274,TRACKING,0.19374999999999987,0.11874999999999972,54.44819999684114,18.348017859564717,True,True
2026-09-17T06:18:56.601515+00:00,8.891403499990702,257,327.161751872937,244.78655823406,327.0,244.0,327.0,244.0,0.8030177606791898,TRACKING,0.23749999999999988,0.1437499999999997,49.27839999436401,20.264738547905196,True,True
2026-09-17T06:18:56.654539+00:00,8.944429199997103,258,326.83136858353845,244.83532732670398,326.0,244.0,326.0,244.0,1.17853530470374,TRACKING,0.2749999999999999,0.1687499999999997,52.96329999691807,18.85877979695283,True,True
2026-09-17T06:18:56.707132+00:00,8.997025699994992,259,327.47296714809954,244.8145225973895,327.0,244.0,327.0,244.0,0.9418837427408695,TRACKING,0.3187499999999999,0.1937499999999997,52.539900003466755,19.012671946614773,True,True
2026-09-17T06:18:56.763603+00:00,9.053489400001126,260,327.0823967837102,244.71419813026455,327.0,244.0,327.0,244.0,0.718935462499354,TRACKING,0.36249999999999993,0.2187499999999997,56.410800010780804,17.710493642665394,True,True
2026-09-17T06:18:56.813441+00:00,9.10332519999065,261,326.65552681199495,244.52460676740884,326.0,244.0,326.0,244.0,0.8395997032249422,TRACKING,0.3999999999999999,0.2437499999999997,49.767300006351434,20.06589640800836,True,True
2026-09-17T06:18:56.865211+00:00,9.155100699994364,262,327.1882492406504,244.23622447165195,327.0,244.0,327.0,244.0,0.30205922865010826,TRACKING,0.4437499999999999,0.2687499999999997,51.70539999380708,19.314154376650443,True,True
2026-09-17T06:18:56.926051+00:00,9.215938900000765,263,326.67648133080775,243.83977413170618,326.0,243.0,326.0,243.0,1.0783541084515262,TRACKING,0.48124999999999996,0.2874999999999997,60.775400008424185,16.43704119935803,True,True
2026-09-17T06:18:56.978555+00:00,9.268448599992553,264,327.11616814861225,244.32624875011413,327.0,244.0,327.0,244.0,0.34631385433307516,TRACKING,0.5249999999999999,0.3124999999999997,52.45160000049509,19.04410042632874,True,True
2026-09-17T06:18:57.033480+00:00,9.323371399994357,265,326.50328509942307,243.68693395605032,326.0,243.0,326.0,243.0,0.8515715773064741,TRACKING,0.5624999999999999,0.3312499999999997,54.879200004506856,18.207374714456307,True,True
2026-09-17T06:18:57.082544+00:00,9.372435899989796,266,326.8338404430561,243.91342978671128,326.0,243.0,326.0,243.0,1.2367877181341123,TRACKING,0.5999999999999999,0.3499999999999997,49.01100001006853,20.381334775509213,True,True
2026-09-17T06:18:57.137195+00:00,9.42709029999969,267,327.10387778848985,243.99767168284666,327.0,243.0,327.0,243.0,1.0030649937544551,TRACKING,0.6437499999999998,0.3687499999999997,54.603100012172945,18.296788544361625,True,True
2026-09-17T06:18:57.186445+00:00,9.476341599991429,268,326.3094785664815,243.93195064595818,326.0,243.0,326.0,243.0,0.9819923572071864,TRACKING,0.6812499999999998,0.3874999999999997,49.21029999968596,20.30403258731751,True,True
2026-09-17T06:18:57.232024+00:00,9.521916699988651,269,326.4467644785466,243.7089325067813,326.0,243.0,326.0,243.0,0.837964079458202,TRACKING,0.7187499999999998,0.40624999999999967,45.53019999002572,21.94180594361713,True,True
2026-09-17T06:18:57.280947+00:00,9.57083889999194,270,326.5118999207667,243.32167625688783,326.0,243.0,326.0,243.0,0.6045801378860707,TRACKING,0.7562499999999998,0.42499999999999966,48.86749999423046,20.440617959387726,True,True
2026-09-17T06:18:57.333065+00:00,9.622943899987149,271,326.50109438091977,242.76365139759343,326.0,242.0,326.0,242.0,0.9133778164789043,TRACKING,0.7937499999999997,0.43749999999999967,52.043500007130206,19.19201612305847,True,True
2026-09-17T06:18:57.379926+00:00,9.669820999988588,272,326.4106048074245,243.0287542628023,326.0,243.0,326.0,243.0,0.4116103928588236,TRACKING,0.8312499999999997,0.45624999999999966,46.80529999313876,21.332377642160306,True,True
2026-09-17T06:18:57.434910+00:00,9.724726000000373,273,326.23673794862697,242.11132327499405,326.0,242.0,326.0,242.0,0.26160605473785425,TRACKING,0.8687499999999997,0.46874999999999967,54.86129999917466,18.21327747537274,True,True
2026-09-17T06:18:57.481915+00:00,9.77180689999659,274,325.9758526609632,242.0061530962194,325.0,242.0,325.0,242.0,0.9758720594945018,TRACKING,0.8999999999999997,0.4812499999999997,46.92110000178218,21.240035769926738,True,True
2026-09-17T06:18:57.533032+00:00,9.822926900000311,275,326.62436218455395,241.70850763873335,326.0,241.0,326.0,241.0,0.9443575655674518,TRACKING,0.9374999999999997,0.48749999999999966,51.07070000667591,19.56181533503947,True,True
2026-09-17T06:18:57.584800+00:00,9.874687099989387,276,326.17873638481404,242.214131902749,326.0,242.0,326.0,242.0,0.2789250204468872,TRACKING,0.9749999999999996,0.49999999999999967,51.71580000023823,19.31986352856161,True,True
2026-09-17T06:18:57.634275+00:00,9.924162299997988,277,325.6355039586711,241.51926261172002,325.0,241.0,325.0,241.0,0.8206698126633817,TRACKING,1.0062499999999996,0.5062499999999996,49.41240001062397,20.212146688162075,True,True
2026-09-17T06:18:57.684596+00:00,9.9744856999896,278,325.99125460401655,241.62063761857303,325.0,241.0,325.0,241.0,1.1695198773736168,TRACKING,1.0374999999999996,0.5124999999999996,50.263299999642186,19.87147132679197,True,True
2026-09-17T06:18:57.736533+00:00,10.026426199998241,279,326.2426411510346,241.51550405937593,326.0,241.0,326.0,241.0,0.5697535988552052,TRACKING,1.0749999999999997,0.5187499999999996,51.88980000093579,19.252798872433655,True,True
2026-09-17T06:18:57.790214+00:00,10.08010939999076,280,325.3863816540731,241.201625234064,325.0,241.0,325.0,241.0,0.4358250997999367,TRACKING,1.1062499999999997,0.5249999999999996,53.62819999572821,18.627801623959442,True,True
2026-09-17T06:18:57.844227+00:00,10.134117599998717,281,325.419261442754,240.67728619702575,325.0,240.0,325.0,240.0,0.7965530428425889,TRACKING,1.1374999999999997,0.5249999999999996,53.9613000000827,18.515706871413606,True,True
2026-09-17T06:18:57.897972+00:00,10.187840499987942,282,325.33813513103644,240.94129804357306,325.0,240.0,325.0,240.0,1.0001886690397428,TRACKING,1.1687499999999997,0.5249999999999996,53.66859999776352,18.61403610379497,True,True
2026-09-17T06:18:57.949563+00:00,10.239455799994175,283,325.1399285829813,240.99300088158435,325.0,240.0,325.0,240.0,1.0028114275188829,TRACKING,1.1999999999999997,0.5249999999999996,51.50669999420643,19.374100312876962,True,True
2026-09-17T06:18:58.001871+00:00,10.291762699998799,284,324.8216408339867,240.83226548089078,324.0,240.0,324.0,240.0,1.169512501325536,TRACKING,1.2249999999999996,0.5249999999999996,52.25500000233296,19.117936637644537,True,True
2026-09-17T06:18:58.051243+00:00,10.341136199989705,285,325.3803459662916,240.45949359628486,325.0,240.0,325.0,240.0,0.5964875682703562,TRACKING,1.2562499999999996,0.5249999999999996,49.32379999081604,20.25377986539695,True,True
2026-09-17T06:18:58.125933+00:00,10.415827499993611,286,324.81319493758104,239.87561696334222,324.0,239.0,324.0,239.0,1.194985804518237,TRACKING,1.2812499999999996,0.5187499999999996,74.63309999729972,13.388440152302982,True,True
2026-09-17T06:18:58.185570+00:00,10.475464999995893,287,325.11741736154323,240.08209496956806,325.0,240.0,325.0,240.0,0.14327044642966327,TRACKING,1.3124999999999996,0.5187499999999996,59.593099998892285,16.76797317060138,True,True
2026-09-17T06:18:58.237945+00:00,10.527834599997732,288,324.29032323927146,239.0809110066886,324.0,239.0,324.0,239.0,0.3013870837717448,TRACKING,1.3374999999999995,0.5124999999999996,52.325099997688085,19.095047507807667,True,True
2026-09-17T06:18:58.287784+00:00,10.577659299990046,289,324.32930464042636,238.87456751320457,324.0,238.0,324.0,238.0,0.9345105036109301,TRACKING,1.3624999999999994,0.4999999999999996,49.762100010411814,20.07036670876616,True,True
2026-09-17T06:18:58.341914+00:00,10.631804199991166,290,324.23183733310657,239.4660797195981,324.0,239.0,324.0,239.0,0.5205562928662074,TRACKING,1.3874999999999993,0.49374999999999963,54.064600000856444,18.468960141755144,True,True
2026-09-17T06:18:58.391722+00:00,10.6816131999949,291,323.9954823614123,238.85896811182687,323.0,238.0,323.0,238.0,1.3148427088509307,TRACKING,1.4062499999999993,0.4812499999999996,49.75109999941196,20.07669296562951,True,True
2026-09-17T06:18:58.445323+00:00,10.735212299987325,292,324.6178875697126,239.05724963194285,324.0,239.0,324.0,239.0,0.6205340999195184,TRACKING,1.4312499999999992,0.47499999999999964,53.54500000248663,18.657029691568024,True,True
2026-09-17T06:18:58.497646+00:00,10.787536799994996,293,324.09678907266664,238.06542763782892,324.0,238.0,324.0,238.0,0.1168285084195629,TRACKING,1.4562499999999992,0.46249999999999963,52.26569999649655,19.111506079434868,True,True
2026-09-17T06:18:58.548268+00:00,10.838163799999165,294,323.43001267007844,237.88848064714938,323.0,237.0,323.0,237.0,0.9870707962385316,TRACKING,1.4749999999999992,0.44374999999999964,50.56750000221655,19.752306080108283,True,True
2026-09-17T06:18:58.599062+00:00,10.888955299989902,295,323.61547520570036,238.53184989364905,323.0,238.0,323.0,238.0,0.8134334872664226,TRACKING,1.4937499999999992,0.43124999999999963,50.742200008244254,19.688333681469768,True,True
2026-09-17T06:18:58.654804+00:00,10.944694599995273,296,323.65118586913934,238.0014257269019,323.0,238.0,323.0,238.0,0.6511874299032164,TRACKING,1.5124999999999993,0.4187499999999996,55.68730000231881,17.94066304929637,True,True
2026-09-17T06:18:58.706542+00:00,10.996433799999068,297,323.5352474400472,237.30353288950556,323.0,237.0,323.0,237.0,0.6153227097131163,TRACKING,1.5312499999999993,0.39999999999999963,51.68980000598822,19.327705104189146,True,True
2026-09-17T06:18:58.762815+00:00,11.052709299998241,298,323.26585747382217,237.444914708518,323.0,237.0,323.0,237.0,0.5182946017881839,TRACKING,1.5499999999999994,0.38124999999999964,56.22300000686664,17.769722170654713,True,True
2026-09-17T06:18:58.815586+00:00,11.105477499993867,299,322.8413094280787,237.4327162406521,322.0,237.0,322.0,237.0,0.9460681258229883,TRACKING,1.5624999999999993,0.36249999999999966,52.72029999468941,18.950807495478248,True,True
2026-09-17T06:18:58.872610+00:00,11.162501499988139,300,323.25999372917966,237.27446641335501,323.0,237.0,323.0,237.0,0.3780589256620051,TRACKING,1.5812499999999994,0.34374999999999967,56.97060000966303,17.536475871570897,True,True
2026-09-17T06:18:58.921658+00:00,11.211545599988312,301,322.52039877816856,236.97805920641002,322.0,236.0,322.0,236.0,1.107887494090772,TRACKING,1.5937499999999993,0.31874999999999964,48.9707999950042,20.38981243404317,True,True
2026-09-17T06:18:58.972614+00:00,11.26250149999396,302,322.6211118954692,237.55173392109896,322.0,237.0,322.0,237.0,0.8307769293766956,TRACKING,1.6062499999999993,0.29999999999999966,50.89919999591075,19.62481282617281,True,True
2026-09-17T06:18:59.028101+00:00,11.317992399999639,303,322.56082020376425,237.00405458623953,322.0,237.0,322.0,237.0,0.5608348603820471,TRACKING,1.6187499999999992,0.28124999999999967,55.426300008548424,18.020972806309658,True,True
2026-09-17T06:18:59.079259+00:00,11.369152699990082,304,322.3383114485015,236.34388855257288,322.0,236.0,322.0,236.0,0.48240436645810164,TRACKING,1.6312499999999992,0.25624999999999964,51.10769999737386,19.546406103693943,True,True
2026-09-17T06:18:59.128744+00:00,11.418631799999275,305,321.9524747555125,236.58038432900588,321.0,236.0,321.0,236.0,1.1153717448654743,TRACKING,1.6374999999999993,0.23124999999999965,49.42460000165738,20.2105535430958,True,True
2026-09-17T06:18:59.179496+00:00,11.469391099992208,306,322.40230132527415,236.72294871610205,322.0,236.0,322.0,236.0,0.8273458783549633,TRACKING,1.6499999999999992,0.20624999999999966,50.696599995717406,19.700823300148485,True,True
2026-09-17T06:18:59.230701+00:00,11.520587299994077,307,321.6868850633738,236.7812232939802,321.0,236.0,321.0,236.0,1.040250414728713,TRACKING,1.6562499999999993,0.18124999999999966,51.148800004739314,19.532699691842456,True,True
2026-09-17T06:18:59.281963+00:00,11.57185429999663,308,321.8054231467902,236.76506032338477,321.0,236.0,321.0,236.0,1.1108662132781904,TRACKING,1.6624999999999994,0.15624999999999967,51.18969999602996,19.505724929295425,True,True
2026-09-17T06:18:59.336197+00:00,11.626081800000975,309,321.7572165256314,236.68449812016473,321.0,236.0,321.0,236.0,1.0207421531407193,TRACKING,1.6687499999999995,0.13124999999999967,54.14980000932701,18.440827991699443,True,True
2026-09-17T06:18:59.387321+00:00,11.67721119998896,310,321.5416703600177,236.54973596471274,321.0,236.0,321.0,236.0,0.7717618867373143,TRACKING,1.6749999999999996,0.10624999999999968,51.0663999884855,19.558218954945385,True,True
2026-09-17T06:18:59.436867+00:00,11.726758699995116,311,321.1582943918376,236.37110860907467,321.0,236.0,321.0,236.0,0.4034584417465753,TRACKING,1.6812499999999997,0.08124999999999968,49.480199988465756,20.18265300723053,True,True
2026-09-17T06:18:59.488156+00:00,11.778041599987773,312,320.6067032511434,236.15906044545264,320.0,236.0,320.0,236.0,0.6272073502882292,TRACKING,1.6812499999999997,0.05624999999999968,51.228600001195446,19.499677283133135,True,True
2026-09-17T06:18:59.541710+00:00,11.831600099991192,313,320.8866166969943,235.9241194006636,320.0,235.0,320.0,235.0,1.280658359622864,TRACKING,1.6812499999999997,0.024999999999999682,53.4851999982493,18.671172641805978,True,True
2026-09-17T06:18:59.592980+00:00,11.882870899993577,314,320.99785979259815,236.67687062180457,320.0,236.0,320.0,236.0,1.205768636325445,TRACKING,1.6812499999999997,-3.191891195797325e-16,51.20899999747053,19.50427923795774,True,True
2026-09-17T06:18:59.647514+00:00,11.937405499993474,315,320.94036301464126,236.4279300188986,320.0,236.0,320.0,236.0,1.0331537641511819,TRACKING,1.6812499999999997,-0.02500000000000032,54.47830000775866,18.33698239286408,True,True
2026-09-17T06:18:59.705721+00:00,11.995613399994909,316,320.7141622967385,236.18791773064711,320.0,236.0,320.0,236.0,0.7384719761604779,TRACKING,1.6812499999999997,-0.05000000000000032,58.15630000142846,17.179798617977177,True,True
2026-09-17T06:18:59.757942+00:00,12.047832999989623,317,320.3193990069752,235.96743157961524,320.0,235.0,320.0,235.0,1.0187932012403502,TRACKING,1.6812499999999997,-0.08125000000000032,52.165699991746806,19.14989774148441,True,True
2026-09-17T06:18:59.807692+00:00,12.09756650000054,318,319.75631985955744,236.77702058319397,319.0,236.0,319.0,236.0,1.0843342273801388,TRACKING,1.6749999999999996,-0.10625000000000032,49.6733000036329,20.107171218203213,True,True
2026-09-17T06:18:59.857093+00:00,12.146983499987982,319,320.0252767606233,236.6271585865502,320.0,236.0,320.0,236.0,0.6276677523270133,TRACKING,1.6749999999999996,-0.1312500000000003,49.27719999977853,20.23595119602775,True,True
2026-09-17T06:18:59.911165+00:00,12.201060899998993,320,319.12672658831315,236.5282180834695,319.0,236.0,319.0,236.0,0.5432071169357903,TRACKING,1.6687499999999995,-0.1562500000000003,54.020700001274236,18.492013295690885,True,True
2026-09-17T06:18:59.963443+00:00,12.253332099993713,321,319.0612309072356,236.49044429052233,319.0,236.0,319.0,236.0,0.49425178412105836,TRACKING,1.6624999999999994,-0.1812500000000003,52.21539999183733,19.130993742271112,True,True
2026-09-17T06:19:00.019507+00:00,12.309401299993624,322,318.82945561750796,236.52392953935927,318.0,236.0,318.0,236.0,0.9810702235970328,TRACKING,1.6499999999999995,-0.2062500000000003,56.01159999787342,17.835103764662083,True,True
2026-09-17T06:19:00.068829+00:00,12.358713499997975,323,319.4321705385903,236.63858805113728,319.0,236.0,319.0,236.0,0.771081106940595,TRACKING,1.6437499999999994,-0.2312500000000003,49.26770000020042,20.27895733534013,True,True
2026-09-17T06:19:00.121319+00:00,12.411206899996614,324,318.8702489281734,236.8441311561304,318.0,236.0,318.0,236.0,1.212390451025161,TRACKING,1.6312499999999994,-0.2562500000000003,52.429599993047304,19.050013907004143,True,True
2026-09-17T06:19:00.177162+00:00,12.46704969998973,325,319.1446669364209,237.15004302046077,319.0,237.0,319.0,237.0,0.20842607918011893,TRACKING,1.6249999999999993,-0.2750000000000003,55.7764999975916,17.90741152168738,True,True
2026-09-17T06:19:00.230239+00:00,12.520127499999944,326,318.25650299590757,236.56555694062382,318.0,236.0,318.0,236.0,0.6210059903071259,TRACKING,1.6124999999999994,-0.3000000000000003,53.01570000301581,18.84026843251896,True,True
2026-09-17T06:19:00.281185+00:00,12.571076599997468,327,318.2069371476339,237.0996322650549,318.0,237.0,318.0,237.0,0.22967274829813322,TRACKING,1.5999999999999994,-0.3187500000000003,50.887999997939914,19.627432085131908,True,True
2026-09-17T06:19:00.332930+00:00,12.62282079999568,328,317.99725030353875,236.76093200042428,317.0,236.0,317.0,236.0,1.2544025180052125,TRACKING,1.5812499999999994,-0.34375000000000033,51.684399993973784,19.325837485835546,True,True
2026-09-17T06:19:00.382545+00:00,12.672429300000658,329,318.6288234459714,237.5578011586323,318.0,237.0,318.0,237.0,0.8405718641347056,TRACKING,1.5687499999999994,-0.3625000000000003,49.55820000031963,20.157835852719536,True,True
2026-09-17T06:19:00.437651+00:00,12.727542900000117,330,318.10313676462204,237.4982458986246,318.0,237.0,318.0,237.0,0.5088085766896282,TRACKING,1.5562499999999995,-0.3812500000000003,55.034899996826425,18.14434186861001,True,True
2026-09-17T06:19:00.487531+00:00,12.77742379999836,331,317.42176873145183,237.58991351516593,317.0,237.0,317.0,237.0,0.7251805418003962,TRACKING,1.5374999999999994,-0.4000000000000003,49.81739999493584,20.047753750137318,True,True
2026-09-17T06:19:00.541943+00:00,12.83183779999672,332,317.58639511419926,237.8400733245847,317.0,237.0,317.0,237.0,1.0244912984674621,TRACKING,1.5187499999999994,-0.4187500000000003,54.36570000892971,18.37762340629508,True,True
2026-09-17T06:19:00.593555+00:00,12.883446899999399,333,317.5987879290799,238.25559849526826,317.0,238.0,317.0,238.0,0.651058810550308,TRACKING,1.4999999999999993,-0.4312500000000003,51.562900000135414,19.376427799517714,True,True
2026-09-17T06:19:00.644645+00:00,12.934539499998209,334,317.4608143333336,237.84294886832157,317.0,237.0,317.0,237.0,0.9606834256977143,TRACKING,1.4812499999999993,-0.4500000000000003,51.04030000802595,19.5723059704005,True,True
2026-09-17T06:19:00.694623+00:00,12.98450549998961,335,317.174435458312,238.60815481132806,317.0,238.0,317.0,238.0,0.6326768556364268,TRACKING,1.4624999999999992,-0.4625000000000003,49.92209999181796,20.013609257737535,True,True
2026-09-17T06:19:00.745554+00:00,13.035445099987555,336,316.74170518383585,238.5568021455722,316.0,238.0,316.0,238.0,0.9274455288817585,TRACKING,1.4374999999999993,-0.4750000000000003,50.86930000106804,19.631092510351888,True,True
2026-09-17T06:19:00.795280+00:00,13.085164399992209,337,317.16476885458655,238.69401818439442,317.0,238.0,317.0,238.0,0.7133092006359492,TRACKING,1.4187499999999993,-0.4875000000000003,49.658999996609055,20.11291389674436,True,True
2026-09-17T06:19:00.840583+00:00,13.130473500001244,338,316.4458619393355,239.0244589175786,316.0,239.0,316.0,239.0,0.44653231416899547,TRACKING,1.3937499999999994,-0.4937500000000003,45.24810001021251,22.0706215705142,True,True
2026-09-17T06:19:00.891193+00:00,13.181084899988491,339,316.5873086338495,238.55229737380228,316.0,238.0,316.0,238.0,0.8062033369461101,TRACKING,1.3687499999999995,-0.5062500000000003,50.54620000009891,19.758394358819988,True,True
2026-09-17T06:19:00.945684+00:00,13.235577799991006,340,316.5915204083425,239.28121319023774,316.0,239.0,316.0,239.0,0.6549635500158393,TRACKING,1.3437499999999996,-0.5125000000000003,54.440099993371405,18.35101453499168,True,True
2026-09-17T06:19:01.023569+00:00,13.31345919999876,341,316.46099450038713,239.21438341537612,316.0,239.0,316.0,239.0,0.5084055253196108,TRACKING,1.3187499999999996,-0.5187500000000003,77.81700001214631,12.84003625898393,True,True
2026-09-17T06:19:01.077345+00:00,13.367233999990276,342,316.1983123542216,239.35447456806037,316.0,239.0,316.0,239.0,0.4061773125600554,TRACKING,1.2937499999999997,-0.5250000000000002,53.72330000682268,18.596071025048516,True,True
2026-09-17T06:19:01.130501+00:00,13.420389499995508,343,315.8061380074309,239.70363597257693,315.0,239.0,315.0,239.0,1.070029003779304,TRACKING,1.2624999999999997,-0.5312500000000002,53.08769999828655,18.8127286903814,True,True
2026-09-17T06:19:01.184816+00:00,13.474709399990388,344,316.2872164260106,240.26349438646437,316.0,240.0,316.0,240.0,0.3897724555026279,TRACKING,1.2374999999999998,-0.5312500000000002,54.26370000350289,18.40945951841327,True,True
2026-09-17T06:19:01.241660+00:00,13.531554099987261,345,315.64437178885134,240.03514993446657,315.0,240.0,315.0,240.0,0.6453297762853396,TRACKING,1.2062499999999998,-0.5312500000000002,56.79640000744257,17.591789560944346,True,True
2026-09-17T06:19:01.296686+00:00,13.586580499992124,346,315.8805057227204,240.0191733587941,315.0,240.0,315.0,240.0,0.8807144516986175,TRACKING,1.1749999999999998,-0.5312500000000002,54.97460000333376,18.173095094566023,True,True
2026-09-17T06:19:01.348163+00:00,13.638052899987088,347,315.99859548883865,240.21560459256565,315.0,240.0,315.0,240.0,1.021605741303511,TRACKING,1.1437499999999998,-0.5312500000000002,51.427300000796095,19.42788756882996,True,True
2026-09-17T06:19:01.403129+00:00,13.693018399993889,348,316.0016921221892,240.62395265999626,316.0,240.0,316.0,240.0,0.6239549544589861,TRACKING,1.11875,-0.5312500000000002,54.91089999850374,18.193230296754503,True,True
2026-09-17T06:19:01.454305+00:00,13.744195199993555,349,314.89291852472024,241.2431969035808,314.0,241.0,314.0,241.0,0.9254448798820331,TRACKING,1.0812499999999998,-0.5250000000000002,51.119300012942404,19.54010410980207,True,True
2026-09-17T06:19:01.504541+00:00,13.794430299996748,350,315.67546751363193,241.07178953520668,315.0,241.0,315.0,241.0,0.6792717418951646,TRACKING,1.0499999999999998,-0.5187500000000003,50.18890000064857,19.90640010543335,True,True
2026-09-17T06:19:01.553217+00:00,13.843108000000939,351,315.3525998259711,241.10765950481732,315.0,241.0,315.0,241.0,0.36866950816734056,TRACKING,1.0187499999999998,-0.5125000000000003,48.60069999995176,20.543287787095533,True,True
2026-09-17T06:19:01.601571+00:00,13.891462499988847,352,314.9276420807756,241.3482176769595,314.0,241.0,314.0,241.0,0.9908457905107182,TRACKING,0.9812499999999998,-0.5062500000000003,48.30359999323264,20.680598501691808,True,True
2026-09-17T06:19:01.654384+00:00,13.944276800000807,353,315.4039847000464,241.79036330227302,315.0,241.0,315.0,241.0,0.8876248010570132,TRACKING,0.9499999999999998,-0.5000000000000003,52.757800003746524,18.934265904755886,True,True
2026-09-17T06:19:01.707828+00:00,13.997717599995667,354,314.78507978984385,242.4304917677494,314.0,242.0,314.0,242.0,0.8953621828742079,TRACKING,0.9124999999999999,-0.4875000000000003,53.39030000322964,18.71229472792668,True,True
2026-09-17T06:19:01.759186+00:00,14.04908099999011,355,315.07443898283293,242.2645036063875,315.0,242.0,315.0,242.0,0.2747786744949441,TRACKING,0.8812499999999999,-0.4750000000000003,51.297699988936074,19.469116143171725,True,True
2026-09-17T06:19:01.811312+00:00,14.101206199993612,356,314.2756312436288,242.28781474372565,314.0,242.0,314.0,242.0,0.39850960988441847,TRACKING,0.8437499999999999,-0.4625000000000003,52.082800000789575,19.184578666994398,True,True
2026-09-17T06:19:01.871216+00:00,14.161094199997024,357,314.39228063830944,242.49536795564046,314.0,242.0,314.0,242.0,0.6318809307677155,TRACKING,0.8062499999999999,-0.4500000000000003,59.83929999638349,16.697835959508357,True,True
2026-09-17T06:19:01.922504+00:00,14.212398299991037,358,314.42806406949165,242.88164550877372,314.0,242.0,314.0,242.0,0.980070227448329,TRACKING,0.7687499999999999,-0.4375000000000003,51.225099989096634,19.491619580436936,True,True
2026-09-17T06:19:01.973534+00:00,14.263420499992208,359,314.3867089783878,243.44068295199168,314.0,243.0,314.0,243.0,0.5862979602060914,TRACKING,0.73125,-0.4187500000000003,50.97699999168981,19.59931167172431,True,True
2026-09-17T06:19:02.021317+00:00,14.311200899988762,360,314.2719910152743,243.16608402440755,314.0,243.0,314.0,243.0,0.31868952846516735,TRACKING,0.69375,-0.4000000000000003,47.71959999925457,20.929083893649103,True,True
2026-09-17T06:19:02.086388+00:00,14.37628309999127,361,314.0877316798359,243.05103664270172,314.0,243.0,314.0,243.0,0.10149673169658577,TRACKING,0.65625,-0.3812500000000003,65.010499994969,15.365184335524534,True,True
2026-09-17T06:19:02.133956+00:00,14.423850199993467,362,313.837795932851,243.08832992778255,313.0,243.0,313.0,243.0,0.8424394347629762,TRACKING,0.6125,-0.3625000000000003,47.52340000413824,21.022933917640575,True,True
2026-09-17T06:19:02.173186+00:00,14.463076100000762,363,314.52608978071714,243.2703722282292,314.0,243.0,314.0,243.0,0.5914994498498184,TRACKING,0.5750000000000001,-0.34375000000000033,39.172999997390434,25.493360249580384,True,True
2026-09-17T06:19:02.211343+00:00,14.50123199999507,364,314.1565578343251,243.5892100954659,314.0,243.0,314.0,243.0,0.6096547318667224,TRACKING,0.5375000000000001,-0.32500000000000034,38.100999998277985,26.208266615364177,True,True
2026-09-17T06:19:02.247234+00:00,14.537126099996385,365,313.7331808438031,244.03654816324237,313.0,244.0,313.0,244.0,0.7340912190976087,TRACKING,0.4937500000000001,-0.3000000000000003,35.836199996992946,27.85973182120109,True,True
2026-09-17T06:19:02.281483+00:00,14.571372999998857,366,314.25997321068087,243.60376988172789,314.0,243.0,314.0,243.0,0.6573614989892729,TRACKING,0.45625000000000004,-0.28125000000000033,34.1958000062732,29.19972318451642,True,True
2026-09-17T06:19:02.315440+00:00,14.605308599988348,367,313.74098047901697,244.28195905439938,313.0,244.0,313.0,244.0,0.7928133315238896,TRACKING,0.41250000000000003,-0.2562500000000003,33.87789998669177,29.467579777864163,True,True
2026-09-17T06:19:02.352677+00:00,14.642570899988641,368,314.1802768070664,244.0619221238891,314.0,244.0,314.0,244.0,0.19061499571908147,TRACKING,0.375,-0.23125000000000032,37.18809998827055,26.83677604420908,True,True
2026-09-17T06:19:02.386184+00:00,14.676074499991955,369,313.5819624210645,243.93421115108976,313.0,243.0,313.0,243.0,1.1006501416670378,TRACKING,0.33125,-0.2125000000000003,33.441199993831106,29.84753876900032,True,True
2026-09-17T06:19:02.422873+00:00,14.712768599987612,370,313.9501610527171,244.88914743008297,313.0,244.0,313.0,244.0,1.3013028773208715,TRACKING,0.2875,-0.1875000000000003,36.640799997258,27.252337572480602,True,True
2026-09-17T06:19:02.457970+00:00,14.747864899996785,371,314.28901736200544,244.9168456798621,314.0,244.0,314.0,244.0,0.961320464893141,TRACKING,0.24999999999999997,-0.1625000000000003,35.04489999613725,28.493032021570656,True,True
2026-09-17T06:19:02.494924+00:00,14.784817399995518,372,313.6026943469067,245.00723875238728,313.0,245.0,313.0,245.0,0.6027378164089144,TRACKING,0.20624999999999996,-0.1312500000000003,36.90439999627415,27.061768487498178,True,True
2026-09-17T06:19:02.529608+00:00,14.819497099990258,373,313.895370741656,244.1501027952128,313.0,244.0,313.0,244.0,0.9078654163169249,TRACKING,0.16249999999999995,-0.10625000000000032,34.62909998779651,28.835312881935874,True,True
2026-09-17T06:19:02.563765+00:00,14.853653099999065,374,314.1712384051744,244.33508280579315,314.0,244.0,314.0,244.0,0.37630184446117043,TRACKING,0.12499999999999994,-0.08125000000000032,34.05719999864232,29.27743294712981,True,True
2026-09-17T06:19:02.598533+00:00,14.888427199999569,375,313.4344997012912,244.55171851359796,313.0,244.0,313.0,244.0,0.7022701109038372,TRACKING,0.08124999999999993,-0.05625000000000032,34.71430001081899,28.75703468919382,True,True
2026-09-17T06:19:02.630916+00:00,14.920810700001311,376,313.6893648724066,244.78947052533883,313.0,244.0,313.0,244.0,1.0480876097382952,TRACKING,0.03749999999999993,-0.03125000000000032,32.34030000749044,30.879923416128324,True,True
2026-09-17T06:19:02.663537+00:00,14.953417600001558,377,313.9400494082249,245.037746667965,313.0,245.0,313.0,245.0,0.9408069413256295,TRACKING,-0.006250000000000075,-3.191891195797325e-16,32.56219999457244,30.668355470542988,True,True
2026-09-17T06:19:02.697404+00:00,14.987297899991972,378,314.19077141121164,244.28592846357932,314.0,244.0,314.0,244.0,0.34372782491458936,TRACKING,-0.04375000000000008,0.024999999999999682,33.80469999683555,29.51567726032291,True,True
2026-09-17T06:19:02.730649+00:00,15.020545499995933,379,313.4457489604169,244.52339767010278,313.0,244.0,313.0,244.0,0.6874861866116007,TRACKING,-0.08750000000000008,0.049999999999999684,33.200500009115785,30.077358963680908,True,True
2026-09-17T06:19:02.762092+00:00,15.051986599995871,380,313.7091974753115,244.739562821351,313.0,244.0,313.0,244.0,1.0246532221746318,TRACKING,-0.1312500000000001,0.07499999999999968,31.401600004755892,31.805502988189563,True,True
2026-09-17T06:19:02.792703+00:00,15.08259239999461,381,313.9853270812899,244.92388570018193,313.0,244.0,313.0,244.0,1.3507161967356007,TRACKING,-0.1750000000000001,0.09999999999999967,30.54819999670144,32.67354553846682,True,True
2026-09-17T06:19:02.827527+00:00,15.117421999995713,382,314.2783399784769,245.06590767855164,314.0,245.0,314.0,245.0,0.286036650991749,TRACKING,-0.2125000000000001,0.13124999999999967,34.78110001015011,28.711211152821868,True,True
2026-09-17T06:19:02.862240+00:00,15.152135799988173,383,313.59242781548994,244.15527585863765,313.0,244.0,313.0,244.0,0.612438820488907,TRACKING,-0.2562500000000001,0.15624999999999967,34.67139998974744,28.806987429126448,True,True
2026-09-17T06:19:02.898099+00:00,15.187993399988045,384,313.931769069795,244.18176894969145,313.0,244.0,313.0,244.0,0.949333213628683,TRACKING,-0.3000000000000001,0.18124999999999966,35.814799994113855,27.88809066985991,True,True
2026-09-17T06:19:02.932644+00:00,15.22253699999419,385,314.30052643629494,244.13532281594223,314.0,244.0,314.0,244.0,0.329588233143531,TRACKING,-0.33750000000000013,0.20624999999999966,34.49789999285713,28.94892251595365,True,True
2026-09-17T06:19:02.963931+00:00,15.253825099993264,386,313.70284422577834,244.00605563169597,313.0,244.0,313.0,244.0,0.7028703126361113,TRACKING,-0.38125000000000014,0.23124999999999965,31.23809999669902,31.96103310938022,True,True
2026-09-17T06:19:02.996277+00:00,15.286170799998217,387,314.14284577486353,243.7842925807517,314.0,243.0,314.0,243.0,0.7971949370251411,TRACKING,-0.4187500000000002,0.24999999999999967,32.300300008500926,30.91601046961031,True,True
2026-09-17T06:19:03.030154+00:00,15.320048999987193,388,313.62463086904506,244.46059003840452,313.0,244.0,313.0,244.0,0.776084342092705,TRACKING,-0.4625000000000002,0.2749999999999997,33.83380000013858,29.517506842907753,True,True
2026-09-17T06:19:03.065451+00:00,15.355343699993682,389,314.15227318046215,244.02575917558897,314.0,244.0,314.0,244.0,0.15443657796998994,TRACKING,-0.5000000000000002,0.2999999999999997,35.248200001660734,28.332865835838135,True,True
2026-09-17T06:19:03.099984+00:00,15.38987649999035,390,313.72981772198614,243.47088892616614,313.0,243.0,313.0,243.0,0.8685449257873394,TRACKING,-0.5437500000000002,0.3187499999999997,34.486699994886294,28.957976187754085,True,True
2026-09-17T06:19:03.134398+00:00,15.424284799999441,391,314.36127831921783,243.7873682599489,314.0,243.0,314.0,243.0,0.8662971780583189,TRACKING,-0.5812500000000002,0.3374999999999997,34.34880000713747,29.06275519964097,True,True
2026-09-17T06:19:03.166856+00:00,15.456743599992478,392,314.05063510197937,243.96690770579158,314.0,243.0,314.0,243.0,0.9682326296255491,TRACKING,-0.6187500000000001,0.3562499999999997,32.402800003183074,30.808286203264153,True,True
2026-09-17T06:19:03.199661+00:00,15.489553499995964,393,313.80183201686134,244.0015600709517,313.0,244.0,313.0,244.0,0.8018335345227827,TRACKING,-0.6625000000000001,0.3812499999999997,32.74520000559278,30.478605539601475,True,True
2026-09-17T06:19:03.231672+00:00,15.521567899995716,394,314.61877436238456,242.88374030493287,314.0,242.0,314.0,242.0,1.0788320713193775,TRACKING,-0.7000000000000001,0.3937499999999997,31.960899999830872,31.235943825519968,True,True
2026-09-17T06:19:03.264168+00:00,15.55406419999781,395,314.5053263483163,243.60624445816023,314.0,243.0,314.0,243.0,0.7892319439510151,TRACKING,-0.7375,0.4124999999999997,32.45500000775792,30.772734124671143,True,True
2026-09-17T06:19:03.297388+00:00,15.587282299995422,396,314.46530868066327,243.162267688104,314.0,243.0,314.0,243.0,0.4927910012400927,TRACKING,-0.775,0.4312499999999997,33.1778999970993,30.104069771356492,True,True
2026-09-17T06:19:03.332672+00:00,15.622566999998526,397,314.50249617385697,242.5454212678402,314.0,242.0,314.0,242.0,0.7416109250498546,TRACKING,-0.8125,0.4437499999999997,35.228799999458715,28.340895626491033,True,True
2026-09-17T06:19:03.367234+00:00,15.657116999995196,398,314.6206153916163,242.74974855454195,314.0,242.0,314.0,242.0,0.973286370678639,TRACKING,-0.85,0.4562499999999997,34.505100004025735,28.943560060676322,True,True
2026-09-17T06:19:03.400743+00:00,15.690628399999696,399,314.82334231796665,242.76973987798385,314.0,242.0,314.0,242.0,1.1271166986223253,TRACKING,-0.8875,0.4687499999999997,33.45269999408629,29.840591555880373,True,True
2026-09-17T06:19:03.433492+00:00,15.723380099996575,400,315.1143000598702,242.6003463118484,315.0,242.0,315.0,242.0,0.6111302625760724,TRACKING,-0.91875,0.48124999999999973,32.599800004391,30.532766240997653,True,True
2026-09-17T06:19:03.465282+00:00,15.755161099994439,401,314.49705658289986,242.23699229341258,314.0,242.0,314.0,242.0,0.5506637755845579,TRACKING,-0.9562499999999999,0.49374999999999974,31.725799999549054,31.465340929084178,True,True
2026-09-17T06:19:03.495067+00:00,15.784962299992912,402,314.9751224813802,241.6755870600711,314.0,241.0,314.0,241.0,1.1862890581256311,TRACKING,-0.9937499999999999,0.4999999999999997,29.714000003878027,33.555695745514086,True,True
2026-09-17T06:19:03.525675+00:00,15.815569899990805,403,315.5519487843778,241.91253487411296,315.0,241.0,315.0,241.0,1.0664742645973813,TRACKING,-1.025,0.5062499999999998,30.56460000516381,32.67162404333695,True,True
2026-09-17T06:19:03.555808+00:00,15.845699899989995,404,315.2309247989215,241.94474401019306,315.0,241.0,315.0,241.0,0.9725572001443382,TRACKING,-1.05625,0.5124999999999997,30.082700002822094,33.189512115064446,True,True
2026-09-17T06:19:03.586320+00:00,15.876192499999888,405,315.0153759917956,241.76963448303525,315.0,241.0,315.0,241.0,0.7697880608327408,TRACKING,-1.0875,0.5187499999999997,30.44400000362657,32.79484201660595,True,True
2026-09-17T06:19:03.616397+00:00,15.906287899997551,406,314.90856191123055,241.3851444960522,314.0,241.0,314.0,241.0,0.9868237073450381,TRACKING,-1.125,0.5249999999999997,30.02839999680873,33.22766934739732,True,True
2026-09-17T06:19:03.645898+00:00,15.935788799994043,407,315.913674149793,240.7897355947627,315.0,240.0,315.0,240.0,1.2076765964591494,TRACKING,-1.15625,0.5249999999999997,29.44819998810999,33.89727093474806,True,True
2026-09-17T06:19:03.676077+00:00,15.965970499994,408,316.0338343497432,240.98239651212697,316.0,240.0,316.0,240.0,0.9829789775278901,TRACKING,-1.18125,0.5249999999999997,30.131599996821024,33.13265985684747,True,True
2026-09-17T06:19:03.707348+00:00,15.997237799994764,409,315.27209225211067,240.96264569618745,315.0,240.0,315.0,240.0,1.00036040007933,TRACKING,-1.2125,0.5249999999999997,31.219700002111495,31.98229460092754,True,True
2026-09-17T06:19:03.738127+00:00,16.028020899990224,410,315.63142379070524,240.730532513698,315.0,240.0,315.0,240.0,0.9655950274512018,TRACKING,-1.24375,0.5249999999999997,30.734799991478212,32.4853572300214,True,True
2026-09-17T06:19:03.768668+00:00,16.058561499987263,411,316.1147292322544,240.28663712673261,316.0,240.0,316.0,240.0,0.30874526580209694,TRACKING,-1.2687499999999998,0.5249999999999997,30.48099999432452,32.7432990870171,True,True
2026-09-17T06:19:03.801393+00:00,16.09129069998744,412,315.72483136383266,239.63206904258243,315.0,239.0,315.0,239.0,0.9617129408438821,TRACKING,-1.2999999999999998,0.5187499999999997,32.6816000015242,30.55375627863242,True,True
2026-09-17T06:19:03.829474+00:00,16.11936440000136,413,316.4644737287107,239.76846434056534,316.0,239.0,316.0,239.0,0.897927217196883,TRACKING,-1.3249999999999997,0.5124999999999997,28.033700000378303,35.620527379866985,True,True
2026-09-17T06:19:03.861790+00:00,16.15168569999514,414,316.33631891172956,239.69798158267992,316.0,239.0,316.0,239.0,0.7747830019736606,TRACKING,-1.3499999999999996,0.5062499999999998,32.259800005704165,30.939349598944705,True,True
2026-09-17T06:19:03.896026+00:00,16.185920199990505,415,316.342946875273,239.42329641832407,316.0,239.0,316.0,239.0,0.5447865793368184,TRACKING,-1.3749999999999996,0.4999999999999998,34.193999992567115,29.210299555577635,True,True
2026-09-17T06:19:03.926245+00:00,16.21614019999106,416,316.48685334687343,238.94759489656545,316.0,238.0,316.0,238.0,1.0653460796186112,TRACKING,-1.3999999999999995,0.48749999999999977,30.176900007063523,33.09066843089554,True,True
2026-09-17T06:19:03.955183+00:00,16.245066099989344,417,316.77044825946507,239.27456550267812,316.0,239.0,316.0,239.0,0.8179099802384378,TRACKING,-1.4249999999999994,0.4812499999999998,28.884600003948435,34.571093727742046,True,True
2026-09-17T06:19:03.987680+00:00,16.27757519998704,418,317.19605424525326,238.40838993884975,317.0,238.0,317.0,238.0,0.45301170982164585,TRACKING,-1.4437499999999994,0.4687499999999998,32.439499991596676,30.760617798427457,True,True
2026-09-17T06:19:04.016870+00:00,16.30676589999348,419,316.76590518414554,238.3537326721046,316.0,238.0,316.0,238.0,0.8436453961323264,TRACKING,-1.4687499999999993,0.45624999999999977,29.14470000541769,34.25748610959778,True,True
2026-09-17T06:19:04.045460+00:00,16.335349599990877,420,317.482144807649,238.11572927556483,317.0,238.0,317.0,238.0,0.49583957160116954,TRACKING,-1.4874999999999994,0.44374999999999976,28.538500002468936,34.98497395687152,True,True
2026-09-17T06:19:04.077515+00:00,16.36740849999478,421,317.34682535910747,237.69997359219184,317.0,237.0,317.0,237.0,0.7811855474123749,TRACKING,-1.5062499999999994,0.42499999999999977,31.992599993827753,31.19258614232673,True,True
2026-09-17T06:19:04.109605+00:00,16.399500899991835,422,317.36190631111754,238.11250375309294,317.0,238.0,317.0,238.0,0.3789898052543099,TRACKING,-1.5249999999999995,0.41249999999999976,32.04659999755677,31.160025429440577,True,True
2026-09-17T06:19:04.140803+00:00,16.43069709998963,423,317.52925314092084,237.3597870853377,317.0,237.0,317.0,237.0,0.6399653380850997,TRACKING,-1.5437499999999995,0.39374999999999977,31.154199998127297,32.055186210843544,True,True
2026-09-17T06:19:04.175441+00:00,16.465336299996125,424,317.8506361645419,237.44870394700834,317.0,237.0,317.0,237.0,0.9617261130319067,TRACKING,-1.5624999999999996,0.3749999999999998,34.595599994645454,28.86902699290079,True,True
2026-09-17T06:19:04.213135+00:00,16.503028499995708,425,318.32772943039856,237.38653052988812,318.0,237.0,318.0,237.0,0.5067666426324418,TRACKING,-1.5749999999999995,0.3562499999999998,37.647400007699616,26.53068804715736,True,True
2026-09-17T06:19:04.245877+00:00,16.535749199989368,426,317.9621096730748,237.18092067277033,317.0,237.0,317.0,237.0,0.9789725802389724,TRACKING,-1.5937499999999996,0.3374999999999998,32.671699998900294,30.56169336822686,True,True
2026-09-17T06:19:04.277125+00:00,16.567014699990978,427,318.75525532791517,236.83988673084863,318.0,236.0,318.0,236.0,1.129522169326414,TRACKING,-1.6062499999999995,0.3124999999999998,31.19690000312403,31.984135866962855,True,True
2026-09-17T06:19:04.307034+00:00,16.596926499987603,428,318.7085456070491,237.371779549001,318.0,237.0,318.0,237.0,0.800160552841692,TRACKING,-1.6187499999999995,0.2937499999999998,29.862600000342354,33.431622306675315,True,True
2026-09-17T06:19:04.336197+00:00,16.626088699995307,429,318.82325963742875,236.78526758902674,318.0,236.0,318.0,236.0,1.137717722897552,TRACKING,-1.6312499999999994,0.26874999999999977,29.117300000507385,34.290965693117094,True,True
2026-09-17T06:19:04.365518+00:00,16.655413000000408,430,319.10057566141666,237.08931526300668,319.0,237.0,319.0,237.0,0.1345090326905617,TRACKING,-1.6374999999999995,0.24999999999999978,29.264900003909133,34.10141076943218,True,True
2026-09-17T06:19:04.395591+00:00,16.68548770000052,431,318.5415703004219,236.29316052694068,318.0,236.0,318.0,236.0,0.6158258559488915,TRACKING,-1.6499999999999995,0.22499999999999978,30.02189999097027,33.2505394898774,True,True
2026-09-17T06:19:04.424338+00:00,16.714229599994724,432,319.1472178820472,236.40629179066994,319.0,236.0,319.0,236.0,0.4321413240599023,TRACKING,-1.6562499999999996,0.1999999999999998,28.702800002065487,34.79241108631398,True,True
2026-09-17T06:19:04.452653+00:00,16.742546599998605,433,318.91838983116605,236.43842420179303,318.0,236.0,318.0,236.0,1.0176716870912068,TRACKING,-1.6687499999999995,0.1749999999999998,28.256900011911057,35.31447539862806,True,True
2026-09-17T06:19:04.480731+00:00,16.770625199991628,434,319.8558541253101,236.39947536285663,319.0,236.0,319.0,236.0,0.944492905923457,TRACKING,-1.6749999999999996,0.1499999999999998,28.031499998178333,35.61431126368401,True,True
2026-09-17T06:19:04.509423+00:00,16.799318499994115,435,319.96027481470855,236.29954054251456,319.0,236.0,319.0,236.0,1.0059086719844244,TRACKING,-1.6812499999999997,0.1249999999999998,28.65130000282079,34.851341599373775,True,True
2026-09-17T06:19:04.536968+00:00,16.82685969999875,436,320.23221160727803,236.14886744261221,320.0,236.0,320.0,236.0,0.27583282260193015,TRACKING,-1.6812499999999997,0.09999999999999981,27.49950000725221,36.30923851653983,True,True
2026-09-17T06:19:04.566220+00:00,16.856096399991657,437,319.6721195188238,235.95783058427097,319.0,235.0,319.0,235.0,1.17012139359505,TRACKING,-1.6874999999999998,0.06874999999999981,29.184299986809492,34.20358659638735,True,True
2026-09-17T06:19:04.596035+00:00,16.885931400000118,438,320.28034858866937,236.73690537698678,320.0,236.0,320.0,236.0,0.7884319030841791,TRACKING,-1.6874999999999998,0.04374999999999981,29.751800000667572,33.51768056699865,True,True
2026-09-17T06:19:04.624642+00:00,16.91453699998965,439,320.05714366089336,236.4966419355626,320.0,236.0,320.0,236.0,0.4999186035142662,TRACKING,-1.6874999999999998,0.01874999999999981,28.561299986904487,34.95819001754639,True,True
2026-09-17T06:19:04.654738+00:00,16.944626299999072,440,320.00264423131,236.2476387103157,320.0,236.0,320.0,236.0,0.24765282717151244,TRACKING,-1.6874999999999998,-0.006250000000000193,30.041899997740984,33.234405575632046,True,True
2026-09-17T06:19:04.686913+00:00,16.97679609998886,441,320.11688436028874,236.00051599647054,320.0,236.0,320.0,236.0,0.1168854992394897,TRACKING,-1.6874999999999998,-0.031250000000000194,32.10019999823999,31.08505493715985,True,True
2026-09-17T06:19:04.721054+00:00,17.010948099996313,442,320.3997926514677,235.76588938895324,320.0,235.0,320.0,235.0,0.8639564342481257,TRACKING,-1.6874999999999998,-0.0625000000000002,34.09430000465363,29.28086202218863,True,True
2026-09-17T06:19:04.754293+00:00,17.044187899999088,443,320.8511922963739,236.55434324893173,320.0,236.0,320.0,236.0,1.0157877549185297,TRACKING,-1.6874999999999998,-0.08750000000000019,33.19680001004599,30.08441687123602,True,True
2026-09-17T06:19:04.782944+00:00,17.072837499988964,444,321.4708011849229,236.37640424842525,321.0,236.0,321.0,236.0,0.6027718589627192,TRACKING,-1.6812499999999997,-0.11250000000000018,28.60520000103861,34.90450129681978,True,True
2026-09-17T06:19:04.814277+00:00,17.104172899998957,445,321.2582320817286,236.24251505910672,321.0,236.0,321.0,236.0,0.35425606830005396,TRACKING,-1.6749999999999996,-0.13750000000000018,31.250600004568696,31.91278872077844,True,True
2026-09-17T06:19:04.848176+00:00,17.138072000001557,446,321.21299286811245,236.16300825106103,321.0,236.0,321.0,236.0,0.26821195309072926,TRACKING,-1.6687499999999995,-0.16250000000000017,33.85829999751877,29.499308238959305,True,True
2026-09-17T06:19:04.879842+00:00,17.169735999996192,447,321.3344868496618,236.1480804667425,321.0,236.0,321.0,236.0,0.36579950413765233,TRACKING,-1.6624999999999994,-0.18750000000000017,31.613400002242997,31.581606877509042,True,True
2026-09-17T06:19:04.912003+00:00,17.201898100000108,448,321.6220131291443,236.20776693467795,321.0,236.0,321.0,236.0,0.6557952668122597,TRACKING,-1.6562499999999993,-0.21250000000000016,32.11709999595769,31.09249706574654,True,True
2026-09-17T06:19:04.942833+00:00,17.23272719999659,449,322.07476704454615,236.35191638662195,322.0,236.0,322.0,236.0,0.35977111351971647,TRACKING,-1.6437499999999994,-0.23750000000000016,30.783599999267608,32.43688593290568,True,True
2026-09-17T06:19:04.976024+00:00,17.265904699990642,450,321.6918406719593,236.59016644085673,321.0,236.0,321.0,236.0,0.9093623828214018,TRACKING,-1.6374999999999993,-0.2625000000000002,33.131599993794225,30.140908753801003,True,True
2026-09-17T06:19:05.007415+00:00,17.297303100000136,451,322.4722233930048,236.93191951316467,322.0,236.0,322.0,236.0,1.0447338952661847,TRACKING,-1.6249999999999993,-0.2875000000000002,31.246700003976002,31.848756614911867,True,True
2026-09-17T06:19:05.036729+00:00,17.326625899993815,452,322.4148025264359,237.3863193156871,322.0,237.0,322.0,237.0,0.5668366163283304,TRACKING,-1.6124999999999994,-0.3062500000000002,29.267100006109104,34.103155231272886,True,True
2026-09-17T06:19:05.067747+00:00,17.35764209998888,453,322.5183640235278,236.96222800240483,322.0,236.0,322.0,236.0,1.092970260116857,TRACKING,-1.5999999999999994,-0.3312500000000002,30.97709998837672,32.24121588586309,True,True
2026-09-17T06:19:05.097849+00:00,17.387733799987473,454,322.78159322681876,237.6682040183688,322.0,237.0,322.0,237.0,1.0282920705583523,TRACKING,-1.5874999999999995,-0.3500000000000002,30.046600004425272,33.231754937300266,True,True
2026-09-17T06:19:05.127033+00:00,17.416928999999072,455,323.20307569172786,237.5124807080448,323.0,237.0,323.0,237.0,0.551249682710874,TRACKING,-1.5687499999999994,-0.3687500000000002,29.128500013030134,34.252205828447174,True,True
2026-09-17T06:19:05.157103+00:00,17.4469914999936,456,322.78129807053745,237.5029457362392,322.0,237.0,322.0,237.0,0.9291830221365104,TRACKING,-1.5562499999999995,-0.3875000000000002,30.019999991054647,33.26403327008748,True,True
2026-09-17T06:19:05.185647+00:00,17.475541399995564,457,323.51464905818546,237.6471213730463,323.0,237.0,323.0,237.0,0.8268190397810811,TRACKING,-1.5374999999999994,-0.40625000000000017,28.38770000380464,35.02639238425545,True,True
2026-09-17T06:19:05.219571+00:00,17.509431699989364,458,323.401420399279,237.95214569208943,323.0,237.0,323.0,237.0,1.0333052578603172,TRACKING,-1.5187499999999994,-0.42500000000000016,33.844999998109415,29.506968075907952,True,True
2026-09-17T06:19:05.253259+00:00,17.5431408000004,459,323.43980795569826,238.42475472905485,323.0,238.0,323.0,238.0,0.6114307955524828,TRACKING,-1.4999999999999993,-0.43750000000000017,33.6267999955453,29.66557990787536,True,True
2026-09-17T06:19:05.287126+00:00,17.577022199999192,460,323.62791283412423,238.07126564511051,323.0,238.0,323.0,238.0,0.6319440793542908,TRACKING,-1.4812499999999993,-0.4500000000000002,33.79070000664797,29.514718991414036,True,True
2026-09-17T06:19:05.315804+00:00,17.605692099998123,461,323.9637425727854,237.89756093729252,323.0,237.0,323.0,237.0,1.3169720508623068,TRACKING,-1.4624999999999992,-0.46875000000000017,28.618500000447966,34.87978681604327,True,True
2026-09-17T06:19:05.345496+00:00,17.63538749999134,462,324.44521238668096,238.90907373532707,324.0,238.0,324.0,238.0,1.0122396581421178,TRACKING,-1.4374999999999993,-0.4812500000000002,29.636500010383315,33.67524937291511,True,True
2026-09-17T06:19:05.376368+00:00,17.666263699997216,463,324.070146470504,239.11077422163495,324.0,239.0,324.0,239.0,0.13111619084995796,TRACKING,-1.4124999999999994,-0.48750000000000016,30.826800008071586,32.38740517970587,True,True
2026-09-17T06:19:05.405880+00:00,17.69577659999777,464,323.8362793584488,238.50715720846412,323.0,238.0,323.0,238.0,0.9780447839770138,TRACKING,-1.3937499999999994,-0.5000000000000001,29.47110000241082,33.883488236710434,True,True
2026-09-17T06:19:05.436665+00:00,17.72656099998858,465,324.7412573400529,239.10223090319994,324.0,239.0,324.0,239.0,0.7482737478699981,TRACKING,-1.3687499999999995,-0.5062500000000001,30.746000004000962,32.4839854049004,True,True
2026-09-17T06:19:05.470605+00:00,17.760498599993298,466,324.7826399311911,238.899506889934,324.0,238.0,324.0,238.0,1.1923245811999232,TRACKING,-1.3437499999999996,-0.51875,33.89059999608435,29.465843190471155,True,True
2026-09-17T06:19:05.501781+00:00,17.791677000001073,467,324.95790139929625,239.90199135233297,324.0,239.0,324.0,239.0,1.3157368621640004,TRACKING,-1.3187499999999996,-0.525,31.13449999364093,32.07348676489579,True,True
2026-09-17T06:19:05.532861+00:00,17.822754499997245,468,325.26443234186127,240.1121775597448,325.0,240.0,325.0,240.0,0.28724252528574185,TRACKING,-1.2874999999999996,-0.525,31.040100002428517,32.17762046892985,True,True
2026-09-17T06:19:05.561868+00:00,17.851764399994863,469,324.69954131723085,239.53203963532388,324.0,239.0,324.0,239.0,0.8788766853595833,TRACKING,-1.2624999999999997,-0.53125,28.96530000725761,34.470990940406836,True,True
2026-09-17T06:19:05.589831+00:00,17.879718199998024,470,325.26045652666403,240.16302762175133,325.0,240.0,325.0,240.0,0.30727122829152664,TRACKING,-1.2312499999999997,-0.53125,27.914300007978454,35.77331167451046,True,True
2026-09-17T06:19:05.617605+00:00,17.907499900000403,471,324.9443275466198,240.00606385688323,324.0,240.0,324.0,240.0,0.9443470154901867,TRACKING,-1.2062499999999998,-0.53125,27.71329999086447,35.99491751456448,True,True
2026-09-17T06:19:05.644135+00:00,17.93402729999798,472,325.7482271101769,240.06154066838664,325.0,240.0,325.0,240.0,0.7507536628409939,TRACKING,-1.1749999999999998,-0.53125,26.47840000281576,37.69687191701305,True,True
2026-09-17T06:19:05.672823+00:00,17.962708599996404,473,325.66915293648185,240.32931939312462,325.0,240.0,325.0,240.0,0.7457995140051059,TRACKING,-1.1437499999999998,-0.53125,28.633000008994713,34.865923094661525,True,True
2026-09-17T06:19:05.706170+00:00,17.996065999992425,474,325.7040296070762,240.80873072374175,325.0,240.0,325.0,240.0,1.072242076754941,TRACKING,-1.1124999999999998,-0.53125,33.30650000134483,29.978355630813223,True,True
2026-09-17T06:19:05.740886+00:00,18.030768600001466,475,325.84971048793284,241.49857638158403,325.0,241.0,325.0,241.0,0.9851833948948224,TRACKING,-1.0812499999999998,-0.525,34.662699996260926,28.816284651279002,True,True
2026-09-17T06:19:05.769282+00:00,18.059176899987506,476,326.102979696001,241.39713211177164,326.0,241.0,326.0,241.0,0.41026665961135667,TRACKING,-1.0437499999999997,-0.51875,28.334599992376752,35.20098001258076,True,True
2026-09-17T06:19:05.801223+00:00,18.09111949999351,477,325.4605541090266,241.5021519929378,325.0,241.0,325.0,241.0,0.681371199385971,TRACKING,-1.0124999999999997,-0.5125000000000001,31.899299996439368,31.306155410392797,True,True
2026-09-17T06:19:05.830762+00:00,18.120632899997872,478,325.91908541739815,241.81087405086288,325.0,241.0,325.0,241.0,1.2256568568880553,TRACKING,-0.9812499999999997,-0.5062500000000001,29.473100003087893,33.882914196677135,True,True
2026-09-17T06:19:05.859238+00:00,18.149119099995005,479,326.4751622167307,242.32002716197132,326.0,242.0,326.0,242.0,0.5728843832815443,TRACKING,-0.9437499999999998,-0.4937500000000001,28.412600004230626,35.104717375454,True,True
2026-09-17T06:19:05.893986+00:00,18.183875799993984,480,326.12531213988257,242.025839229437,326.0,242.0,326.0,242.0,0.12794841999745754,TRACKING,-0.9062499999999998,-0.48125000000000007,34.69329999643378,28.771431120600127,True,True
2026-09-17T06:19:05.925346+00:00,18.21523819999129,481,325.86600402707256,241.92404661146116,325.0,241.0,325.0,241.0,1.2664221709440961,TRACKING,-0.8749999999999998,-0.4750000000000001,31.294899992644787,31.885314902108806,True,True
2026-09-17T06:19:05.957896+00:00,18.247784199993475,482,326.69365013273864,243.009904778156,326.0,243.0,326.0,243.0,0.693720845353988,TRACKING,-0.8374999999999998,-0.4562500000000001,32.50089999346528,30.72574202460726,True,True
2026-09-17T06:19:05.987453+00:00,18.27734899999632,483,326.6046083677628,242.2782001703987,326.0,242.0,326.0,242.0,0.6655423451431673,TRACKING,-0.7999999999999998,-0.4437500000000001,29.515900008846074,33.824006923901756,True,True
2026-09-17T06:19:06.017158+00:00,18.307049499999266,484,326.595184575658,242.72326323101402,326.0,242.0,326.0,242.0,0.9366719705628035,TRACKING,-0.7624999999999998,-0.4312500000000001,29.661799999303184,33.6694668406531,True,True
2026-09-17T06:19:06.050956+00:00,18.340841699988232,485,326.6616348412957,243.3389825757145,326.0,243.0,326.0,243.0,0.7434176819624748,TRACKING,-0.7249999999999999,-0.4125000000000001,33.74630000325851,29.592627894204245,True,True
2026-09-17T06:19:06.082498+00:00,18.372390699994867,486,326.8001678307321,243.11882026837907,326.0,243.0,326.0,243.0,0.8089417862344607,TRACKING,-0.6874999999999999,-0.3937500000000001,31.445200002053753,31.696725721566466,True,True
2026-09-17T06:19:06.115877+00:00,18.405767299991567,487,327.0069471606664,243.05582816248733,327.0,243.0,327.0,243.0,0.05625874836891339,TRACKING,-0.6437499999999999,-0.3750000000000001,33.31650000473019,29.96111048156113,True,True
2026-09-17T06:19:06.154990+00:00,18.444884299999103,488,326.2780937960567,243.14266526786815,326.0,243.0,326.0,243.0,0.3125532563597866,TRACKING,-0.60625,-0.3562500000000001,39.061699993908405,25.56433263817114,True,True
2026-09-17T06:19:06.195035+00:00,18.484929799989914,489,326.60968847439045,243.37161609935185,326.0,243.0,326.0,243.0,0.7140157989162738,TRACKING,-0.56875,-0.33750000000000013,40.00149999046698,24.971594816632905,True,True
2026-09-17T06:19:06.227935+00:00,18.517829199990956,490,326.9977741550956,243.73460996146446,326.0,243.0,326.0,243.0,1.239033922077832,TRACKING,-0.53125,-0.31875000000000014,32.85509999841452,30.395691105865513,True,True
2026-09-17T06:19:06.259869+00:00,18.549756499996874,491,327.4383584925638,244.22324112096456,327.0,244.0,327.0,244.0,0.4919296353060203,TRACKING,-0.4875,-0.2937500000000001,31.873300002189353,31.321157749469258,True,True
2026-09-17T06:19:06.294836+00:00,18.584726199987927,492,326.92741633123376,243.82878981679715,326.0,243.0,326.0,243.0,1.2437819792333962,TRACKING,-0.44999999999999996,-0.27500000000000013,34.919400000944734,28.596184704354844,True,True
2026-09-17T06:19:06.326151+00:00,18.616041399989626,493,327.46089222118417,244.54224405495611,327.0,244.0,327.0,244.0,0.7116531842711905,TRACKING,-0.40624999999999994,-0.2500000000000001,31.254899993655272,31.933374206318913,True,True
2026-09-17T06:19:06.355108+00:00,18.64500259999477,494,327.0347029526577,244.3543221337756,327.0,244.0,327.0,244.0,0.35601751278057253,TRACKING,-0.36249999999999993,-0.22500000000000012,28.913999994983897,34.52895597635635,True,True
2026-09-17T06:19:06.386758+00:00,18.676650399997015,495,326.6447401079335,244.25549584335027,326.0,244.0,326.0,244.0,0.6935185165137053,TRACKING,-0.32499999999999996,-0.20000000000000012,31.604200004949234,31.597772986716194,True,True
2026-09-17T06:19:06.418434+00:00,18.708327399988775,496,327.2868726289565,244.23601428109865,327.0,244.0,327.0,244.0,0.37148169016374116,TRACKING,-0.28124999999999994,-0.17500000000000013,31.62569999403786,31.568646028984325,True,True
2026-09-17T06:19:06.449402+00:00,18.739296599989757,497,326.9569493991112,244.28592822394,326.0,244.0,326.0,244.0,0.9987527730648542,TRACKING,-0.24374999999999994,-0.15000000000000013,30.920399993192405,32.29014633791953,True,True
2026-09-17T06:19:06.481153+00:00,18.77104929999041,498,327.6508018375367,244.39511499617169,327.0,244.0,327.0,244.0,0.7613533292373947,TRACKING,-0.19999999999999993,-0.12500000000000014,31.709199989563785,31.493384813872925,True,True
2026-09-17T06:19:06.514812+00:00,18.80470769999374,499,327.3642465043533,244.5533037708862,327.0,244.0,327.0,244.0,0.6624353393429971,TRACKING,-0.15624999999999992,-0.10000000000000014,33.61440000298899,29.710265487990704,True,True
2026-09-17T06:19:06.544006+00:00,18.833899499994004,500,327.09308771517584,244.75010124168932,327.0,244.0,327.0,244.0,0.7558552741765587,TRACKING,-0.1124999999999999,-0.07500000000000015,29.14739999687299,34.25619523259989,True,True
2026-09-17T06:19:06.575120+00:00,18.865013799993903,501,326.83312016328165,244.9750176005545,326.0,244.0,326.0,244.0,1.2824774960433076,TRACKING,-0.0749999999999999,-0.05000000000000015,31.050299992784858,32.13956283777037,True,True
2026-09-17T06:19:06.605699+00:00,18.895589499996277,502,327.58013154778786,245.2174927568782,327.0,245.0,327.0,245.0,0.6195609026021649,TRACKING,-0.031249999999999896,-0.01875000000000015,30.530000003636815,32.70571074161452,True,True
2026-09-17T06:19:06.635275+00:00,18.92516899999464,503,327.3299052062037,244.4669227322079,327.0,244.0,327.0,244.0,0.5717117131324181,TRACKING,0.012500000000000108,0.006249999999999853,29.525900012231432,33.80719755423017,True,True
2026-09-17T06:19:06.667301+00:00,18.957174799987115,504,327.0782227497074,244.7126861646657,327.0,244.0,327.0,244.0,0.7169660855840432,TRACKING,0.05625000000000011,0.031249999999999854,31.95070000947453,31.244336971270616,True,True
2026-09-17T06:19:06.698625+00:00,18.9885118999955,505,326.8208666995009,244.94417085682096,326.0,244.0,326.0,244.0,1.2511118036448898,TRACKING,0.09375000000000011,0.056249999999999856,31.265600002370775,31.911057491994725,True,True
2026-09-17T06:19:06.731272+00:00,19.02117009999347,506,327.5536231225992,245.15080030065857,327.0,245.0,327.0,245.0,0.5737937717989163,TRACKING,0.13750000000000012,0.08749999999999986,32.596000004559755,30.620181150896833,True,True
2026-09-17T06:19:06.761542+00:00,19.051435299988952,507,327.27228426539796,244.32206011333884,327.0,244.0,327.0,244.0,0.42173621825393265,TRACKING,0.18125000000000013,0.11249999999999985,30.230999997002073,33.0412486998017,True,True
2026-09-17T06:19:06.793067+00:00,19.082963199994992,508,326.97265118338487,244.4475243176802,326.0,244.0,326.0,244.0,1.070667240301635,TRACKING,0.21875000000000014,0.13749999999999984,31.481500001973473,31.71793870852241,True,True
2026-09-17T06:19:06.822981+00:00,19.112871099991025,509,327.6505363653425,244.51688140167207,327.0,244.0,327.0,244.0,0.8308814271768734,TRACKING,0.2625000000000001,0.16249999999999984,29.86609999788925,33.43598180188655,True,True
2026-09-17T06:19:06.854757+00:00,19.144650799993542,510,327.3017663504062,244.51996009188431,327.0,244.0,327.0,244.0,0.6011833558822234,TRACKING,0.30625000000000013,0.18749999999999983,31.70459999819286,31.466628065111077,True,True
2026-09-17T06:19:06.884899+00:00,19.174794499995187,511,326.9221843363431,244.4467547763551,326.0,244.0,326.0,244.0,1.0247018007169955,TRACKING,0.3437500000000001,0.21249999999999983,30.08570001111366,33.17442782224582,True,True
2026-09-17T06:19:06.914496+00:00,19.204386899989913,512,327.5076527774155,244.28745051340812,327.0,244.0,327.0,244.0,0.5833859272182204,TRACKING,0.3875000000000001,0.23749999999999982,29.545999990659766,33.79246023229652,True,True
2026-09-17T06:19:06.945212+00:00,19.235107299988158,513,327.05405597021394,244.03244756389634,327.0,244.0,327.0,244.0,0.06304674708957804,TRACKING,0.43125000000000013,0.26249999999999984,30.665899990708567,32.55165948546027,True,True
2026-09-17T06:19:06.974795+00:00,19.264689299991005,514,326.55730262583756,243.67238538555037,326.0,243.0,326.0,243.0,0.8733202868748471,TRACKING,0.4687500000000001,0.28124999999999983,29.538399990997277,33.804340474063864,True,True
2026-09-17T06:19:07.005951+00:00,19.29584329998761,515,327.013328426816,244.1981660294588,327.0,244.0,327.0,244.0,0.19861375126827527,TRACKING,0.5125000000000001,0.30624999999999986,31.10900000319816,32.09860692395821,True,True
2026-09-17T06:19:07.036165+00:00,19.326060999999754,516,326.41809856717714,243.60097688020338,326.0,243.0,326.0,243.0,0.7321062917463285,TRACKING,0.55,0.32499999999999984,30.16639999987092,33.09318709227027,True,True
2026-09-17T06:19:07.065894+00:00,19.35579049999069,517,326.7676102740671,243.8723126828066,326.0,243.0,326.0,243.0,1.1619616815707254,TRACKING,0.5875,0.34374999999999983,29.68710000277497,33.63662356598333,True,True
2026-09-17T06:19:07.095234+00:00,19.3851280999952,518,327.05789530935476,244.00399680144082,327.0,244.0,327.0,244.0,0.05803310492331936,TRACKING,0.63125,0.36874999999999986,29.299599991645664,34.085951129140476,True,True
2026-09-17T06:19:07.123941+00:00,19.413834499995573,519,326.2850224496505,242.9882016567589,326.0,242.0,326.0,242.0,1.028484473011524,TRACKING,0.66875,0.38124999999999987,28.6610000039218,34.835437393298264,True,True
2026-09-17T06:19:07.154600+00:00,19.44448819999525,520,326.44509994319304,243.81746829076624,326.0,243.0,326.0,243.0,0.9307891092179434,TRACKING,0.7062499999999999,0.39999999999999986,30.60850000474602,32.6224892920136,True,True
2026-09-17T06:19:07.187001+00:00,19.476889099998516,521,326.5342779420689,243.4847250103318,326.0,243.0,326.0,243.0,0.7213953527869131,TRACKING,0.7437499999999999,0.41874999999999984,32.3278999858303,30.863340212745804,True,True
2026-09-17T06:19:07.215728+00:00,19.50562440000067,522,326.54875090823975,242.98330506273695,326.0,242.0,326.0,242.0,1.126062345386819,TRACKING,0.7812499999999999,0.43124999999999986,28.680900009931065,34.80040229004191,True,True
2026-09-17T06:19:07.245661+00:00,19.535554899994167,523,326.4847599918811,243.30696329908594,326.0,243.0,326.0,243.0,0.5737758418705788,TRACKING,0.8187499999999999,0.44999999999999984,29.890200006775558,33.41073487637203,True,True
2026-09-17T06:19:07.277446+00:00,19.56734019999567,524,326.3385953805413,242.44989178392578,326.0,242.0,326.0,242.0,0.5630714421526033,TRACKING,0.8562499999999998,0.46249999999999986,31.742899998789653,31.461084210397395,True,True
2026-09-17T06:19:07.306420+00:00,19.596310599998105,525,326.1065986176525,242.40673431205974,326.0,242.0,326.0,242.0,0.4204712426458314,TRACKING,0.8937499999999998,0.47499999999999987,28.910499997437,34.51799077389065,True,True
2026-09-17T06:19:07.336333+00:00,19.626230199995916,526,325.785164888949,242.17259979627173,325.0,242.0,325.0,242.0,0.8039120552096066,TRACKING,0.9249999999999998,0.4874999999999999,29.864900003303774,33.422906725797205,True,True
2026-09-17T06:19:07.367300+00:00,19.65718929999275,527,326.37074527535594,241.7430744924959,326.0,241.0,326.0,241.0,0.8304286607510633,TRACKING,0.9624999999999998,0.49374999999999986,30.920699995476753,32.30068057864188,True,True
2026-09-17T06:19:07.396702+00:00,19.68659719999414,528,325.85984897095057,242.11423303187937,325.0,242.0,325.0,242.0,0.8674038496669811,TRACKING,0.9937499999999998,0.5062499999999999,29.34809999715071,34.00446818551479,True,True
2026-09-17T06:19:07.425505+00:00,19.71540039998945,529,326.24904546460107,241.282648232159,326.0,241.0,326.0,241.0,0.37671430365858466,TRACKING,1.0312499999999998,0.5124999999999998,28.762399990228005,34.71836463180688,True,True
2026-09-17T06:19:07.454523+00:00,19.744418099988252,530,325.5349666839245,241.24539966383296,325.0,241.0,325.0,241.0,0.5885663496314564,TRACKING,1.0624999999999998,0.5187499999999998,28.976099987630732,34.46172508645536,True,True
2026-09-17T06:19:07.486253+00:00,19.776149299999815,531,325.71430910022355,241.00008094971352,325.0,241.0,325.0,241.0,0.7143091048103942,TRACKING,1.0937499999999998,0.5249999999999998,31.65910000097938,31.514723667418185,True,True
2026-09-17T06:19:07.518423+00:00,19.808316199996625,532,325.78383579308263,240.54480577961627,325.0,240.0,325.0,240.0,0.9545741919938788,TRACKING,1.1249999999999998,0.5249999999999998,32.12609999172855,31.087857396863882,True,True
2026-09-17T06:19:07.549297+00:00,19.839164999997593,533,325.740378473339,240.87821262515368,325.0,240.0,325.0,240.0,1.1486590872678775,TRACKING,1.1562499999999998,0.5249999999999998,30.798499996308237,32.416171778760884,True,True
2026-09-17T06:19:07.580275+00:00,19.87015829999291,534,325.5808394631598,240.99946814284678,325.0,240.0,325.0,240.0,1.1559892086561023,TRACKING,1.1874999999999998,0.5249999999999998,30.90330000850372,32.26503793242808,True,True
2026-09-17T06:19:07.609266+00:00,19.89916239999002,535,325.3021936319898,240.90826925705008,325.0,240.0,325.0,240.0,0.9572220403425103,TRACKING,1.2187499999999998,0.5249999999999998,28.9413999998942,34.47788416464053,True,True
2026-09-17T06:19:07.640238+00:00,19.930122299992945,536,324.9014902871611,240.60484391748255,324.0,240.0,324.0,240.0,1.0855970257703538,TRACKING,1.2437499999999997,0.5249999999999998,30.918499993276782,32.29984592668166,True,True
2026-09-17T06:19:07.668885+00:00,19.958777799998643,537,325.37585501797736,240.08995052947225,325.0,240.0,325.0,240.0,0.38646874684907917,TRACKING,1.2749999999999997,0.5249999999999998,28.59270000772085,34.89731464469861,True,True
2026-09-17T06:19:07.697313+00:00,19.98720049999247,538,324.72249149212865,239.36487605833796,324.0,239.0,324.0,239.0,0.8094000828678807,TRACKING,1.2999999999999996,0.5187499999999998,28.368399987812154,35.18314587344755,True,True
2026-09-17T06:19:07.725862+00:00,20.015755699991132,539,324.9386832033077,239.43143281264597,324.0,239.0,324.0,239.0,1.033082972466185,TRACKING,1.3249999999999995,0.5124999999999998,28.501299995696172,35.019891299896194,True,True
2026-09-17T06:19:07.758766+00:00,20.048654999991413,540,325.02179516893773,239.2919539143828,325.0,239.0,325.0,239.0,0.2927663189515765,TRACKING,1.3562499999999995,0.5062499999999999,32.85360000154469,30.395783496653625,True,True
2026-09-17T06:19:07.793197+00:00,20.083092499990016,541,323.9692755769519,238.9492874673647,323.0,238.0,323.0,238.0,1.35670256127535,TRACKING,1.3749999999999996,0.49374999999999986,34.36689999944065,29.03811252386398,True,True
2026-09-17T06:19:07.823199+00:00,20.113090999991982,542,324.7786573805908,239.4067894384623,324.0,239.0,324.0,239.0,0.8785129273909461,TRACKING,1.3999999999999995,0.4874999999999999,29.959799998323433,33.33500008115281,True,True
2026-09-17T06:19:07.855971+00:00,20.14586409999174,543,324.4475598402281,238.6683152694303,324.0,238.0,324.0,238.0,0.8043351975008411,TRACKING,1.4249999999999994,0.47499999999999987,32.59309999702964,30.51282911922801,True,True
2026-09-17T06:19:07.885379+00:00,20.17527049999626,544,323.97369001125423,238.73821024031147,323.0,238.0,323.0,238.0,1.2218946750505937,TRACKING,1.4437499999999994,0.46249999999999986,29.361599998082966,34.006202726153234,True,True
2026-09-17T06:19:07.917337+00:00,20.20722169999499,545,324.3548441770927,238.62129860849942,324.0,238.0,324.0,238.0,0.7154902871038058,TRACKING,1.4687499999999993,0.44999999999999984,31.899300010991283,31.297729038025253,True,True
2026-09-17T06:19:07.947112+00:00,20.237007699994138,546,323.5889092264516,238.32287155060723,323.0,238.0,323.0,238.0,0.6716100916390126,TRACKING,1.4874999999999994,0.43749999999999983,29.712900010054,33.572819446336474,True,True
2026-09-17T06:19:07.980879+00:00,20.270775199998752,547,323.6738639739482,237.84867393728197,323.0,237.0,323.0,237.0,1.0836697408375526,TRACKING,1.5062499999999994,0.41874999999999984,33.72720000334084,29.61427407605949,True,True
2026-09-17T06:19:08.012853+00:00,20.302748199988855,548,323.607780423285,238.2048899740199,323.0,238.0,323.0,238.0,0.6413867354275357,TRACKING,1.5249999999999995,0.40624999999999983,31.934699989506043,31.276389463283007,True,True
2026-09-17T06:19:08.046078+00:00,20.335972299988498,549,323.38882497218424,237.398127743873,323.0,237.0,323.0,237.0,0.5564984810720355,TRACKING,1.5437499999999995,0.38749999999999984,33.18149999540765,30.09863322138891,True,True
2026-09-17T06:19:08.074951+00:00,20.36484660000133,550,323.0152595583295,237.43540269068333,323.0,237.0,323.0,237.0,0.4356700094965189,TRACKING,1.5624999999999996,0.36874999999999986,28.828900001826696,34.63287420147459,True,True
2026-09-17T06:19:08.104766+00:00,20.394663799990667,551,322.48544274559896,237.32412008412612,322.0,237.0,322.0,237.0,0.5837023969357846,TRACKING,1.5749999999999995,0.34999999999999987,29.76370000396855,33.537689667626914,True,True
2026-09-17T06:19:08.138570+00:00,20.428462600000785,552,322.79783074990837,237.0720565103933,322.0,237.0,322.0,237.0,0.8010780524951455,TRACKING,1.5874999999999995,0.3312499999999999,33.764899999368936,29.586849228394176,True,True
2026-09-17T06:19:08.167983+00:00,20.45787699999346,553,322.9509784040266,236.6873404347772,322.0,236.0,322.0,236.0,1.1733698471516698,TRACKING,1.5999999999999994,0.30624999999999986,29.361499997321516,33.99695388139964,True,True
2026-09-17T06:19:08.196970+00:00,20.4868654999882,554,322.94354006075775,237.17843188474083,322.0,237.0,322.0,237.0,0.9602633929016107,TRACKING,1.6124999999999994,0.28749999999999987,28.945000012754463,34.496438249012094,True,True
2026-09-17T06:19:08.228922+00:00,20.518800899997586,555,322.77427043392674,236.55410130425528,322.0,236.0,322.0,236.0,0.9521149931759901,TRACKING,1.6249999999999993,0.26249999999999984,31.891799997538328,31.31321354064857,True,True
2026-09-17T06:19:08.258642+00:00,20.54853469999216,556,322.44202537664364,236.8234076322564,322.0,236.0,322.0,236.0,0.9345515301228868,TRACKING,1.6374999999999993,0.23749999999999985,29.669199997442774,33.631759148931124,True,True
2026-09-17T06:19:08.292828+00:00,20.58271619999141,557,321.9457625963569,236.9956756600167,321.0,236.0,321.0,236.0,1.3732577720942942,TRACKING,1.6437499999999994,0.21249999999999986,34.12679999019019,29.255591475563115,True,True
2026-09-17T06:19:08.321607+00:00,20.61150089999137,558,322.2845423062528,237.08047272402254,322.0,237.0,322.0,237.0,0.295702863292285,TRACKING,1.6562499999999993,0.19374999999999987,28.733099999953993,34.740678207568074,True,True
2026-09-17T06:19:08.353943+00:00,20.643836499992176,559,321.45752781259193,236.08758479261562,321.0,236.0,321.0,236.0,0.46583558815603626,TRACKING,1.6624999999999994,0.16874999999999987,32.29089999513235,30.925667065867625,True,True
2026-09-17T06:19:08.383575+00:00,20.673471799993422,560,321.4639860376151,236.0269920061689,321.0,236.0,321.0,236.0,0.46477049336072407,TRACKING,1.6687499999999995,0.14374999999999988,29.589199999463744,33.74354232816803,True,True
2026-09-17T06:19:08.413369+00:00,20.7032540999935,561,321.3032879776934,235.90884373193208,321.0,235.0,321.0,235.0,0.9581130029832514,TRACKING,1.6749999999999996,0.11249999999999988,29.73300000303425,33.57699035995703,True,True
2026-09-17T06:19:08.441949+00:00,20.731842599998345,562,320.9749090964346,236.74343319590085,320.0,236.0,320.0,236.0,1.2260263712817436,TRACKING,1.6749999999999996,0.08749999999999988,28.524900000775233,34.979099981830736,True,True
2026-09-17T06:19:08.471208+00:00,20.761104099990916,563,321.4784296525018,236.54117175511146,321.0,236.0,321.0,236.0,0.7223308112793035,TRACKING,1.6812499999999997,0.06249999999999988,29.214199996204115,34.174598029966226,True,True
2026-09-17T06:19:08.500993+00:00,20.790880999993533,564,320.81353496193793,236.31256287467045,320.0,236.0,320.0,236.0,0.8715128713436237,TRACKING,1.6812499999999997,0.03749999999999988,29.736099997535348,33.5830794982732,True,True
2026-09-17T06:19:08.534193+00:00,20.82408679999935,565,320.9800155948323,236.06817587456223,320.0,236.0,320.0,236.0,0.9823840979916411,TRACKING,1.6812499999999997,0.01249999999999988,33.156900011817925,30.115220829638922,True,True
2026-09-17T06:19:08.566944+00:00,20.856838899999275,566,320.97776750620886,235.81861951185246,320.0,235.0,320.0,235.0,1.2752126102667982,TRACKING,1.6812499999999997,-0.01875000000000012,32.70130000601057,30.532393342786758,True,True
2026-09-17T06:19:08.598328+00:00,20.888224599999376,567,320.8067921010498,236.5745154643221,320.0,236.0,320.0,236.0,0.9904451085555227,TRACKING,1.6812499999999997,-0.04375000000000012,31.340800007455982,31.861643997004666,True,True
2026-09-17T06:19:08.628032+00:00,20.917927599992254,568,320.4671962334176,236.34647178180325,320.0,236.0,320.0,236.0,0.5816485331413789,TRACKING,1.6812499999999997,-0.06875000000000012,29.66030000243336,33.66663300810584,True,True
2026-09-17T06:19:08.657528+00:00,20.947418600000674,569,319.9591921396756,236.14505637157967,319.0,236.0,319.0,236.0,0.9700984031279287,TRACKING,1.6749999999999996,-0.09375000000000011,29.449099994963035,33.90865008695827,True,True
2026-09-17T06:19:08.695074+00:00,20.984969099998125,570,320.28309730584596,235.98077058412233,320.0,235.0,320.0,235.0,1.0208109635269824,TRACKING,1.6749999999999996,-0.1250000000000001,37.503200001083314,26.63080385262201,True,True
2026-09-17T06:19:08.725577+00:00,21.01547230000142,571,319.4393342691919,236.8640229651812,319.0,236.0,319.0,236.0,0.9693040206492791,TRACKING,1.6687499999999995,-0.1500000000000001,30.45800000836607,32.783445667732295,True,True
2026-09-17T06:19:08.760007+00:00,21.04989850000129,572,319.42843035414563,236.8051032398432,319.0,236.0,319.0,236.0,0.9119998876970081,TRACKING,1.6624999999999994,-0.1750000000000001,34.38330000790302,29.047643945708643,True,True
2026-09-17T06:19:08.791921+00:00,21.081808699993417,573,319.251017342748,236.81415659357714,319.0,236.0,319.0,236.0,0.8519745684146935,TRACKING,1.6562499999999993,-0.2000000000000001,31.849099992541596,31.33794210775111,True,True
2026-09-17T06:19:08.822489+00:00,21.112380199992913,574,318.9078310798044,236.9011583145538,318.0,236.0,318.0,236.0,1.2791573700480645,TRACKING,1.6437499999999994,-0.2250000000000001,30.518100000335835,32.71020394866071,True,True
2026-09-17T06:19:08.851842+00:00,21.141733500000555,575,319.3997110130066,237.07588886062103,319.0,237.0,319.0,237.0,0.40685134027690883,TRACKING,1.6374999999999993,-0.24375000000000008,29.310400001122616,34.0677198045755,True,True
2026-09-17T06:19:08.884772+00:00,21.17466720000084,576,318.72759966830506,236.34790941325122,318.0,236.0,318.0,236.0,0.8064999920312708,TRACKING,1.6249999999999993,-0.2687500000000001,32.87919999274891,30.36403440826087,True,True
2026-09-17T06:19:08.917957+00:00,21.20785249999608,577,318.8925420608605,236.7265379795689,318.0,236.0,318.0,236.0,1.1508643561085348,TRACKING,1.6124999999999994,-0.2937500000000001,33.1445000047097,30.133824318100796,True,True
2026-09-17T06:19:08.947213+00:00,21.23710809998738,578,318.8956850419439,237.22082610218447,318.0,237.0,318.0,237.0,0.9225052096156807,TRACKING,1.5999999999999994,-0.3125000000000001,29.213100002380088,34.18149004967631,True,True
2026-09-17T06:19:08.979881+00:00,21.269775399996433,579,318.7382765821916,236.83953623505198,318.0,236.0,318.0,236.0,1.1179773708701564,TRACKING,1.5874999999999995,-0.33750000000000013,32.6201999996556,30.6116513982758,True,True
2026-09-17T06:19:09.010231+00:00,21.300119199993787,580,318.42166499166456,237.59111984189778,318.0,237.0,318.0,237.0,0.7261019437246575,TRACKING,1.5749999999999995,-0.3562500000000001,30.292800001916476,32.95566145595486,True,True
2026-09-17T06:19:09.041246+00:00,21.331142199996975,581,317.9472980771974,237.48369627196172,317.0,237.0,317.0,237.0,1.0636426705296915,TRACKING,1.5562499999999995,-0.3750000000000001,30.93069999886211,32.23414885398705,True,True
2026-09-17T06:19:09.071722+00:00,21.361616900001536,582,318.31672223756766,237.52503246585388,318.0,237.0,318.0,237.0,0.6131656105575998,TRACKING,1.5437499999999995,-0.3937500000000001,30.43309999338817,32.81410480990261,True,True
2026-09-17T06:19:09.102339+00:00,21.392232999991393,583,317.53158149704643,237.72252354224736,317.0,237.0,317.0,237.0,0.897005661689934,TRACKING,1.5249999999999995,-0.4125000000000001,30.55869998934213,32.662553373267976,True,True
2026-09-17T06:19:09.134929+00:00,21.42482449999079,584,317.59361647793605,238.08317431393266,317.0,238.0,317.0,238.0,0.5994151227449741,TRACKING,1.5062499999999994,-0.4250000000000001,32.548000002861954,30.682846755088285,True,True
2026-09-17T06:19:09.164771+00:00,21.45466449999367,585,317.5046633127389,237.61358177943424,317.0,237.0,317.0,237.0,0.7944606090161359,TRACKING,1.4874999999999994,-0.4437500000000001,29.801600001519546,33.51206433993162,True,True
2026-09-17T06:19:09.193710+00:00,21.4836049000005,586,317.2666524966329,238.31991863394904,317.0,238.0,317.0,238.0,0.416475072853564,TRACKING,1.4687499999999993,-0.4562500000000001,28.89270000741817,34.55377257273368,True,True
2026-09-17T06:19:09.229019+00:00,21.518912100000307,587,316.8816076809768,238.20791784082428,316.0,238.0,316.0,238.0,0.9057935370106812,TRACKING,1.4437499999999994,-0.4687500000000001,35.25889999582432,28.322835002647654,True,True
2026-09-17T06:19:09.259415+00:00,21.549309699999867,588,317.35164440859205,238.28285830213412,317.0,238.0,317.0,238.0,0.45128993915247906,TRACKING,1.4249999999999994,-0.4812500000000001,30.351100009283982,32.89733400052877,True,True
2026-09-17T06:19:09.293290+00:00,21.58318679999502,589,316.678968791619,238.54955166417352,316.0,238.0,316.0,238.0,0.8735019471005598,TRACKING,1.3999999999999995,-0.49375000000000013,33.83719999692403,29.518465280177548,True,True
2026-09-17T06:19:09.324195+00:00,21.614085199995316,590,316.86587613276754,239.012330290849,316.0,239.0,316.0,239.0,0.8659639215168784,TRACKING,1.3749999999999996,-0.5000000000000001,30.859699996653944,32.36413535944913,True,True
2026-09-17T06:19:09.359464+00:00,21.649359099988942,591,316.91474949082743,238.67503643502403,316.0,238.0,316.0,238.0,1.1368556722728673,TRACKING,1.3499999999999996,-0.5125000000000001,35.20179999759421,28.349572918806505,True,True
2026-09-17T06:19:09.390107+00:00,21.680000899999868,592,316.8280581913355,239.54101263488923,316.0,239.0,316.0,239.0,0.9891284240924578,TRACKING,1.3249999999999997,-0.51875,30.587500004912727,32.63515849732801,True,True
2026-09-17T06:19:09.417710+00:00,21.707606999989366,593,316.60835628332626,239.61309335935678,316.0,239.0,316.0,239.0,0.863701820508631,TRACKING,1.2999999999999998,-0.525,27.557299996260554,36.22387806971727,True,True
2026-09-17T06:19:09.450732+00:00,21.74062579999736,594,316.2582809431351,239.8935979233645,316.0,239.0,316.0,239.0,0.9301754104619723,TRACKING,1.275,-0.53125,32.98309999809135,30.28577658055068,True,True
2026-09-17T06:19:09.481109+00:00,21.770999899992603,595,315.7805508262488,240.38432469079632,315.0,240.0,315.0,240.0,0.8700373901812574,TRACKING,1.24375,-0.53125,30.32629999506753,32.922786194706426,True,True
2026-09-17T06:19:09.514756+00:00,21.80464969998866,596,316.17796436823346,240.0865465795093,316.0,240.0,316.0,240.0,0.19789296800415865,TRACKING,1.21875,-0.53125,33.601299990550615,29.717858653460564,True,True
2026-09-17T06:19:09.544402+00:00,21.834298499990837,597,315.4533980358051,240.00100787970183,315.0,240.0,315.0,240.0,0.45339915603517683,TRACKING,1.1875,-0.53125,29.60470000107307,33.72817786644094,True,True
2026-09-17T06:19:09.576328+00:00,21.866224299999885,598,315.60980452913,240.12792239357577,315.0,240.0,315.0,240.0,0.6230776055400998,TRACKING,1.15625,-0.53125,31.887000004644506,31.322629337920297,True,True
2026-09-17T06:19:09.611654+00:00,21.901550299997325,599,315.65021093648414,240.46697290094218,315.0,240.0,315.0,240.0,0.8005235487716416,TRACKING,1.125,-0.53125,35.284600002341904,28.30776199038877,True,True
2026-09-17T06:19:09.640664+00:00,21.930558299995027,600,315.5777168424215,241.01731195210675,315.0,241.0,315.0,241.0,0.5779761705323514,TRACKING,1.09375,-0.525,28.967300007934682,34.47324876169349,True,True
2026-09-17T06:19:09.671190+00:00,21.961083899994264,601,315.39549239063354,240.77756398605263,315.0,240.0,315.0,240.0,0.87236459319202,TRACKING,1.0625,-0.525,30.47129999322351,32.75938884166075,True,True
2026-09-17T06:19:09.704130+00:00,21.994026100001065,602,315.106776302714,241.74582876862655,315.0,241.0,315.0,241.0,0.7534332956090247,TRACKING,1.03125,-0.51875,32.89670000958722,30.356199640386997,True,True
2026-09-17T06:19:09.737151+00:00,22.027048399992054,603,314.71487385406283,241.91968614213465,314.0,241.0,314.0,241.0,1.1648464393460463,TRACKING,0.99375,-0.5125000000000001,32.9801000043517,30.28256663748037,True,True
2026-09-17T06:19:09.769382+00:00,22.05927639998845,604,315.22315480819657,242.29620207447624,315.0,242.0,315.0,242.0,0.37085541299174263,TRACKING,0.9625,-0.5000000000000001,32.18460000061896,31.02891895593561,True,True
2026-09-17T06:19:09.800347+00:00,22.090241599988076,605,314.6350513107559,241.87193599269597,314.0,241.0,314.0,241.0,1.078685562456217,TRACKING,0.925,-0.49375000000000013,30.91899999708403,32.29431749228245,True,True
2026-09-17T06:19:09.829284+00:00,22.1191792999889,606,314.95405574452536,242.6429493826249,314.0,242.0,314.0,242.0,1.1504808874029908,TRACKING,0.8875000000000001,-0.4812500000000001,28.895399998873472,34.55699658132854,True,True
2026-09-17T06:19:09.857646+00:00,22.147522599989315,607,315.1837185468099,242.60481563311401,315.0,242.0,315.0,242.0,0.6321031992491877,TRACKING,0.8562500000000001,-0.4687500000000001,28.30159998848103,35.28170678733075,True,True
2026-09-17T06:19:09.890689+00:00,22.180578899991815,608,314.3276459905255,242.7526311002573,314.0,242.0,314.0,242.0,0.8208565454340803,TRACKING,0.8187500000000001,-0.4562500000000001,32.983600001898594,30.251419545574887,True,True
2026-09-17T06:19:09.920345+00:00,22.210236099999747,609,314.38949793039643,243.08102736394756,314.0,243.0,314.0,243.0,0.39783673974557987,TRACKING,0.7812500000000001,-0.4375000000000001,29.605400006403215,33.71862481058681,True,True
2026-09-17T06:19:09.952039+00:00,22.241933799989056,610,314.3729855156656,242.58418464613078,314.0,242.0,314.0,242.0,0.6931016488735917,TRACKING,0.7437500000000001,-0.4250000000000001,31.59889999369625,31.548030309369214,True,True
2026-09-17T06:19:09.981276+00:00,22.271172699998715,611,314.2818688707455,243.2558463572209,314.0,243.0,314.0,243.0,0.38066707080930084,TRACKING,0.7062500000000002,-0.4062500000000001,29.18679999129381,34.201013022707706,True,True
2026-09-17T06:19:10.011801+00:00,22.301692499997444,612,314.1199547452652,243.08933473431455,314.0,243.0,314.0,243.0,0.14956548955788854,TRACKING,0.6687500000000002,-0.3875000000000001,30.479300010483712,32.76561445493285,True,True
2026-09-17T06:19:10.042590+00:00,22.332481099991128,613,313.8910941349742,243.0775675321213,313.0,243.0,313.0,243.0,0.8944637943621858,TRACKING,0.6250000000000002,-0.36875000000000013,30.738200002815574,32.47955412734357,True,True
2026-09-17T06:19:10.072290+00:00,22.362186099999235,614,314.5991798749957,243.21307572488806,314.0,243.0,314.0,243.0,0.6359385089270934,TRACKING,0.5875000000000002,-0.35000000000000014,29.64849999989383,33.66436625911724,True,True
2026-09-17T06:19:10.105720+00:00,22.39561479999975,615,314.24814420693195,243.48802217507387,314.0,243.0,314.0,243.0,0.5474862471311176,TRACKING,0.5500000000000003,-0.33125000000000016,33.38850000000093,29.91441485862877,True,True
2026-09-17T06:19:10.139409+00:00,22.429295699999784,616,313.8419563213395,243.89422122211283,313.0,243.0,313.0,243.0,1.2282190525800158,TRACKING,0.5062500000000003,-0.31250000000000017,33.63859999808483,29.690418011363658,True,True
2026-09-17T06:19:10.168635+00:00,22.45852799998829,617,314.384619877117,244.4231591423013,314.0,244.0,314.0,244.0,0.5718357365421325,TRACKING,0.46875000000000033,-0.28750000000000014,29.170399997383356,34.20873487180793,True,True
2026-09-17T06:19:10.198236+00:00,22.488111799990293,618,313.88017049934655,244.06601542867415,313.0,244.0,313.0,244.0,0.8826427050301741,TRACKING,0.4250000000000003,-0.2625000000000001,29.53729999717325,33.802283679998986,True,True
2026-09-17T06:19:10.230623+00:00,22.520518999997876,619,314.33267325716037,243.8136848376783,314.0,243.0,314.0,243.0,0.8790645659433897,TRACKING,0.3875000000000003,-0.24375000000000013,32.33999999065418,30.857340336900698,True,True
2026-09-17T06:19:10.258771+00:00,22.548658999992767,620,313.74622012320503,244.65680014753949,313.0,244.0,313.0,244.0,0.994098036455171,TRACKING,0.3437500000000003,-0.21875000000000014,28.098900002078153,35.53660270723283,True,True
2026-09-17T06:19:10.288346+00:00,22.578170099994168,621,314.12492741629,244.5857555714394,314.0,244.0,314.0,244.0,0.5989294188910625,TRACKING,0.30625000000000024,-0.19375000000000014,29.415299999527633,33.88555492518235,True,True
2026-09-17T06:19:10.318715+00:00,22.608608399998047,622,313.4729332288252,244.5907307669784,313.0,244.0,313.0,244.0,0.7567223255474216,TRACKING,0.26250000000000023,-0.16875000000000015,30.10309999808669,32.85334594483065,True,True
2026-09-17T06:19:10.349482+00:00,22.639348999990034,623,313.7943948406461,244.66171538191838,313.0,244.0,313.0,244.0,1.0338909079358904,TRACKING,0.21875000000000022,-0.14375000000000016,30.678299997816794,32.5302694241713,True,True
2026-09-17T06:19:10.382395+00:00,22.672289099995396,624,314.0934861208494,244.78853407484988,314.0,244.0,314.0,244.0,0.7940564476098767,TRACKING,0.18125000000000022,-0.11875000000000016,32.86979999393225,30.358134912681326,True,True
2026-09-17T06:19:10.412065+00:00,22.70195899999817,625,313.3743949192615,244.96087194824582,313.0,244.0,313.0,244.0,1.0312354030455573,TRACKING,0.1375000000000002,-0.09375000000000017,29.625800001667812,33.704191787183,True,True
2026-09-17T06:19:10.444731+00:00,22.7346247999958,626,313.6413204491665,245.1683003303349,313.0,245.0,313.0,245.0,0.6630361375596278,TRACKING,0.0937500000000002,-0.06250000000000017,32.62389999872539,30.613057083326805,True,True
2026-09-17T06:19:10.475191+00:00,22.76508319999266,627,313.8984706629378,244.40030284134792,313.0,244.0,313.0,244.0,0.9836116596254618,TRACKING,0.05000000000000019,-0.037500000000000165,30.407999991439283,32.831665488111426,True,True
2026-09-17T06:19:10.505638+00:00,22.79553049999231,628,314.15005962220255,244.64630167899168,314.0,244.0,314.0,244.0,0.6634935949073144,TRACKING,0.012500000000000185,-0.012500000000000164,30.38620000006631,32.84363473974627,True,True
2026-09-17T06:19:10.535457+00:00,22.825345699995523,629,313.40030486419084,244.8956840574455,313.0,244.0,313.0,244.0,0.9810677423383519,TRACKING,-0.03124999999999982,0.012499999999999838,29.76229999330826,33.53993935617496,True,True
2026-09-17T06:19:10.569246+00:00,22.859140999993542,630,313.653424765913,245.1378287337985,313.0,245.0,313.0,245.0,0.667802878526981,TRACKING,-0.07499999999999982,0.04374999999999984,33.73749999445863,29.589913392058094,True,True
2026-09-17T06:19:10.599501+00:00,22.889395899997908,631,313.91363590780895,244.36213255562666,313.0,244.0,313.0,244.0,0.9827871386432485,TRACKING,-0.11874999999999983,0.06874999999999984,30.203899994376116,33.052497276662955,True,True
2026-09-17T06:19:10.629056+00:00,22.918891799999983,632,314.18515043852597,244.55803696335002,314.0,244.0,314.0,244.0,0.5879506249263358,TRACKING,-0.15624999999999983,0.09374999999999983,29.451599999447353,33.903017027100006,True,True
2026-09-17T06:19:10.661098+00:00,22.95099169999594,633,313.47217344246064,244.71505438113397,313.0,244.0,313.0,244.0,0.8568841973942664,TRACKING,-0.19999999999999984,0.11874999999999983,31.99099999619648,31.152745028052827,True,True
2026-09-17T06:19:10.690424+00:00,22.98031319999427,634,313.77890031171876,244.822794430367,313.0,244.0,313.0,244.0,1.1329944263934086,TRACKING,-0.24374999999999986,0.14374999999999982,29.275199995026924,34.10466722564966,True,True
2026-09-17T06:19:10.723529+00:00,23.013418899994576,635,314.10951412413203,244.87098990019527,314.0,244.0,314.0,244.0,0.8778477941115825,TRACKING,-0.2812499999999999,0.16874999999999982,33.051000005798414,30.206278676806928,True,True
2026-09-17T06:19:10.756180+00:00,23.046074099998805,636,313.46818302896884,244.8495224102043,313.0,244.0,313.0,244.0,0.9699915845272763,TRACKING,-0.3249999999999999,0.1937499999999998,32.604800013359636,30.62299418991505,True,True
2026-09-17T06:19:10.783804+00:00,23.073699799992028,637,313.8590576419795,244.74844770109846,313.0,244.0,313.0,244.0,1.1393656101194973,TRACKING,-0.3687499999999999,0.2187499999999998,27.57259999634698,36.19817779261039,True,True
2026-09-17T06:19:10.817556+00:00,23.107448099995963,638,314.28626845139456,244.55802049017151,314.0,244.0,314.0,244.0,0.6271654436551002,TRACKING,-0.4062499999999999,0.2437499999999998,33.706700007314794,29.631122156771873,True,True
2026-09-17T06:19:10.849643+00:00,23.13953849999234,639,313.7539232365046,244.26871882943797,313.0,244.0,313.0,244.0,0.8003811940794653,TRACKING,-0.4499999999999999,0.2687499999999998,32.037500001024455,31.161967445494085,True,True
2026-09-17T06:19:10.881999+00:00,23.17189569999755,640,314.26610450043233,243.8712679055437,314.0,243.0,314.0,243.0,0.9109991044896005,TRACKING,-0.48749999999999993,0.2874999999999998,32.31330000562593,30.905022679312246,True,True
2026-09-17T06:19:10.911469+00:00,23.20136389999243,641,313.8268669186989,244.3566632219706,313.0,244.0,313.0,244.0,0.9005096085800822,TRACKING,-0.5312499999999999,0.31249999999999983,29.42310000071302,33.93488574713497,True,True
2026-09-17T06:19:10.943604+00:00,23.23349579999922,642,314.4402348051884,243.71619310558523,314.0,243.0,314.0,243.0,0.8406778504201902,TRACKING,-0.5687499999999999,0.3312499999999998,32.090900000184774,31.121720153141315,True,True
2026-09-17T06:19:10.975065+00:00,23.26496159999806,643,314.1101995970771,243.94146048128854,314.0,243.0,314.0,243.0,0.947888067771724,TRACKING,-0.6062499999999998,0.3499999999999998,31.33990000060294,31.78053632950142,True,True
2026-09-17T06:19:11.009529+00:00,23.299416800000472,644,313.8407173603175,244.02440386032848,313.0,244.0,313.0,244.0,0.841071476355118,TRACKING,-0.6499999999999998,0.37499999999999983,34.41469999961555,29.0231953356819,True,True
2026-09-17T06:19:11.038778+00:00,23.328673199997866,645,314.63570631722905,242.95731748982232,314.0,242.0,314.0,242.0,1.1491646087852787,TRACKING,-0.6874999999999998,0.38749999999999984,29.198900010669604,34.18055536870867,True,True
2026-09-17T06:19:11.070072+00:00,23.359948500001337,646,314.49904439773,243.73287061312917,314.0,243.0,314.0,243.0,0.8866479834150837,TRACKING,-0.7249999999999998,0.40624999999999983,31.232199995429255,31.97411375395257,True,True
2026-09-17T06:19:11.100051+00:00,23.389948099997127,647,314.4345668157648,243.34412579292004,314.0,243.0,314.0,243.0,0.5543201951190416,TRACKING,-0.7624999999999997,0.4249999999999998,29.933599987998605,33.33377778838163,True,True
2026-09-17T06:19:11.131525+00:00,23.421409999995376,648,314.4460636724141,242.78455625116132,314.0,242.0,314.0,242.0,0.9024972637542137,TRACKING,-0.7999999999999997,0.43749999999999983,31.42169999773614,31.784475828086315,True,True
2026-09-17T06:19:11.160334+00:00,23.45022609998705,649,314.5372775872074,243.04806218265927,314.0,243.0,314.0,243.0,0.5394230057361357,TRACKING,-0.8374999999999997,0.4562499999999998,28.75119999225717,34.70282239057269,True,True
2026-09-17T06:19:11.192187+00:00,23.481814699989627,650,314.7119013591104,242.12898600139565,314.0,242.0,314.0,242.0,0.7234921794043744,TRACKING,-0.8749999999999997,0.46874999999999983,31.510499989963137,31.656990177417605,True,True
2026-09-17T06:19:11.223867+00:00,23.513762599992333,651,314.97357565863985,242.02212648154833,314.0,242.0,314.0,242.0,0.9738270607668061,TRACKING,-0.9124999999999996,0.48124999999999984,31.62569999403786,31.300961875907458,True,True
2026-09-17T06:19:11.253068+00:00,23.542960399994627,652,315.32588675256955,241.72275175784497,315.0,241.0,315.0,241.0,0.792825503480006,TRACKING,-0.9437499999999996,0.4874999999999998,29.153800001950003,34.24915575562008,True,True
2026-09-17T06:19:11.282032+00:00,23.571923700001207,653,314.7723642626247,242.22661115276358,314.0,242.0,314.0,242.0,0.8049218401414168,TRACKING,-0.9812499999999996,0.49999999999999983,28.909400003612973,34.526452433693585,True,True
2026-09-17T06:19:11.312765+00:00,23.60265719999734,654,315.31647895958594,241.5299458010119,315.0,241.0,315.0,241.0,0.6172531764768381,TRACKING,-1.0124999999999997,0.5062499999999999,30.683000004501082,32.53778450634908,True,True
2026-09-17T06:19:11.343779+00:00,23.633578699998907,655,314.96164059417237,241.6294980447324,314.0,241.0,314.0,241.0,1.149356524618056,TRACKING,-1.0499999999999998,0.5124999999999998,30.86800000164658,32.33995763301521,True,True
2026-09-17T06:19:11.373148+00:00,23.663041299994802,656,315.7111957660534,241.52251957595197,315.0,241.0,315.0,241.0,0.8825112604977254,TRACKING,-1.0812499999999998,0.5187499999999998,29.09709999221377,33.94133579994024,True,True
2026-09-17T06:19:11.403389+00:00,23.69327930000145,657,315.5684258323387,241.2067783059189,315.0,241.0,315.0,241.0,0.6048679150596497,TRACKING,-1.1124999999999998,0.5249999999999998,30.19269999640528,33.07097029499806,True,True
2026-09-17T06:19:11.432858+00:00,23.72275499999523,658,315.5365448568317,240.68056394416342,315.0,240.0,315.0,240.0,0.8666300626494774,TRACKING,-1.1437499999999998,0.5249999999999998,29.424599997582845,33.926251122482654,True,True
2026-09-17T06:19:11.466158+00:00,23.7560475999926,659,315.61869760134664,240.94269227333277,315.0,240.0,315.0,240.0,1.127588330958327,TRACKING,-1.1749999999999998,0.5249999999999998,33.25100000074599,30.03670485570647,True,True
2026-09-17T06:19:11.498884+00:00,23.78877659999125,660,315.8179575603367,240.99250810911772,315.0,240.0,315.0,240.0,1.2861286549861237,TRACKING,-1.2062499999999998,0.5249999999999998,32.672399989678524,30.553942987599584,True,True
2026-09-17T06:19:11.530585+00:00,23.82047939999029,661,316.13732504005543,240.82988693787243,316.0,240.0,316.0,240.0,0.8411720967064378,TRACKING,-1.2312499999999997,0.5249999999999998,31.65239999361802,31.542955197342902,True,True
2026-09-17T06:19:11.560975+00:00,23.850868900000933,662,315.579725283468,240.45523522783358,315.0,240.0,315.0,240.0,0.7371027858804745,TRACKING,-1.2624999999999997,0.5249999999999998,30.345100007252768,32.906102425173366,True,True
2026-09-17T06:19:11.592367+00:00,23.88226169999689,663,316.14800664206547,239.86948941316146,316.0,239.0,316.0,239.0,0.8819964884824407,TRACKING,-1.2874999999999996,0.5187499999999998,31.348000004072674,31.854437964400084,True,True
2026-09-17T06:19:11.623989+00:00,23.913881299988134,664,315.8449387957394,240.07411355334202,315.0,240.0,315.0,240.0,0.8481829916559842,TRACKING,-1.3187499999999996,0.5187499999999998,31.570599996484816,31.625953531255266,True,True
2026-09-17T06:19:11.653597+00:00,23.943492599995807,665,316.673211021824,239.07109567380135,316.0,239.0,316.0,239.0,0.676954706563568,TRACKING,-1.3437499999999996,0.5124999999999998,29.567000005044974,33.77089150901435,True,True
2026-09-17T06:19:11.688891+00:00,23.978779999990365,666,316.63543051438126,238.86294279687635,316.0,238.0,316.0,238.0,1.0716539596752352,TRACKING,-1.3687499999999995,0.49999999999999983,35.19399999640882,28.338727142101735,True,True
2026-09-17T06:19:11.720004+00:00,24.00989689999551,667,316.73412075479393,239.45267467556593,316.0,239.0,316.0,239.0,0.8624660251383452,TRACKING,-1.3937499999999994,0.49374999999999986,31.015500004286878,32.13687738285805,True,True
2026-09-17T06:19:11.753774+00:00,24.043661599993357,668,316.9717199346683,238.84381624571964,316.0,238.0,316.0,238.0,1.2869597849086403,TRACKING,-1.4187499999999993,0.48124999999999984,33.711800002492964,29.61672990027435,True,True
2026-09-17T06:19:11.799557+00:00,24.089442500000587,669,317.35057943204475,239.0403888155346,317.0,239.0,317.0,239.0,0.3528982779684691,TRACKING,-1.4374999999999993,0.47499999999999987,45.71600000781473,21.843170401675565,True,True
2026-09-17T06:19:11.840461+00:00,24.130318600000464,670,316.87296234186533,238.04690001438004,316.0,238.0,316.0,238.0,0.8742212887272036,TRACKING,-1.4624999999999992,0.46249999999999986,40.810699996654876,24.46417344127727,True,True
2026-09-17T06:19:11.870080+00:00,24.159971599990968,671,317.54104206160923,237.86833252606922,317.0,237.0,317.0,237.0,1.0230972037202177,TRACKING,-1.4812499999999993,0.44374999999999987,29.56589999666903,33.72340067852362,True,True
2026-09-17T06:19:11.904361+00:00,24.19425419998879,672,317.35690093299365,238.51013163474758,317.0,238.0,317.0,238.0,0.6225853842983939,TRACKING,-1.4999999999999993,0.43124999999999986,34.23919998749625,29.169316214741528,True,True
2026-09-17T06:19:11.938718+00:00,24.228611499987892,673,317.32252894057535,237.97819161451585,317.0,237.0,317.0,237.0,1.0299921126968816,TRACKING,-1.5187499999999994,0.41249999999999987,34.30689999368042,29.105895982110457,True,True
2026-09-17T06:19:11.972000+00:00,24.26187899999786,674,317.4398224680761,238.27884099681538,317.0,238.0,317.0,238.0,0.5207649229062438,TRACKING,-1.5374999999999994,0.39999999999999986,33.21880000294186,30.059367241311005,True,True
2026-09-17T06:19:12.005430+00:00,24.29532299999846,675,317.71058311320587,237.41882675239648,317.0,237.0,317.0,237.0,0.8248298062608634,TRACKING,-1.5562499999999995,0.38124999999999987,33.34710000490304,29.90072957726547,True,True
2026-09-17T06:19:12.037295+00:00,24.327189999996335,676,318.1365165617201,237.40529742740287,318.0,237.0,318.0,237.0,0.4276713414331894,TRACKING,-1.5687499999999994,0.3624999999999999,31.817000010050833,31.38042489304677,True,True
2026-09-17T06:19:12.066847+00:00,24.356739899987588,677,317.7192315214247,237.24578527573206,317.0,237.0,317.0,237.0,0.7600686700408055,TRACKING,-1.5874999999999995,0.3437499999999999,29.50770000461489,33.841062077909775,True,True
2026-09-17T06:19:12.096203+00:00,24.3860990999965,678,318.46023871678346,236.94818743232065,318.0,236.0,318.0,236.0,1.0539824871587382,TRACKING,-1.5999999999999994,0.31874999999999987,29.30989999731537,34.06087358294671,True,True
2026-09-17T06:19:12.125874+00:00,24.415758899995126,679,318.3609499447657,237.52074617442108,318.0,237.0,318.0,237.0,0.6336098490400496,TRACKING,-1.6124999999999994,0.2999999999999999,29.615399995236658,33.71566902158212,True,True
2026-09-17T06:19:12.155506+00:00,24.44540149999375,680,318.42267719251953,236.97202832020204,318.0,236.0,318.0,236.0,1.0599505008966201,TRACKING,-1.6249999999999993,0.27499999999999986,29.588899997179396,33.735232403581925,True,True
2026-09-17T06:19:12.186126+00:00,24.476022499991814,681,318.6466318174212,237.31090381616158,318.0,237.0,318.0,237.0,0.7174913868509576,TRACKING,-1.6374999999999993,0.25624999999999987,30.578100006096065,32.65732667330367,True,True
2026-09-17T06:19:12.216051+00:00,24.505945799988694,682,319.0339237900179,236.54652356688408,319.0,236.0,319.0,236.0,0.5475754127870183,TRACKING,-1.6437499999999994,0.23124999999999987,29.881599999498576,33.418774002340626,True,True
2026-09-17T06:19:12.245143+00:00,24.535038999994867,683,318.5855610003305,236.68829656254078,318.0,236.0,318.0,236.0,0.9036779532076034,TRACKING,-1.6562499999999993,0.20624999999999988,29.049500008113682,34.37229317461882,True,True
2026-09-17T06:19:12.275815+00:00,24.565710899987607,684,319.30244862795615,236.74586636131633,319.0,236.0,319.0,236.0,0.8048551431753561,TRACKING,-1.6624999999999994,0.18124999999999988,30.632499998318963,32.60313186456352,True,True
2026-09-17T06:19:12.307507+00:00,24.59739979999722,685,319.1853885763609,236.72908698553684,319.0,236.0,319.0,236.0,0.752287682156439,TRACKING,-1.6687499999999995,0.1562499999999999,31.64709999691695,31.55679116967325,True,True
2026-09-17T06:19:12.337225+00:00,24.627119699987816,686,319.2350789717148,236.64799829174243,319.0,236.0,319.0,236.0,0.6893213394662863,TRACKING,-1.6749999999999996,0.1312499999999999,29.666999995242804,33.647488730326316,True,True
2026-09-17T06:19:12.366691+00:00,24.656575799992424,687,319.452113726587,236.51280087627882,319.0,236.0,319.0,236.0,0.6836457858282466,TRACKING,-1.6812499999999997,0.1062499999999999,29.29269999731332,33.94882553506875,True,True
2026-09-17T06:19:12.395813+00:00,24.68570760000148,688,319.836982168769,236.33383057911487,319.0,236.0,319.0,236.0,0.9011004418983642,TRACKING,-1.6874999999999998,0.0812499999999999,29.077800005325116,34.32674945211765,True,True
2026-09-17T06:19:12.426706+00:00,24.716601099993568,689,320.390068735461,236.12153264962728,320.0,236.0,320.0,236.0,0.40856309587329553,TRACKING,-1.6874999999999998,0.056249999999999904,30.847699992591515,32.36926862466416,True,True
2026-09-17T06:19:12.460042+00:00,24.749936099993647,690,320.1116527330113,235.8864356389186,320.0,235.0,320.0,235.0,0.8934396872391208,TRACKING,-1.6874999999999998,0.024999999999999904,33.2944999972824,29.998500074925012,True,True
2026-09-17T06:19:12.489479+00:00,24.779367799987085,691,320.00190816235846,236.63912508391851,320.0,236.0,320.0,236.0,0.6391279324027661,TRACKING,-1.6874999999999998,-9.71445146547012e-17,29.38690000155475,33.97697041703177,True,True
2026-09-17T06:19:12.522537+00:00,24.81243099999847,692,320.0609036102869,236.39021704905915,320.0,236.0,320.0,236.0,0.3949412552803368,TRACKING,-1.6874999999999998,-0.0250000000000001,33.00099998887163,30.245106331380434,True,True
2026-09-17T06:19:12.551990+00:00,24.84187769998971,693,320.288602206562,236.15033159163852,320.0,236.0,320.0,236.0,0.32540869852700044,TRACKING,-1.6874999999999998,-0.0500000000000001,29.400300001725554,33.95966272273229,True,True
2026-09-17T06:19:12.584085+00:00,24.87397939999937,694,320.6848616469731,235.93006621720988,320.0,235.0,320.0,235.0,1.1550145643626386,TRACKING,-1.6874999999999998,-0.0812500000000001,32.04350000305567,31.15099822436281,True,True
2026-09-17T06:19:12.615627+00:00,24.905520399988745,695,321.24943428226857,236.73996939133883,321.0,236.0,321.0,236.0,0.780879095180039,TRACKING,-1.6812499999999997,-0.1062500000000001,31.494099996052682,31.70476523689413,True,True
2026-09-17T06:19:12.645730+00:00,24.935624999998254,696,320.9819672729291,236.59051417392857,320.0,236.0,320.0,236.0,1.145847596635086,TRACKING,-1.6812499999999997,-0.1312500000000001,30.053700000280514,33.217514920781326,True,True
2026-09-17T06:19:12.676346+00:00,24.966241199988872,697,321.88200280968044,236.4920720420294,321.0,236.0,321.0,236.0,1.0099821042133301,TRACKING,-1.6749999999999996,-0.15625000000000008,30.571199997211806,32.6624466885648,True,True
2026-09-17T06:19:12.708008+00:00,24.997816599992802,698,321.9489783996095,236.45488696654297,321.0,236.0,321.0,236.0,1.0523697806645835,TRACKING,-1.6687499999999995,-0.18125000000000008,31.529999992926605,31.670224284586055,True,True
2026-09-17T06:19:12.738670+00:00,25.028565899992827,699,322.1822272177044,236.4890498076321,322.0,236.0,322.0,236.0,0.5218969948345096,TRACKING,-1.6562499999999996,-0.20625000000000007,30.605099993408658,32.521065520164306,True,True
2026-09-17T06:19:12.768883+00:00,25.05876799998805,700,321.58097852359737,236.60447309282716,321.0,236.0,321.0,236.0,0.8384054895057713,TRACKING,-1.6499999999999995,-0.23125000000000007,30.157999994116835,33.11028041620294,True,True
2026-09-17T06:19:12.800340+00:00,25.090234799994505,701,322.144358143254,236.81086624086566,322.0,236.0,322.0,236.0,0.8236160113179919,TRACKING,-1.6374999999999995,-0.2562500000000001,31.39990000636317,31.77952635141926,True,True
2026-09-17T06:19:12.829796+00:00,25.119690099993022,702,321.87138901530193,237.11771129320624,321.0,237.0,321.0,237.0,0.8793035679088034,TRACKING,-1.6312499999999994,-0.2750000000000001,29.414000004180707,33.94974758533583,True,True
2026-09-17T06:19:12.859762+00:00,25.149658099995577,703,322.7609918016633,236.53423921385956,322.0,236.0,322.0,236.0,0.9297957086500412,TRACKING,-1.6187499999999995,-0.3000000000000001,29.913499995018356,33.3689268524678,True,True
2026-09-17T06:19:12.889451+00:00,25.179345600001398,704,322.81198556210643,237.06940681678748,322.0,237.0,322.0,237.0,0.8149465376856716,TRACKING,-1.6062499999999995,-0.3187500000000001,29.645699993125163,33.6842105197114,True,True
2026-09-17T06:19:12.921075+00:00,25.210957199989934,705,323.0230884922931,236.7318743785337,323.0,236.0,323.0,236.0,0.7322384751093332,TRACKING,-1.5874999999999995,-0.3437500000000001,31.568100006552413,31.63395716643963,True,True
2026-09-17T06:19:12.951266+00:00,25.241159999990487,706,322.39291872486695,237.5299839920396,322.0,237.0,322.0,237.0,0.6597485552612457,TRACKING,-1.5749999999999995,-0.3625000000000001,30.1439000031678,33.109513024677206,True,True
2026-09-17T06:19:12.981212+00:00,25.271107499997015,707,322.9199951930735,237.47173871576013,322.0,237.0,322.0,237.0,1.0338900189214102,TRACKING,-1.5624999999999996,-0.3812500000000001,29.901400004746392,33.391768921679585,True,True
2026-09-17T06:19:13.013229+00:00,25.303124799989746,708,323.60273855638013,237.5647825701821,323.0,237.0,323.0,237.0,0.8259982560082726,TRACKING,-1.5437499999999995,-0.4000000000000001,31.977099992218427,31.233114604511886,True,True
2026-09-17T06:19:13.043717+00:00,25.333613299997523,709,323.4394721875123,237.81638143175564,323.0,237.0,323.0,237.0,0.9271539493052107,TRACKING,-1.5249999999999995,-0.41875000000000007,30.44899999804329,32.799252168683424,True,True
2026-09-17T06:19:13.075289+00:00,25.365184299997054,710,323.42842322028946,238.23340487198794,323.0,238.0,323.0,238.0,0.4878773308434195,TRACKING,-1.5062499999999994,-0.4312500000000001,31.530500011285767,31.67463811773044,True,True
2026-09-17T06:19:13.106219+00:00,25.396115099996678,711,323.56772365761157,237.8223089870895,323.0,237.0,323.0,237.0,0.9992508302023255,TRACKING,-1.4874999999999994,-0.45000000000000007,30.887900007655844,32.33023394196627,True,True
2026-09-17T06:19:13.136550+00:00,25.426442600000883,712,323.8554115388929,238.58912026109874,323.0,238.0,323.0,238.0,1.0386489218731036,TRACKING,-1.4687499999999993,-0.4625000000000001,30.287500005215406,32.97337399592283,True,True
2026-09-17T06:19:13.165878+00:00,25.455769499996677,713,324.28943216622713,238.53942050280813,324.0,238.0,324.0,238.0,0.6121645674952951,TRACKING,-1.4437499999999994,-0.4750000000000001,29.279599999426864,34.09838749214544,True,True
2026-09-17T06:19:13.195484+00:00,25.485376999989967,714,323.86763938850476,238.67833289415012,323.0,238.0,323.0,238.0,1.1013326580879097,TRACKING,-1.4249999999999994,-0.4875000000000001,29.54989999125246,33.77522587947776,True,True
2026-09-17T06:19:13.225875+00:00,25.515768299999763,715,324.5877969426865,239.0105091849112,324.0,239.0,324.0,239.0,0.5878908817111431,TRACKING,-1.3999999999999995,-0.4937500000000001,30.348600004799664,32.90415348068881,True,True
2026-09-17T06:19:13.256509+00:00,25.546388499991735,716,324.4475798513986,238.5401180657782,324.0,238.0,324.0,238.0,0.7014664983860253,TRACKING,-1.3749999999999996,-0.5062500000000001,30.571600000257604,32.65817990288025,True,True
2026-09-17T06:19:13.284789+00:00,25.574682299993583,717,324.4445758759632,239.27083474878447,324.0,239.0,324.0,239.0,0.5205758068116499,TRACKING,-1.3499999999999996,-0.5125000000000001,28.21370000310708,35.34343212769939,True,True
2026-09-17T06:19:13.314540+00:00,25.604435299988836,718,324.5762870239733,239.20583178119227,324.0,239.0,324.0,239.0,0.6119423634205914,TRACKING,-1.3249999999999997,-0.51875,29.709399997955188,33.61005613415606,True,True
2026-09-17T06:19:13.344858+00:00,25.63468939998711,719,324.8401311104551,239.3477711157777,324.0,239.0,324.0,239.0,0.9092662050927635,TRACKING,-1.2999999999999998,-0.525,30.209600008674897,33.05337128048939,True,True
2026-09-17T06:19:13.374791+00:00,25.664672099999734,720,325.2334433716474,239.69879745733516,325.0,239.0,325.0,239.0,0.736758911818647,TRACKING,-1.2687499999999998,-0.53125,29.865599994082004,33.35256663272315,True,True
2026-09-17T06:19:13.403503+00:00,25.693398899995373,721,324.75347813039673,240.26053290203166,324.0,240.0,324.0,240.0,0.79724945031476,TRACKING,-1.24375,-0.53125,28.65399999427609,34.81069942185796,True,True
2026-09-17T06:19:13.432267+00:00,25.7221634999878,722,325.3974105121111,240.03407288301176,325.0,240.0,325.0,240.0,0.39886849523763457,TRACKING,-1.2125,-0.53125,28.725800002575852,34.76495415417705,True,True
2026-09-17T06:19:13.460774+00:00,25.750669099987135,723,325.16233821021905,240.01998343238486,325.0,240.0,325.0,240.0,0.16356354137461088,TRACKING,-1.18125,-0.53125,28.465699986554682,35.08082622443803,True,True
2026-09-17T06:19:13.492032+00:00,25.781925799994497,724,325.04528330001506,240.21829976643994,325.0,240.0,325.0,240.0,0.22294700107421597,TRACKING,-1.15,-0.53125,31.210100001771934,31.993140663105414,True,True
2026-09-17T06:19:13.522454+00:00,25.812349999992875,725,325.04319409976324,240.62852619762293,325.0,240.0,325.0,240.0,0.6300086597442117,TRACKING,-1.11875,-0.53125,30.37639999820385,32.86857173083558,True,True
2026-09-17T06:19:13.550230+00:00,25.840126399998553,726,325.1529470779044,241.24963737349776,325.0,241.0,325.0,241.0,0.2927654810361974,TRACKING,-1.0875,-0.525,27.73650000744965,36.0017856812111,True,True
2026-09-17T06:19:13.580317+00:00,25.870204599996214,727,325.3713488051552,241.0800808395931,325.0,241.0,325.0,241.0,0.3798853458086236,TRACKING,-1.05625,-0.51875,30.033800008823164,33.24667034855057,True,True
2026-09-17T06:19:13.610060+00:00,25.89993419998791,728,325.6951379503033,241.11778091973034,325.0,241.0,325.0,241.0,0.7050454701680057,TRACKING,-1.025,-0.5125000000000001,29.67680001165718,33.63651042325789,True,True
2026-09-17T06:19:13.639599+00:00,25.929494500000146,729,326.1209873184305,241.36014390413305,326.0,241.0,326.0,241.0,0.3799231013049831,TRACKING,-0.9874999999999999,-0.5062500000000001,29.49050000461284,33.82915598238456,True,True
2026-09-17T06:19:13.668604+00:00,25.958500799999456,730,325.6455059302991,241.80406453235003,325.0,241.0,325.0,241.0,1.031114774520568,TRACKING,-0.9562499999999999,-0.5000000000000001,28.96909999253694,34.47526916648446,True,True
2026-09-17T06:19:13.697594+00:00,25.987485399993602,731,326.26524114160924,242.44593375479047,326.0,242.0,326.0,242.0,0.5188542925173715,TRACKING,-0.91875,-0.4875000000000001,28.946099992026575,34.50107989076821,True,True
2026-09-17T06:19:13.729200+00:00,26.019092899994575,732,325.97668080078245,242.28164775346676,325.0,242.0,325.0,242.0,1.0164796326783494,TRACKING,-0.8875,-0.4750000000000001,31.555499997921288,31.63806058591185,True,True
2026-09-17T06:19:13.758775+00:00,26.048670699994545,733,326.776255443948,242.30661819940383,326.0,242.0,326.0,242.0,0.8346180170979758,TRACKING,-0.85,-0.4625000000000001,29.529299994464964,33.80914063929751,True,True
2026-09-17T06:19:13.787784+00:00,26.077640699993935,734,326.66034052573906,242.5157837210714,326.0,242.0,326.0,242.0,0.8379036083318789,TRACKING,-0.8125,-0.45000000000000007,28.925300008268096,34.51846738077518,True,True
2026-09-17T06:19:13.815781+00:00,26.105669199998374,735,326.62525868451297,242.90362255517573,326.0,242.0,326.0,242.0,1.0988549243558978,TRACKING,-0.775,-0.43750000000000006,27.94549999816809,35.677970631380084,True,True
2026-09-17T06:19:13.844702+00:00,26.13459149999835,736,326.66728204058876,243.46416634819474,326.0,243.0,326.0,243.0,0.8128442166176351,TRACKING,-0.7375,-0.41875000000000007,28.861099999630824,34.57539683914528,True,True
2026-09-17T06:19:13.873682+00:00,26.163577399987844,737,326.78263452604347,243.19101507415064,326.0,243.0,326.0,243.0,0.805607571903378,TRACKING,-0.7000000000000001,-0.4000000000000001,28.928200001246296,34.49953254383959,True,True
2026-09-17T06:19:13.903393+00:00,26.193289399991045,738,326.96749424463786,243.0773530313441,326.0,243.0,326.0,243.0,0.9705815807367815,TRACKING,-0.6625000000000001,-0.3812500000000001,29.669199997442774,33.656435106767205,True,True
2026-09-17T06:19:13.932217+00:00,26.222113299998455,739,327.2179958603746,243.1159658780585,327.0,243.0,327.0,243.0,0.24692160702199828,TRACKING,-0.6187500000000001,-0.3625000000000001,28.788399999029934,34.69343148369661,True,True
2026-09-17T06:19:13.960828+00:00,26.25072640000144,740,326.5302330132047,243.29925866465504,326.0,243.0,326.0,243.0,0.6088536742627347,TRACKING,-0.5812500000000002,-0.3437500000000001,28.572700000950135,34.94902684070099,True,True
2026-09-17T06:19:13.988423+00:00,26.278318099997705,741,326.90026076038146,243.61927481699507,326.0,243.0,326.0,243.0,1.092689679482185,TRACKING,-0.5437500000000002,-0.3250000000000001,27.558900008443743,36.24278316071063,True,True
2026-09-17T06:19:14.017488+00:00,26.30731969999033,742,327.3240980419147,244.0677160237277,327.0,244.0,327.0,244.0,0.33109666359300916,TRACKING,-0.5000000000000002,-0.3000000000000001,28.953900007763878,34.48085623738973,True,True
2026-09-17T06:19:14.046371+00:00,26.336264699988533,743,326.7977301686092,243.63596297775007,326.0,243.0,326.0,243.0,1.0202070039839766,TRACKING,-0.46250000000000024,-0.2812500000000001,28.81949998845812,34.54828122515457,True,True
2026-09-17T06:19:14.075855+00:00,26.365745999995852,744,327.3171113311124,244.31509691998474,327.0,244.0,327.0,244.0,0.4470410107627227,TRACKING,-0.41875000000000023,-0.2562500000000001,29.432199997245334,33.91980678435952,True,True
2026-09-17T06:19:14.126825+00:00,26.416717100000824,745,326.87816712841106,244.09592193163098,326.0,244.0,326.0,244.0,0.8833903567447143,TRACKING,-0.3812500000000002,-0.2312500000000001,50.916000007418916,19.618960546318508,True,True
2026-09-17T06:19:14.158812+00:00,26.448697499989066,746,327.47679711420517,243.96898791917636,327.0,243.0,327.0,243.0,1.0799412371162158,TRACKING,-0.3375000000000002,-0.21250000000000008,31.929099990520626,31.269152367314025,True,True
2026-09-17T06:19:14.187063+00:00,26.476951199991163,747,327.10887735954657,244.92461423470473,327.0,244.0,327.0,244.0,0.9310025576981266,TRACKING,-0.2937500000000002,-0.18750000000000008,28.196700004627928,35.393594464646895,True,True
2026-09-17T06:19:14.216319+00:00,26.506212599997525,748,326.77026303016635,244.95291387247812,326.0,244.0,326.0,244.0,1.2252958761059678,TRACKING,-0.2562500000000002,-0.1625000000000001,29.2024000082165,34.174714804574364,True,True
2026-09-17T06:19:14.245185+00:00,26.535081900001387,749,327.45679097685877,245.0438181813006,327.0,245.0,327.0,245.0,0.4588878180471571,TRACKING,-0.2125000000000002,-0.1312500000000001,28.820600011385977,34.63887243079065,True,True
2026-09-17T06:19:14.273976+00:00,26.56386919999204,750,327.16428233731096,244.18710203090075,327.0,244.0,327.0,244.0,0.24898967111014364,TRACKING,-0.16875000000000018,-0.1062500000000001,28.747300006216392,34.73754052393442,True,True
2026-09-17T06:19:14.302848+00:00,26.59274110000115,751,326.8885451477631,244.37240936943618,326.0,244.0,326.0,244.0,0.9634319997058691,TRACKING,-0.13125000000000017,-0.0812500000000001,28.82629999658093,34.63575309157157,True,True
2026-09-17T06:19:14.330972+00:00,26.620866799989017,752,327.62537696284085,244.5892791082254,327.0,244.0,327.0,244.0,0.8592707449011506,TRACKING,-0.08750000000000016,-0.0562500000000001,28.079499999876134,35.55467065464521,True,True
2026-09-17T06:19:14.360037+00:00,26.649931299994932,753,327.3705674819539,244.82717126902529,327.0,244.0,327.0,244.0,0.9063843373440235,TRACKING,-0.04375000000000016,-0.0312500000000001,29.017699998803437,34.40623440267202,True,True
2026-09-17T06:19:14.391506+00:00,26.68139969999902,754,327.11990118059447,245.07549332848603,327.0,245.0,327.0,245.0,0.1416881637747037,TRACKING,-1.5265566588595902e-16,-9.71445146547012e-17,31.423599997651763,31.777910534699036,True,True
2026-09-17T06:19:14.420452+00:00,26.710333700000774,755,326.86915994489914,244.3236266939411,326.0,244.0,326.0,244.0,0.9274552532862788,TRACKING,0.03749999999999985,0.024999999999999904,28.880799989565276,34.561415633488565,True,True
2026-09-17T06:19:14.451192+00:00,26.741079299987177,756,327.61412570784,244.56095324436316,327.0,244.0,327.0,244.0,0.8317565313188363,TRACKING,0.08124999999999985,0.049999999999999906,30.663600002299063,32.52497919839698,True,True
2026-09-17T06:19:14.479589+00:00,26.769484999997076,757,327.3505830853714,244.776881870132,327.0,244.0,327.0,244.0,0.852322673573996,TRACKING,0.12499999999999986,0.0749999999999999,28.33620000455994,35.20420196128027,True,True
2026-09-17T06:19:14.508054+00:00,26.79794989999209,758,327.07432201091456,244.96087494529698,327.0,244.0,327.0,244.0,0.9637449983298776,TRACKING,0.16874999999999987,0.0999999999999999,28.42249999230262,35.13098588700919,True,True
2026-09-17T06:19:14.535774+00:00,26.825666299992008,759,326.7811403665091,245.10247466615218,326.0,245.0,326.0,245.0,0.7878333132033302,TRACKING,0.20624999999999988,0.1312499999999999,27.6739999972051,36.079721753293256,True,True
2026-09-17T06:19:14.564319+00:00,26.85421309999947,760,327.4668466089971,244.1913291902978,327.0,244.0,327.0,244.0,0.5045320756821323,TRACKING,0.2499999999999999,0.1562499999999999,28.500100001110695,35.03019601982078,True,True
2026-09-17T06:19:14.593461+00:00,26.883219700001064,761,327.12726238960823,244.21721851085883,327.0,244.0,327.0,244.0,0.2517530481811981,TRACKING,0.2937499999999999,0.18124999999999988,28.960199997527525,34.47491260420198,True,True
2026-09-17T06:19:14.623706+00:00,26.91360010000062,762,326.75822516528353,244.17008000117542,326.0,244.0,326.0,244.0,0.7770666689989177,TRACKING,0.33124999999999993,0.20624999999999988,30.18980000342708,32.91595897402763,True,True
2026-09-17T06:19:14.654557+00:00,26.944453199990676,763,327.35559080013627,244.04003356613285,327.0,244.0,327.0,244.0,0.35783725848333,TRACKING,0.37499999999999994,0.23124999999999987,30.808499999693595,32.411653944737004,True,True
2026-09-17T06:19:14.682286+00:00,26.972182199999224,764,326.91523615539916,243.81740633725204,326.0,243.0,326.0,243.0,1.2271146402555964,TRACKING,0.4125,0.2499999999999999,27.686800007359125,36.0633271914497,True,True
2026-09-17T06:19:14.711044+00:00,27.00094149999495,765,327.43306166624893,244.49275684982183,327.0,244.0,327.0,244.0,0.6560119814611891,TRACKING,0.45625,0.2749999999999999,28.71670000604354,34.77136092146128,True,True
2026-09-17T06:19:14.741581+00:00,27.031476999996812,766,326.9049939039076,244.05689864164742,326.0,244.0,326.0,244.0,0.9067808012586377,TRACKING,0.49375,0.29999999999999993,30.49740000278689,32.748767825614834,True,True
2026-09-17T06:19:14.771544+00:00,27.061435299998266,767,327.32698812139523,243.5009232144174,327.0,243.0,327.0,243.0,0.5982017203885788,TRACKING,0.5375,0.3187499999999999,29.91640000254847,33.37973115802562,True,True
2026-09-17T06:19:14.800386+00:00,27.090277700001025,768,326.6950307813727,243.81622230031417,326.0,243.0,326.0,243.0,1.0720478676746046,TRACKING,0.575,0.3374999999999999,28.78219999547582,34.67117853938451,True,True
2026-09-17T06:19:14.831156+00:00,27.121050399990054,769,327.00514206446434,243.99450937819637,327.0,243.0,327.0,243.0,0.9945226715100487,TRACKING,0.6187499999999999,0.3562499999999999,30.712299994775094,32.49633604969699,True,True
2026-09-17T06:19:14.859426+00:00,27.149308899999596,770,326.2533783565222,244.02784038558974,326.0,244.0,326.0,244.0,0.25490327307368804,TRACKING,0.6562499999999999,0.3812499999999999,28.212799996254034,35.38758248535202,True,True
2026-09-17T06:19:14.889763+00:00,27.179639099995256,771,326.4358347132535,242.90863357470442,326.0,242.0,326.0,242.0,1.0077533777452141,TRACKING,0.6937499999999999,0.39374999999999993,30.272500007413328,32.97043870937496,True,True
2026-09-17T06:19:14.918261+00:00,27.208151899991208,772,326.5486473006812,243.62968846285492,326.0,243.0,326.0,243.0,0.8351774786219592,TRACKING,0.7312499999999998,0.4124999999999999,28.435100000933744,35.071967682654595,True,True
2026-09-17T06:19:14.947042+00:00,27.236933299995144,773,326.58799580992047,243.18420382991957,326.0,243.0,326.0,243.0,0.616173776982653,TRACKING,0.7687499999999998,0.4312499999999999,28.736799999023788,34.744661478011494,True,True
2026-09-17T06:19:14.976424+00:00,27.26630170000135,774,326.55010584474053,242.5657947178459,326.0,242.0,326.0,242.0,0.7891388364286835,TRACKING,0.8062499999999998,0.4437499999999999,29.32029998919461,34.050203613022575,True,True
2026-09-17T06:19:15.004481+00:00,27.29437699999835,775,326.4312512804456,242.76850838972308,326.0,242.0,326.0,242.0,0.8812393613319548,TRACKING,0.8437499999999998,0.45624999999999993,28.01270000054501,35.61849740187595,True,True
2026-09-17T06:19:15.035050+00:00,27.324934299991583,776,326.2277565925789,242.78683920852274,326.0,242.0,326.0,242.0,0.8191391856893608,TRACKING,0.8812499999999998,0.46874999999999994,30.514000012772158,32.72540441143125,True,True
2026-09-17T06:19:15.064738+00:00,27.354633899987675,777,325.93599915400284,242.61574239832368,325.0,242.0,325.0,242.0,1.1203718656711394,TRACKING,0.9124999999999998,0.48124999999999996,29.635300001245923,33.67048714903769,True,True
2026-09-17T06:19:15.094745+00:00,27.38464119999844,778,326.5524114989296,242.2506466536263,326.0,242.0,326.0,242.0,0.6066153716513376,TRACKING,0.9499999999999997,0.49374999999999997,29.96690000873059,33.32522418348948,True,True
2026-09-17T06:19:15.125904+00:00,27.415800599992508,779,326.0734835524641,241.68746556523354,326.0,241.0,326.0,241.0,0.6913817584118135,TRACKING,0.9874999999999997,0.49999999999999994,31.115500009036623,32.093044159721,True,True
2026-09-17T06:19:15.153944+00:00,27.443833999990602,780,325.49576482429234,241.92260783414747,325.0,241.0,325.0,241.0,1.0473719380601612,TRACKING,1.0187499999999998,0.50625,27.997500001220033,35.671734433496894,True,True
2026-09-17T06:19:15.182721+00:00,27.472613099991577,781,325.815866565123,241.95298624794555,325.0,241.0,325.0,241.0,1.254520243303746,TRACKING,1.0499999999999998,0.5125,28.70239999901969,34.74743824393851,True,True
2026-09-17T06:19:15.211307+00:00,27.501190999988467,782,326.03046388454334,241.7760253972038,326.0,241.0,326.0,241.0,0.7766231166832332,TRACKING,1.0875,0.5187499999999999,28.533700009575114,34.99207429898047,True,True
2026-09-17T06:19:15.241406+00:00,27.531287299992982,783,325.1362978289728,241.38966811267971,325.0,241.0,325.0,241.0,0.4128175580350985,TRACKING,1.11875,0.5249999999999999,30.029300003661774,33.226675699336965,True,True
2026-09-17T06:19:15.270631+00:00,27.560526499990374,784,325.1301774183966,240.79238060716347,325.0,240.0,325.0,240.0,0.8030026070126731,TRACKING,1.15,0.5249999999999999,29.176199997891672,34.2006621278698,True,True
2026-09-17T06:19:15.300825+00:00,27.59071779999067,785,325.00898164062994,240.98315630914743,325.0,240.0,325.0,240.0,0.9831973342543229,TRACKING,1.18125,0.5249999999999999,30.1496999891242,33.122124585233685,True,True
2026-09-17T06:19:15.331903+00:00,27.62179789999209,786,324.7696614018465,240.96151837873077,324.0,240.0,324.0,240.0,1.2316234270788307,TRACKING,1.2062499999999998,0.5249999999999999,31.016399996588007,32.17492865062773,True,True
2026-09-17T06:19:15.361137+00:00,27.65102429999388,787,325.409241432161,240.7275208994708,325.0,240.0,325.0,240.0,0.8347246306201785,TRACKING,1.2374999999999998,0.5249999999999999,29.179900011513382,34.21564065156068,True,True
2026-09-17T06:19:15.389862+00:00,27.679754500000854,788,324.9248221450807,240.2817487432019,324.0,240.0,324.0,240.0,0.9667876469667768,TRACKING,1.2624999999999997,0.5249999999999999,28.671599997323938,34.80657982740101,True,True
2026-09-17T06:19:15.417655+00:00,27.70754869999655,789,325.3135814496472,239.62531610816137,325.0,239.0,325.0,239.0,0.6995381052443931,TRACKING,1.2937499999999997,0.5187499999999999,27.75110000220593,35.97872938076407,True,True
2026-09-17T06:19:15.445832+00:00,27.735727399995085,790,324.57277651415603,239.75986373407318,324.0,239.0,324.0,239.0,0.9515596825887327,TRACKING,1.3187499999999996,0.5125,28.127199999289587,35.487797522668366,True,True
2026-09-17T06:19:15.475204+00:00,27.7650905999908,791,324.69974548033525,239.68755480115345,324.0,239.0,324.0,239.0,0.9810073097784634,TRACKING,1.3437499999999996,0.50625,29.31959999841638,34.05623365797859,True,True
2026-09-17T06:19:15.504937+00:00,27.79483309999341,792,324.6919091269186,239.4110695232872,324.0,239.0,324.0,239.0,0.8048082957380583,TRACKING,1.3687499999999995,0.5,29.659000007086433,33.62192148986021,True,True
2026-09-17T06:19:15.534816+00:00,27.82470279998961,793,324.5467724815784,238.933598448888,324.0,238.0,324.0,238.0,1.081927081820895,TRACKING,1.3937499999999994,0.4875,29.830200001015328,33.47874267660203,True,True
2026-09-17T06:19:15.563507+00:00,27.85339340000064,794,324.26192638019825,239.25883448619015,324.0,239.0,324.0,239.0,0.3682400302589023,TRACKING,1.4187499999999993,0.48125,28.631299996050075,34.854621360845755,True,True
2026-09-17T06:19:15.591679+00:00,27.881568199998583,795,323.83504897252556,238.3909636729001,323.0,238.0,323.0,238.0,0.9220408776423815,TRACKING,1.4374999999999993,0.46875,28.115200009779073,35.492709800000654,True,True
2026-09-17T06:19:15.622614+00:00,27.91250459999719,796,324.2639071732508,238.33465471328236,324.0,238.0,324.0,238.0,0.42619335191357394,TRACKING,1.4624999999999992,0.45625,30.844599998090416,32.32438163603276,True,True
2026-09-17T06:19:15.651334+00:00,27.94122929999139,797,323.54635805761154,238.09504730883168,323.0,238.0,323.0,238.0,0.554563898963142,TRACKING,1.4812499999999993,0.44375,28.669599996646866,34.81324435771026,True,True
2026-09-17T06:19:15.680149+00:00,27.970034899990424,798,323.6803502006545,237.67773931169336,323.0,237.0,323.0,237.0,0.9603160782498785,TRACKING,1.4999999999999993,0.425,28.759499997249804,34.71547199272381,True,True
2026-09-17T06:19:15.709311+00:00,27.99920849999762,799,323.6639249593053,238.08877273295144,323.0,238.0,323.0,238.0,0.6698335238730591,TRACKING,1.5187499999999994,0.4125,29.11370000219904,34.27756601013506,True,True
2026-09-17T06:19:15.740428+00:00,28.030322199992952,800,323.4952176964596,237.33461864074462,323.0,237.0,323.0,237.0,0.597670646443765,TRACKING,1.5374999999999994,0.39375,31.077499996172264,32.14018262534117,True,True
2026-09-17T06:19:15.773429+00:00,28.063324699993245,801,323.1724589463197,237.42216098596737,323.0,237.0,323.0,237.0,0.45602849279254226,TRACKING,1.5562499999999995,0.375,32.95849999994971,30.300734792549378,True,True
2026-09-17T06:19:15.814978+00:00,28.10486999999557,802,322.6939755202517,237.3586793959787,322.0,237.0,322.0,237.0,0.7811868738069259,TRACKING,1.5687499999999994,0.35625,41.502499996568076,24.070111419198,True,True
2026-09-17T06:19:15.854597+00:00,28.144491699989885,803,323.0581915524764,237.15183097932243,323.0,237.0,323.0,237.0,0.1626004399182829,TRACKING,1.5874999999999995,0.3375,39.569000000483356,25.23869496118337,True,True
2026-09-17T06:19:15.882815+00:00,28.172709499995108,804,322.2636294849316,236.80963118694666,322.0,236.0,322.0,236.0,0.8514711763776568,TRACKING,1.5999999999999994,0.3125,28.175700004794635,35.43862384079963,True,True
2026-09-17T06:19:15.911519+00:00,28.201414499999373,805,322.30891099070004,237.340433777748,322.0,237.0,322.0,237.0,0.45969681009013863,TRACKING,1.6124999999999994,0.29375,28.659700008574873,34.837136382212286,True,True
2026-09-17T06:19:15.939272+00:00,28.22916489999625,806,322.19275783541764,236.7529099385257,322.0,236.0,322.0,236.0,0.7771929996118548,TRACKING,1.6249999999999993,0.26875,27.703400002792478,36.03551660922303,True,True
2026-09-17T06:19:15.968298+00:00,28.258187299987185,807,321.9139926761276,237.05602661053268,321.0,237.0,321.0,237.0,0.9157082467154216,TRACKING,1.6312499999999994,0.25,28.96830000099726,34.456144230398486,True,True
2026-09-17T06:19:15.997681+00:00,28.287574399990262,808,322.47153979708366,236.2590240767882,322.0,236.0,322.0,236.0,0.537999305380295,TRACKING,1.6437499999999994,0.225,29.32899999723304,34.028536327003074,True,True
2026-09-17T06:19:16.027120+00:00,28.317008799989708,809,321.86442578203525,236.37139286618697,321.0,236.0,321.0,236.0,0.9408318626098032,TRACKING,1.6499999999999995,0.2,29.38779999385588,33.973853722815655,True,True
2026-09-17T06:19:16.055962+00:00,28.345851199992467,810,322.09178012258246,236.40285003211574,322.0,236.0,322.0,236.0,0.4131727717031969,TRACKING,1.6624999999999994,0.17500000000000002,28.78160000545904,34.67117853938451,True,True
2026-09-17T06:19:16.085130+00:00,28.37502589999349,811,321.1528357622144,236.36331486488206,321.0,236.0,321.0,236.0,0.39415283996937817,TRACKING,1.6687499999999995,0.15000000000000002,29.115099998307414,34.27627361943653,True,True
2026-09-17T06:19:16.113756+00:00,28.403647899991483,812,321.04692957569506,236.26288409865583,321.0,236.0,321.0,236.0,0.2670401363110186,TRACKING,1.6749999999999996,0.12500000000000003,28.581699996721,34.93815946020739,True,True
2026-09-17T06:19:16.145284+00:00,28.4351777999982,813,320.7735027834952,236.11180667488838,320.0,236.0,320.0,236.0,0.7815416102962162,TRACKING,1.6749999999999996,0.10000000000000003,31.47250000620261,31.715926780197904,True,True
2026-09-17T06:19:16.173929+00:00,28.463822599995183,814,321.3321013010107,235.92045812530108,321.0,235.0,321.0,235.0,0.9785368846220296,TRACKING,1.6812499999999997,0.06875000000000003,28.597500000614673,34.910350224311145,True,True
2026-09-17T06:19:16.204481+00:00,28.494262499996694,815,320.7223760223515,236.6993146384551,320.0,236.0,320.0,236.0,1.0054193559037783,TRACKING,1.6812499999999997,0.04375000000000003,30.394500005058944,32.851619090416264,True,True
2026-09-17T06:19:16.238792+00:00,28.52868779998971,816,320.9440830385208,236.4589268747379,320.0,236.0,320.0,236.0,1.0497174191082619,TRACKING,1.6812499999999997,0.01875000000000003,34.2670999962138,29.048403360401363,True,True
2026-09-17T06:19:16.270707+00:00,28.56060269998852,817,320.99708378985,236.20989359520877,320.0,236.0,320.0,236.0,1.0189364088555029,TRACKING,1.6812499999999997,-0.006249999999999971,31.869599988567643,31.333327067836095,True,True
2026-09-17T06:19:16.300354+00:00,28.590247299987823,818,320.8813451525953,235.96283517021155,320.0,235.0,320.0,235.0,1.3053048850745794,TRACKING,1.6812499999999997,-0.03749999999999997,29.60700000403449,33.73295642456214,True,True
2026-09-17T06:19:16.328445+00:00,28.618341099994723,819,320.5969394596371,236.72836703398468,320.0,236.0,320.0,236.0,0.9417299266071323,TRACKING,1.6812499999999997,-0.06249999999999997,28.048599997418933,35.595042313762995,True,True
2026-09-17T06:19:16.356658+00:00,28.646554299994023,820,320.14404445527583,236.51707315159973,320.0,236.0,320.0,236.0,0.5367620042448892,TRACKING,1.6812499999999997,-0.08749999999999997,28.17410000716336,35.444401912041776,True,True
2026-09-17T06:19:16.387454+00:00,28.677345099989907,821,319.52294318414675,236.33947956456262,319.0,236.0,319.0,236.0,0.6234708883349523,TRACKING,1.6749999999999996,-0.11249999999999996,30.750799996894784,32.47723346368612,True,True
2026-09-17T06:19:16.415033+00:00,28.704928699997254,822,319.73402381432703,236.20602808119347,319.0,236.0,319.0,236.0,0.7623900118964476,TRACKING,1.6687499999999995,-0.13749999999999996,27.529600003617816,36.25342593909614,True,True
2026-09-17T06:19:16.443444+00:00,28.733334599994123,823,319.7777793947417,236.12705017753956,319.0,236.0,319.0,236.0,0.788087897697697,TRACKING,1.6624999999999994,-0.16249999999999995,28.363099991111085,35.2039541120054,True,True
2026-09-17T06:19:16.474602+00:00,28.764492799993604,824,319.6548075470265,236.1127411740706,319.0,236.0,319.0,236.0,0.6644422442723602,TRACKING,1.6562499999999993,-0.18749999999999994,31.11140000692103,32.09428015792449,True,True
2026-09-17T06:19:16.502811+00:00,28.79270279999764,825,319.36581009203167,236.17313475268298,319.0,236.0,319.0,236.0,0.404713066281302,TRACKING,1.6499999999999992,-0.21249999999999994,28.15270000428427,35.448422540123524,True,True
2026-09-17T06:19:16.532777+00:00,28.822670499997912,826,318.91159261120754,236.3180778777222,318.0,236.0,318.0,236.0,0.9654919083578274,TRACKING,1.6374999999999993,-0.23749999999999993,29.92159999848809,33.369260903939285,True,True
2026-09-17T06:19:16.562721+00:00,28.852610399990226,827,319.2930639431437,236.55720618370196,319.0,236.0,319.0,236.0,0.6295754171873591,TRACKING,1.6312499999999992,-0.26249999999999996,29.894000006606802,33.400245166373594,True,True
2026-09-17T06:19:16.592444+00:00,28.88233809999656,828,318.5112356155713,236.89991989123217,318.0,236.0,318.0,236.0,1.0349964566431622,TRACKING,1.6187499999999992,-0.2875,29.67499999795109,33.638660232273615,True,True
2026-09-17T06:19:16.622070+00:00,28.911965099992813,829,318.5672212131949,237.35536031136715,318.0,237.0,318.0,237.0,0.6693436005470209,TRACKING,1.6062499999999993,-0.30624999999999997,29.581299997516908,33.75299558262608,True,True
2026-09-17T06:19:16.655500+00:00,28.945396499999333,830,318.46223568173525,236.93238699708508,318.0,236.0,318.0,236.0,1.0406763847626102,TRACKING,1.5937499999999993,-0.33125,33.38639999856241,29.911998893404313,True,True
2026-09-17T06:19:16.684870+00:00,28.97476139999344,831,318.1975945686289,237.63955559902115,318.0,237.0,318.0,237.0,0.6693840286344975,TRACKING,1.5812499999999994,-0.35,29.32249999139458,34.05426206800238,True,True
2026-09-17T06:19:16.715664+00:00,29.005560899997363,832,317.774713200855,237.485096480798,317.0,237.0,317.0,237.0,0.9140564201741564,TRACKING,1.5624999999999993,-0.36874999999999997,30.748199991649017,32.468059542285964,True,True
2026-09-17T06:19:16.744683+00:00,29.034576299993205,833,318.1951058003996,237.4768941473998,318.0,237.0,318.0,237.0,0.51526139111498,TRACKING,1.5499999999999994,-0.38749999999999996,28.978400005144067,34.464456810635134,True,True
2026-09-17T06:19:16.774443+00:00,29.064330599998357,834,317.46038453791857,237.6224675380194,317.0,237.0,317.0,237.0,0.7742220344593911,TRACKING,1.5312499999999993,-0.40624999999999994,29.710999995586462,33.60858766050125,True,True
2026-09-17T06:19:16.808324+00:00,29.098219399995287,835,317.57225852518195,237.9289512326231,317.0,237.0,317.0,237.0,1.0910683810996373,TRACKING,1.5124999999999993,-0.42499999999999993,33.82549999514595,29.50827412273628,True,True
2026-09-17T06:19:16.838194+00:00,29.128084399999352,836,317.5325327469344,238.40307761921792,317.0,238.0,317.0,238.0,0.6678792508170139,TRACKING,1.4937499999999992,-0.43749999999999994,29.80299999762792,33.48401138000603,True,True
2026-09-17T06:19:16.867567+00:00,29.157459399997606,837,317.3431069328411,238.05116006638855,317.0,238.0,317.0,238.0,0.3469001581961648,TRACKING,1.4749999999999992,-0.44999999999999996,29.31890000763815,34.04255319351306,True,True
2026-09-17T06:19:16.897215+00:00,29.187109899998177,838,317.0059743702145,237.87907714316142,317.0,237.0,317.0,237.0,0.879097444387317,TRACKING,1.4562499999999992,-0.46874999999999994,29.588300007162616,33.72624407617901,True,True
2026-09-17T06:19:16.926284+00:00,29.21617939999851,839,316.5232206582789,238.89225792564628,316.0,238.0,316.0,238.0,1.0343520015586518,TRACKING,1.4312499999999992,-0.48124999999999996,29.027800002950244,34.40031648251819,True,True
2026-09-17T06:19:16.954365+00:00,29.24425399999018,840,316.89702240473525,239.09566842717112,316.0,239.0,316.0,239.0,0.9021095513042815,TRACKING,1.4062499999999993,-0.48749999999999993,28.034300004947,35.619385504931394,True,True
2026-09-17T06:19:16.982427+00:00,29.272309799998766,841,317.12964586545354,238.49379918583622,317.0,238.0,317.0,238.0,0.5105347063243741,TRACKING,1.3874999999999993,-0.49999999999999994,27.99550000054296,35.643253790443055,True,True
2026-09-17T06:19:17.011520+00:00,29.301406300000963,842,316.22344552813865,239.090654040508,316.0,239.0,316.0,239.0,0.24113493962010318,TRACKING,1.3624999999999994,-0.50625,29.015499996603467,34.36839482152468,True,True
2026-09-17T06:19:17.040611+00:00,29.33049929999106,843,316.18086264084786,238.8897401233055,316.0,238.0,316.0,238.0,0.907936551678668,TRACKING,1.3374999999999995,-0.5187499999999999,29.029400000581518,34.37252948614274,True,True
2026-09-17T06:19:17.070947+00:00,29.36084349999146,844,316.0044236862951,239.89405909359823,316.0,239.0,316.0,239.0,0.8940700374389728,TRACKING,1.3124999999999996,-0.5249999999999999,30.293999996501952,32.95522702812488,True,True
2026-09-17T06:19:17.100826+00:00,29.390709299987066,845,315.69673880287763,240.10609963541953,315.0,240.0,315.0,240.0,0.7047709500763443,TRACKING,1.2812499999999996,-0.5249999999999999,29.823599994415417,33.48311447030254,True,True
2026-09-17T06:19:17.131326+00:00,29.421219199997722,846,316.26050015342554,239.52783123705353,316.0,239.0,316.0,239.0,0.5886137483479236,TRACKING,1.2562499999999996,-0.5312499999999999,30.416000008699484,32.776246387261764,True,True
2026-09-17T06:19:17.164695+00:00,29.454590099994675,847,315.6984802426903,240.1606992683399,315.0,240.0,315.0,240.0,0.7167279150931061,TRACKING,1.2249999999999996,-0.5312499999999999,33.322000002954155,29.966228063711334,True,True
2026-09-17T06:19:17.193088+00:00,29.482983599998988,848,316.0135301846147,240.0056213680017,316.0,240.0,316.0,240.0,0.0146514734384713,TRACKING,1.1999999999999997,-0.5312499999999999,28.350000007776543,35.21932836205824,True,True
2026-09-17T06:19:17.223616+00:00,29.513511999990442,849,315.2085779204845,240.06298515002675,315.0,240.0,315.0,240.0,0.217880421418577,TRACKING,1.1687499999999997,-0.5312499999999999,30.486300005577505,32.756384228454436,True,True
2026-09-17T06:19:17.264198+00:00,29.55409379999037,850,315.2866263890563,240.3326472348345,315.0,240.0,315.0,240.0,0.4391000680329068,TRACKING,1.1374999999999997,-0.5312499999999999,40.54079999332316,24.64158810111416,True,True
2026-09-17T06:19:17.305444+00:00,29.595337499995367,851,315.25075164982013,240.8139336076503,315.0,240.0,315.0,240.0,0.8516832201882171,TRACKING,1.1062499999999997,-0.5312499999999999,41.202599997632205,24.246127284381032,True,True
2026-09-17T06:19:17.335493+00:00,29.62538759999734,852,315.10410096056455,241.50564130319106,315.0,241.0,315.0,241.0,0.5162461985169584,TRACKING,1.0749999999999997,-0.5249999999999999,30.007400011527352,33.27775947282607,True,True
2026-09-17T06:19:17.371840+00:00,29.661731599990162,853,314.84989081043824,241.4060414124525,314.0,241.0,314.0,241.0,0.9419044634642074,TRACKING,1.0374999999999996,-0.5187499999999999,36.29650000948459,27.5148580287659,True,True
2026-09-17T06:19:17.402185+00:00,29.692078299995046,854,315.49140490975446,241.51288340408058,315.0,241.0,315.0,241.0,0.7103014652329531,TRACKING,1.0062499999999996,-0.5125,30.277800004114397,32.952512129459166,True,True
2026-09-17T06:19:17.431104+00:00,29.7209981999913,855,315.0319921377743,241.82340074952856,315.0,241.0,315.0,241.0,0.8240220210671334,TRACKING,0.9749999999999996,-0.50625,28.869600006146356,34.578266181056705,True,True
2026-09-17T06:19:17.462497+00:00,29.75238599999284,856,314.47506444976784,242.33431783793714,314.0,242.0,314.0,242.0,0.5809084680017871,TRACKING,0.9374999999999997,-0.49374999999999997,31.341199995949864,31.85951229302337,True,True
2026-09-17T06:19:17.490083+00:00,29.77997719999985,857,314.82409474465584,242.04185816345534,314.0,242.0,314.0,242.0,0.8251571086873246,TRACKING,0.8999999999999997,-0.48124999999999996,27.538900001673028,36.24343992816399,True,True
2026-09-17T06:19:17.519135+00:00,29.80902979998791,858,315.08261469455545,241.9417537645397,315.0,241.0,315.0,241.0,0.9453704780567149,TRACKING,0.8687499999999997,-0.475,29.004400013945997,34.420327282614295,True,True
2026-09-17T06:19:17.550277+00:00,29.84017359999416,859,314.2542125376063,243.02925589163343,314.0,243.0,314.0,243.0,0.2558904481833926,TRACKING,0.8312499999999997,-0.45625,31.098999999812804,32.109119625716204,True,True
2026-09-17T06:19:17.584941+00:00,29.87483329999668,860,314.342530835433,242.29914687656913,314.0,242.0,314.0,242.0,0.45477052123407125,TRACKING,0.7937499999999997,-0.44375,34.618500008946285,28.85195197671233,True,True
2026-09-17T06:19:17.614715+00:00,29.90461119999236,861,314.35126419666506,242.74575317402127,314.0,242.0,314.0,242.0,0.8243387243248691,TRACKING,0.7562499999999998,-0.43124999999999997,29.730299997027032,33.58195172074278,True,True
2026-09-17T06:19:17.645971+00:00,29.935839499987196,862,314.2841569679292,243.36295954241336,314.0,243.0,314.0,243.0,0.4609607487103937,TRACKING,0.7187499999999998,-0.4125,31.18679999897722,32.02223624614035,True,True
2026-09-17T06:19:17.675111+00:00,29.965005899997777,863,314.14500089374883,243.14422432883998,314.0,243.0,314.0,243.0,0.20451385336280423,TRACKING,0.6812499999999998,-0.39375,29.095699996105395,34.28602774552962,True,True
2026-09-17T06:19:17.704302+00:00,29.994198999993387,864,313.93763274683386,243.0825958197889,313.0,243.0,313.0,243.0,0.9412636386166222,TRACKING,0.6374999999999998,-0.375,29.14680000685621,34.25466977300799,True,True
2026-09-17T06:19:17.736078+00:00,30.025971399998525,865,314.66593193021674,243.17072961680748,314.0,243.0,314.0,243.0,0.6874692267566785,TRACKING,0.5999999999999999,-0.35625,31.73590000369586,31.473857808609743,True,True
2026-09-17T06:19:17.767509+00:00,30.057401400001254,866,314.3338180527543,243.40090699367258,314.0,243.0,314.0,243.0,0.5216904349518448,TRACKING,0.5624999999999999,-0.3375,31.38050000416115,31.816735600164787,True,True
2026-09-17T06:19:17.796233+00:00,30.08612589999393,867,313.9452484795024,243.765054189185,313.0,243.0,313.0,243.0,1.216060278272083,TRACKING,0.5187499999999999,-0.31875000000000003,28.67990000231657,34.81348675364023,True,True
2026-09-17T06:19:17.824934+00:00,30.114829499987536,868,314.50421585848574,244.25476258737095,314.0,244.0,314.0,244.0,0.5649226565402097,TRACKING,0.48124999999999996,-0.29375,28.656800001044758,34.838835554522376,True,True
2026-09-17T06:19:17.854998+00:00,30.14489079998748,869,314.0147456254296,243.8613097346389,314.0,243.0,314.0,243.0,0.8614359479688739,TRACKING,0.44375,-0.275,30.0165999942692,33.265361112190625,True,True
2026-09-17T06:19:17.881877+00:00,30.17177219998848,870,313.4808934879874,244.57568114137467,313.0,244.0,313.0,244.0,0.7501115405878703,TRACKING,0.39999999999999997,-0.25,26.837500001420267,37.20044342789838,True,True
2026-09-17T06:19:17.911041+00:00,30.200937999994494,871,313.90674289105783,244.3885928134692,313.0,244.0,313.0,244.0,0.9865024303892077,TRACKING,0.35624999999999996,-0.225,29.122299994924106,34.28673308442948,True,True
2026-09-17T06:19:17.940364+00:00,30.23025019999477,872,314.2964024647682,244.2905144574671,314.0,244.0,314.0,244.0,0.41503381924619875,TRACKING,0.31875,-0.2,29.27129999443423,34.1154877488062,True,True
2026-09-17T06:19:17.968416+00:00,30.25830169999972,873,313.65400345670713,244.27169330134112,313.0,244.0,313.0,244.0,0.7081933149772807,TRACKING,0.27499999999999997,-0.17500000000000002,27.9999000049429,35.64871753109719,True,True
2026-09-17T06:19:17.997287+00:00,30.287180100000114,874,313.9836971500371,244.32217847133822,313.0,244.0,313.0,244.0,1.0351130616434578,TRACKING,0.23124999999999996,-0.15000000000000002,28.807199996663257,34.627957227074404,True,True
2026-09-17T06:19:18.025817+00:00,30.315711999995983,875,314.28965226907104,244.4318458639859,314.0,244.0,314.0,244.0,0.5199896991477142,TRACKING,0.19374999999999995,-0.12500000000000003,28.483999994932674,35.0484895904158,True,True
2026-09-17T06:19:18.054443+00:00,30.3443385999999,876,313.57605237395796,244.59042345107653,313.0,244.0,313.0,244.0,0.8248855612287852,TRACKING,0.14999999999999994,-0.10000000000000003,28.58320000814274,34.93254525033167,True,True
2026-09-17T06:19:18.083252+00:00,30.37314489998971,877,313.8470932460972,244.78751695438655,313.0,244.0,313.0,244.0,1.1566113958584938,TRACKING,0.10624999999999993,-0.07500000000000004,28.758400003425777,34.71462840954009,True,True
2026-09-17T06:19:18.114726+00:00,30.404620699991938,878,314.1069802659046,245.01263582596292,314.0,245.0,314.0,245.0,0.1077239128085602,TRACKING,0.06874999999999992,-0.04375000000000004,31.424800006789155,31.770439510012764,True,True
2026-09-17T06:19:18.145050+00:00,30.434946299996227,879,313.3599257845946,244.25521946902484,313.0,244.0,313.0,244.0,0.4412295862534316,TRACKING,0.024999999999999918,-0.018750000000000037,30.283000000054017,32.97543988770407,True,True
2026-09-17T06:19:18.173987+00:00,30.46387639999739,880,313.61014649159097,244.50466363396015,313.0,244.0,313.0,244.0,0.7918106621172954,TRACKING,-0.018750000000000086,0.006249999999999964,28.88850000454113,34.5660747788579,True,True
2026-09-17T06:19:18.202499+00:00,30.49239200000011,881,313.861860779236,244.75034692342484,313.0,244.0,313.0,244.0,1.1427267863660178,TRACKING,-0.06250000000000008,0.031249999999999965,28.452099999412894,35.068523892347095,True,True
2026-09-17T06:19:18.232209+00:00,30.522100799993495,882,314.1192861064357,244.98165734030314,314.0,244.0,314.0,244.0,0.9888783084685568,TRACKING,-0.10000000000000009,0.05624999999999997,29.66460000607185,33.660060326321194,True,True
2026-09-17T06:19:18.263388+00:00,30.55328449999797,883,313.3866363628784,245.18801881217794,313.0,245.0,313.0,245.0,0.4299287741389686,TRACKING,-0.1437500000000001,0.08749999999999997,31.137500001932494,32.068035539607536,True,True
2026-09-17T06:19:18.292366+00:00,30.582252499996684,884,313.66811923549847,244.35891762599903,313.0,244.0,313.0,244.0,0.7584228207905086,TRACKING,-0.1875000000000001,0.11249999999999996,28.895299998112023,34.52085059529244,True,True
2026-09-17T06:19:18.321863+00:00,30.611753999997745,885,313.96793357880244,244.48392870689463,313.0,244.0,313.0,244.0,1.082165609474824,TRACKING,-0.23125000000000012,0.13749999999999996,29.432999988785014,33.896581528533915,True,True
2026-09-17T06:19:18.350433+00:00,30.640319300000556,886,314.2902667907243,244.55274167542728,314.0,244.0,314.0,244.0,0.624322168076332,TRACKING,-0.26875000000000016,0.16249999999999995,28.512899996712804,35.00750910725985,True,True
2026-09-17T06:19:18.378578+00:00,30.66847069999494,887,313.639292195641,244.55518661817132,313.0,244.0,313.0,244.0,0.8467152369031878,TRACKING,-0.31250000000000017,0.18749999999999994,28.089200000977144,35.52221204627273,True,True
2026-09-17T06:19:18.408260+00:00,30.698153999997885,888,314.01916643617426,244.48125950720407,314.0,244.0,314.0,244.0,0.4816410131518374,TRACKING,-0.3500000000000002,0.21249999999999994,29.634899998200126,33.68897662661594,True,True
2026-09-17T06:19:18.437260+00:00,30.727155999993556,889,313.43402687543096,244.3211472049611,313.0,244.0,313.0,244.0,0.5399211570689677,TRACKING,-0.3937500000000002,0.23749999999999993,28.9587000006577,34.480380668549,True,True
2026-09-17T06:19:18.465421+00:00,30.75531699998828,890,313.8879890112801,244.0652519919734,313.0,244.0,313.0,244.0,0.8903832358095892,TRACKING,-0.4375000000000002,0.26249999999999996,28.12180000182707,35.5101026308482,True,True
2026-09-17T06:19:18.493948+00:00,30.783840099989902,891,314.3851439043033,243.704215556166,314.0,243.0,314.0,243.0,0.8026552040372926,TRACKING,-0.4750000000000002,0.28124999999999994,28.481399989686906,35.05930280871177,True,True
2026-09-17T06:19:18.522971+00:00,30.812866599997506,892,313.92955562101736,244.228942383763,313.0,244.0,313.0,244.0,0.9573339373740258,TRACKING,-0.5187500000000002,0.30624999999999997,28.980800008866936,34.451277272080894,True,True
2026-09-17T06:19:18.551074+00:00,30.840962099988246,893,314.525258693959,243.6306224933387,314.0,243.0,314.0,243.0,0.820720064750618,TRACKING,-0.5562500000000001,0.32499999999999996,28.055899994797073,35.5928885525996,True,True
2026-09-17T06:19:18.580199+00:00,30.870076299994253,894,314.1762556002408,243.9007534561789,314.0,243.0,314.0,243.0,0.9178359469068962,TRACKING,-0.5937500000000001,0.34374999999999994,29.049999997369014,34.34750052530034,True,True
2026-09-17T06:19:18.609618+00:00,30.899511299998267,895,313.88651426012626,244.0311616479283,313.0,244.0,313.0,244.0,0.8870617688238063,TRACKING,-0.6375000000000001,0.36874999999999997,29.36549999867566,33.973161198017046,True,True
2026-09-17T06:19:18.639562+00:00,30.929457399994135,896,314.6599655572123,243.01402267839296,314.0,243.0,314.0,243.0,0.660114514471406,TRACKING,-0.675,0.38749999999999996,29.897900007199496,33.39333002086989,True,True
2026-09-17T06:19:18.669635+00:00,30.959518299991032,897,314.5005008817569,242.8418809484399,314.0,242.0,314.0,242.0,0.9794205756392448,TRACKING,-0.7125,0.39999999999999997,30.01899999799207,33.26580375515094,True,True
2026-09-17T06:19:18.698752+00:00,30.98864839998714,898,314.4119696986814,243.50766828511496,314.0,243.0,314.0,243.0,0.6537936374294253,TRACKING,-0.75,0.41874999999999996,29.061900000669993,34.32875273801176,True,True
2026-09-17T06:19:18.727431+00:00,31.01732529999572,899,314.3981771417866,243.00472160839087,314.0,243.0,314.0,243.0,0.3982051353601025,TRACKING,-0.7875,0.43749999999999994,28.63509999588132,34.87127268641003,True,True
