timestamp,elapsed_s,frame_number,ground_truth_x,ground_truth_y,detected_x,detected_y,tracked_x,tracked_y,pixel_error,tracking_state,pan_deg,tilt_deg,processing_time_ms,fps,ground_truth_in_fov,lock_retained
2026-09-17T06:17:08.694257+00:00,0.4445391000044765,0,44.0,240.0,44.0,240.0,44.0,240.0,0.0,ACQUIRING,0.0,0.0,444.53340000472963,0.0,True,False
2026-09-17T06:17:08.696809+00:00,0.4470893999969121,1,48.0,240.0,48.0,240.0,48.0,240.0,0.0,TRACKING,-0.16666666666666666,0.0,2.500200003851205,392.1107332337677,True,True
2026-09-17T06:17:08.698425+00:00,0.44871309999143705,2,78.66666666666666,240.0,78.0,240.0,78.0,240.0,0.6666666666666572,TRACKING,-0.3333333333333333,0.0,1.5631999995093793,615.8773193151227,True,True
2026-09-17T06:17:08.699582+00:00,0.4498754999949597,3,109.33333333333333,240.0,109.0,240.0,109.0,240.0,0.3333333333333286,TRACKING,-0.5,0.0,1.1272999981883913,860.2890545161013,True,True
2026-09-17T06:17:08.700732+00:00,0.45102639999822713,4,140.0,240.0,140.0,240.0,140.0,240.0,0.0,TRACKING,-0.6666666666666666,0.0,1.127599985920824,868.8852177956027,True,True
2026-09-17T06:17:08.701814+00:00,0.4521091999922646,5,170.66666666666666,240.0,170.0,240.0,170.0,240.0,0.6666666666666572,TRACKING,-0.8333333333333333,0.0,1.0621999972499907,923.5315898656903,True,True
2026-09-17T06:17:08.703541+00:00,0.4538276999955997,6,201.33333333333331,240.0,201.0,240.0,201.0,240.0,0.3333333333333144,TRACKING,-0.9999999999999999,0.0,1.6964999958872795,581.9028210993981,True,True
2026-09-17T06:17:08.705103+00:00,0.4553925999935018,7,231.99999999999997,240.0,231.0,240.0,231.0,240.0,0.9999999999999716,TRACKING,-1.1666666666666665,0.0,1.5218999906210229,639.0184684903796,True,True
2026-09-17T06:17:08.706539+00:00,0.4568310000031488,8,262.66666666666663,240.0,262.0,240.0,262.0,240.0,0.6666666666666288,TRACKING,-1.3333333333333333,0.0,1.405000002705492,695.2169030125378,True,True
2026-09-17T06:17:08.707635+00:00,0.45793000000412576,9,293.3333333333333,240.0,293.0,240.0,293.0,240.0,0.3333333333333144,TRACKING,-1.5,0.0,1.0722000006353483,909.9181065614639,True,True
2026-09-17T06:17:08.708583+00:00,0.4588800999918021,10,324.0,240.0,324.0,240.0,324.0,240.0,0.0,TRACKING,-1.475,0.0,0.9301999962190166,1052.5208009376697,True,True
2026-09-17T06:17:08.709729+00:00,0.46002309999312274,11,324.0,240.0,324.0,240.0,324.0,240.0,0.0,TRACKING,-1.4500000000000002,0.0,1.1162000009790063,874.8906376593228,True,True
2026-09-17T06:17:08.711418+00:00,0.46170830000482965,12,324.0,240.0,324.0,240.0,324.0,240.0,0.0,TRACKING,-1.4250000000000003,0.0,1.6571000014664605,593.4013725688957,True,True
2026-09-17T06:17:08.712914+00:00,0.4632017999974778,13,324.00000000000006,240.0,324.0,240.0,324.0,240.0,5.684341886080802e-14,TRACKING,-1.4000000000000004,0.0,1.458899991121143,669.5681318530776,True,True
2026-09-17T06:17:08.719200+00:00,0.46949030000541825,14,324.00000000000006,240.0,324.0,240.0,324.0,240.0,5.684341886080802e-14,TRACKING,-1.3750000000000004,0.0,2.6074999914271757,159.0204339249909,True,True
2026-09-17T06:17:08.752528+00:00,0.5027988999936497,15,324.00000000000006,240.0,324.0,240.0,324.0,240.0,5.684341886080802e-14,TRACKING,-1.3500000000000005,0.0,2.3310999968089163,30.0222765397921,True,True
2026-09-17T06:17:08.785396+00:00,0.5356820000015432,16,324.0000000000001,240.0,324.0,240.0,324.0,240.0,1.1368683772161603e-13,TRACKING,-1.3250000000000006,0.0,1.7534000071464106,30.41075810248888,True,True
2026-09-17T06:17:08.818060+00:00,0.5683422000001883,17,324.0000000000001,240.0,324.0,240.0,324.0,240.0,1.1368683772161603e-13,TRACKING,-1.3000000000000007,0.0,1.3930000131949782,30.618306074105007,True,True
2026-09-17T06:17:08.851646+00:00,0.6019337000034284,18,324.0000000000001,240.0,324.0,240.0,324.0,240.0,1.1368683772161603e-13,TRACKING,-1.2750000000000008,0.0,1.4384000096470118,29.769435717474508,True,True
2026-09-17T06:17:08.884967+00:00,0.6352555000048596,19,324.0000000000001,240.0,324.0,240.0,324.0,240.0,1.1368683772161603e-13,TRACKING,-1.2500000000000009,0.0,1.7201999871758744,30.01038359143406,True,True
2026-09-17T06:17:08.918851+00:00,0.6691392999928212,20,324.0000000000001,240.0,324.0,240.0,324.0,240.0,1.1368683772161603e-13,TRACKING,-1.225000000000001,0.0,2.212799998233095,29.512628464200787,True,True
2026-09-17T06:17:08.951468+00:00,0.7017582999978913,21,324.00000000000017,240.0,324.0,240.0,324.0,240.0,1.7053025658242404e-13,TRACKING,-1.200000000000001,0.0,1.5688999992562458,30.656979056518146,True,True
2026-09-17T06:17:08.984914+00:00,0.7352040999976452,22,324.00000000000017,240.0,324.0,240.0,324.0,240.0,1.7053025658242404e-13,TRACKING,-1.1750000000000012,0.0,1.2915999977849424,29.89912036809874,True,True
2026-09-17T06:17:09.018763+00:00,0.7690542999916943,23,324.00000000000017,240.0,324.0,240.0,324.0,240.0,1.7053025658242404e-13,TRACKING,-1.1500000000000012,0.0,1.970700002857484,29.54192294804175,True,True
2026-09-17T06:17:09.052102+00:00,0.8023919999977807,24,324.0000000000002,240.0,324.0,240.0,324.0,240.0,2.2737367544323206e-13,TRACKING,-1.1250000000000013,0.0,1.9438000017544255,29.99607050928626,True,True
2026-09-17T06:17:09.085960+00:00,0.8362452000001213,25,324.0000000000002,240.0,324.0,240.0,324.0,240.0,2.2737367544323206e-13,TRACKING,-1.1000000000000014,0.0,2.2683999995933846,29.53930499718964,True,True
2026-09-17T06:17:09.118714+00:00,0.8690017000044463,26,324.0000000000002,240.0,324.0,240.0,324.0,240.0,2.2737367544323206e-13,TRACKING,-1.0750000000000015,0.0,1.887300008093007,30.528292090667904,True,True
2026-09-17T06:17:09.151755+00:00,0.9020444999914616,27,324.0000000000002,240.0,324.0,240.0,324.0,240.0,2.2737367544323206e-13,TRACKING,-1.0500000000000016,0.0,1.6398000007029623,30.26377911051623,True,True
2026-09-17T06:17:09.185313+00:00,0.9356032999930903,28,324.0000000000002,240.0,324.0,240.0,324.0,240.0,2.2737367544323206e-13,TRACKING,-1.0250000000000017,0.0,1.7772999999579042,29.798443327874278,True,True
2026-09-17T06:17:09.218939+00:00,0.9692262000025949,29,324.0000000000003,240.0,324.0,240.0,324.0,240.0,2.8421709430404007e-13,TRACKING,-1.0000000000000018,0.0,2.0893000037176535,29.74163441337065,True,True
2026-09-17T06:17:09.252278+00:00,1.002567799994722,30,324.0000000000003,240.0,324.0,240.0,324.0,240.0,2.8421709430404007e-13,TRACKING,-0.9750000000000018,0.0,2.107899999828078,29.99256185174457,True,True
2026-09-17T06:17:09.284971+00:00,1.035253299996839,31,324.0000000000003,240.0,324.0,240.0,324.0,240.0,2.8421709430404007e-13,TRACKING,-0.9500000000000017,0.0,1.7574999947100878,30.594606168950587,True,True
2026-09-17T06:17:09.318250+00:00,1.0685341999924276,32,324.0000000000003,240.0,324.0,240.0,324.0,240.0,2.8421709430404007e-13,TRACKING,-0.9250000000000017,0.0,1.3956999900983647,30.047264350800237,True,True
2026-09-17T06:17:09.351664+00:00,1.1019531000056304,33,324.0000000000003,240.0,324.0,240.0,324.0,240.0,2.8421709430404007e-13,TRACKING,-0.9000000000000017,0.0,1.608099992154166,29.923187166691008,True,True
2026-09-17T06:17:09.385384+00:00,1.1356717000016943,34,324.0000000000003,240.0,324.0,240.0,324.0,240.0,2.8421709430404007e-13,TRACKING,-0.8750000000000017,0.0,2.1558000007644296,29.65722183354988,True,True
2026-09-17T06:17:09.419047+00:00,1.1693303999927593,35,324.0000000000002,240.0,324.0,240.0,324.0,240.0,2.2737367544323206e-13,TRACKING,-0.8500000000000016,0.0,2.0274999988032505,29.71000069121673,True,True
2026-09-17T06:17:09.451766+00:00,1.2020569000014802,36,324.0000000000002,240.0,324.0,240.0,324.0,240.0,2.2737367544323206e-13,TRACKING,-0.8250000000000016,0.0,1.4975000085541978,30.556277015064904,True,True
2026-09-17T06:17:09.484894+00:00,1.2351817000017036,37,324.0000000000002,240.0,324.0,240.0,324.0,240.0,2.2737367544323206e-13,TRACKING,-0.8000000000000016,0.0,1.6370000084862113,30.18886151745091,True,True
2026-09-17T06:17:09.518222+00:00,1.2685103999974672,38,324.0000000000002,240.0,324.0,240.0,324.0,240.0,2.2737367544323206e-13,TRACKING,-0.7750000000000016,0.0,1.3932000001659617,30.0041705835244,True,True
2026-09-17T06:17:09.552212+00:00,1.302500499994494,39,324.0000000000002,240.0,324.0,240.0,324.0,240.0,2.2737367544323206e-13,TRACKING,-0.7500000000000016,0.0,2.2335999965434894,29.42033121666224,True,True
2026-09-17T06:17:09.586245+00:00,1.3365336999995634,40,324.0000000000002,240.0,324.0,240.0,324.0,240.0,2.2737367544323206e-13,TRACKING,-0.7250000000000015,0.0,2.647500004968606,29.38307299492984,True,True
2026-09-17T06:17:09.618857+00:00,1.3691459999972722,41,324.0000000000002,240.0,324.0,240.0,324.0,240.0,2.2737367544323206e-13,TRACKING,-0.7000000000000015,0.0,1.9661999976960942,30.663277354564286,True,True
2026-09-17T06:17:09.651527+00:00,1.4018159999977797,42,324.0000000000002,240.0,324.0,240.0,324.0,240.0,2.2737367544323206e-13,TRACKING,-0.6750000000000015,0.0,1.4876000059302896,30.609121517736874,True,True
2026-09-17T06:17:09.684881+00:00,1.4351699999970151,43,324.0000000000002,240.0,324.0,240.0,324.0,240.0,2.2737367544323206e-13,TRACKING,-0.6500000000000015,0.0,1.479700003983453,29.98141152554189,True,True
2026-09-17T06:17:09.718961+00:00,1.4692505999992136,44,324.0000000000002,240.0,324.0,240.0,324.0,240.0,2.2737367544323206e-13,TRACKING,-0.6250000000000014,0.0,2.422000005026348,29.342206414660886,True,True
2026-09-17T06:17:09.751849+00:00,1.5021332000032999,45,324.0000000000002,240.0,324.0,240.0,324.0,240.0,2.2737367544323206e-13,TRACKING,-0.6000000000000014,0.0,1.5261000080499798,30.41122052014535,True,True
2026-09-17T06:17:09.785717+00:00,1.5360002999950666,46,324.0000000000002,240.0,324.0,240.0,324.0,240.0,2.2737367544323206e-13,TRACKING,-0.5750000000000014,0.0,2.0533000060822815,29.527181253874854,True,True
2026-09-17T06:17:09.817976+00:00,1.568264999994426,47,324.0000000000002,240.0,324.0,240.0,324.0,240.0,2.2737367544323206e-13,TRACKING,-0.5500000000000014,0.0,1.284700003452599,30.99362461203276,True,True
2026-09-17T06:17:09.851535+00:00,1.6018234999937704,48,324.0000000000002,240.0,324.0,240.0,324.0,240.0,2.2737367544323206e-13,TRACKING,-0.5250000000000014,0.0,1.2132999981986359,29.798709716451498,True,True
2026-09-17T06:17:09.885451+00:00,1.635739499994088,49,324.0000000000002,240.0,324.0,240.0,324.0,240.0,2.2737367544323206e-13,TRACKING,-0.5000000000000013,0.0,1.8976999999722466,29.484609033808123,True,True
2026-09-17T06:17:09.919438+00:00,1.6697275000042282,50,324.0000000000002,240.0,324.0,240.0,324.0,240.0,2.2737367544323206e-13,TRACKING,-0.4750000000000013,0.0,2.7169000095454976,29.422148984984474,True,True
2026-09-17T06:17:09.951256+00:00,1.7015442999982042,51,324.0000000000002,240.0,324.0,240.0,324.0,240.0,2.2737367544323206e-13,TRACKING,-0.4500000000000013,0.0,1.39790000685025,31.42993639175949,True,True
2026-09-17T06:17:09.985245+00:00,1.7355265999940457,52,324.0000000000002,240.0,324.0,240.0,324.0,240.0,2.2737367544323206e-13,TRACKING,-0.42500000000000127,0.0,1.3875000004190952,29.42708410326475,True,True
2026-09-17T06:17:10.017871+00:00,1.7681587999977637,53,324.0000000000002,240.0,324.0,240.0,324.0,240.0,2.2737367544323206e-13,TRACKING,-0.40000000000000124,0.0,1.3177999935578555,30.6445780513132,True,True
2026-09-17T06:17:10.052763+00:00,1.8030556000012439,54,324.0000000000002,240.0,324.0,240.0,324.0,240.0,2.2737367544323206e-13,TRACKING,-0.3750000000000012,0.0,2.2963000083109364,28.655922603226447,True,True
2026-09-17T06:17:10.085915+00:00,1.8362016000028234,55,324.0000000000002,240.0,324.0,240.0,324.0,240.0,2.2737367544323206e-13,TRACKING,-0.3500000000000012,0.0,2.4400000111199915,30.169552885788526,True,True
2026-09-17T06:17:10.118395+00:00,1.868678999991971,56,324.00000000000017,240.0,324.0,240.0,324.0,240.0,1.7053025658242404e-13,TRACKING,-0.3250000000000012,0.0,1.6130000003613532,30.79064211833922,True,True
2026-09-17T06:17:10.151549+00:00,1.9018338000023505,57,324.00000000000017,240.0,324.0,240.0,324.0,240.0,1.7053025658242404e-13,TRACKING,-0.30000000000000115,0.0,1.6028999962145463,30.161545226843206,True,True
2026-09-17T06:17:10.184847+00:00,1.9351383000030182,58,324.00000000000017,240.0,324.0,240.0,324.0,240.0,1.7053025658242404e-13,TRACKING,-0.27500000000000113,0.0,1.3490999990608543,30.025972465581226,True,True
2026-09-17T06:17:10.219180+00:00,1.969469300005585,59,324.00000000000017,240.0,324.0,240.0,324.0,240.0,1.7053025658242404e-13,TRACKING,-0.2500000000000011,0.0,2.3465999984182417,29.128193175999417,True,True
2026-09-17T06:17:10.252522+00:00,2.0028109999984736,60,324.00000000000017,240.0,324.0,240.0,324.0,240.0,1.7053025658242404e-13,TRACKING,-0.22500000000000112,0.0,2.464400007738732,29.992471895952765,True,True
2026-09-17T06:17:10.285566+00:00,2.0358530999947106,61,324.00000000000017,240.0,324.0,240.0,324.0,240.0,1.7053025658242404e-13,TRACKING,-0.20000000000000112,0.0,1.9832999969366938,30.264420243080266,True,True
2026-09-17T06:17:10.318515+00:00,2.0688052000041353,62,324.00000000000017,240.0,324.0,240.0,324.0,240.0,1.7053025658242404e-13,TRACKING,-0.17500000000000113,0.0,1.6650999896228313,30.34707954012007,True,True
2026-09-17T06:17:10.351842+00:00,2.1021298999985447,63,324.00000000000017,240.0,324.0,240.0,324.0,240.0,1.7053025658242404e-13,TRACKING,-0.15000000000000113,0.0,1.7513000057078898,30.00777201798545,True,True
2026-09-17T06:17:10.385007+00:00,2.1352963999961503,64,324.00000000000017,240.0,324.0,240.0,324.0,240.0,1.7053025658242404e-13,TRACKING,-0.12500000000000114,0.0,1.7265000060433522,30.150905283107782,True,True
2026-09-17T06:17:10.418466+00:00,2.168753799996921,65,324.00000000000017,240.0,324.0,240.0,324.0,240.0,1.7053025658242404e-13,TRACKING,-0.10000000000000114,0.0,1.7674999980954453,29.888754056709978,True,True
2026-09-17T06:17:10.451490+00:00,2.201768600003561,66,324.00000000000017,240.0,324.0,240.0,324.0,240.0,1.7053025658242404e-13,TRACKING,-0.07500000000000115,0.0,1.5065999905345961,30.28944593936276,True,True
2026-09-17T06:17:10.484880+00:00,2.2351702000014484,67,324.00000000000017,240.0,324.0,240.0,324.0,240.0,1.7053025658242404e-13,TRACKING,-0.05000000000000115,0.0,1.2642999936360866,29.938685573842235,True,True
2026-09-17T06:17:10.518256+00:00,2.268546099992818,68,324.00000000000017,240.0,324.0,240.0,324.0,240.0,1.7053025658242404e-13,TRACKING,-0.025000000000001146,0.0,1.7368999979225919,29.961738867223822,True,True
2026-09-17T06:17:10.552195+00:00,2.302481099992292,69,324.00000000000017,240.0,324.0,240.0,324.0,240.0,1.7053025658242404e-13,TRACKING,-1.1449174941446927e-15,0.0,2.0588999905157834,29.468100781361603,True,True
2026-09-17T06:17:10.585968+00:00,2.3362574000057066,70,324.00000000000017,240.0,324.0,240.0,324.0,240.0,1.7053025658242404e-13,TRACKING,0.024999999999998856,0.0,2.4664999946253374,29.606558433068166,True,True
2026-09-17T06:17:10.618808+00:00,2.369095699992613,71,324.00000000000017,240.0,324.0,240.0,324.0,240.0,1.7053025658242404e-13,TRACKING,0.04999999999999886,0.0,1.8109999946318567,30.45224632209131,True,True
2026-09-17T06:17:10.651648+00:00,2.4019387000007555,72,324.00000000000017,240.0,324.0,240.0,324.0,240.0,1.7053025658242404e-13,TRACKING,0.07499999999999886,0.0,1.524399995105341,30.447888431388012,True,True
2026-09-17T06:17:10.685348+00:00,2.4356374999915715,73,324.00000000000017,240.0,324.0,240.0,324.0,240.0,1.7053025658242404e-13,TRACKING,0.09999999999999887,0.0,1.8442000000504777,29.67464717653242,True,True
2026-09-17T06:17:10.718930+00:00,2.469217399993795,74,324.00000000000017,240.0,324.0,240.0,324.0,240.0,1.7053025658242404e-13,TRACKING,0.12499999999999886,0.0,2.4256000033346936,29.779719413511852,True,True
2026-09-17T06:17:10.751902+00:00,2.5021879999985686,75,324.00000000000017,240.0,324.0,240.0,324.0,240.0,1.7053025658242404e-13,TRACKING,0.14999999999999886,0.0,1.658799999859184,30.33005161735658,True,True
2026-09-17T06:17:10.784952+00:00,2.5352341999969212,76,324.00000000000017,240.0,324.0,240.0,324.0,240.0,1.7053025658242404e-13,TRACKING,0.17499999999999885,0.0,1.7152000073110685,30.260665373018657,True,True
2026-09-17T06:17:10.817946+00:00,2.5682320000050822,77,324.00000000000017,240.0,324.0,240.0,324.0,240.0,1.7053025658242404e-13,TRACKING,0.19999999999999885,0.0,1.3164999982109293,30.305050632244594,True,True
2026-09-17T06:17:10.851404+00:00,2.601694700002554,78,324.00000000000017,240.0,324.0,240.0,324.0,240.0,1.7053025658242404e-13,TRACKING,0.22499999999999884,0.0,1.54159999510739,29.884020120180303,True,True
2026-09-17T06:17:10.885146+00:00,2.6354321999970125,79,324.00000000000017,240.0,324.0,240.0,324.0,240.0,1.7053025658242404e-13,TRACKING,0.24999999999999883,0.0,1.858100004028529,29.640607637324923,True,True
2026-09-17T06:17:10.919258+00:00,2.6695457000023453,80,324.00000000000017,240.0,324.0,240.0,324.0,240.0,1.7053025658242404e-13,TRACKING,0.27499999999999886,0.0,2.548100004787557,29.313907979060378,True,True
2026-09-17T06:17:10.951189+00:00,2.7014792999980273,81,324.00000000000017,240.0,324.0,240.0,324.0,240.0,1.7053025658242404e-13,TRACKING,0.2999999999999989,0.0,1.3878000027034432,31.314978584788985,True,True
2026-09-17T06:17:10.985230+00:00,2.7355202000035206,82,324.00000000000017,240.0,324.0,240.0,324.0,240.0,1.7053025658242404e-13,TRACKING,0.3249999999999989,0.0,1.6402999899582937,29.37642658797582,True,True
2026-09-17T06:17:11.018311+00:00,2.768597799993586,83,324.00000000000017,240.0,324.0,240.0,324.0,240.0,1.7053025658242404e-13,TRACKING,0.3499999999999989,0.0,1.6391000099247321,30.231939448459016,True,True
2026-09-17T06:17:11.052393+00:00,2.8026815000048373,84,324.00000000000017,240.0,324.0,240.0,324.0,240.0,1.7053025658242404e-13,TRACKING,0.37499999999999895,0.0,2.2754999954486266,29.339537657880054,True,True
2026-09-17T06:17:11.086020+00:00,2.8363080999988597,85,324.00000000000017,240.0,324.0,240.0,324.0,240.0,1.7053025658242404e-13,TRACKING,0.39999999999999897,0.0,2.3597999970661476,29.738361897359948,True,True
2026-09-17T06:17:11.118516+00:00,2.868803299992578,86,324.00000000000017,240.0,324.0,240.0,324.0,240.0,1.7053025658242404e-13,TRACKING,0.424999999999999,0.0,2.002199995331466,30.773775825146732,True,True
2026-09-17T06:17:11.152019+00:00,2.902309500001138,87,324.00000000000017,240.0,324.0,240.0,324.0,240.0,1.7053025658242404e-13,TRACKING,0.449999999999999,0.0,1.7981999990297481,29.845222667581695,True,True
2026-09-17T06:17:11.185007+00:00,2.9352974999928847,88,324.00000000000017,240.0,324.0,240.0,324.0,240.0,1.7053025658242404e-13,TRACKING,0.47499999999999903,0.0,1.3844000059179962,30.314053602831134,True,True
2026-09-17T06:17:11.219111+00:00,2.9693994999979623,89,324.00000000000017,240.0,324.0,240.0,324.0,240.0,1.7053025658242404e-13,TRACKING,0.49999999999999906,0.0,2.046000008704141,29.323793321538513,True,True
2026-09-17T06:17:11.252497+00:00,3.0027848000027006,90,324.00000000000017,240.0,324.0,240.0,324.0,240.0,1.7053025658242404e-13,TRACKING,0.524999999999999,0.0,2.42390000494197,29.953302796682067,True,True
2026-09-17T06:17:11.284618+00:00,3.034907099994598,91,324.00000000000017,240.0,324.0,240.0,324.0,240.0,1.7053025658242404e-13,TRACKING,0.549999999999999,0.0,1.357600005576387,31.131021136476686,True,True
2026-09-17T06:17:11.318656+00:00,3.068945299994084,92,324.00000000000017,240.0,324.0,240.0,324.0,240.0,1.7053025658242404e-13,TRACKING,0.5749999999999991,0.0,1.8334000051254407,29.378756808970447,True,True
2026-09-17T06:17:11.352573+00:00,3.102861799998209,93,324.0000000000001,240.0,324.0,240.0,324.0,240.0,1.1368683772161603e-13,TRACKING,0.5999999999999991,0.0,2.25499999942258,29.48417436582144,True,True
2026-09-17T06:17:11.387652+00:00,3.137940600005095,94,324.0000000000001,240.0,324.0,240.0,324.0,240.0,1.1368683772161603e-13,TRACKING,0.6249999999999991,0.0,4.368499998236075,28.507246536474987,True,True
2026-09-17T06:17:11.419246+00:00,3.1695288000046276,95,324.0000000000001,240.0,324.0,240.0,324.0,240.0,1.1368683772161603e-13,TRACKING,0.6499999999999991,0.0,2.659799996763468,31.65739105155706,True,True
2026-09-17T06:17:11.451542+00:00,3.201827900003991,96,324.0000000000001,240.0,324.0,240.0,324.0,240.0,1.1368683772161603e-13,TRACKING,0.6749999999999992,0.0,1.4632000093115494,30.960615002266483,True,True
2026-09-17T06:17:11.484891+00:00,3.235181800002465,97,324.0000000000001,240.0,324.0,240.0,324.0,240.0,1.1368683772161603e-13,TRACKING,0.6999999999999992,0.0,1.6128999995999038,29.981501414999556,True,True
2026-09-17T06:17:11.518246+00:00,3.2685343000048306,98,324.0000000000001,240.0,324.0,240.0,324.0,240.0,1.1368683772161603e-13,TRACKING,0.7249999999999992,0.0,1.331499996013008,29.982759910923438,True,True
2026-09-17T06:17:11.551942+00:00,3.3022304000041913,99,324.0000000000001,240.0,324.0,240.0,324.0,240.0,1.1368683772161603e-13,TRACKING,0.7499999999999992,0.0,1.5901000006124377,29.67702493816707,True,True
2026-09-17T06:17:11.585848+00:00,3.336132800002815,100,324.0000000000001,240.0,324.0,240.0,324.0,240.0,1.1368683772161603e-13,TRACKING,0.7749999999999992,0.0,2.3224999895319343,29.496436831628166,True,True
2026-09-17T06:17:11.618331+00:00,3.368618599997717,101,324.0000000000001,240.0,324.0,240.0,324.0,240.0,1.1368683772161603e-13,TRACKING,0.7999999999999993,0.0,1.6125999973155558,30.78268043751232,True,True
2026-09-17T06:17:11.651601+00:00,3.401889899992966,102,324.0000000000001,240.0,324.0,240.0,324.0,240.0,1.1368683772161603e-13,TRACKING,0.8249999999999993,0.0,1.4207999920472503,30.055934097639454,True,True
2026-09-17T06:17:11.685373+00:00,3.4356625999935204,103,324.0000000000001,240.0,324.0,240.0,324.0,240.0,1.1368683772161603e-13,TRACKING,0.8499999999999993,0.0,1.7949000030057505,29.60971435459962,True,True
2026-09-17T06:17:11.719460+00:00,3.4697477000008803,104,324.0000000000001,240.0,324.0,240.0,324.0,240.0,1.1368683772161603e-13,TRACKING,0.8749999999999993,0.0,2.1320000087143853,29.338332578870933,True,True
2026-09-17T06:17:11.752165+00:00,3.5024524000036763,105,324.0000000000001,240.0,324.0,240.0,324.0,240.0,1.1368683772161603e-13,TRACKING,0.8999999999999994,0.0,2.108599990606308,30.576644944442457,True,True
2026-09-17T06:17:11.785590+00:00,3.5358799999958137,106,324.0000000000001,240.0,324.0,240.0,324.0,240.0,1.1368683772161603e-13,TRACKING,0.9249999999999994,0.0,1.9543000089470297,29.915399257954885,True,True
2026-09-17T06:17:11.818265+00:00,3.5685487000009743,107,324.0000000000001,240.0,324.0,240.0,324.0,240.0,1.1368683772161603e-13,TRACKING,0.9499999999999994,0.0,1.4607000048272312,30.61033955566126,True,True
2026-09-17T06:17:11.851378+00:00,3.6016682000044966,108,324.0000000000001,240.0,324.0,240.0,324.0,240.0,1.1368683772161603e-13,TRACKING,0.9749999999999994,0.0,1.1910999892279506,30.19369253441779,True,True
2026-09-17T06:17:11.884772+00:00,3.6350606000050902,109,324.0000000000001,240.0,324.0,240.0,324.0,240.0,1.1368683772161603e-13,TRACKING,0.9999999999999994,0.0,1.5872999938437715,29.946934032361337,True,True
2026-09-17T06:17:11.918906+00:00,3.6691942000034032,110,324.0000000000001,240.0,324.0,240.0,324.0,240.0,1.1368683772161603e-13,TRACKING,1.0249999999999995,0.0,2.1087000059196725,29.296646121400126,True,True
2026-09-17T06:17:11.951400+00:00,3.7016888999933144,111,324.0000000000001,240.0,324.0,240.0,324.0,240.0,1.1368683772161603e-13,TRACKING,1.0499999999999994,0.0,1.5321999962907284,30.774249348677667,True,True
2026-09-17T06:17:11.985600+00:00,3.7358877999940887,112,324.0000000000001,240.0,324.0,240.0,324.0,240.0,1.1368683772161603e-13,TRACKING,1.0749999999999993,0.0,2.032899996265769,29.240706571771575,True,True
2026-09-17T06:17:12.018872+00:00,3.768943799994304,113,324.0000000000001,240.0,324.0,240.0,324.0,240.0,1.1368683772161603e-13,TRACKING,1.0999999999999992,0.0,1.7228999931830913,30.251694094672427,True,True
2026-09-17T06:17:12.052100+00:00,3.802384599999641,114,324.0000000000001,240.0,324.0,240.0,324.0,240.0,1.1368683772161603e-13,TRACKING,1.1249999999999991,0.0,2.29800000670366,29.90359081841337,True,True
2026-09-17T06:17:12.085735+00:00,3.8359924999967916,115,324.0000000000001,240.0,324.0,240.0,324.0,240.0,1.1368683772161603e-13,TRACKING,1.149999999999999,0.0,2.3941999970702454,29.75490881860473,True,True
2026-09-17T06:17:12.119867+00:00,3.8701521000039065,116,324.00000000000017,240.0,324.0,240.0,324.0,240.0,1.7053025658242404e-13,TRACKING,1.174999999999999,0.0,3.1832000095164403,29.27434746869738,True,True
2026-09-17T06:17:12.151439+00:00,3.901728600001661,117,324.00000000000017,240.0,324.0,240.0,324.0,240.0,1.7053025658242404e-13,TRACKING,1.1999999999999988,0.0,1.4013999898452312,31.669121025797995,True,True
2026-09-17T06:17:12.189232+00:00,3.939399900002172,118,324.00000000000017,240.0,324.0,240.0,324.0,240.0,1.7053025658242404e-13,TRACKING,1.2249999999999988,0.0,4.037599996081553,26.545407246005112,True,True
2026-09-17T06:17:12.218812+00:00,3.9691001000028336,119,324.0000000000002,240.0,324.0,240.0,324.0,240.0,2.2737367544323206e-13,TRACKING,1.2499999999999987,0.0,1.949500001501292,33.669806936577196,True,True
2026-09-17T06:17:12.252232+00:00,4.002503299998352,120,324.0000000000002,240.0,324.0,240.0,324.0,240.0,2.2737367544323206e-13,TRACKING,1.2749999999999986,0.0,1.924900003359653,29.937251524828728,True,True
2026-09-17T06:17:12.285201+00:00,4.035485200001858,121,324.0000000000002,240.0,324.0,240.0,324.0,240.0,2.2737367544323206e-13,TRACKING,1.2999999999999985,0.0,1.6866000078152865,30.31966017402585,True,True
2026-09-17T06:17:12.317976+00:00,4.0682628999929875,122,324.0000000000002,240.0,324.0,240.0,324.0,240.0,2.2737367544323206e-13,TRACKING,1.3249999999999984,0.0,1.386800009640865,30.508546977690045,True,True
2026-09-17T06:17:12.351456+00:00,4.10174559999723,123,324.0000000000002,240.0,324.0,240.0,324.0,240.0,2.2737367544323206e-13,TRACKING,1.3499999999999983,0.0,1.506500004325062,29.86616968981883,True,True
2026-09-17T06:17:12.385405+00:00,4.135693299991544,124,324.0000000000003,240.0,324.0,240.0,324.0,240.0,2.8421709430404007e-13,TRACKING,1.3749999999999982,0.0,1.9163999968441203,29.45707662573545,True,True
2026-09-17T06:17:12.419714+00:00,4.169986199995037,125,324.0000000000003,240.0,324.0,240.0,324.0,240.0,2.8421709430404007e-13,TRACKING,1.3999999999999981,0.0,2.755499997874722,29.160555097356802,True,True
2026-09-17T06:17:12.451410+00:00,4.2016966999945,126,324.0000000000003,240.0,324.0,240.0,324.0,240.0,2.8421709430404007e-13,TRACKING,1.424999999999998,0.0,1.5867000038269907,31.535295880447997,True,True
2026-09-17T06:17:12.485350+00:00,4.235633599993889,127,324.00000000000034,240.0,324.0,240.0,324.0,240.0,3.410605131648481e-13,TRACKING,1.449999999999998,0.0,1.65049999486655,29.466450972775696,True,True
2026-09-17T06:17:12.518217+00:00,4.2684912999975495,128,324.00000000000034,240.0,324.0,240.0,324.0,240.0,3.410605131648481e-13,TRACKING,1.4749999999999979,0.0,1.7040999955497682,30.434266546002974,True,True
2026-09-17T06:17:12.552113+00:00,4.302403699999559,129,324.00000000000034,240.0,324.0,240.0,324.0,240.0,3.410605131648481e-13,TRACKING,1.4999999999999978,0.0,2.1973000111756846,29.487738996377495,True,True
2026-09-17T06:17:12.586164+00:00,4.3364523999916855,130,324.00000000000034,240.0,324.0,240.0,324.0,240.0,3.410605131648481e-13,TRACKING,1.5249999999999977,0.0,2.7560000016819686,29.36969694088861,True,True
2026-09-17T06:17:12.618896+00:00,4.369182800000999,131,324.00000000000034,240.0,324.0,240.0,324.0,240.0,3.410605131648481e-13,TRACKING,1.5499999999999976,0.0,1.94240000564605,30.5526360727472,True,True
2026-09-17T06:17:12.651333+00:00,4.401621500001056,132,324.0000000000004,240.0,324.0,240.0,324.0,240.0,3.979039320256561e-13,TRACKING,1.5749999999999975,0.0,1.4895000058459118,30.827375942878195,True,True
2026-09-17T06:17:12.684753+00:00,4.435042199998861,133,324.0000000000004,240.0,324.0,240.0,324.0,240.0,3.979039320256561e-13,TRACKING,1.5999999999999974,0.0,1.3045000087004155,29.92157555244732,True,True
2026-09-17T06:17:12.719408+00:00,4.469692900005612,134,324.0000000000004,240.0,324.0,240.0,324.0,240.0,3.979039320256561e-13,TRACKING,1.6249999999999973,0.0,2.7374999917810783,28.859445835298764,True,True
2026-09-17T06:17:12.751646+00:00,4.5019349999929545,135,324.00000000000045,240.0,324.0,240.0,324.0,240.0,4.547473508864641e-13,TRACKING,1.6499999999999972,0.0,1.7339000041829422,31.015349508641272,True,True
2026-09-17T06:17:12.785220+00:00,4.535506400003214,136,324.00000000000045,240.0,324.0,240.0,324.0,240.0,4.547473508864641e-13,TRACKING,1.6749999999999972,0.0,1.6126999980770051,29.787259384308907,True,True
2026-09-17T06:17:12.818248+00:00,4.5685385999968275,137,324.00000000000045,240.0,324.0,240.0,324.0,240.0,4.547473508864641e-13,TRACKING,1.699999999999997,0.0,1.440000007278286,30.27349072097382,True,True
2026-09-17T06:17:12.851758+00:00,4.602043799997773,138,324.00000000000045,240.0,324.0,240.0,324.0,240.0,4.547473508864641e-13,TRACKING,1.724999999999997,0.0,1.6829000087454915,29.846113438265736,True,True
2026-09-17T06:17:12.885468+00:00,4.635757099997136,139,324.00000000000045,240.0,324.0,240.0,324.0,240.0,4.547473508864641e-13,TRACKING,1.749999999999997,0.0,2.210000006016344,29.661884182767658,True,True
2026-09-17T06:17:12.919726+00:00,4.67001459999301,140,324.0000000000005,240.0,324.0,240.0,324.0,240.0,5.115907697472721e-13,TRACKING,1.7749999999999968,0.0,2.826900003128685,29.190688173989162,True,True
2026-09-17T06:17:12.952144+00:00,4.702432299993234,141,324.0000000000005,240.0,324.0,240.0,324.0,240.0,5.115907697472721e-13,TRACKING,1.7999999999999967,0.0,2.0490999886533245,30.847345739922922,True,True
2026-09-17T06:17:12.984936+00:00,4.735216100001708,142,324.0000000000005,240.0,324.0,240.0,324.0,240.0,5.115907697472721e-13,TRACKING,1.8249999999999966,0.0,1.5816000086488202,30.502870312212774,True,True
2026-09-17T06:17:13.018173+00:00,4.768462699998054,143,316.00000000000057,240.0,316.0,240.0,316.0,240.0,5.684341886080801e-13,TRACKING,1.7999999999999967,0.0,1.6654000064590946,30.07826364530221,True,True
2026-09-17T06:17:13.052087+00:00,4.802376999999979,144,316.0000000000005,240.0,316.0,240.0,316.0,240.0,5.115907697472721e-13,TRACKING,1.7749999999999968,0.0,2.1763000113423914,29.48608698818031,True,True
2026-09-17T06:17:13.085637+00:00,4.835924300001352,145,316.0000000000005,240.0,316.0,240.0,316.0,240.0,5.115907697472721e-13,TRACKING,1.749999999999997,0.0,2.4307000130647793,29.80865822164697,True,True
2026-09-17T06:17:13.119182+00:00,4.869467900003656,146,316.0000000000005,240.0,316.0,240.0,316.0,240.0,5.115907697472721e-13,TRACKING,1.724999999999997,0.0,2.243299997644499,29.8119462410511,True,True
2026-09-17T06:17:13.151538+00:00,4.901825799999642,147,316.00000000000045,240.0,316.0,240.0,316.0,240.0,4.547473508864641e-13,TRACKING,1.699999999999997,0.0,1.3333000097190961,30.904354118284516,True,True
2026-09-17T06:17:13.184869+00:00,4.9351593000028515,148,316.00000000000045,240.0,316.0,240.0,316.0,240.0,4.547473508864641e-13,TRACKING,1.6749999999999972,0.0,1.486499997554347,29.99984999786162,True,True
2026-09-17T06:17:13.219217+00:00,4.969503600004828,149,316.00000000000045,240.0,316.0,240.0,316.0,240.0,4.547473508864641e-13,TRACKING,1.6499999999999972,0.0,2.104300001519732,29.116913139661097,True,True
2026-09-17T06:17:13.252629+00:00,5.002917599995271,150,316.00000000000045,240.0,316.0,240.0,316.0,240.0,4.547473508864641e-13,TRACKING,1.6249999999999973,0.0,2.657099990756251,29.927575276410995,True,True
2026-09-17T06:17:13.285034+00:00,5.035322600000654,151,316.00000000000045,240.0,316.0,240.0,316.0,240.0,4.547473508864641e-13,TRACKING,1.5999999999999974,0.0,1.604300006874837,30.859435267208216,True,True
2026-09-17T06:17:13.317992+00:00,5.068279099999927,152,316.0000000000004,240.0,316.0,240.0,316.0,240.0,3.979039320256561e-13,TRACKING,1.5749999999999975,0.0,1.3838000013493001,30.343027931426892,True,True
2026-09-17T06:17:13.351685+00:00,5.101973700002418,153,316.0000000000004,240.0,316.0,240.0,316.0,240.0,3.979039320256561e-13,TRACKING,1.5499999999999976,0.0,1.7245000053662807,29.67834608293536,True,True
2026-09-17T06:17:13.385402+00:00,5.135691999996197,154,316.0000000000004,240.0,316.0,240.0,316.0,240.0,3.979039320256561e-13,TRACKING,1.5249999999999977,0.0,1.937199995154515,29.657485703148858,True,True
2026-09-17T06:17:13.418376+00:00,5.168664400000125,155,316.00000000000034,240.0,316.0,240.0,316.0,240.0,3.410605131648481e-13,TRACKING,1.4999999999999978,0.0,1.771700000972487,30.328395866872818,True,True
2026-09-17T06:17:13.451653+00:00,5.201940300001297,156,316.00000000000034,240.0,316.0,240.0,316.0,240.0,3.410605131648481e-13,TRACKING,1.4749999999999979,0.0,1.4479000092251226,30.051779214530036,True,True
2026-09-17T06:17:13.485180+00:00,5.235453000001144,157,316.00000000000034,240.0,316.0,240.0,316.0,240.0,3.410605131648481e-13,TRACKING,1.449999999999998,0.0,1.7006999987643212,29.83943400575244,True,True
2026-09-17T06:17:13.518280+00:00,5.268557699993835,158,316.00000000000034,240.0,316.0,240.0,316.0,240.0,3.410605131648481e-13,TRACKING,1.424999999999998,0.0,1.6026000084821135,30.207191130588082,True,True
2026-09-17T06:17:13.552168+00:00,5.302458199992543,159,316.00000000000034,240.0,316.0,240.0,316.0,240.0,3.410605131648481e-13,TRACKING,1.3999999999999981,0.0,1.5790000034030527,29.49808999979658,True,True
2026-09-17T06:17:13.586110+00:00,5.336398899991764,160,316.0000000000003,240.0,316.0,240.0,316.0,240.0,2.8421709430404007e-13,TRACKING,1.3749999999999982,0.0,2.679199998965487,29.46315190974145,True,True
2026-09-17T06:17:13.618551+00:00,5.36883740000485,161,316.0000000000003,240.0,316.0,240.0,316.0,240.0,2.8421709430404007e-13,TRACKING,1.3499999999999983,0.0,2.068599991616793,30.82756599708957,True,True
2026-09-17T06:17:13.651492+00:00,5.401782000000821,162,316.0000000000003,240.0,316.0,240.0,316.0,240.0,2.8421709430404007e-13,TRACKING,1.3249999999999984,0.0,1.3401000032899901,30.35398821422255,True,True
2026-09-17T06:17:13.684850+00:00,5.435136100000818,163,316.0000000000002,240.0,316.0,240.0,316.0,240.0,2.2737367544323206e-13,TRACKING,1.2999999999999985,0.0,1.502800005255267,29.981321636623232,True,True
2026-09-17T06:17:13.719191+00:00,5.46947129999171,164,316.0000000000002,240.0,316.0,240.0,316.0,240.0,2.2737367544323206e-13,TRACKING,1.2749999999999986,0.0,2.4044000019785017,29.124630124923446,True,True
2026-09-17T06:17:13.752794+00:00,5.503081499991822,165,316.0000000000002,240.0,316.0,240.0,316.0,240.0,2.2737367544323206e-13,TRACKING,1.2499999999999987,0.0,2.582300003268756,29.75287263975428,True,True
2026-09-17T06:17:13.785364+00:00,5.535650000005262,166,316.0000000000002,240.0,316.0,240.0,316.0,240.0,2.2737367544323206e-13,TRACKING,1.2249999999999988,0.0,1.9873999990522861,30.704515086274586,True,True
2026-09-17T06:17:13.818364+00:00,5.568651699999464,167,316.0000000000002,240.0,316.0,240.0,316.0,240.0,2.2737367544323206e-13,TRACKING,1.1999999999999988,0.0,1.5580000035697594,30.30146932357105,True,True
2026-09-17T06:17:13.851617+00:00,5.6019043999986025,168,316.00000000000017,240.0,316.0,240.0,316.0,240.0,1.7053025658242404e-13,TRACKING,1.174999999999999,0.0,1.4033000043127686,30.072745973286416,True,True
2026-09-17T06:17:13.885418+00:00,5.635704899992561,169,316.00000000000017,240.0,316.0,240.0,316.0,240.0,1.7053025658242404e-13,TRACKING,1.149999999999999,0.0,2.1468999912030995,29.585361168584477,True,True
2026-09-17T06:17:13.919543+00:00,5.669829399994342,170,316.00000000000017,240.0,316.0,240.0,316.0,240.0,1.7053025658242404e-13,TRACKING,1.1249999999999991,0.0,2.6827999972738326,29.304458671857986,True,True
2026-09-17T06:17:13.951841+00:00,5.702131199999712,171,316.0000000000001,240.0,316.0,240.0,316.0,240.0,1.1368683772161603e-13,TRACKING,1.0999999999999992,0.0,1.7383000085828826,30.95802710170121,True,True
2026-09-17T06:17:13.984855+00:00,5.735141099998145,172,316.0000000000001,240.0,316.0,240.0,316.0,240.0,1.1368683772161603e-13,TRACKING,1.0749999999999993,0.0,1.2769000022672117,30.293942121832295,True,True
2026-09-17T06:17:14.017978+00:00,5.76826599999913,173,316.0000000000001,240.0,316.0,240.0,316.0,240.0,1.1368683772161603e-13,TRACKING,1.0499999999999994,0.0,1.405000002705492,30.188770380296113,True,True
2026-09-17T06:17:14.052527+00:00,5.802802399994107,174,316.0000000000001,240.0,316.0,240.0,316.0,240.0,1.1368683772161603e-13,TRACKING,1.0249999999999995,0.0,2.619299993966706,28.954957672063273,True,True
2026-09-17T06:17:14.086579+00:00,5.83686100000341,175,316.0000000000001,240.0,316.0,240.0,316.0,240.0,1.1368683772161603e-13,TRACKING,0.9999999999999994,0.0,2.9383999935816973,29.361159875240457,True,True
2026-09-17T06:17:14.118855+00:00,5.869141999995918,176,316.0000000000001,240.0,316.0,240.0,316.0,240.0,1.1368683772161603e-13,TRACKING,0.9749999999999994,0.0,2.0938999950885773,30.97797466720589,True,True
2026-09-17T06:17:14.151984+00:00,5.902275200001895,177,316.0000000000001,240.0,316.0,240.0,316.0,240.0,1.1368683772161603e-13,TRACKING,0.9499999999999994,0.0,1.8861999997170642,30.18120796722304,True,True
2026-09-17T06:17:14.185043+00:00,5.9353334000043105,178,316.0000000000001,240.0,316.0,240.0,316.0,240.0,1.1368683772161603e-13,TRACKING,0.9249999999999994,0.0,1.6566999984206632,30.249680863656938,True,True
2026-09-17T06:17:14.219442+00:00,5.969729699994787,179,316.0000000000001,240.0,316.0,240.0,316.0,240.0,1.1368683772161603e-13,TRACKING,0.8999999999999994,0.0,2.476499998010695,29.072894476350278,True,True
2026-09-17T06:17:14.252370+00:00,6.002652499999385,180,316.0000000000001,240.0,316.0,240.0,316.0,240.0,1.1368683772161603e-13,TRACKING,0.8749999999999993,0.0,2.2610000014537945,30.3740872544352,True,True
2026-09-17T06:17:14.285490+00:00,6.035774999996647,181,316.0000000000001,240.0,316.0,240.0,316.0,240.0,1.1368683772161603e-13,TRACKING,0.8499999999999993,0.0,1.9714999943971634,30.190957810632213,True,True
2026-09-17T06:17:14.318138+00:00,6.068427799997153,182,316.0000000000001,240.0,316.0,240.0,316.0,240.0,1.1368683772161603e-13,TRACKING,0.8249999999999993,0.0,1.293299996177666,30.625245001485883,True,True
2026-09-17T06:17:14.351355+00:00,6.101644700000179,183,316.0000000000001,240.0,316.0,240.0,316.0,240.0,1.1368683772161603e-13,TRACKING,0.7999999999999993,0.0,1.3164000120013952,30.105157311756805,True,True
2026-09-17T06:17:14.384848+00:00,6.135137299992493,184,316.0000000000001,240.0,316.0,240.0,316.0,240.0,1.1368683772161603e-13,TRACKING,0.7749999999999992,0.0,1.6521999932592735,29.85734162858282,True,True
2026-09-17T06:17:14.419347+00:00,6.169635999991442,185,316.0000000000001,240.0,316.0,240.0,316.0,240.0,1.1368683772161603e-13,TRACKING,0.7499999999999992,0.0,2.4473999947076663,28.986599495936744,True,True
2026-09-17T06:17:14.451614+00:00,6.201904000001377,186,316.0000000000001,240.0,316.0,240.0,316.0,240.0,1.1368683772161603e-13,TRACKING,0.7249999999999992,0.0,1.2112000113120303,30.990454930336526,True,True
2026-09-17T06:17:14.484410+00:00,6.234697699997923,187,316.0000000000001,240.0,316.0,240.0,316.0,240.0,1.1368683772161603e-13,TRACKING,0.6999999999999992,0.0,1.2243000091984868,30.4936618955875,True,True
2026-09-17T06:17:14.518058+00:00,6.268348700003116,188,316.0000000000001,240.0,316.0,240.0,316.0,240.0,1.1368683772161603e-13,TRACKING,0.6749999999999992,0.0,1.422200002707541,29.716798901835876,True,True
2026-09-17T06:17:14.552350+00:00,6.302637999993749,189,316.0000000000001,240.0,316.0,240.0,316.0,240.0,1.1368683772161603e-13,TRACKING,0.6499999999999991,0.0,2.224600000772625,29.163616646393717,True,True
2026-09-17T06:17:14.585430+00:00,6.335718699992867,190,316.0000000000001,240.0,316.0,240.0,316.0,240.0,1.1368683772161603e-13,TRACKING,0.6249999999999991,0.0,1.897800000733696,30.229106398191554,True,True
2026-09-17T06:17:14.618155+00:00,6.368444699997781,191,316.0000000000001,240.0,316.0,240.0,316.0,240.0,1.1368683772161603e-13,TRACKING,0.5999999999999991,0.0,1.4902999973855913,30.5567438687849,True,True
2026-09-17T06:17:14.651241+00:00,6.401531199997407,192,316.0000000000001,240.0,316.0,240.0,316.0,240.0,1.1368683772161603e-13,TRACKING,0.5749999999999991,0.0,1.412400000845082,30.223807293345846,True,True
2026-09-17T06:17:14.685138+00:00,6.435426199997892,193,316.0000000000001,240.0,316.0,240.0,316.0,240.0,1.1368683772161603e-13,TRACKING,0.549999999999999,0.0,1.6229000029852614,29.502876530040187,True,True
2026-09-17T06:17:14.718889+00:00,6.4691783000016585,194,316.00000000000017,240.0,316.0,240.0,316.0,240.0,1.7053025658242404e-13,TRACKING,0.524999999999999,0.0,2.126600011251867,29.627786119630994,True,True
2026-09-17T06:17:14.753254+00:00,6.503539600002114,195,316.00000000000017,240.0,316.0,240.0,316.0,240.0,1.7053025658242404e-13,TRACKING,0.499999999999999,0.0,3.0670000123791397,29.102507762708385,True,True
2026-09-17T06:17:14.785016+00:00,6.535303099997691,196,316.00000000000017,240.0,316.0,240.0,316.0,240.0,1.7053025658242404e-13,TRACKING,0.474999999999999,0.0,1.5214000013656914,31.48267666155314,True,True
2026-09-17T06:17:14.818110+00:00,6.568382400000701,197,316.00000000000017,240.0,316.0,240.0,316.0,240.0,1.7053025658242404e-13,TRACKING,0.44999999999999896,0.0,1.6075000021373853,30.230385767202183,True,True
2026-09-17T06:17:14.851951+00:00,6.6022396000043955,198,316.00000000000017,240.0,316.0,240.0,316.0,240.0,1.7053025658242404e-13,TRACKING,0.42499999999999893,0.0,1.5147999947657809,29.53581512620278,True,True
2026-09-17T06:17:14.885563+00:00,6.635851099999854,199,316.00000000000017,240.0,316.0,240.0,316.0,240.0,1.7053025658242404e-13,TRACKING,0.3999999999999989,0.0,2.3127000022213906,29.751721884923505,True,True
2026-09-17T06:17:14.919161+00:00,6.669448600005126,200,316.00000000000017,240.0,316.0,240.0,316.0,240.0,1.7053025658242404e-13,TRACKING,0.3749999999999989,0.0,2.569999996921979,29.764119349448762,True,True
2026-09-17T06:17:14.951703+00:00,6.701989699999103,201,316.00000000000017,240.0,316.0,240.0,316.0,240.0,1.7053025658242404e-13,TRACKING,0.34999999999999887,0.0,1.6671999910613522,30.730368677920158,True,True
2026-09-17T06:17:14.985171+00:00,6.735461599993869,202,316.00000000000017,240.0,316.0,240.0,316.0,240.0,1.7053025658242404e-13,TRACKING,0.32499999999999885,0.0,1.5955999988364056,29.87580627799401,True,True
2026-09-17T06:17:15.018134+00:00,6.76842389999365,203,316.00000000000017,240.0,316.0,240.0,316.0,240.0,1.7053025658242404e-13,TRACKING,0.2999999999999988,0.0,1.4082999987294897,30.33768881439236,True,True
2026-09-17T06:17:15.052715+00:00,6.803003199995146,204,316.00000000000017,240.0,316.0,240.0,316.0,240.0,1.7053025658242404e-13,TRACKING,0.2749999999999988,0.0,2.7335000049788505,28.91903537540448,True,True
2026-09-17T06:17:15.086559+00:00,6.836846099991817,205,316.00000000000017,240.0,316.0,240.0,316.0,240.0,1.7053025658242404e-13,TRACKING,0.2499999999999988,0.0,3.3319000067422166,29.548295214014445,True,True
2026-09-17T06:17:15.118108+00:00,6.8684000999928685,206,316.00000000000017,240.0,316.0,240.0,316.0,240.0,1.7053025658242404e-13,TRACKING,0.2249999999999988,0.0,1.6540999931748956,31.691703111069195,True,True
2026-09-17T06:17:15.151326+00:00,6.901614000002155,207,316.00000000000017,240.0,316.0,240.0,316.0,240.0,1.7053025658242404e-13,TRACKING,0.19999999999999882,0.0,1.3393000117503107,30.10787651315866,True,True
2026-09-17T06:17:15.185081+00:00,6.935364699995262,208,316.00000000000017,240.0,316.0,240.0,316.0,240.0,1.7053025658242404e-13,TRACKING,0.17499999999999882,0.0,1.71050000062678,29.629015107960623,True,True
2026-09-17T06:17:15.218744+00:00,6.969033500005025,209,316.00000000000017,240.0,316.0,240.0,316.0,240.0,1.7053025658242404e-13,TRACKING,0.14999999999999883,0.0,2.228500001365319,29.701088239260223,True,True
2026-09-17T06:17:15.252794+00:00,7.003071099999943,210,316.00000000000017,240.0,316.0,240.0,316.0,240.0,1.7053025658242404e-13,TRACKING,0.12499999999999883,0.0,2.5695000076666474,29.379274688853595,True,True
2026-09-17T06:17:15.286201+00:00,7.03647930000443,211,316.00000000000017,240.0,316.0,240.0,316.0,240.0,1.7053025658242404e-13,TRACKING,0.09999999999999884,0.0,2.780700000585057,29.93277099232173,True,True
2026-09-17T06:17:15.318774+00:00,7.0690621999965515,212,316.00000000000017,240.0,316.0,240.0,316.0,240.0,1.7053025658242404e-13,TRACKING,0.07499999999999885,0.0,1.673599996138364,30.690945257843904,True,True
2026-09-17T06:17:15.351418+00:00,7.101707299996633,213,316.00000000000017,240.0,316.0,240.0,316.0,240.0,1.7053025658242404e-13,TRACKING,0.049999999999998844,0.0,1.4411000011023134,30.632468578668803,True,True
2026-09-17T06:17:15.385894+00:00,7.136183299997356,214,316.00000000000017,240.0,316.0,240.0,316.0,240.0,1.7053025658242404e-13,TRACKING,0.024999999999998843,0.0,2.7282000082777813,29.005685113674364,True,True
2026-09-17T06:17:15.418667+00:00,7.168947700003628,215,316.00000000000017,240.0,316.0,240.0,316.0,240.0,1.7053025658242404e-13,TRACKING,-1.1587952819525071e-15,0.0,2.1638000034727156,30.520931248811998,True,True
2026-09-17T06:17:15.451641+00:00,7.201927000001888,216,316.00000000000017,240.0,316.0,240.0,316.0,240.0,1.7053025658242404e-13,TRACKING,-0.02500000000000116,0.0,1.6145000117830932,30.32205049994261,True,True
2026-09-17T06:17:15.484705+00:00,7.234995399994659,217,316.00000000000017,240.0,316.0,240.0,316.0,240.0,1.7053025658242404e-13,TRACKING,-0.05000000000000116,0.0,1.263199999812059,30.240350310828283,True,True
2026-09-17T06:17:15.517669+00:00,7.2679579999967245,218,316.00000000000017,240.0,316.0,240.0,316.0,240.0,1.7053025658242404e-13,TRACKING,-0.07500000000000116,0.0,1.1747000098694116,30.337412702194126,True,True
2026-09-17T06:17:15.551462+00:00,7.301749399994151,219,316.00000000000017,240.0,316.0,240.0,316.0,240.0,1.7053025658242404e-13,TRACKING,-0.10000000000000117,0.0,1.5863000007811934,29.59332848228151,True,True
2026-09-17T06:17:15.585831+00:00,7.336119400002644,220,316.00000000000017,240.0,316.0,240.0,316.0,240.0,1.7053025658242404e-13,TRACKING,-0.12500000000000117,0.0,2.271500008646399,29.095141104244274,True,True
2026-09-17T06:17:15.618468+00:00,7.368757200005348,221,316.00000000000017,240.0,316.0,240.0,316.0,240.0,1.7053025658242404e-13,TRACKING,-0.15000000000000116,0.0,1.7650999943725765,30.639320049671497,True,True
2026-09-17T06:17:15.651269+00:00,7.401559499994619,222,316.00000000000017,240.0,316.0,240.0,316.0,240.0,1.7053025658242404e-13,TRACKING,-0.17500000000000115,0.0,1.2469000066630542,30.485667173554337,True,True
2026-09-17T06:17:15.684830+00:00,7.435115400003269,223,316.00000000000017,240.0,316.0,240.0,316.0,240.0,1.7053025658242404e-13,TRACKING,-0.20000000000000115,0.0,1.5916000120341778,29.801018591133197,True,True
2026-09-17T06:17:15.719250+00:00,7.469539900004747,224,316.00000000000017,240.0,316.0,240.0,316.0,240.0,1.7053025658242404e-13,TRACKING,-0.22500000000000114,0.0,2.410699991742149,29.049078416739974,True,True
2026-09-17T06:17:15.751683+00:00,7.501972199999727,225,316.00000000000017,240.0,316.0,240.0,316.0,240.0,1.7053025658242404e-13,TRACKING,-0.25000000000000117,0.0,1.7930000030901283,30.833459241397755,True,True
2026-09-17T06:17:15.785083+00:00,7.53536520000489,226,316.00000000000017,240.0,316.0,240.0,316.0,240.0,1.7053025658242404e-13,TRACKING,-0.2750000000000012,0.0,1.7638999997870997,29.946395946617766,True,True
2026-09-17T06:17:15.818076+00:00,7.568366899999091,227,316.00000000000017,240.0,316.0,240.0,316.0,240.0,1.7053025658242404e-13,TRACKING,-0.3000000000000012,0.0,1.4609000063501298,30.30146932357105,True,True
2026-09-17T06:17:15.851163+00:00,7.601454300005571,228,316.00000000000017,240.0,316.0,240.0,316.0,240.0,1.7053025658242404e-13,TRACKING,-0.32500000000000123,0.0,1.3269000046420842,30.222985178774024,True,True
2026-09-17T06:17:15.885042+00:00,7.6353282000054605,229,316.0000000000002,240.0,316.0,240.0,316.0,240.0,2.2737367544323206e-13,TRACKING,-0.35000000000000125,0.0,1.8539000011514872,29.52125382678879,True,True
2026-09-17T06:17:15.919315+00:00,7.669604099995922,230,316.0000000000002,240.0,316.0,240.0,316.0,240.0,2.2737367544323206e-13,TRACKING,-0.3750000000000013,0.0,2.4579000019002706,29.175018023692395,True,True
2026-09-17T06:17:15.951538+00:00,7.7018260000040755,231,316.0000000000002,240.0,316.0,240.0,316.0,240.0,2.2737367544323206e-13,TRACKING,-0.4000000000000013,0.0,1.5533000114373863,31.034793098698962,True,True
2026-09-17T06:17:15.984404+00:00,7.734693599995808,232,316.0000000000002,240.0,316.0,240.0,316.0,240.0,2.2737367544323206e-13,TRACKING,-0.4250000000000013,0.0,1.2123000051360577,30.425099497728652,True,True
2026-09-17T06:17:16.018249+00:00,7.768538699994679,233,316.0000000000002,240.0,316.0,240.0,316.0,240.0,2.2737367544323206e-13,TRACKING,-0.45000000000000134,0.0,1.4623000024585053,29.546374513101213,True,True
2026-09-17T06:17:16.052051+00:00,7.802330399994389,234,316.0000000000002,240.0,316.0,240.0,316.0,240.0,2.2737367544323206e-13,TRACKING,-0.47500000000000137,0.0,2.1238000044832006,29.593065753086286,True,True
2026-09-17T06:17:16.085292+00:00,7.835581099992851,235,316.0000000000002,240.0,316.0,240.0,316.0,240.0,2.2737367544323206e-13,TRACKING,-0.5000000000000013,0.0,2.022499989834614,30.07455482279367,True,True
2026-09-17T06:17:16.118224+00:00,7.8685103000025265,236,316.0000000000002,240.0,316.0,240.0,316.0,240.0,2.2737367544323206e-13,TRACKING,-0.5250000000000014,0.0,1.514200004749,30.368183852209185,True,True
2026-09-17T06:17:16.151377+00:00,7.90166699999827,237,316.0000000000002,240.0,316.0,240.0,316.0,240.0,2.2737367544323206e-13,TRACKING,-0.5500000000000014,0.0,1.5759000089019537,30.159816873464095,True,True
2026-09-17T06:17:16.184727+00:00,7.935017299998435,238,316.0000000000002,240.0,316.0,240.0,316.0,240.0,2.2737367544323206e-13,TRACKING,-0.5750000000000014,0.0,1.3560000079451129,29.984737768326966,True,True
2026-09-17T06:17:16.218767+00:00,7.969057900001644,239,316.0000000000002,240.0,316.0,240.0,316.0,240.0,2.2737367544323206e-13,TRACKING,-0.6000000000000014,0.0,2.249500001198612,29.376685484560532,True,True
2026-09-17T06:17:16.251831+00:00,8.002120299992384,240,316.0000000000002,240.0,316.0,240.0,316.0,240.0,2.2737367544323206e-13,TRACKING,-0.6250000000000014,0.0,1.7813000013120472,30.245838181138375,True,True
2026-09-17T06:17:16.284787+00:00,8.03507769999851,241,316.0000000000002,240.0,316.0,240.0,316.0,240.0,2.2737367544323206e-13,TRACKING,-0.6500000000000015,0.0,1.527700005681254,30.342199318336196,True,True
2026-09-17T06:17:16.318308+00:00,8.068593899995903,242,316.0000000000002,240.0,316.0,240.0,316.0,240.0,2.2737367544323206e-13,TRACKING,-0.6750000000000015,0.0,1.666500000283122,29.83631796199363,True,True
2026-09-17T06:17:16.351256+00:00,8.101545900004567,243,316.0000000000002,240.0,316.0,240.0,316.0,240.0,2.2737367544323206e-13,TRACKING,-0.7000000000000015,0.0,1.3621999969473109,30.34717163562447,True,True
2026-09-17T06:17:16.385502+00:00,8.135791799999424,244,316.0000000000002,240.0,316.0,240.0,316.0,240.0,2.2737367544323206e-13,TRACKING,-0.7250000000000015,0.0,1.8925000040326267,29.200575839740253,True,True
2026-09-17T06:17:16.419108+00:00,8.16939640000055,245,316.0000000000002,240.0,316.0,240.0,316.0,240.0,2.2737367544323206e-13,TRACKING,-0.7500000000000016,0.0,2.214100008131936,29.757830772170387,True,True
2026-09-17T06:17:16.451484+00:00,8.201774600005592,246,316.0000000000002,240.0,316.0,240.0,316.0,240.0,2.2737367544323206e-13,TRACKING,-0.7750000000000016,0.0,1.5424000011989847,30.884978159511505,True,True
2026-09-17T06:17:16.484693+00:00,8.234981799992966,247,316.0000000000002,240.0,316.0,240.0,316.0,240.0,2.2737367544323206e-13,TRACKING,-0.8000000000000016,0.0,1.3267000031191856,30.113951202758418,True,True
2026-09-17T06:17:16.517913+00:00,8.2682000999921,248,316.0000000000002,240.0,316.0,240.0,316.0,240.0,2.2737367544323206e-13,TRACKING,-0.8250000000000016,0.0,1.4393000019481406,30.103888520064285,True,True
2026-09-17T06:17:16.551907+00:00,8.302194599993527,249,316.0000000000002,240.0,316.0,240.0,316.0,240.0,2.2737367544323206e-13,TRACKING,-0.8500000000000016,0.0,2.0575999951688573,29.416523259881124,True,True
2026-09-17T06:17:16.585355+00:00,8.335630999994464,250,316.0000000000002,240.0,316.0,240.0,316.0,240.0,2.2737367544323206e-13,TRACKING,-0.8750000000000017,0.0,2.09430001268629,29.90752592898662,True,True
2026-09-17T06:17:16.618205+00:00,8.368492299996433,251,316.0000000000002,240.0,316.0,240.0,316.0,240.0,2.2737367544323206e-13,TRACKING,-0.9000000000000017,0.0,1.5786000003572553,30.430932432377684,True,True
2026-09-17T06:17:16.651420+00:00,8.40171009999176,252,316.0000000000003,240.0,316.0,240.0,316.0,240.0,2.8421709430404007e-13,TRACKING,-0.9250000000000017,0.0,1.404700000421144,30.10434165238717,True,True
2026-09-17T06:17:16.684972+00:00,8.435262700004387,253,316.0000000000003,240.0,316.0,240.0,316.0,240.0,2.8421709430404007e-13,TRACKING,-0.9500000000000017,0.0,1.569899992318824,29.803949608187754,True,True
2026-09-17T06:17:16.719217+00:00,8.469492100004572,254,316.0000000000003,240.0,316.0,240.0,316.0,240.0,2.8421709430404007e-13,TRACKING,-0.9750000000000018,0.0,2.4219000042648986,29.2146517319782,True,True
2026-09-17T06:17:16.752919+00:00,8.50320649999776,255,316.0000000000003,240.0,316.0,240.0,316.0,240.0,2.8421709430404007e-13,TRACKING,-1.0000000000000018,0.0,2.6852000009967014,29.66091640966724,True,True
2026-09-17T06:17:16.785228+00:00,8.53551869999501,256,316.0000000000003,240.0,316.0,240.0,316.0,240.0,2.8421709430404007e-13,TRACKING,-1.0250000000000017,0.0,1.5287999995052814,30.9480629633732,True,True
2026-09-17T06:17:16.817992+00:00,8.568279400002211,257,316.0000000000003,240.0,316.0,240.0,316.0,240.0,2.8421709430404007e-13,TRACKING,-1.0500000000000016,0.0,1.38159999914933,30.52437828801461,True,True
2026-09-17T06:17:16.851259+00:00,8.60154849999526,258,316.0000000000002,240.0,316.0,240.0,316.0,240.0,2.2737367544323206e-13,TRACKING,-1.0750000000000015,0.0,1.3202999980421737,30.05792162123194,True,True
2026-09-17T06:17:16.885540+00:00,8.63582779999706,259,316.0000000000002,240.0,316.0,240.0,316.0,240.0,2.2737367544323206e-13,TRACKING,-1.1000000000000014,0.0,1.9151000014971942,29.172124283387223,True,True
2026-09-17T06:17:16.919080+00:00,8.669361299995217,260,316.0000000000002,240.0,316.0,240.0,316.0,240.0,2.2737367544323206e-13,TRACKING,-1.1250000000000013,0.0,2.2664999996777624,29.82092534495244,True,True
2026-09-17T06:17:16.951817+00:00,8.70210660000157,261,316.0000000000002,240.0,316.0,240.0,316.0,240.0,2.2737367544323206e-13,TRACKING,-1.1500000000000012,0.0,1.763399995979853,30.538733797093016,True,True
2026-09-17T06:17:16.984594+00:00,8.734884899997269,262,316.0000000000002,240.0,316.0,240.0,316.0,240.0,2.2737367544323206e-13,TRACKING,-1.1750000000000012,0.0,1.393600003211759,30.507988520797124,True,True
2026-09-17T06:17:17.018294+00:00,8.768579900002806,263,316.00000000000017,240.0,316.0,240.0,316.0,240.0,1.7053025658242404e-13,TRACKING,-1.200000000000001,0.0,1.774499993189238,29.677993762744666,True,True
2026-09-17T06:17:17.053961+00:00,8.804248100001132,264,316.00000000000017,240.0,316.0,240.0,316.0,240.0,1.7053025658242404e-13,TRACKING,-1.225000000000001,0.0,4.000700006145053,28.036177885256777,True,True
2026-09-17T06:17:17.086112+00:00,8.836401299995487,265,316.00000000000017,240.0,316.0,240.0,316.0,240.0,1.7053025658242404e-13,TRACKING,-1.2500000000000009,0.0,2.8012999973725528,31.10110347261178,True,True
2026-09-17T06:17:17.119109+00:00,8.86939259999781,266,316.0000000000001,240.0,316.0,240.0,316.0,240.0,1.1368683772161603e-13,TRACKING,-1.2750000000000008,0.0,2.5821999879553914,30.31102138835395,True,True
2026-09-17T06:17:17.151800+00:00,8.902083199995104,267,316.0000000000001,240.0,316.0,240.0,316.0,240.0,1.1368683772161603e-13,TRACKING,-1.3000000000000007,0.0,1.9208000012440607,30.589833165581037,True,True
2026-09-17T06:17:17.185805+00:00,8.936081199994078,268,316.0000000000001,240.0,316.0,240.0,316.0,240.0,1.1368683772161603e-13,TRACKING,-1.3250000000000006,0.0,2.4375000066356733,29.413494912353304,True,True
2026-09-17T06:17:17.218967+00:00,8.969237500001327,269,316.0000000000001,240.0,316.0,240.0,316.0,240.0,1.1368683772161603e-13,TRACKING,-1.3500000000000005,0.0,2.0259000011719763,30.16018071320871,True,True
2026-09-17T06:17:17.253248+00:00,9.003531399997883,270,316.0000000000001,240.0,316.0,240.0,316.0,240.0,1.1368683772161603e-13,TRACKING,-1.3750000000000004,0.0,3.0676000023959205,29.15970479007763,True,True
2026-09-17T06:17:17.286491+00:00,9.036766799996258,271,316.00000000000006,240.0,316.0,240.0,316.0,240.0,5.684341886080802e-14,TRACKING,-1.4000000000000004,0.0,2.886899994337,30.088399719843515,True,True
2026-09-17T06:17:17.318284+00:00,9.068572000003769,272,316.00000000000006,240.0,316.0,240.0,316.0,240.0,5.684341886080802e-14,TRACKING,-1.4250000000000003,0.0,1.6035000007832423,31.44139951215003,True,True
2026-09-17T06:17:17.351125+00:00,9.101401499996427,273,316.00000000000006,240.0,316.0,240.0,316.0,240.0,5.684341886080802e-14,TRACKING,-1.4500000000000002,0.0,1.2867999903392047,30.46040909010581,True,True
2026-09-17T06:17:17.385465+00:00,9.135755600000266,274,316.0,240.0,316.0,240.0,316.0,240.0,0.0,TRACKING,-1.475,0.0,2.0846999977948144,29.108607120788072,True,True
2026-09-17T06:17:17.419302+00:00,9.169591400001082,275,316.0,240.0,316.0,240.0,316.0,240.0,0.0,TRACKING,-1.5,0.0,2.3093000054359436,29.55449553360328,True,True
2026-09-17T06:17:17.452696+00:00,9.202971999999136,276,316.0,240.0,316.0,240.0,316.0,240.0,0.0,TRACKING,-1.525,0.0,2.434900001389906,29.957520238051277,True,True
2026-09-17T06:17:17.485069+00:00,9.235354499993264,277,316.0,240.0,316.0,240.0,316.0,240.0,0.0,TRACKING,-1.5499999999999998,0.0,1.7192999948747456,30.880877022506976,True,True
2026-09-17T06:17:17.518575+00:00,9.268863100005547,278,316.0,240.0,316.0,240.0,316.0,240.0,0.0,TRACKING,-1.5749999999999997,0.0,1.8125999922631308,29.843085047821816,True,True
2026-09-17T06:17:17.553049+00:00,9.303336800003308,279,315.99999999999994,240.0,315.0,240.0,315.0,240.0,0.9999999999999432,TRACKING,-1.6062499999999997,0.0,2.005500005907379,29.007620303737045,True,True
2026-09-17T06:17:17.585792+00:00,9.336081200002809,280,316.99999999999994,240.0,316.0,240.0,316.0,240.0,0.9999999999999432,TRACKING,-1.6312499999999996,0.0,2.557100000558421,30.53957317939048,True,True
2026-09-17T06:17:17.618922+00:00,9.369144500000402,281,316.99999999999994,240.0,316.0,240.0,316.0,240.0,0.9999999999999432,TRACKING,-1.6562499999999996,0.0,1.9440999894868582,30.245014867626384,True,True
2026-09-17T06:17:17.652046+00:00,9.402333799996995,282,316.99999999999994,240.0,316.0,240.0,316.0,240.0,0.9999999999999432,TRACKING,-1.6812499999999995,0.0,1.9641999970190227,30.130192565153603,True,True
2026-09-17T06:17:17.685135+00:00,9.43542150000576,283,316.9999999999999,240.0,316.0,240.0,316.0,240.0,0.9999999999998863,TRACKING,-1.7062499999999994,0.0,1.7625000036787242,30.222711150522105,True,True
2026-09-17T06:17:17.718669+00:00,9.468958099998417,284,316.9999999999999,240.0,316.0,240.0,316.0,240.0,0.9999999999998863,TRACKING,-1.7312499999999993,0.0,2.0696999999927357,29.81816881314518,True,True
2026-09-17T06:17:17.752601+00:00,9.50289000000339,285,316.9999999999999,240.0,316.0,240.0,316.0,240.0,0.9999999999998863,TRACKING,-1.7562499999999992,0.0,2.67060000624042,29.47079296630753,True,True
2026-09-17T06:17:17.785453+00:00,9.535730399991735,286,316.9999999999999,240.0,316.0,240.0,316.0,240.0,0.9999999999998863,TRACKING,-1.7812499999999991,0.0,1.7515000072307885,30.450299032743274,True,True
2026-09-17T06:17:17.818520+00:00,9.568808199997875,287,316.9999999999999,240.0,316.0,240.0,316.0,240.0,0.9999999999998863,TRACKING,-1.806249999999999,0.0,1.816000003600493,30.23175664083997,True,True
2026-09-17T06:17:17.851697+00:00,9.601985300003435,288,316.99999999999983,240.0,316.0,240.0,316.0,240.0,0.9999999999998295,TRACKING,-1.831249999999999,0.0,1.7336000018985942,30.14127213748115,True,True
2026-09-17T06:17:17.885280+00:00,9.635547199999564,289,324.99999999999983,240.0,324.0,240.0,324.0,240.0,0.9999999999998295,TRACKING,-1.806249999999999,0.0,1.8813000060617924,29.79569095061112,True,True
2026-09-17T06:17:17.918707+00:00,9.668996599997627,290,324.99999999999983,240.0,324.0,240.0,324.0,240.0,0.9999999999998295,TRACKING,-1.7812499999999991,0.0,1.8497999990358949,29.895902469339646,True,True
2026-09-17T06:17:17.952581+00:00,9.702819300000556,291,324.9999999999999,240.0,324.0,240.0,324.0,240.0,0.9999999999998863,TRACKING,-1.7562499999999992,0.0,2.372899994952604,29.565942397070476,True,True
2026-09-17T06:17:17.984897+00:00,9.735181299998658,292,324.9999999999999,240.0,324.0,240.0,324.0,240.0,0.9999999999998863,TRACKING,-1.7312499999999993,0.0,1.734799996484071,30.90043878804308,True,True
2026-09-17T06:17:18.018859+00:00,9.769145500002196,293,324.9999999999999,240.0,324.0,240.0,324.0,240.0,0.9999999999998863,TRACKING,-1.7062499999999994,0.0,1.872900000307709,29.442766203703407,True,True
2026-09-17T06:17:18.052072+00:00,9.802359599998454,294,324.9999999999999,240.0,324.0,240.0,324.0,240.0,0.9999999999998863,TRACKING,-1.6812499999999995,0.0,2.062400002614595,30.107695229215178,True,True
2026-09-17T06:17:18.085583+00:00,9.835872900002869,295,324.9999999999999,240.0,324.0,240.0,324.0,240.0,0.9999999999998863,TRACKING,-1.6562499999999996,0.0,2.1647999965352938,29.83889977615618,True,True
2026-09-17T06:17:18.118953+00:00,9.869234400001005,296,324.99999999999994,240.0,324.0,240.0,324.0,240.0,0.9999999999999432,TRACKING,-1.6312499999999996,0.0,2.286300004925579,29.974671404339137,True,True
2026-09-17T06:17:18.151822+00:00,9.902105400004075,297,324.99999999999994,240.0,324.0,240.0,324.0,240.0,0.9999999999999432,TRACKING,-1.6062499999999997,0.0,1.7084999999497086,30.42195247806929,True,True
2026-09-17T06:17:18.185157+00:00,9.935436200001277,298,324.99999999999994,240.0,324.0,240.0,324.0,240.0,0.9999999999999432,TRACKING,-1.5812499999999998,0.0,1.8254999886266887,30.002280175811645,True,True
2026-09-17T06:17:18.218846+00:00,9.969137099993532,299,325.0,240.0,325.0,240.0,325.0,240.0,0.0,TRACKING,-1.5499999999999998,0.0,2.3462999961338937,29.672798062657936,True,True
2026-09-17T06:17:18.252143+00:00,10.00242900000012,300,324.0,240.0,324.0,240.0,324.0,240.0,0.0,TRACKING,-1.525,0.0,2.1850000048289075,30.03733640321212,True,True
2026-09-17T06:17:18.285888+00:00,10.036177799993311,301,324.0,240.0,324.0,240.0,324.0,240.0,0.0,TRACKING,-1.5,0.0,2.26910000492353,29.630683171009277,True,True
2026-09-17T06:17:18.318975+00:00,10.069255399997928,302,324.0,240.0,324.0,240.0,324.0,240.0,0.0,TRACKING,-1.475,0.0,2.220800000941381,30.231939435159,True,True
2026-09-17T06:17:18.351926+00:00,10.102212800004054,303,324.0,240.0,324.0,240.0,324.0,240.0,0.0,TRACKING,-1.4500000000000002,0.0,2.0769999973708764,30.342199318336196,True,True
2026-09-17T06:17:18.386173+00:00,10.136460199995781,304,324.0,240.0,324.0,240.0,324.0,240.0,0.0,TRACKING,-1.4250000000000003,0.0,2.446700003929436,29.19929688798429,True,True
2026-09-17T06:17:18.419023+00:00,10.169310299999779,305,324.00000000000006,240.0,324.0,240.0,324.0,240.0,5.684341886080802e-14,TRACKING,-1.4000000000000004,0.0,2.2080000053392723,30.4413076331062,True,True
2026-09-17T06:17:18.452525+00:00,10.202812599993194,306,324.00000000000006,240.0,324.0,240.0,324.0,240.0,5.684341886080802e-14,TRACKING,-1.3750000000000004,0.0,2.133499991032295,29.84869696100097,True,True
2026-09-17T06:17:18.484965+00:00,10.235256100000697,307,324.00000000000006,240.0,324.0,240.0,324.0,240.0,5.684341886080802e-14,TRACKING,-1.3500000000000005,0.0,1.5369000029750168,30.822815040570365,True,True
2026-09-17T06:17:18.518226+00:00,10.268505700005335,308,324.0000000000001,240.0,324.0,240.0,324.0,240.0,1.1368683772161603e-13,TRACKING,-1.3250000000000006,0.0,1.5101000026334077,30.075549776855098,True,True
2026-09-17T06:17:18.552165+00:00,10.302444400003878,309,324.0000000000001,240.0,324.0,240.0,324.0,240.0,1.1368683772161603e-13,TRACKING,-1.3000000000000007,0.0,2.058799989754334,29.464888167281384,True,True
2026-09-17T06:17:18.585827+00:00,10.336114000005182,310,324.0000000000001,240.0,324.0,240.0,324.0,240.0,1.1368683772161603e-13,TRACKING,-1.2750000000000008,0.0,2.425099999527447,29.700382539777312,True,True
2026-09-17T06:17:18.618902+00:00,10.369181699992623,311,324.0000000000001,240.0,324.0,240.0,324.0,240.0,1.1368683772161603e-13,TRACKING,-1.2500000000000009,0.0,2.1053000091342255,30.240990464404465,True,True
2026-09-17T06:17:18.652058+00:00,10.402338799991412,312,324.0000000000001,240.0,324.0,240.0,324.0,240.0,1.1368683772161603e-13,TRACKING,-1.225000000000001,0.0,1.7588000046089292,30.15945302926148,True,True
2026-09-17T06:17:18.685695+00:00,10.435979100002442,313,324.00000000000017,240.0,324.0,240.0,324.0,240.0,1.7053025658242404e-13,TRACKING,-1.200000000000001,0.0,2.2228000016184524,29.726250945209625,True,True
2026-09-17T06:17:18.718771+00:00,10.469058799993945,314,324.00000000000017,240.0,324.0,240.0,324.0,240.0,1.7053025658242404e-13,TRACKING,-1.1750000000000012,0.0,1.877500006230548,30.23002023164788,True,True
2026-09-17T06:17:18.752395+00:00,10.502676899996004,315,324.00000000000017,240.0,324.0,240.0,324.0,240.0,1.7053025658242404e-13,TRACKING,-1.1500000000000012,0.0,2.329199996893294,29.745880937315306,True,True
2026-09-17T06:17:18.785575+00:00,10.53584119999141,316,324.0000000000002,240.0,324.0,240.0,324.0,240.0,2.2737367544323206e-13,TRACKING,-1.1250000000000013,0.0,2.364499989198521,30.152905387375416,True,True
2026-09-17T06:17:18.818222+00:00,10.568505599992932,317,324.0000000000002,240.0,324.0,240.0,324.0,240.0,2.2737367544323206e-13,TRACKING,-1.1000000000000014,0.0,1.5715999907115474,30.61436915888246,True,True
2026-09-17T06:17:18.851552+00:00,10.601838599992334,318,324.0000000000002,240.0,324.0,240.0,324.0,240.0,2.2737367544323206e-13,TRACKING,-1.0750000000000015,0.0,1.396699997712858,30.000300003538158,True,True
2026-09-17T06:17:18.885343+00:00,10.635632299992722,319,324.0000000000002,240.0,324.0,240.0,324.0,240.0,2.2737367544323206e-13,TRACKING,-1.0500000000000016,0.0,1.7706999933579937,29.5913143570704,True,True
2026-09-17T06:17:18.919204+00:00,10.669492400003946,320,324.0000000000002,240.0,324.0,240.0,324.0,240.0,2.2737367544323206e-13,TRACKING,-1.0250000000000017,0.0,2.418099989881739,29.53328547962035,True,True
2026-09-17T06:17:18.951860+00:00,10.702141799993115,321,324.0000000000003,240.0,324.0,240.0,324.0,240.0,2.8421709430404007e-13,TRACKING,-1.0000000000000018,0.0,1.786499997251667,30.628434223347515,True,True
2026-09-17T06:17:18.985290+00:00,10.735577600004035,322,324.0000000000003,240.0,324.0,240.0,324.0,240.0,2.8421709430404007e-13,TRACKING,-0.9750000000000018,0.0,1.8557999865151942,29.90806260575159,True,True
2026-09-17T06:17:19.018283+00:00,10.768571099994006,323,324.0000000000003,240.0,324.0,240.0,324.0,240.0,2.8421709430404007e-13,TRACKING,-0.9500000000000017,0.0,1.6770999936852604,30.309000266839877,True,True
2026-09-17T06:17:19.051928+00:00,10.802212900001905,324,324.0000000000003,240.0,324.0,240.0,324.0,240.0,2.8421709430404007e-13,TRACKING,-0.9250000000000017,0.0,1.657299988437444,29.724925532081937,True,True
2026-09-17T06:17:19.085385+00:00,10.835633700000471,325,324.0000000000003,240.0,324.0,240.0,324.0,240.0,2.8421709430404007e-13,TRACKING,-0.9000000000000017,0.0,2.116200004820712,29.92148602196513,True,True
2026-09-17T06:17:19.118966+00:00,10.869239699997706,326,324.0000000000003,240.0,324.0,240.0,324.0,240.0,2.8421709430404007e-13,TRACKING,-0.8750000000000017,0.0,2.1946000051684678,29.75659108737368,True,True
2026-09-17T06:17:19.152221+00:00,10.902507999999216,327,324.0000000000002,240.0,324.0,240.0,324.0,240.0,2.2737367544323206e-13,TRACKING,-0.8500000000000016,0.0,2.258699998492375,30.058644413890306,True,True
2026-09-17T06:17:19.185272+00:00,10.935558400000446,328,324.0000000000002,240.0,324.0,240.0,324.0,240.0,2.2737367544323206e-13,TRACKING,-0.8250000000000016,0.0,1.6818000003695488,30.256819886076798,True,True
2026-09-17T06:17:19.218902+00:00,10.969188400005805,329,324.0000000000002,240.0,324.0,240.0,324.0,240.0,2.2737367544323206e-13,TRACKING,-0.8000000000000016,0.0,1.8569999956525862,29.73535533275723,True,True
2026-09-17T06:17:19.251783+00:00,11.002053000003798,330,324.0000000000002,240.0,324.0,240.0,324.0,240.0,2.2737367544323206e-13,TRACKING,-0.7750000000000016,0.0,1.8540000019129366,30.427876805470934,True,True
2026-09-17T06:17:19.285096+00:00,11.035375899999053,331,324.0000000000002,240.0,324.0,240.0,324.0,240.0,2.2737367544323206e-13,TRACKING,-0.7500000000000016,0.0,1.7774000007193536,30.009392944263137,True,True
2026-09-17T06:17:19.318795+00:00,11.0690820000018,332,324.0000000000002,240.0,324.0,240.0,324.0,240.0,2.2737367544323206e-13,TRACKING,-0.7250000000000015,0.0,2.322700005606748,29.66822029005219,True,True
2026-09-17T06:17:19.351830+00:00,11.102102599994396,333,324.0000000000002,240.0,324.0,240.0,324.0,240.0,2.2737367544323206e-13,TRACKING,-0.7000000000000015,0.0,1.7043999978341162,30.284125673797785,True,True
2026-09-17T06:17:19.385560+00:00,11.135847300000023,334,324.0000000000002,240.0,324.0,240.0,324.0,240.0,2.2737367544323206e-13,TRACKING,-0.6750000000000015,0.0,2.3472000029869378,29.634283304733508,True,True
2026-09-17T06:17:19.419274+00:00,11.16956239999854,335,324.0000000000002,240.0,324.0,240.0,324.0,240.0,2.2737367544323206e-13,TRACKING,-0.6500000000000015,0.0,2.266099996631965,29.660300578790732,True,True
2026-09-17T06:17:19.451980+00:00,11.202265700005228,336,324.0000000000002,240.0,324.0,240.0,324.0,240.0,2.2737367544323206e-13,TRACKING,-0.6250000000000014,0.0,1.8170999974245206,30.57795390053926,True,True
2026-09-17T06:17:19.484806+00:00,11.23509030000423,337,324.0000000000002,240.0,324.0,240.0,324.0,240.0,2.2737367544323206e-13,TRACKING,-0.6000000000000014,0.0,1.697800005786121,30.46495616185331,True,True
2026-09-17T06:17:19.518617+00:00,11.268903999996837,338,324.0000000000002,240.0,324.0,240.0,324.0,240.0,2.2737367544323206e-13,TRACKING,-0.5750000000000014,0.0,1.6996000049402937,29.573811804642983,True,True
2026-09-17T06:17:19.551745+00:00,11.302032099993085,339,324.0000000000002,240.0,324.0,240.0,324.0,240.0,2.2737367544323206e-13,TRACKING,-0.5500000000000014,0.0,1.7977999959839508,30.185854308374992,True,True
2026-09-17T06:17:19.585963+00:00,11.33624730000156,340,324.0000000000002,240.0,324.0,240.0,324.0,240.0,2.2737367544323206e-13,TRACKING,-0.5250000000000014,0.0,2.5858000008156523,29.226776396230232,True,True
2026-09-17T06:17:19.619098+00:00,11.369376200003899,341,324.0000000000002,240.0,324.0,240.0,324.0,240.0,2.2737367544323206e-13,TRACKING,-0.5000000000000013,0.0,2.458600007230416,30.185125371787148,True,True
2026-09-17T06:17:19.651440+00:00,11.401727999997092,342,324.0000000000002,240.0,324.0,240.0,324.0,240.0,2.2737367544323206e-13,TRACKING,-0.4750000000000013,0.0,1.5518000000156462,30.910181201985168,True,True
2026-09-17T06:17:19.684820+00:00,11.43510669999523,343,324.0000000000002,240.0,324.0,240.0,324.0,240.0,2.2737367544323206e-13,TRACKING,-0.4500000000000013,0.0,1.4616999978898093,29.95922549577335,True,True
2026-09-17T06:17:19.719183+00:00,11.46946670000034,344,324.0000000000002,240.0,324.0,240.0,324.0,240.0,2.2737367544323206e-13,TRACKING,-0.42500000000000127,0.0,2.5259000103687868,29.103608843170253,True,True
2026-09-17T06:17:19.752861+00:00,11.503148899995722,345,324.0000000000002,240.0,324.0,240.0,324.0,240.0,2.2737367544323206e-13,TRACKING,-0.40000000000000124,0.0,2.6954000059049577,29.689272082497123,True,True
2026-09-17T06:17:19.785442+00:00,11.535686000002897,346,324.0000000000002,240.0,324.0,240.0,324.0,240.0,2.2737367544323206e-13,TRACKING,-0.3750000000000012,0.0,1.9069999980274588,30.734146552073422,True,True
2026-09-17T06:17:19.818402+00:00,11.568690100000822,347,324.0000000000002,240.0,324.0,240.0,324.0,240.0,2.2737367544323206e-13,TRACKING,-0.3500000000000012,0.0,1.721800013910979,30.299265850693757,True,True
2026-09-17T06:17:19.851780+00:00,11.60206730000209,348,324.00000000000017,240.0,324.0,240.0,324.0,240.0,1.7053025658242404e-13,TRACKING,-0.3250000000000012,0.0,1.5263000095728785,29.9605718862574,True,True
2026-09-17T06:17:19.885570+00:00,11.63585979999334,349,324.00000000000017,240.0,324.0,240.0,324.0,240.0,1.7053025658242404e-13,TRACKING,-0.30000000000000115,0.0,2.28610000340268,29.592365177448443,True,True
2026-09-17T06:17:19.918609+00:00,11.668894300004467,350,324.00000000000017,240.0,324.0,240.0,324.0,240.0,1.7053025658242404e-13,TRACKING,-0.27500000000000113,0.0,1.9881000043824315,30.271382937934135,True,True
2026-09-17T06:17:19.952211+00:00,11.702498400001787,351,324.00000000000017,240.0,324.0,240.0,324.0,240.0,1.7053025658242404e-13,TRACKING,-0.2500000000000011,0.0,2.2877000010339543,29.758273546375996,True,True
2026-09-17T06:17:19.985401+00:00,11.735688100001425,352,324.00000000000017,240.0,324.0,240.0,324.0,240.0,1.7053025658242404e-13,TRACKING,-0.22500000000000112,0.0,1.9382000027690083,30.129829435363437,True,True
2026-09-17T06:17:20.018675+00:00,11.768959299995913,353,324.00000000000017,240.0,324.0,240.0,324.0,240.0,1.7053025658242404e-13,TRACKING,-0.20000000000000112,0.0,1.8016999965766445,30.056024434516285,True,True
2026-09-17T06:17:20.051653+00:00,11.801925899999333,354,324.00000000000017,240.0,324.0,240.0,324.0,240.0,1.7053025658242404e-13,TRACKING,-0.17500000000000113,0.0,1.6933000006247312,30.33373171319686,True,True
2026-09-17T06:17:20.086181+00:00,11.836469599991688,355,324.00000000000017,240.0,324.0,240.0,324.0,240.0,1.7053025658242404e-13,TRACKING,-0.15000000000000113,0.0,2.6760999899124727,28.94883872374167,True,True
2026-09-17T06:17:20.119185+00:00,11.869464999996126,356,324.00000000000017,240.0,324.0,240.0,324.0,240.0,1.7053025658242404e-13,TRACKING,-0.12500000000000114,0.0,2.405199993518181,30.307254946613547,True,True
2026-09-17T06:17:20.152619+00:00,11.902902400004677,357,324.00000000000017,240.0,324.0,240.0,324.0,240.0,1.7053025658242404e-13,TRACKING,-0.10000000000000114,0.0,2.398299999185838,29.90663148881926,True,True
2026-09-17T06:17:20.184976+00:00,11.935263499995926,358,324.00000000000017,240.0,324.0,240.0,324.0,240.0,1.7053025658242404e-13,TRACKING,-0.07500000000000115,0.0,1.635099994018674,30.90129817189217,True,True
2026-09-17T06:17:20.218644+00:00,11.968931099996553,359,324.00000000000017,240.0,324.0,240.0,324.0,240.0,1.7053025658242404e-13,TRACKING,-0.05000000000000115,0.0,1.8596000008983538,29.70214687062322,True,True
2026-09-17T06:17:20.252443+00:00,12.002731799992034,360,324.00000000000017,240.0,324.0,240.0,324.0,240.0,1.7053025658242404e-13,TRACKING,-0.025000000000001146,0.0,2.31869998970069,29.585186109568244,True,True
2026-09-17T06:17:20.285124+00:00,12.035402599998633,361,324.00000000000017,240.0,324.0,240.0,324.0,240.0,1.7053025658242404e-13,TRACKING,-1.1449174941446927e-15,0.0,1.8206999957328662,30.608371995727385,True,True
2026-09-17T06:17:20.318694+00:00,12.06897019999451,362,324.00000000000017,240.0,324.0,240.0,324.0,240.0,1.7053025658242404e-13,TRACKING,0.024999999999998856,0.0,2.1214000007603317,29.790631445883434,True,True
2026-09-17T06:17:20.352402+00:00,12.102689099992858,363,324.00000000000017,240.0,324.0,240.0,324.0,240.0,1.7053025658242404e-13,TRACKING,0.04999999999999886,0.0,2.256199994008057,29.656957968646285,True,True
2026-09-17T06:17:20.385855+00:00,12.136132200001157,364,324.00000000000017,240.0,324.0,240.0,324.0,240.0,1.7053025658242404e-13,TRACKING,0.07499999999999886,0.0,2.4865000013960525,29.901534240302418,True,True
2026-09-17T06:17:20.419790+00:00,12.170077699993271,365,324.00000000000017,240.0,324.0,240.0,324.0,240.0,1.7053025658242404e-13,TRACKING,0.09999999999999887,0.0,2.8305000014370307,29.45898573396471,True,True
2026-09-17T06:17:20.452176+00:00,12.202463699999498,366,324.00000000000017,240.0,324.0,240.0,324.0,240.0,1.7053025658242404e-13,TRACKING,0.12499999999999886,0.0,2.237799999420531,30.877539671701694,True,True
2026-09-17T06:17:20.485688+00:00,12.23597520000476,367,324.00000000000017,240.0,324.0,240.0,324.0,240.0,1.7053025658242404e-13,TRACKING,0.14999999999999886,0.0,2.428499996312894,29.840502509377615,True,True
2026-09-17T06:17:20.519280+00:00,12.269567399998778,368,324.00000000000017,240.0,324.0,240.0,324.0,240.0,1.7053025658242404e-13,TRACKING,0.17499999999999885,0.0,2.3569000040879473,29.768815385061654,True,True
2026-09-17T06:17:20.551650+00:00,12.30193909999798,369,324.00000000000017,240.0,324.0,240.0,324.0,240.0,1.7053025658242404e-13,TRACKING,0.19999999999999885,0.0,1.5819999971427023,30.891179642237542,True,True
2026-09-17T06:17:20.585792+00:00,12.336080399996717,370,324.00000000000017,240.0,324.0,240.0,324.0,240.0,1.7053025658242404e-13,TRACKING,0.22499999999999884,0.0,2.3176999966381118,29.290038751804854,True,True
2026-09-17T06:17:20.619314+00:00,12.369583299994702,371,324.00000000000017,240.0,324.0,240.0,324.0,240.0,1.7053025658242404e-13,TRACKING,0.24999999999999883,0.0,2.6157999964198098,29.848162399678003,True,True
2026-09-17T06:17:20.651856+00:00,12.402135600001202,372,324.00000000000017,240.0,324.0,240.0,324.0,240.0,1.7053025658242404e-13,TRACKING,0.27499999999999886,0.0,1.6546000115340576,30.719795522906452,True,True
2026-09-17T06:17:20.685809+00:00,12.436090300005162,373,324.00000000000017,240.0,324.0,240.0,324.0,240.0,1.7053025658242404e-13,TRACKING,0.2999999999999989,0.0,2.1923000022070482,29.4510038340309,True,True
2026-09-17T06:17:20.718739+00:00,12.469028199993772,374,324.00000000000017,240.0,324.0,240.0,324.0,240.0,1.7053025658242404e-13,TRACKING,0.3249999999999989,0.0,2.0481999963521957,30.360162619529273,True,True
2026-09-17T06:17:20.752168+00:00,12.5024526000052,375,324.00000000000017,240.0,324.0,240.0,324.0,240.0,1.7053025658242404e-13,TRACKING,0.3499999999999989,0.0,2.2047999955248088,29.91826329442356,True,True
2026-09-17T06:17:20.785622+00:00,12.535720200001379,376,324.00000000000017,240.0,324.0,240.0,324.0,240.0,1.7053025658242404e-13,TRACKING,0.37499999999999895,0.0,2.030199990258552,30.05927689748723,True,True
2026-09-17T06:17:20.818669+00:00,12.56895529999747,377,324.00000000000017,240.0,324.0,240.0,324.0,240.0,1.7053025658242404e-13,TRACKING,0.39999999999999897,0.0,1.7177999980049208,30.088671317902477,True,True
2026-09-17T06:17:20.851903+00:00,12.60219109999889,378,324.00000000000017,240.0,324.0,240.0,324.0,240.0,1.7053025658242404e-13,TRACKING,0.424999999999999,0.0,1.6930999991018325,30.088037596725353,True,True
2026-09-17T06:17:20.885659+00:00,12.635943200002657,379,324.00000000000017,240.0,324.0,240.0,324.0,240.0,1.7053025658242404e-13,TRACKING,0.449999999999999,0.0,2.2311000066110864,29.627786119630994,True,True
2026-09-17T06:17:20.919632+00:00,12.669915799997398,380,324.00000000000017,240.0,324.0,240.0,324.0,240.0,1.7053025658242404e-13,TRACKING,0.47499999999999903,0.0,2.700099998037331,29.435486249354405,True,True
2026-09-17T06:17:20.951603+00:00,12.701889799995115,381,324.00000000000017,240.0,324.0,240.0,324.0,240.0,1.7053025658242404e-13,TRACKING,0.49999999999999906,0.0,1.7730999970808625,31.27541127389102,True,True
2026-09-17T06:17:20.999168+00:00,12.749454799995874,382,324.00000000000017,240.0,324.0,240.0,324.0,240.0,1.7053025658242404e-13,TRACKING,0.524999999999999,0.0,2.11499999568332,21.02386208312924,True,True
2026-09-17T06:17:21.018830+00:00,12.769115300005069,383,324.00000000000017,240.0,324.0,240.0,324.0,240.0,1.7053025658242404e-13,TRACKING,0.549999999999999,0.0,2.0065999997314066,50.863406298533285,True,True
2026-09-17T06:17:21.055263+00:00,12.805541699999594,384,324.00000000000017,240.0,324.0,240.0,324.0,240.0,1.7053025658242404e-13,TRACKING,0.5749999999999991,0.0,3.186299989465624,27.452616787557915,True,True
2026-09-17T06:17:21.085712+00:00,12.835999400005676,385,324.0000000000001,240.0,324.0,240.0,324.0,240.0,1.1368683772161603e-13,TRACKING,0.5999999999999991,0.0,2.453199995215982,32.832420038293186,True,True
2026-09-17T06:17:21.118739+00:00,12.869029399997089,386,324.0000000000001,240.0,324.0,240.0,324.0,240.0,1.1368683772161603e-13,TRACKING,0.6249999999999991,0.0,1.7844999965745956,30.275507122614883,True,True
2026-09-17T06:17:21.151557+00:00,12.90183230000548,387,324.0000000000001,240.0,324.0,240.0,324.0,240.0,1.1368683772161603e-13,TRACKING,0.6499999999999991,0.0,1.5555999998468906,30.485109540442508,True,True
2026-09-17T06:17:21.184894+00:00,12.935181699998793,388,324.0000000000001,240.0,324.0,240.0,324.0,240.0,1.1368683772161603e-13,TRACKING,0.6749999999999992,0.0,1.4973000070312992,29.985546972375126,True,True
2026-09-17T06:17:21.217984+00:00,12.968274400001974,389,324.0000000000001,240.0,324.0,240.0,324.0,240.0,1.1368683772161603e-13,TRACKING,0.6999999999999992,0.0,1.5182999923126772,30.218144784314564,True,True
2026-09-17T06:17:21.252176+00:00,13.002460999996401,390,324.0000000000001,240.0,324.0,240.0,324.0,240.0,1.1368683772161603e-13,TRACKING,0.7249999999999992,0.0,2.3000999935902655,29.251227093744383,True,True
2026-09-17T06:17:21.285424+00:00,13.035711299991817,391,324.0000000000001,240.0,324.0,240.0,324.0,240.0,1.1368683772161603e-13,TRACKING,0.7499999999999992,0.0,2.2975999891059473,30.07491662144005,True,True
2026-09-17T06:17:21.319301+00:00,13.069584500000929,392,324.0000000000001,240.0,324.0,240.0,324.0,240.0,1.1368683772161603e-13,TRACKING,0.7749999999999992,0.0,2.3369999980786815,29.52186388445783,True,True
2026-09-17T06:17:21.351458+00:00,13.101744600004167,393,324.0000000000001,240.0,324.0,240.0,324.0,240.0,1.1368683772161603e-13,TRACKING,0.7999999999999993,0.0,1.5075000119395554,31.094430673390082,True,True
2026-09-17T06:17:21.385489+00:00,13.135769500004244,394,324.0000000000001,240.0,324.0,240.0,324.0,240.0,1.1368683772161603e-13,TRACKING,0.8249999999999993,0.0,2.108899992890656,29.390240676614614,True,True
2026-09-17T06:17:21.419398+00:00,13.169687899993733,395,324.0000000000001,240.0,324.0,240.0,324.0,240.0,1.1368683772161603e-13,TRACKING,0.8499999999999993,0.0,2.4982000031741336,29.482522769644337,True,True
2026-09-17T06:17:21.451653+00:00,13.20194050000282,396,324.0000000000001,240.0,324.0,240.0,324.0,240.0,1.1368683772161603e-13,TRACKING,0.8749999999999993,0.0,1.691099998424761,31.00525228100186,True,True
2026-09-17T06:17:21.485255+00:00,13.235545599993202,397,324.0000000000001,240.0,324.0,240.0,324.0,240.0,1.1368683772161603e-13,TRACKING,0.8999999999999994,0.0,1.6603999974904582,29.757388024026437,True,True
2026-09-17T06:17:21.518131+00:00,13.268417100000079,398,324.0000000000001,240.0,324.0,240.0,324.0,240.0,1.1368683772161603e-13,TRACKING,0.9249999999999994,0.0,1.396999999997206,30.421489733988253,True,True
2026-09-17T06:17:21.551835+00:00,13.30212360000587,399,324.0000000000001,240.0,324.0,240.0,324.0,240.0,1.1368683772161603e-13,TRACKING,0.9499999999999994,0.0,1.817500000470318,29.667868210231465,True,True
2026-09-17T06:17:21.585283+00:00,13.335571699994034,400,324.0000000000001,240.0,324.0,240.0,324.0,240.0,1.1368683772161603e-13,TRACKING,0.9749999999999994,0.0,1.7733999993652105,29.89706441782577,True,True
2026-09-17T06:17:21.618353+00:00,13.36864030000288,401,324.0000000000001,240.0,324.0,240.0,324.0,240.0,1.1368683772161603e-13,TRACKING,0.9999999999999994,0.0,1.6297999973176047,30.24016740147716,True,True
2026-09-17T06:17:21.652250+00:00,13.40253799999482,402,324.0000000000001,240.0,324.0,240.0,324.0,240.0,1.1368683772161603e-13,TRACKING,1.0249999999999995,0.0,1.9711999921128154,29.500526591414353,True,True
2026-09-17T06:17:21.685255+00:00,13.435540499995113,403,324.0000000000001,240.0,324.0,240.0,324.0,240.0,1.1368683772161603e-13,TRACKING,1.0499999999999994,0.0,1.9264000002294779,30.300734792549378,True,True
2026-09-17T06:17:21.718391+00:00,13.468678799996269,404,324.0000000000001,240.0,324.0,240.0,324.0,240.0,1.1368683772161603e-13,TRACKING,1.0749999999999993,0.0,1.777800003765151,30.176563069473342,True,True
2026-09-17T06:17:21.752059+00:00,13.502345100001548,405,324.0000000000001,240.0,324.0,240.0,324.0,240.0,1.1368683772161603e-13,TRACKING,1.0999999999999992,0.0,1.888600003439933,29.70329379359128,True,True
2026-09-17T06:17:21.785594+00:00,13.535868499995559,406,324.0000000000001,240.0,324.0,240.0,324.0,240.0,1.1368683772161603e-13,TRACKING,1.1249999999999991,0.0,2.203299998654984,29.82990985934237,True,True
2026-09-17T06:17:21.818346+00:00,13.568633799994132,407,324.0000000000001,240.0,324.0,240.0,324.0,240.0,1.1368683772161603e-13,TRACKING,1.149999999999999,0.0,1.7048000008799136,30.52009290449199,True,True
2026-09-17T06:17:21.851207+00:00,13.601496499992209,408,324.00000000000017,240.0,324.0,240.0,324.0,240.0,1.7053025658242404e-13,TRACKING,1.174999999999999,0.0,1.340999995591119,30.429636032904053,True,True
2026-09-17T06:17:21.884791+00:00,13.635081500004162,409,324.00000000000017,240.0,324.0,240.0,324.0,240.0,1.7053025658242404e-13,TRACKING,1.1999999999999988,0.0,1.4634999970439821,29.775197250084307,True,True
2026-09-17T06:17:21.918318+00:00,13.66860469999665,410,324.00000000000017,240.0,324.0,240.0,324.0,240.0,1.7053025658242404e-13,TRACKING,1.2249999999999988,0.0,1.8354000058025122,29.830087826463682,True,True
2026-09-17T06:17:21.952272+00:00,13.702550999994855,411,324.0000000000002,240.0,324.0,240.0,324.0,240.0,2.2737367544323206e-13,TRACKING,1.2499999999999987,0.0,2.2656000073766336,29.4582914795676,True,True
2026-09-17T06:17:21.985378+00:00,13.735665000000154,412,324.0000000000002,240.0,324.0,240.0,324.0,240.0,2.2737367544323206e-13,TRACKING,1.2749999999999986,0.0,1.706199996988289,30.198707490487358,True,True
2026-09-17T06:17:22.018277+00:00,13.768566500002635,413,324.0000000000002,240.0,324.0,240.0,324.0,240.0,2.2737367544323206e-13,TRACKING,1.2999999999999985,0.0,1.641899987589568,30.393751042493253,True,True
2026-09-17T06:17:22.052145+00:00,13.802432099997532,414,324.0000000000002,240.0,324.0,240.0,324.0,240.0,2.2737367544323206e-13,TRACKING,1.3249999999999984,0.0,2.159299998311326,29.52848909071998,True,True
2026-09-17T06:17:22.085833+00:00,13.836121899992577,415,324.0000000000002,240.0,324.0,240.0,324.0,240.0,2.2737367544323206e-13,TRACKING,1.3499999999999983,0.0,2.3904999980004504,29.68257455215145,True,True
2026-09-17T06:17:22.118937+00:00,13.869212399993557,416,324.0000000000003,240.0,324.0,240.0,324.0,240.0,2.8421709430404007e-13,TRACKING,1.3749999999999982,0.0,2.150399988749996,30.22015381968733,True,True
2026-09-17T06:17:22.151652+00:00,13.901925999991363,417,324.0000000000003,240.0,324.0,240.0,324.0,240.0,2.8421709430404007e-13,TRACKING,1.3999999999999981,0.0,1.687099997070618,30.568326325047817,True,True
2026-09-17T06:17:22.185232+00:00,13.93551500000467,418,324.0000000000003,240.0,324.0,240.0,324.0,240.0,2.8421709430404007e-13,TRACKING,1.424999999999998,0.0,1.7383000085828826,29.77165142170975,True,True
2026-09-17T06:17:22.218671+00:00,13.968955599993933,419,324.00000000000034,240.0,324.0,240.0,324.0,240.0,3.410605131648481e-13,TRACKING,1.449999999999998,0.0,2.1772999898530543,29.903769678806434,True,True
2026-09-17T06:17:22.251860+00:00,14.002149499996449,420,324.00000000000034,240.0,324.0,240.0,324.0,240.0,3.410605131648481e-13,TRACKING,1.4749999999999979,0.0,1.9145999976899475,30.12601712736999,True,True
2026-09-17T06:17:22.285609+00:00,14.035891099993023,421,324.00000000000034,240.0,324.0,240.0,324.0,240.0,3.410605131648481e-13,TRACKING,1.4999999999999978,0.0,2.1751000022049993,29.637005954119832,True,True
2026-09-17T06:17:22.318390+00:00,14.068678199997521,422,324.00000000000034,240.0,324.0,240.0,324.0,240.0,3.410605131648481e-13,TRACKING,1.5249999999999977,0.0,1.683700000285171,30.499800222124385,True,True
2026-09-17T06:17:22.351473+00:00,14.101757099997485,423,324.00000000000034,240.0,324.0,240.0,324.0,240.0,3.410605131648481e-13,TRACKING,1.5499999999999976,0.0,1.5574999997625127,30.23075132489553,True,True
2026-09-17T06:17:22.385517+00:00,14.13580180000281,424,324.0000000000004,240.0,324.0,240.0,324.0,240.0,3.979039320256561e-13,TRACKING,1.5749999999999975,0.0,1.913800006150268,29.37314765128202,True,True
2026-09-17T06:17:22.418982+00:00,14.169270600003074,425,324.0000000000004,240.0,324.0,240.0,324.0,240.0,3.979039320256561e-13,TRACKING,1.5999999999999974,0.0,2.1646000095643103,29.87857347715194,True,True
2026-09-17T06:17:22.452441+00:00,14.202720000001136,426,324.0000000000004,240.0,324.0,240.0,324.0,240.0,3.979039320256561e-13,TRACKING,1.6249999999999973,0.0,2.116200004820712,29.895902469339646,True,True
2026-09-17T06:17:22.485311+00:00,14.235598300001584,427,324.00000000000045,240.0,324.0,240.0,324.0,240.0,4.547473508864641e-13,TRACKING,1.6499999999999972,0.0,1.698100008070469,30.415197865655482,True,True
2026-09-17T06:17:22.518556+00:00,14.268843900004867,428,324.00000000000045,240.0,324.0,240.0,324.0,240.0,4.547473508864641e-13,TRACKING,1.6749999999999972,0.0,1.6296999965561554,30.079168368182135,True,True
2026-09-17T06:17:22.552135+00:00,14.302417700004298,429,324.00000000000045,240.0,324.0,240.0,324.0,240.0,4.547473508864641e-13,TRACKING,1.699999999999997,0.0,1.885200006654486,29.785130072168013,True,True
2026-09-17T06:17:22.586215+00:00,14.336499600001844,430,324.00000000000045,240.0,324.0,240.0,324.0,240.0,4.547473508864641e-13,TRACKING,1.724999999999997,0.0,2.8698999958578497,29.341087206758438,True,True
2026-09-17T06:17:22.618298+00:00,14.368577200002619,431,324.00000000000045,240.0,324.0,240.0,324.0,240.0,4.547473508864641e-13,TRACKING,1.749999999999997,0.0,1.800600002752617,31.174402074214616,True,True
2026-09-17T06:17:22.654483+00:00,14.404762499994831,432,324.0000000000005,240.0,324.0,240.0,324.0,240.0,5.115907697472721e-13,TRACKING,1.7749999999999968,0.0,4.119899997022003,27.635531561579505,True,True
2026-09-17T06:17:22.689920+00:00,14.44015729999228,433,324.0000000000005,240.0,324.0,240.0,324.0,240.0,5.115907697472721e-13,TRACKING,1.7999999999999967,0.0,5.731299999752082,28.252737692319247,True,True
2026-09-17T06:17:22.719248+00:00,14.469536599994171,434,324.0000000000005,240.0,324.0,240.0,324.0,240.0,5.115907697472721e-13,TRACKING,1.8249999999999966,0.0,1.7909000016516075,34.03757066831381,True,True
2026-09-17T06:17:22.752494+00:00,14.50278339999204,435,316.00000000000057,240.0,316.0,240.0,316.0,240.0,5.684341886080801e-13,TRACKING,1.7999999999999967,0.0,2.2345000033965334,30.078082704624144,True,True
2026-09-17T06:17:22.784822+00:00,14.535108500000206,436,316.0000000000005,240.0,316.0,240.0,316.0,240.0,5.115907697472721e-13,TRACKING,1.7749999999999968,0.0,1.6140999941853806,30.93571248804785,True,True
2026-09-17T06:17:22.818834+00:00,14.569117799997912,437,316.0000000000005,240.0,316.0,240.0,316.0,240.0,5.115907697472721e-13,TRACKING,1.749999999999997,0.0,1.6927999968174845,29.403721925104403,True,True
2026-09-17T06:17:22.851920+00:00,14.602208600001177,438,316.0000000000005,240.0,316.0,240.0,316.0,240.0,5.115907697472721e-13,TRACKING,1.724999999999997,0.0,1.945500000147149,30.219879842775974,True,True
2026-09-17T06:17:22.884891+00:00,14.63518149999436,439,316.00000000000045,240.0,316.0,240.0,316.0,240.0,4.547473508864641e-13,TRACKING,1.699999999999997,0.0,1.5973999979905784,30.32793597793166,True,True
2026-09-17T06:17:22.918490+00:00,14.668779999992694,440,316.00000000000045,240.0,316.0,240.0,316.0,240.0,4.547473508864641e-13,TRACKING,1.6749999999999972,0.0,1.653899991651997,29.763233479160963,True,True
2026-09-17T06:17:22.952975+00:00,14.703262399998493,441,316.00000000000045,240.0,316.0,240.0,316.0,240.0,4.547473508864641e-13,TRACKING,1.6499999999999972,0.0,2.577000006567687,29.000301598259007,True,True
2026-09-17T06:17:22.984873+00:00,14.735160299998824,442,316.00000000000045,240.0,316.0,240.0,316.0,240.0,4.547473508864641e-13,TRACKING,1.6249999999999973,0.0,1.553900001454167,31.35002617694655,True,True
2026-09-17T06:17:23.018186+00:00,14.76847359999374,443,316.00000000000045,240.0,316.0,240.0,316.0,240.0,4.547473508864641e-13,TRACKING,1.5999999999999974,0.0,1.4476999931503087,30.018040847127725,True,True
2026-09-17T06:17:23.051853+00:00,14.802139599996735,444,316.0000000000004,240.0,316.0,240.0,316.0,240.0,3.979039320256561e-13,TRACKING,1.5749999999999975,0.0,1.9524999952409416,29.70355848366405,True,True
2026-09-17T06:17:23.085910+00:00,14.836192899994785,445,316.0000000000004,240.0,316.0,240.0,316.0,240.0,3.979039320256561e-13,TRACKING,1.5499999999999976,0.0,2.2576999908778816,29.36572960791683,True,True
2026-09-17T06:17:23.118525+00:00,14.868811799999094,446,316.0000000000004,240.0,316.0,240.0,316.0,240.0,3.979039320256561e-13,TRACKING,1.5249999999999977,0.0,1.8122000037692487,30.657073042558416,True,True
2026-09-17T06:17:23.151823+00:00,14.902103999993415,447,316.00000000000034,240.0,316.0,240.0,316.0,240.0,3.410605131648481e-13,TRACKING,1.4999999999999978,0.0,1.7261000029975548,30.03706574424583,True,True
2026-09-17T06:17:23.184923+00:00,14.93520749999152,448,316.00000000000034,240.0,316.0,240.0,316.0,240.0,3.410605131648481e-13,TRACKING,1.4749999999999979,0.0,1.395499988575466,30.208286134614884,True,True
2026-09-17T06:17:23.218919+00:00,14.969209200004116,449,316.00000000000034,240.0,316.0,240.0,316.0,240.0,3.410605131648481e-13,TRACKING,1.449999999999998,0.0,1.9594999903347343,29.410294180278214,True,True
2026-09-17T06:17:23.252246+00:00,15.002535199993872,450,316.00000000000034,240.0,316.0,240.0,316.0,240.0,3.410605131648481e-13,TRACKING,1.424999999999998,0.0,2.347699992242269,30.006601461542825,True,True
2026-09-17T06:17:23.285811+00:00,15.036093300004723,451,316.00000000000034,240.0,316.0,240.0,316.0,240.0,3.410605131648481e-13,TRACKING,1.3999999999999981,0.0,2.54020000284072,29.799064895708227,True,True
2026-09-17T06:17:23.318606+00:00,15.068893499992555,452,316.0000000000003,240.0,316.0,240.0,316.0,240.0,2.8421709430404007e-13,TRACKING,1.3749999999999982,0.0,1.833599992096424,30.48761898924273,True,True
2026-09-17T06:17:23.351309+00:00,15.101586399992811,453,316.0000000000003,240.0,316.0,240.0,316.0,240.0,2.8421709430404007e-13,TRACKING,1.3499999999999983,0.0,1.2839999981224537,30.587681117066847,True,True
2026-09-17T06:17:23.385479+00:00,15.13576699999976,454,316.0000000000003,240.0,316.0,240.0,316.0,240.0,2.8421709430404007e-13,TRACKING,1.3249999999999984,0.0,1.9998000061605126,29.256361789925286,True,True
2026-09-17T06:17:23.419295+00:00,15.169585099996766,455,316.0000000000002,240.0,316.0,240.0,316.0,240.0,2.2737367544323206e-13,TRACKING,1.2999999999999985,0.0,2.6538000092841685,29.569964015971387,True,True
2026-09-17T06:17:23.451902+00:00,15.202172000004794,456,316.0000000000002,240.0,316.0,240.0,316.0,240.0,2.2737367544323206e-13,TRACKING,1.2749999999999986,0.0,1.7740999901434407,30.687177968866646,True,True
2026-09-17T06:17:23.485190+00:00,15.235473599997931,457,316.0000000000002,240.0,316.0,240.0,316.0,240.0,2.2737367544323206e-13,TRACKING,1.2499999999999987,0.0,1.8133999983547255,30.028587221216604,True,True
2026-09-17T06:17:23.518112+00:00,15.2683956999972,458,316.0000000000002,240.0,316.0,240.0,316.0,240.0,2.2737367544323206e-13,TRACKING,1.2249999999999988,0.0,1.4359000051626936,30.374733082707905,True,True
2026-09-17T06:17:23.551469+00:00,15.30175600000075,459,316.0000000000002,240.0,316.0,240.0,316.0,240.0,2.2737367544323206e-13,TRACKING,1.1999999999999988,0.0,1.4879999944241717,29.9757496153679,True,True
2026-09-17T06:17:23.585871+00:00,15.336161800005357,460,316.00000000000017,240.0,316.0,240.0,316.0,240.0,1.7053025658242404e-13,TRACKING,1.174999999999999,0.0,2.224199997726828,29.06486696621277,True,True
2026-09-17T06:17:23.618620+00:00,15.368898899992928,461,316.00000000000017,240.0,316.0,240.0,316.0,240.0,1.7053025658242404e-13,TRACKING,1.149999999999999,0.0,1.774799995473586,30.546383167099624,True,True
2026-09-17T06:17:23.651996+00:00,15.402264200005447,462,316.00000000000017,240.0,316.0,240.0,316.0,240.0,1.7053025658242404e-13,TRACKING,1.1249999999999991,0.0,1.8763000116450712,29.97125755275008,True,True
2026-09-17T06:17:23.685105+00:00,15.43539420000161,463,316.0000000000001,240.0,316.0,240.0,316.0,240.0,1.1368683772161603e-13,TRACKING,1.0999999999999992,0.0,1.5226999967126176,30.18412315471832,True,True
2026-09-17T06:17:23.718769+00:00,15.469058000002406,464,316.0000000000001,240.0,316.0,240.0,316.0,240.0,1.1368683772161603e-13,TRACKING,1.0749999999999993,0.0,2.176299996790476,29.70549967550839,True,True
2026-09-17T06:17:23.752921+00:00,15.503206699999282,465,316.0000000000001,240.0,316.0,240.0,316.0,240.0,1.1368683772161603e-13,TRACKING,1.0499999999999994,0.0,2.6429999998072162,29.28369162197878,True,True
2026-09-17T06:17:23.785386+00:00,15.535663699993165,466,316.0000000000001,240.0,316.0,240.0,316.0,240.0,1.1368683772161603e-13,TRACKING,1.0249999999999995,0.0,2.162700009648688,30.80999476810742,True,True
2026-09-17T06:17:23.818458+00:00,15.568732899992028,467,316.0000000000001,240.0,316.0,240.0,316.0,240.0,1.1368683772161603e-13,TRACKING,0.9999999999999994,0.0,1.6788999928394333,30.239618739926616,True,True
2026-09-17T06:17:23.851604+00:00,15.601894399995217,468,316.0000000000001,240.0,316.0,240.0,316.0,240.0,1.1368683772161603e-13,TRACKING,0.9749999999999994,0.0,1.3608000008389354,30.155451348818325,True,True
2026-09-17T06:17:23.884840+00:00,15.635127400004421,469,316.0000000000001,240.0,316.0,240.0,316.0,240.0,1.1368683772161603e-13,TRACKING,0.9499999999999994,0.0,1.5887999907135963,30.0905726152631,True,True
2026-09-17T06:17:23.919121+00:00,15.669401999999536,470,316.0000000000001,240.0,316.0,240.0,316.0,240.0,1.1368683772161603e-13,TRACKING,0.9249999999999994,0.0,2.294399993843399,29.17612459788094,True,True
2026-09-17T06:17:23.951599+00:00,15.701887300005183,471,316.0000000000001,240.0,316.0,240.0,316.0,240.0,1.1368683772161603e-13,TRACKING,0.8999999999999994,0.0,1.7918999947141856,30.783154221330427,True,True
2026-09-17T06:17:23.985629+00:00,15.73591529999976,472,316.0000000000001,240.0,316.0,240.0,316.0,240.0,1.1368683772161603e-13,TRACKING,0.8749999999999993,0.0,2.0743000059155747,29.387563187943577,True,True
2026-09-17T06:17:24.018350+00:00,15.768630799997482,473,316.0000000000001,240.0,316.0,240.0,316.0,240.0,1.1368683772161603e-13,TRACKING,0.8499999999999993,0.0,1.549299995531328,30.56655102534455,True,True
2026-09-17T06:17:24.051689+00:00,15.801974300004076,474,316.0000000000001,240.0,316.0,240.0,316.0,240.0,1.1368683772161603e-13,TRACKING,0.8249999999999993,0.0,1.847000006819144,29.990852783967473,True,True
2026-09-17T06:17:24.086283+00:00,15.836572500003967,475,316.0000000000001,240.0,316.0,240.0,316.0,240.0,1.1368683772161603e-13,TRACKING,0.7999999999999993,0.0,2.852699995855801,28.903237740782586,True,True
2026-09-17T06:17:24.118803+00:00,15.869088899999042,476,316.0000000000001,240.0,316.0,240.0,316.0,240.0,1.1368683772161603e-13,TRACKING,0.7749999999999992,0.0,2.1217000030446798,30.753711977693538,True,True
2026-09-17T06:17:24.151580+00:00,15.901864600004046,477,316.0000000000001,240.0,316.0,240.0,316.0,240.0,1.1368683772161603e-13,TRACKING,0.7499999999999992,0.0,1.6312999941874295,30.51040862124441,True,True
2026-09-17T06:17:24.184916+00:00,15.935204299996258,478,316.0000000000001,240.0,316.0,240.0,316.0,240.0,1.1368683772161603e-13,TRACKING,0.7249999999999992,0.0,1.6254999936791137,29.994271101227945,True,True
2026-09-17T06:17:24.219246+00:00,15.969526300003054,479,316.0000000000001,240.0,316.0,240.0,316.0,240.0,1.1368683772161603e-13,TRACKING,0.6999999999999992,0.0,2.5618000072427094,29.135831239496444,True,True
2026-09-17T06:17:24.252297+00:00,16.0025861000031,480,316.0000000000001,240.0,316.0,240.0,316.0,240.0,1.1368683772161603e-13,TRACKING,0.6749999999999992,0.0,2.164800011087209,30.24821686757322,True,True
2026-09-17T06:17:24.286033+00:00,16.036309400005848,481,316.0000000000001,240.0,316.0,240.0,316.0,240.0,1.1368683772161603e-13,TRACKING,0.6499999999999991,0.0,2.6450000004842877,29.653088515018073,True,True
2026-09-17T06:17:24.318630+00:00,16.068917199998396,482,316.0000000000001,240.0,316.0,240.0,316.0,240.0,1.1368683772161603e-13,TRACKING,0.6249999999999991,0.0,1.662800001213327,30.667509007923062,True,True
2026-09-17T06:17:24.351618+00:00,16.101907499993104,483,316.0000000000001,240.0,316.0,240.0,316.0,240.0,1.1368683772161603e-13,TRACKING,0.5999999999999991,0.0,1.5138000017032027,30.311940181217196,True,True
2026-09-17T06:17:24.385607+00:00,16.135888200005866,484,316.0000000000001,240.0,316.0,240.0,316.0,240.0,1.1368683772161603e-13,TRACKING,0.5749999999999991,0.0,2.3151000059442595,29.42846967909522,True,True
2026-09-17T06:17:24.418678+00:00,16.16896700000507,485,316.0000000000001,240.0,316.0,240.0,316.0,240.0,1.1368683772161603e-13,TRACKING,0.549999999999999,0.0,2.1250999998301268,30.23084271570027,True,True
2026-09-17T06:17:24.453580+00:00,16.20386850000068,486,316.00000000000017,240.0,316.0,240.0,316.0,240.0,1.7053025658242404e-13,TRACKING,0.524999999999999,0.0,3.471700008958578,28.65206366848731,True,True
2026-09-17T06:17:24.484760+00:00,16.23504569999932,487,316.00000000000017,240.0,316.0,240.0,316.0,240.0,1.7053025658242404e-13,TRACKING,0.499999999999999,0.0,1.520000005257316,32.07472127207372,True,True
2026-09-17T06:17:24.518370+00:00,16.268656999993254,488,316.00000000000017,240.0,316.0,240.0,316.0,240.0,1.7053025658242404e-13,TRACKING,0.474999999999999,0.0,1.6765000036684796,29.751898920315973,True,True
2026-09-17T06:17:24.551855+00:00,16.302138099999866,489,316.00000000000017,240.0,316.0,240.0,316.0,240.0,1.7053025658242404e-13,TRACKING,0.44999999999999896,0.0,1.73200000426732,29.867596936855204,True,True
2026-09-17T06:17:24.585730+00:00,16.336018400004832,490,316.00000000000017,240.0,316.0,240.0,316.0,240.0,1.7053025658242404e-13,TRACKING,0.42499999999999893,0.0,2.418099989881739,29.515677247645645,True,True
2026-09-17T06:17:24.618545+00:00,16.36882129999867,491,316.00000000000017,240.0,316.0,240.0,316.0,240.0,1.7053025658242404e-13,TRACKING,0.3999999999999989,0.0,1.7884000117192045,30.48510955396621,True,True
2026-09-17T06:17:24.652405+00:00,16.40269279999484,492,316.00000000000017,240.0,316.0,240.0,316.0,240.0,1.7053025658242404e-13,TRACKING,0.3749999999999989,0.0,2.0222000021021813,29.523345588862984,True,True
2026-09-17T06:17:24.685024+00:00,16.435311699999147,493,316.00000000000017,240.0,316.0,240.0,316.0,240.0,1.7053025658242404e-13,TRACKING,0.34999999999999887,0.0,1.6238999960478395,30.657073042558416,True,True
2026-09-17T06:17:24.718117+00:00,16.468406400003005,494,316.00000000000017,240.0,316.0,240.0,316.0,240.0,1.7053025658242404e-13,TRACKING,0.32499999999999885,0.0,1.4408000133698806,30.216318621514436,True,True
2026-09-17T06:17:24.752639+00:00,16.502924500004156,495,316.00000000000017,240.0,316.0,240.0,316.0,240.0,1.7053025658242404e-13,TRACKING,0.2999999999999988,0.0,2.6033000031020492,28.970308330025773,True,True
2026-09-17T06:17:24.785505+00:00,16.535779800004093,496,316.00000000000017,240.0,316.0,240.0,316.0,240.0,1.7053025658242404e-13,TRACKING,0.2749999999999988,0.0,2.0351999992271885,30.436489698828037,True,True
2026-09-17T06:17:24.818600+00:00,16.568887699992047,497,316.00000000000017,240.0,316.0,240.0,316.0,240.0,1.7053025658242404e-13,TRACKING,0.2499999999999988,0.0,1.799099991330877,30.204271499063644,True,True
2026-09-17T06:17:24.851686+00:00,16.601961099993787,498,316.00000000000017,240.0,316.0,240.0,316.0,240.0,1.7053025658242404e-13,TRACKING,0.2249999999999988,0.0,1.7503999988548458,30.23577859994398,True,True
2026-09-17T06:17:24.885353+00:00,16.635641500004567,499,316.00000000000017,240.0,316.0,240.0,316.0,240.0,1.7053025658242404e-13,TRACKING,0.19999999999999882,0.0,1.9942999933846295,29.690858768895847,True,True
2026-09-17T06:17:24.920295+00:00,16.67057349999959,500,316.00000000000017,240.0,316.0,240.0,316.0,240.0,1.7053025658242404e-13,TRACKING,0.17499999999999882,0.0,3.352699990500696,28.62704683792654,True,True
2026-09-17T06:17:24.952022+00:00,16.70230590000574,501,316.00000000000017,240.0,316.0,240.0,316.0,240.0,1.7053025658242404e-13,TRACKING,0.14999999999999883,0.0,2.081800004816614,31.51353190449586,True,True
2026-09-17T06:17:24.985658+00:00,16.735945299995365,502,316.00000000000017,240.0,316.0,240.0,316.0,240.0,1.7053025658242404e-13,TRACKING,0.12499999999999883,0.0,2.3157999967224896,29.727046270398187,True,True
2026-09-17T06:17:25.019088+00:00,16.769369799993,503,316.00000000000017,240.0,316.0,240.0,316.0,240.0,1.7053025658242404e-13,TRACKING,0.09999999999999884,0.0,2.4216999881900847,29.91817379678731,True,True
2026-09-17T06:17:25.051647+00:00,16.801936499992735,504,316.00000000000017,240.0,316.0,240.0,316.0,240.0,1.7053025658242404e-13,TRACKING,0.07499999999999885,0.0,1.709599993773736,30.706212174035844,True,True
2026-09-17T06:17:25.086235+00:00,16.836524099999224,505,316.00000000000017,240.0,316.0,240.0,316.0,240.0,1.7053025658242404e-13,TRACKING,0.049999999999998844,0.0,2.569700009189546,28.91209565891785,True,True
2026-09-17T06:17:25.118877+00:00,16.869163399998797,506,316.00000000000017,240.0,316.0,240.0,316.0,240.0,1.7053025658242404e-13,TRACKING,0.024999999999998843,0.0,2.3753999994369224,30.637911965424326,True,True
2026-09-17T06:17:25.152581+00:00,16.902867199998582,507,316.00000000000017,240.0,316.0,240.0,316.0,240.0,1.7053025658242404e-13,TRACKING,-1.1587952819525071e-15,0.0,2.2767000045860186,29.670244898390944,True,True
2026-09-17T06:17:25.184939+00:00,16.93522210000083,508,316.00000000000017,240.0,316.0,240.0,316.0,240.0,1.7053025658242404e-13,TRACKING,-0.02500000000000116,0.0,1.5355000068666413,30.90721961528424,True,True
2026-09-17T06:17:25.219117+00:00,16.969404899995425,509,316.00000000000017,240.0,316.0,240.0,316.0,240.0,1.7053025658242404e-13,TRACKING,-0.05000000000000116,0.0,2.475599991157651,29.25447886533821,True,True
2026-09-17T06:17:25.252675+00:00,17.00296339999477,510,316.00000000000017,240.0,316.0,240.0,316.0,240.0,1.7053025658242404e-13,TRACKING,-0.07500000000000116,0.0,2.721999990171753,29.798709716451498,True,True
2026-09-17T06:17:25.285092+00:00,17.03538230000413,511,316.00000000000017,240.0,316.0,240.0,316.0,240.0,1.7053025658242404e-13,TRACKING,-0.10000000000000117,0.0,1.4934999926481396,30.846203903008607,True,True
2026-09-17T06:17:25.318808+00:00,17.06909530000121,512,316.00000000000017,240.0,316.0,240.0,316.0,240.0,1.7053025658242404e-13,TRACKING,-0.12500000000000117,0.0,1.873500004876405,29.66214813533829,True,True
2026-09-17T06:17:25.351573+00:00,17.10186059999978,513,316.00000000000017,240.0,316.0,240.0,316.0,240.0,1.7053025658242404e-13,TRACKING,-0.15000000000000116,0.0,1.6103999951155856,30.52009290449199,True,True
2026-09-17T06:17:25.385797+00:00,17.13608139999269,514,316.00000000000017,240.0,316.0,240.0,316.0,240.0,1.7053025658242404e-13,TRACKING,-0.17500000000000115,0.0,2.5307000032626092,29.221993647349603,True,True
2026-09-17T06:17:25.419174+00:00,17.169460999997682,515,316.00000000000017,240.0,316.0,240.0,316.0,240.0,1.7053025658242404e-13,TRACKING,-0.20000000000000115,0.0,2.49430000258144,29.958417711729982,True,True
2026-09-17T06:17:25.451432+00:00,17.201719399992726,516,316.00000000000017,240.0,316.0,240.0,316.0,240.0,1.7053025658242404e-13,TRACKING,-0.22500000000000114,0.0,1.5218999906210229,30.999677608115665,True,True
2026-09-17T06:17:25.485348+00:00,17.235638900005142,517,316.00000000000017,240.0,316.0,240.0,316.0,240.0,1.7053025658242404e-13,TRACKING,-0.25000000000000117,0.0,2.0742999913636595,29.48156663965994,True,True
2026-09-17T06:17:25.518282+00:00,17.26857139999629,518,316.00000000000017,240.0,316.0,240.0,316.0,240.0,1.7053025658242404e-13,TRACKING,-0.2750000000000012,0.0,1.4317000022856519,30.365140826502664,True,True
2026-09-17T06:17:25.552429+00:00,17.302716399994097,519,316.00000000000017,240.0,316.0,240.0,316.0,240.0,1.7053025658242404e-13,TRACKING,-0.3000000000000012,0.0,1.835399991250597,29.286864842999965,True,True
2026-09-17T06:17:25.585108+00:00,17.335398399998667,520,316.00000000000017,240.0,316.0,240.0,316.0,240.0,1.7053025658242404e-13,TRACKING,-0.32500000000000123,0.0,1.6537000046810135,30.59788262224367,True,True
2026-09-17T06:17:25.618443+00:00,17.368723699997645,521,316.0000000000002,240.0,316.0,240.0,316.0,240.0,2.2737367544323206e-13,TRACKING,-0.35000000000000125,0.0,1.5962999896146357,30.007231743770134,True,True
2026-09-17T06:17:25.651581+00:00,17.401872100002947,522,316.0000000000002,240.0,316.0,240.0,316.0,240.0,2.2737367544323206e-13,TRACKING,-0.3750000000000013,0.0,1.4250999956857413,30.167368555949633,True,True
2026-09-17T06:17:25.684797+00:00,17.43508650000149,523,316.0000000000002,240.0,316.0,240.0,316.0,240.0,2.2737367544323206e-13,TRACKING,-0.4000000000000013,0.0,1.414800004567951,30.10742328760715,True,True
2026-09-17T06:17:25.718169+00:00,17.468459099996835,524,316.0000000000002,240.0,316.0,240.0,316.0,240.0,2.2737367544323206e-13,TRACKING,-0.4250000000000013,0.0,1.4841000083833933,29.964701585715872,True,True
2026-09-17T06:17:25.752256+00:00,17.502541399997426,525,316.0000000000002,240.0,316.0,240.0,316.0,240.0,2.2737367544323206e-13,TRACKING,-0.45000000000000134,0.0,2.203600000939332,29.340742848418493,True,True
2026-09-17T06:17:25.785085+00:00,17.535370700003114,526,316.0000000000002,240.0,316.0,240.0,316.0,240.0,2.2737367544323206e-13,TRACKING,-0.47500000000000137,0.0,1.5849000046728179,30.46059464645175,True,True
2026-09-17T06:17:25.818522+00:00,17.568806199997198,527,316.0000000000002,240.0,316.0,240.0,316.0,240.0,2.2737367544323206e-13,TRACKING,-0.5000000000000013,0.0,1.7177999980049208,29.90833097088216,True,True
2026-09-17T06:17:25.851464+00:00,17.601752000002307,528,316.0000000000002,240.0,316.0,240.0,316.0,240.0,2.2737367544323206e-13,TRACKING,-0.5250000000000014,0.0,1.4149999915389344,30.35288260855483,True,True
2026-09-17T06:17:25.884730+00:00,17.63501759999781,529,316.0000000000002,240.0,316.0,240.0,316.0,240.0,2.2737367544323206e-13,TRACKING,-0.5500000000000014,0.0,1.4260000025387853,30.061084127002268,True,True
2026-09-17T06:17:25.918417+00:00,17.668707100005122,530,316.0000000000002,240.0,316.0,240.0,316.0,240.0,2.2737367544323206e-13,TRACKING,-0.5750000000000014,0.0,1.5312999894376844,29.682838860266166,True,True
2026-09-17T06:17:25.951541+00:00,17.701824499992654,531,316.0000000000002,240.0,316.0,240.0,316.0,240.0,2.2737367544323206e-13,TRACKING,-0.6000000000000014,0.0,1.6367999924113974,30.195607154440992,True,True
2026-09-17T06:17:25.984885+00:00,17.735175900001195,532,316.0000000000002,240.0,316.0,240.0,316.0,240.0,2.2737367544323206e-13,TRACKING,-0.6250000000000014,0.0,1.451799995265901,29.983748800466934,True,True
2026-09-17T06:17:26.018286+00:00,17.768576300004497,533,316.0000000000002,240.0,316.0,240.0,316.0,240.0,2.2737367544323206e-13,TRACKING,-0.6500000000000015,0.0,1.8005999882007018,29.93976119750487,True,True
2026-09-17T06:17:26.051754+00:00,17.8020405999996,534,316.0000000000002,240.0,316.0,240.0,316.0,240.0,2.2737367544323206e-13,TRACKING,-0.6750000000000015,0.0,1.9194999913452193,29.88259130316001,True,True
2026-09-17T06:17:26.084905+00:00,17.83517619999475,535,316.0000000000002,240.0,316.0,240.0,316.0,240.0,2.2737367544323206e-13,TRACKING,-0.7000000000000015,0.0,1.6541000077268109,30.179021962675115,True,True
2026-09-17T06:17:26.120128+00:00,17.870413700002246,536,316.0000000000002,240.0,316.0,240.0,316.0,240.0,2.2737367544323206e-13,TRACKING,-0.7250000000000015,0.0,3.318899995065294,28.378857744937623,True,True
2026-09-17T06:17:26.151678+00:00,17.901946600002702,537,316.0000000000002,240.0,316.0,240.0,316.0,240.0,2.2737367544323206e-13,TRACKING,-0.7500000000000016,0.0,1.6285000019706786,31.712909373559555,True,True
2026-09-17T06:17:26.185603+00:00,17.935883700003615,538,316.0000000000002,240.0,316.0,240.0,316.0,240.0,2.2737367544323206e-13,TRACKING,-0.7750000000000016,0.0,2.1034999954281375,29.466277318130224,True,True
2026-09-17T06:17:26.218441+00:00,17.968730199994752,539,316.0000000000002,240.0,316.0,240.0,316.0,240.0,2.2737367544323206e-13,TRACKING,-0.8000000000000016,0.0,1.8776000069919974,30.444644034214136,True,True
2026-09-17T06:17:26.253087+00:00,18.003375000000233,540,316.0000000000002,240.0,316.0,240.0,316.0,240.0,2.2737367544323206e-13,TRACKING,-0.8250000000000016,0.0,2.770500010228716,28.864360592117855,True,True
2026-09-17T06:17:26.284769+00:00,18.035058900000877,541,316.0000000000002,240.0,316.0,240.0,316.0,240.0,2.2737367544323206e-13,TRACKING,-0.8500000000000016,0.0,1.5987000078894198,31.561771119706755,True,True
2026-09-17T06:17:26.318493+00:00,18.068782899994403,542,316.0000000000002,240.0,316.0,240.0,316.0,240.0,2.2737367544323206e-13,TRACKING,-0.8750000000000017,0.0,1.6496000025654212,29.652473021941613,True,True
2026-09-17T06:17:26.351738+00:00,18.102027799992356,543,316.0000000000002,240.0,316.0,240.0,316.0,240.0,2.2737367544323206e-13,TRACKING,-0.9000000000000017,0.0,1.604699995368719,30.079801715798922,True,True
2026-09-17T06:17:26.385427+00:00,18.135707900000853,544,316.0000000000003,240.0,316.0,240.0,316.0,240.0,2.8421709430404007e-13,TRACKING,-0.9250000000000017,0.0,2.0785000087926164,29.691123237393647,True,True
2026-09-17T06:17:26.419337+00:00,18.169616600003792,545,316.0000000000003,240.0,316.0,240.0,316.0,240.0,2.8421709430404007e-13,TRACKING,-0.9500000000000017,0.0,2.434599999105558,29.490956595602693,True,True
2026-09-17T06:17:26.451581+00:00,18.201869600001373,546,316.0000000000003,240.0,316.0,240.0,316.0,240.0,2.8421709430404007e-13,TRACKING,-0.9750000000000018,0.0,1.471400013542734,31.004867766564033,True,True
2026-09-17T06:17:26.485266+00:00,18.23555800000031,547,316.0000000000003,240.0,316.0,240.0,316.0,240.0,2.8421709430404007e-13,TRACKING,-1.0000000000000018,0.0,1.663700008066371,29.683808077307315,True,True
2026-09-17T06:17:26.518363+00:00,18.268653399994946,548,316.0000000000003,240.0,316.0,240.0,316.0,240.0,2.8421709430404007e-13,TRACKING,-1.0250000000000017,0.0,1.5968000079737976,30.21567952531404,True,True
2026-09-17T06:17:26.551879+00:00,18.30216890000156,549,316.0000000000003,240.0,316.0,240.0,316.0,240.0,2.8421709430404007e-13,TRACKING,-1.0500000000000016,0.0,1.4112999924691394,29.836941110907585,True,True
2026-09-17T06:17:26.586393+00:00,18.336682299996028,550,316.0000000000002,240.0,316.0,240.0,316.0,240.0,2.2737367544323206e-13,TRACKING,-1.0750000000000015,0.0,2.804400006425567,28.97425348300458,True,True
2026-09-17T06:17:26.618199+00:00,18.368488699998125,551,316.0000000000002,240.0,316.0,240.0,316.0,240.0,2.2737367544323206e-13,TRACKING,-1.1000000000000014,0.0,1.5673000016249716,31.440213288334323,True,True
2026-09-17T06:17:26.651677+00:00,18.40196360000118,552,316.0000000000002,240.0,316.0,240.0,316.0,240.0,2.2737367544323206e-13,TRACKING,-1.1250000000000013,0.0,1.3009000103920698,29.873128819165363,True,True
2026-09-17T06:17:26.684351+00:00,18.434633400000166,553,316.0000000000002,240.0,316.0,240.0,316.0,240.0,2.2737367544323206e-13,TRACKING,-1.1500000000000012,0.0,1.2284000113140792,30.609308903974878,True,True
2026-09-17T06:17:26.718790+00:00,18.469078599999193,554,316.0000000000002,240.0,316.0,240.0,316.0,240.0,2.2737367544323206e-13,TRACKING,-1.1750000000000012,0.0,2.2065000084694475,29.031621242676746,True,True
2026-09-17T06:17:26.752503+00:00,18.50278779999644,555,316.00000000000017,240.0,316.0,240.0,316.0,240.0,1.7053025658242404e-13,TRACKING,-1.200000000000001,0.0,2.4788000009721145,29.665491915609486,True,True
2026-09-17T06:17:26.785062+00:00,18.535351500002434,556,316.00000000000017,240.0,316.0,240.0,316.0,240.0,1.7053025658242404e-13,TRACKING,-1.225000000000001,0.0,1.5253999881679192,30.70904104312239,True,True
2026-09-17T06:17:26.818390+00:00,18.56867959999363,557,316.00000000000017,240.0,316.0,240.0,316.0,240.0,1.7053025658242404e-13,TRACKING,-1.2500000000000009,0.0,1.60679999680724,30.00471074751319,True,True
2026-09-17T06:17:26.851548+00:00,18.601839499999187,558,316.0000000000001,240.0,316.0,240.0,316.0,240.0,1.1368683772161603e-13,TRACKING,-1.2750000000000008,0.0,1.3397000002441928,30.156906378861237,True,True
2026-09-17T06:17:26.885515+00:00,18.63580329999968,559,316.0000000000001,240.0,316.0,240.0,316.0,240.0,1.1368683772161603e-13,TRACKING,-1.3000000000000007,0.0,2.290300006279722,29.443112961020255,True,True
2026-09-17T06:17:26.919210+00:00,18.669499800002086,560,316.0000000000001,240.0,316.0,240.0,316.0,240.0,1.1368683772161603e-13,TRACKING,-1.3250000000000006,0.0,2.5162999954773113,29.67667264934287,True,True
2026-09-17T06:17:26.952209+00:00,18.702487799993833,561,316.0000000000001,240.0,316.0,240.0,316.0,240.0,1.1368683772161603e-13,TRACKING,-1.3500000000000005,0.0,2.0219999860273674,30.314053602831134,True,True
2026-09-17T06:17:26.984406+00:00,18.734693899998092,562,316.0000000000001,240.0,316.0,240.0,316.0,240.0,1.1368683772161603e-13,TRACKING,-1.3750000000000004,0.0,1.2476999982027337,31.050018470654397,True,True
2026-09-17T06:17:27.018052+00:00,18.768343200004892,563,316.00000000000006,240.0,316.0,240.0,316.0,240.0,5.684341886080802e-14,TRACKING,-1.4000000000000004,0.0,1.1147000041091815,29.718300226094026,True,True
2026-09-17T06:17:27.051933+00:00,18.802222600003006,564,316.00000000000006,240.0,316.0,240.0,316.0,240.0,5.684341886080802e-14,TRACKING,-1.4250000000000003,0.0,1.981800000066869,29.51646133212756,True,True
2026-09-17T06:17:27.085473+00:00,18.835757799999556,565,316.00000000000006,240.0,316.0,240.0,316.0,240.0,5.684341886080802e-14,TRACKING,-1.4500000000000002,0.0,2.212299994425848,29.819413634118412,True,True
2026-09-17T06:17:27.119239+00:00,18.869521300002816,566,316.0,240.0,316.0,240.0,316.0,240.0,0.0,TRACKING,-1.475,0.0,2.62470000598114,29.617782513762773,True,True
2026-09-17T06:17:27.152341+00:00,18.902630299999146,567,316.0,240.0,316.0,240.0,316.0,240.0,0.0,TRACKING,-1.5,0.0,2.0785000087926164,30.20326799694513,True,True
2026-09-17T06:17:27.184519+00:00,18.93481009999232,568,316.0,240.0,316.0,240.0,316.0,240.0,0.0,TRACKING,-1.525,0.0,1.286899991100654,31.075395130241485,True,True
2026-09-17T06:17:27.218666+00:00,18.968951400005608,569,316.0,240.0,316.0,240.0,316.0,240.0,0.0,TRACKING,-1.5499999999999998,0.0,2.139299991540611,29.290038739320675,True,True
2026-09-17T06:17:27.252661+00:00,19.002949100002297,570,316.0,240.0,316.0,240.0,316.0,240.0,0.0,TRACKING,-1.5749999999999997,0.0,2.624400003696792,29.413754462724803,True,True
2026-09-17T06:17:27.285706+00:00,19.03599609999219,571,315.99999999999994,240.0,315.0,240.0,315.0,240.0,0.9999999999999432,TRACKING,-1.6062499999999997,0.0,2.2978999913902953,30.259932832204335,True,True
2026-09-17T06:17:27.317910+00:00,19.068201799993403,572,316.99999999999994,240.0,316.0,240.0,316.0,240.0,0.9999999999999432,TRACKING,-1.6312499999999996,0.0,1.3407999940682203,31.050404119839474,True,True
2026-09-17T06:17:27.351148+00:00,19.1014387000032,573,316.99999999999994,240.0,316.0,240.0,316.0,240.0,0.9999999999999432,TRACKING,-1.6562499999999996,0.0,1.3491999998223037,30.08704180309351,True,True
2026-09-17T06:17:27.384998+00:00,19.135286899996572,574,316.99999999999994,240.0,316.0,240.0,316.0,240.0,0.9999999999999432,TRACKING,-1.6812499999999995,0.0,1.7339000041829422,29.543668502189675,True,True
2026-09-17T06:17:27.418727+00:00,19.169015099992976,575,316.9999999999999,240.0,316.0,240.0,316.0,240.0,0.9999999999998863,TRACKING,-1.7062499999999994,0.0,2.0080999966012314,29.648780548817733,True,True
2026-09-17T06:17:27.452897+00:00,19.2031782999984,576,316.9999999999999,240.0,316.0,240.0,316.0,240.0,0.9999999999998863,TRACKING,-1.7312499999999993,0.0,2.603000000817701,29.27126264053876,True,True
2026-09-17T06:17:27.484761+00:00,19.23505109999678,577,316.9999999999999,240.0,316.0,240.0,316.0,240.0,0.9999999999998863,TRACKING,-1.7562499999999992,0.0,1.3091000000713393,31.37471449169075,True,True
2026-09-17T06:17:27.518476+00:00,19.268768099995214,578,316.9999999999999,240.0,316.0,240.0,316.0,240.0,0.9999999999998863,TRACKING,-1.7812499999999991,0.0,1.9391000096220523,29.65862917953814,True,True
2026-09-17T06:17:27.551490+00:00,19.301779100002022,579,316.9999999999999,240.0,316.0,240.0,316.0,240.0,0.9999999999998863,TRACKING,-1.806249999999999,0.0,1.6469999973196536,30.29293265256243,True,True
2026-09-17T06:17:27.586168+00:00,19.336453700001584,580,316.99999999999983,240.0,316.0,240.0,316.0,240.0,0.9999999999998295,TRACKING,-1.831249999999999,0.0,2.681099998881109,28.839554025500927,True,True
2026-09-17T06:17:27.619575+00:00,19.369862199993804,581,324.99999999999983,240.0,324.0,240.0,324.0,240.0,0.9999999999998295,TRACKING,-1.806249999999999,0.0,2.5808999926084653,29.932502214492807,True,True
2026-09-17T06:17:27.651431+00:00,19.4017218999943,582,324.99999999999983,240.0,324.0,240.0,324.0,240.0,0.9999999999998295,TRACKING,-1.7812499999999991,0.0,1.6299999988405034,31.387615074355462,True,True
2026-09-17T06:17:27.685154+00:00,19.43544159999874,583,324.9999999999999,240.0,324.0,240.0,324.0,240.0,0.9999999999998863,TRACKING,-1.7562499999999992,0.0,1.9171000021742657,29.656254351857584,True,True
2026-09-17T06:17:27.718564+00:00,19.468853400001535,584,324.9999999999999,240.0,324.0,240.0,324.0,240.0,0.9999999999998863,TRACKING,-1.7312499999999993,0.0,1.832599999033846,29.92954584656701,True,True
2026-09-17T06:17:27.753075+00:00,19.503363299998455,585,324.9999999999999,240.0,324.0,240.0,324.0,240.0,0.9999999999998863,TRACKING,-1.7062499999999994,0.0,2.7169000095454976,28.977192054722344,True,True
2026-09-17T06:17:27.785123+00:00,19.53541060000134,586,324.9999999999999,240.0,324.0,240.0,324.0,240.0,0.9999999999998863,TRACKING,-1.6812499999999995,0.0,1.7097000090871006,31.203876766838924,True,True
2026-09-17T06:17:27.818416+00:00,19.56870629999321,587,324.9999999999999,240.0,324.0,240.0,324.0,240.0,0.9999999999998863,TRACKING,-1.6562499999999996,0.0,1.489899994339794,30.03390828978635,True,True
2026-09-17T06:17:27.851370+00:00,19.601661699998658,588,324.99999999999994,240.0,324.0,240.0,324.0,240.0,0.9999999999999432,TRACKING,-1.6312499999999996,0.0,1.2700000079348683,30.344040728823416,True,True
2026-09-17T06:17:27.885127+00:00,19.635416299992357,589,324.99999999999994,240.0,324.0,240.0,324.0,240.0,0.9999999999999432,TRACKING,-1.6062499999999997,0.0,1.4830000000074506,29.625591776725663,True,True
2026-09-17T06:17:27.919628+00:00,19.669916300001205,590,324.99999999999994,240.0,324.0,240.0,324.0,240.0,0.9999999999999432,TRACKING,-1.5812499999999998,0.0,2.6354000001447275,28.985507238943445,True,True
2026-09-17T06:17:27.952326+00:00,19.702615400005016,591,325.0,240.0,325.0,240.0,325.0,240.0,0.0,TRACKING,-1.5499999999999998,0.0,2.2163999965414405,30.581881454947222,True,True
2026-09-17T06:17:27.984799+00:00,19.73509030000423,592,324.0,240.0,324.0,240.0,324.0,240.0,0.0,TRACKING,-1.525,0.0,1.5618000034010038,30.793012450359026,True,True
2026-09-17T06:17:28.020234+00:00,19.770523999992292,593,324.0,240.0,324.0,240.0,324.0,240.0,0.0,TRACKING,-1.5,0.0,1.86829999438487,28.22172113939338,True,True
2026-09-17T06:17:28.053152+00:00,19.803443299999344,594,324.0,240.0,324.0,240.0,324.0,240.0,0.0,TRACKING,-1.475,0.0,1.8188000103691593,30.37731664360377,True,True
2026-09-17T06:17:28.086940+00:00,19.837229299999308,595,324.0,240.0,324.0,240.0,324.0,240.0,0.0,TRACKING,-1.4500000000000002,0.0,3.7311000050976872,29.59805836740292,True,True
2026-09-17T06:17:28.118630+00:00,19.86891829999513,596,324.0,240.0,324.0,240.0,324.0,240.0,0.0,TRACKING,-1.4250000000000003,0.0,2.0604000019375235,31.556691600613497,True,True
2026-09-17T06:17:28.151750+00:00,19.902039499997045,597,324.00000000000006,240.0,324.0,240.0,324.0,240.0,5.684341886080802e-14,TRACKING,-1.4000000000000004,0.0,1.5716000052634627,30.192142795012938,True,True
2026-09-17T06:17:28.184812+00:00,19.93510000000242,598,324.00000000000006,240.0,324.0,240.0,324.0,240.0,5.684341886080802e-14,TRACKING,-1.3750000000000004,0.0,1.4044999988982454,30.247576408020844,True,True
2026-09-17T06:17:28.218198+00:00,19.968487499994808,599,324.00000000000006,240.0,324.0,240.0,324.0,240.0,5.684341886080802e-14,TRACKING,-1.3500000000000005,0.0,1.4780000055907294,29.95132909705837,True,True
2026-09-17T06:17:28.255274+00:00,20.00555919999897,600,324.0000000000001,240.0,324.0,240.0,324.0,240.0,1.1368683772161603e-13,TRACKING,-1.3250000000000006,0.0,4.993399998056702,26.974754324396343,True,True
2026-09-17T06:17:28.286247+00:00,20.036534500002745,601,324.0000000000001,240.0,324.0,240.0,324.0,240.0,1.1368683772161603e-13,TRACKING,-1.3000000000000007,0.0,2.9346000083023682,32.28378740086927,True,True
2026-09-17T06:17:28.317882+00:00,20.068172400002368,602,324.0000000000001,240.0,324.0,240.0,324.0,240.0,1.1368683772161603e-13,TRACKING,-1.2750000000000008,0.0,1.262599995243363,31.607660432958895,True,True
2026-09-17T06:17:28.351542+00:00,20.101832700005616,603,324.0000000000001,240.0,324.0,240.0,324.0,240.0,1.1368683772161603e-13,TRACKING,-1.2500000000000009,0.0,1.2913999962620437,29.708588452969778,True,True
2026-09-17T06:17:28.385270+00:00,20.13555959999212,604,324.0000000000001,240.0,324.0,240.0,324.0,240.0,1.1368683772161603e-13,TRACKING,-1.225000000000001,0.0,2.0091000042157248,29.649923366812196,True,True
2026-09-17T06:17:28.419379+00:00,20.169667099995422,605,324.00000000000017,240.0,324.0,240.0,324.0,240.0,1.7053025658242404e-13,TRACKING,-1.200000000000001,0.0,2.457099995808676,29.319064718997346,True,True
2026-09-17T06:17:28.453145+00:00,20.20343320000393,606,324.00000000000017,240.0,324.0,240.0,324.0,240.0,1.7053025658242404e-13,TRACKING,-1.1750000000000012,0.0,3.012099987245165,29.61550193087389,True,True
2026-09-17T06:17:28.484496+00:00,20.234786999993958,607,324.00000000000017,240.0,324.0,240.0,324.0,240.0,1.7053025658242404e-13,TRACKING,-1.1500000000000012,0.0,1.2691000010818243,31.894060698161415,True,True
2026-09-17T06:17:28.518163+00:00,20.268452999996953,608,324.0000000000002,240.0,324.0,240.0,324.0,240.0,2.2737367544323206e-13,TRACKING,-1.1250000000000013,0.0,1.3638000091305003,29.70355848366405,True,True
2026-09-17T06:17:28.552543+00:00,20.302827399995294,609,324.0000000000002,240.0,324.0,240.0,324.0,240.0,2.2737367544323206e-13,TRACKING,-1.1000000000000014,0.0,2.626300003612414,29.091416869770605,True,True
2026-09-17T06:17:28.586245+00:00,20.336526400002185,610,324.0000000000002,240.0,324.0,240.0,324.0,240.0,2.2737367544323206e-13,TRACKING,-1.0750000000000015,0.0,2.924100001109764,29.67447104648558,True,True
2026-09-17T06:17:28.619945+00:00,20.370230700005777,611,324.0000000000002,240.0,324.0,240.0,324.0,240.0,2.2737367544323206e-13,TRACKING,-1.0500000000000016,0.0,3.0239000043366104,29.669804739853024,True,True
2026-09-17T06:17:28.651048+00:00,20.401334099995438,612,324.0000000000002,240.0,324.0,240.0,324.0,240.0,2.2737367544323206e-13,TRACKING,-1.0250000000000017,0.0,1.283199992030859,32.15082596540613,True,True
2026-09-17T06:17:28.684888+00:00,20.435175699996762,613,324.0000000000003,240.0,324.0,240.0,324.0,240.0,2.8421709430404007e-13,TRACKING,-1.0000000000000018,0.0,1.545899998745881,29.54943028582802,True,True
2026-09-17T06:17:28.718189+00:00,20.46847490000073,614,324.0000000000003,240.0,324.0,240.0,324.0,240.0,2.8421709430404007e-13,TRACKING,-0.9750000000000018,0.0,1.2626999960048124,30.03075148594793,True,True
2026-09-17T06:17:28.752550+00:00,20.502839199994924,615,324.0000000000003,240.0,324.0,240.0,324.0,240.0,2.8421709430404007e-13,TRACKING,-0.9500000000000017,0.0,2.442900004098192,29.09996712195298,True,True
2026-09-17T06:17:28.786242+00:00,20.536527999996906,616,324.0000000000003,240.0,324.0,240.0,324.0,240.0,2.8421709430404007e-13,TRACKING,-0.9250000000000017,0.0,2.8008999943267554,29.68345562742364,True,True
2026-09-17T06:17:28.818724+00:00,20.56900210000458,617,324.0000000000003,240.0,324.0,240.0,324.0,240.0,2.8421709430404007e-13,TRACKING,-0.9000000000000017,0.0,1.7160999996121973,30.793771028716414,True,True
2026-09-17T06:17:28.851548+00:00,20.601839299997664,618,324.0000000000003,240.0,324.0,240.0,324.0,240.0,2.8421709430404007e-13,TRACKING,-0.8750000000000017,0.0,1.4119999977992848,30.45326642377139,True,True
2026-09-17T06:17:28.884954+00:00,20.635240599993267,619,324.0000000000002,240.0,324.0,240.0,324.0,240.0,2.2737367544323206e-13,TRACKING,-0.8500000000000016,0.0,1.5397999959532171,29.93895447577311,True,True
2026-09-17T06:17:28.919219+00:00,20.669506499994895,620,324.0000000000002,240.0,324.0,240.0,324.0,240.0,2.2737367544323206e-13,TRACKING,-0.8250000000000016,0.0,2.4685999960638583,29.183532314997702,True,True
2026-09-17T06:17:28.953301+00:00,20.703589900003863,621,324.0000000000002,240.0,324.0,240.0,324.0,240.0,2.2737367544323206e-13,TRACKING,-0.8000000000000016,0.0,3.1759000121382996,29.3397959046605,True,True
2026-09-17T06:17:28.984452+00:00,20.73474179999903,622,324.0000000000002,240.0,324.0,240.0,324.0,240.0,2.2737367544323206e-13,TRACKING,-0.7750000000000016,0.0,1.2458000128390267,32.10077074448682,True,True
2026-09-17T06:17:29.017919+00:00,20.768209200003184,623,324.0000000000002,240.0,324.0,240.0,324.0,240.0,2.2737367544323206e-13,TRACKING,-0.7500000000000016,0.0,1.3448999961838126,29.879823346773918,True,True
2026-09-17T06:17:29.052386+00:00,20.80267599999206,624,324.0000000000002,240.0,324.0,240.0,324.0,240.0,2.2737367544323206e-13,TRACKING,-0.7250000000000015,0.0,1.8213000003015622,29.01342742357038,True,True
2026-09-17T06:17:29.086704+00:00,20.83699290000368,625,324.0000000000002,240.0,324.0,240.0,324.0,240.0,2.2737367544323206e-13,TRACKING,-0.7000000000000015,0.0,3.11429999419488,29.140161251787273,True,True
2026-09-17T06:17:29.119615+00:00,20.869893399998546,626,324.0000000000002,240.0,324.0,240.0,324.0,240.0,2.2737367544323206e-13,TRACKING,-0.6750000000000015,0.0,2.664100000401959,30.394674857708228,True,True
2026-09-17T06:17:29.151478+00:00,20.90176860000065,627,324.0000000000002,240.0,324.0,240.0,324.0,240.0,2.2737367544323206e-13,TRACKING,-0.6500000000000015,0.0,1.462200001697056,31.372352171404792,True,True
2026-09-17T06:17:29.184769+00:00,20.935057199996663,628,324.0000000000002,240.0,324.0,240.0,324.0,240.0,2.2737367544323206e-13,TRACKING,-0.6250000000000014,0.0,1.3881999911973253,30.040314105122526,True,True
2026-09-17T06:17:29.218802+00:00,20.96909179999784,629,324.0000000000002,240.0,324.0,240.0,324.0,240.0,2.2737367544323206e-13,TRACKING,-0.6000000000000014,0.0,2.1969000081298873,29.381864337039232,True,True
2026-09-17T06:17:29.252044+00:00,21.002331700001378,630,324.0000000000002,240.0,324.0,240.0,324.0,240.0,2.2737367544323206e-13,TRACKING,-0.5750000000000014,0.0,2.1148999949218705,30.084326363605296,True,True
2026-09-17T06:17:29.286471+00:00,21.0367522000015,631,324.0000000000002,240.0,324.0,240.0,324.0,240.0,2.2737367544323206e-13,TRACKING,-0.5500000000000014,0.0,2.88169999839738,29.05245420596451,True,True
2026-09-17T06:17:29.318251+00:00,21.068542099994374,632,324.0000000000002,240.0,324.0,240.0,324.0,240.0,2.2737367544323206e-13,TRACKING,-0.5250000000000014,0.0,1.5141000039875507,31.456531798596156,True,True
2026-09-17T06:17:29.351236+00:00,21.10152620000008,633,324.0000000000002,240.0,324.0,240.0,324.0,240.0,2.2737367544323206e-13,TRACKING,-0.5000000000000013,0.0,1.29640000523068,30.317637886951967,True,True
2026-09-17T06:17:29.384732+00:00,21.135022200003732,634,324.0000000000002,240.0,324.0,240.0,324.0,240.0,2.2737367544323206e-13,TRACKING,-0.4750000000000013,0.0,1.5333999908762053,29.854310959248284,True,True
2026-09-17T06:17:29.418908+00:00,21.169181199991726,635,324.0000000000002,240.0,324.0,240.0,324.0,240.0,2.2737367544323206e-13,TRACKING,-0.4500000000000013,0.0,2.292299992404878,29.274861686567657,True,True
2026-09-17T06:17:29.451691+00:00,21.201977899996564,636,324.0000000000002,240.0,324.0,240.0,324.0,240.0,2.2737367544323206e-13,TRACKING,-0.42500000000000127,0.0,1.6068999975686893,30.490872552802603,True,True
2026-09-17T06:17:29.484804+00:00,21.23509390000254,637,324.0000000000002,240.0,324.0,240.0,324.0,240.0,2.2737367544323206e-13,TRACKING,-0.40000000000000124,0.0,1.577599992742762,30.196883676155412,True,True
2026-09-17T06:17:29.517932+00:00,21.26821700000437,638,324.0000000000002,240.0,324.0,240.0,324.0,240.0,2.2737367544323206e-13,TRACKING,-0.3750000000000012,0.0,1.4152999938232824,30.19041092001453,True,True
2026-09-17T06:17:29.551507+00:00,21.301796500003547,639,324.0000000000002,240.0,324.0,240.0,324.0,240.0,2.2737367544323206e-13,TRACKING,-0.3500000000000012,0.0,1.512399991042912,29.78007415311395,True,True
2026-09-17T06:17:29.585965+00:00,21.336253799992846,640,324.00000000000017,240.0,324.0,240.0,324.0,240.0,1.7053025658242404e-13,TRACKING,-0.3250000000000012,0.0,2.6830999995581806,29.02142652821204,True,True
2026-09-17T06:17:29.618255+00:00,21.368539999995846,641,324.00000000000017,240.0,324.0,240.0,324.0,240.0,1.7053025658242404e-13,TRACKING,-0.30000000000000115,0.0,1.4962999994168058,30.97298535928916,True,True
2026-09-17T06:17:29.651142+00:00,21.401429299992742,642,324.00000000000017,240.0,324.0,240.0,324.0,240.0,1.7053025658242404e-13,TRACKING,-0.27500000000000113,0.0,1.3387999933911487,30.405025345458427,True,True
2026-09-17T06:17:29.684558+00:00,21.434848399992916,643,324.00000000000017,240.0,324.0,240.0,324.0,240.0,1.7053025658242404e-13,TRACKING,-0.2500000000000011,0.0,1.3076000032015145,29.923008100002686,True,True
2026-09-17T06:17:29.719017+00:00,21.46929690000252,644,324.00000000000017,240.0,324.0,240.0,324.0,240.0,1.7053025658242404e-13,TRACKING,-0.22500000000000112,0.0,1.9408000080147758,29.028840144599616,True,True
2026-09-17T06:17:29.752472+00:00,21.50276049999229,645,324.00000000000017,240.0,324.0,240.0,324.0,240.0,1.7053025658242404e-13,TRACKING,-0.20000000000000112,0.0,2.45800000266172,29.883216399479505,True,True
2026-09-17T06:17:29.784856+00:00,21.53513849999581,646,324.00000000000017,240.0,324.0,240.0,324.0,240.0,1.7053025658242404e-13,TRACKING,-0.17500000000000113,0.0,1.248400003532879,30.8851689385178,True,True
2026-09-17T06:17:29.818567+00:00,21.568857199992635,647,324.00000000000017,240.0,324.0,240.0,324.0,240.0,1.7053025658242404e-13,TRACKING,-0.15000000000000113,0.0,1.6973000019788742,29.657133878060314,True,True
2026-09-17T06:17:29.851715+00:00,21.60200430000259,648,324.00000000000017,240.0,324.0,240.0,324.0,240.0,1.7053025658242404e-13,TRACKING,-0.12500000000000114,0.0,1.297900002100505,30.168551689277734,True,True
2026-09-17T06:17:29.884881+00:00,21.635170900000958,649,324.00000000000017,240.0,324.0,240.0,324.0,240.0,1.7053025658242404e-13,TRACKING,-0.10000000000000114,0.0,1.6242999990936369,30.150814374980726,True,True
2026-09-17T06:17:29.918730+00:00,21.66901610000059,650,324.00000000000017,240.0,324.0,240.0,324.0,240.0,1.7053025658242404e-13,TRACKING,-0.07500000000000115,0.0,1.7588000046089292,29.54628721386973,True,True
2026-09-17T06:17:29.952169+00:00,21.70245939999586,651,324.00000000000017,240.0,324.0,240.0,324.0,240.0,1.7053025658242404e-13,TRACKING,-0.05000000000000115,0.0,2.28390000120271,29.901355432670957,True,True
2026-09-17T06:17:29.985434+00:00,21.735722700002952,652,324.00000000000017,240.0,324.0,240.0,324.0,240.0,1.7053025658242404e-13,TRACKING,-0.025000000000001146,0.0,2.0377000037115067,30.06316269843248,True,True
2026-09-17T06:17:30.018284+00:00,21.768573800000013,653,324.00000000000017,240.0,324.0,240.0,324.0,240.0,1.7053025658242404e-13,TRACKING,-1.1449174941446927e-15,0.0,1.3638000091305003,30.4403809945324,True,True
2026-09-17T06:17:30.051213+00:00,21.80150159999903,654,324.00000000000017,240.0,324.0,240.0,324.0,240.0,1.7053025658242404e-13,TRACKING,0.024999999999998856,0.0,1.3500000059138983,30.369475034162672,True,True
2026-09-17T06:17:30.085728+00:00,21.836015699998825,655,324.00000000000017,240.0,324.0,240.0,324.0,240.0,1.7053025658242404e-13,TRACKING,0.04999999999999886,0.0,2.4839999969117343,28.973665835293207,True,True
2026-09-17T06:17:30.118881+00:00,21.86916950000159,656,324.00000000000017,240.0,324.0,240.0,324.0,240.0,1.7053025658242404e-13,TRACKING,0.07499999999999886,0.0,2.347399989957921,30.162454980020495,True,True
2026-09-17T06:17:30.151933+00:00,21.902223500001128,657,324.00000000000017,240.0,324.0,240.0,324.0,240.0,1.7053025658242404e-13,TRACKING,0.09999999999999887,0.0,1.7112000059569255,30.253524536031197,True,True
2026-09-17T06:17:30.184781+00:00,21.93507179999142,658,324.00000000000017,240.0,324.0,240.0,324.0,240.0,1.7053025658242404e-13,TRACKING,0.12499999999999886,0.0,1.4781999925617129,30.442975748990033,True,True
2026-09-17T06:17:30.218454+00:00,21.96873969999433,659,324.00000000000017,240.0,324.0,240.0,324.0,240.0,1.7053025658242404e-13,TRACKING,0.14999999999999886,0.0,1.9687000021804124,29.701882205707665,True,True
2026-09-17T06:17:30.252438+00:00,22.002711299996008,660,324.00000000000017,240.0,324.0,240.0,324.0,240.0,1.7053025658242404e-13,TRACKING,0.17499999999999885,0.0,2.4102000024868175,29.436352716698938,True,True
2026-09-17T06:17:30.286098+00:00,22.036278899991885,661,324.00000000000017,240.0,324.0,240.0,324.0,240.0,1.7053025658242404e-13,TRACKING,0.19999999999999885,0.0,2.5335000100312755,29.790631445883434,True,True
2026-09-17T06:17:30.318023+00:00,22.068312899995362,662,324.00000000000017,240.0,324.0,240.0,324.0,240.0,1.7053025658242404e-13,TRACKING,0.22499999999999884,0.0,1.3208000018494204,31.21683211248803,True,True
2026-09-17T06:17:30.351218+00:00,22.101490000000922,663,324.00000000000017,240.0,324.0,240.0,324.0,240.0,1.7053025658242404e-13,TRACKING,0.24999999999999883,0.0,1.2759999954141676,30.14127213748115,True,True
2026-09-17T06:17:30.384794+00:00,22.13508379999257,664,324.00000000000017,240.0,324.0,240.0,324.0,240.0,1.7053025658242404e-13,TRACKING,0.27499999999999886,0.0,1.640999995288439,29.767397562900605,True,True
2026-09-17T06:17:30.419680+00:00,22.169970499991905,665,324.00000000000017,240.0,324.0,240.0,324.0,240.0,1.7053025658242404e-13,TRACKING,0.2999999999999989,0.0,2.9750999965472147,28.664218742933805,True,True
2026-09-17T06:17:30.452512+00:00,22.202801299994462,666,324.00000000000017,240.0,324.0,240.0,324.0,240.0,1.7053025658242404e-13,TRACKING,0.3249999999999989,0.0,2.285499998833984,30.45920294120487,True,True
2026-09-17T06:17:30.484714+00:00,22.235004899994237,667,324.00000000000017,240.0,324.0,240.0,324.0,240.0,1.7053025658242404e-13,TRACKING,0.3499999999999989,0.0,1.5247999981511384,31.052428921206985,True,True
2026-09-17T06:17:30.518455+00:00,22.26874119999411,668,324.00000000000017,240.0,324.0,240.0,324.0,240.0,1.7053025658242404e-13,TRACKING,0.37499999999999895,0.0,1.6751000075601041,29.641661948813592,True,True
2026-09-17T06:17:30.551847+00:00,22.302135199992335,669,324.00000000000017,240.0,324.0,240.0,324.0,240.0,1.7053025658242404e-13,TRACKING,0.39999999999999897,0.0,1.752299998770468,29.945499193063313,True,True
2026-09-17T06:17:30.586997+00:00,22.337285999994492,670,324.00000000000017,240.0,324.0,240.0,324.0,240.0,1.7053025658242404e-13,TRACKING,0.424999999999999,0.0,2.623499996843748,28.448854647366282,True,True
2026-09-17T06:17:30.619712+00:00,22.36999300000025,671,324.00000000000017,240.0,324.0,240.0,324.0,240.0,1.7053025658242404e-13,TRACKING,0.449999999999999,0.0,2.7350000018486753,30.5744947510921,True,True
2026-09-17T06:17:30.651748+00:00,22.402038600004744,672,324.00000000000017,240.0,324.0,240.0,324.0,240.0,1.7053025658242404e-13,TRACKING,0.47499999999999903,0.0,1.4870000013615936,31.20553211235728,True,True
2026-09-17T06:17:30.684764+00:00,22.435054999994463,673,324.00000000000017,240.0,324.0,240.0,324.0,240.0,1.7053025658242404e-13,TRACKING,0.49999999999999906,0.0,1.2200000055599958,30.287978105165173,True,True
2026-09-17T06:17:30.718057+00:00,22.468348599999445,674,324.00000000000017,240.0,324.0,240.0,324.0,240.0,1.7053025658242404e-13,TRACKING,0.524999999999999,0.0,1.3984000106574968,30.03580267229688,True,True
2026-09-17T06:17:30.752618+00:00,22.502907300004154,675,324.00000000000017,240.0,324.0,240.0,324.0,240.0,1.7053025658242404e-13,TRACKING,0.549999999999999,0.0,2.3234999971464276,28.93627364060976,True,True
2026-09-17T06:17:30.784788+00:00,22.535078000000794,676,324.00000000000017,240.0,324.0,240.0,324.0,240.0,1.7053025658242404e-13,TRACKING,0.5749999999999991,0.0,1.4595000102417544,31.08418530229105,True,True
2026-09-17T06:17:30.818354+00:00,22.568621900005382,677,324.0000000000001,240.0,324.0,240.0,324.0,240.0,1.1368683772161603e-13,TRACKING,0.5999999999999991,0.0,1.6246000013779849,29.81167961576388,True,True
2026-09-17T06:17:30.851162+00:00,22.60145059999195,678,324.0000000000001,240.0,324.0,240.0,324.0,240.0,1.1368683772161603e-13,TRACKING,0.6249999999999991,0.0,1.3574000040534884,30.461151383063935,True,True
2026-09-17T06:17:30.885219+00:00,22.63550980000582,679,324.0000000000001,240.0,324.0,240.0,324.0,240.0,1.1368683772161603e-13,TRACKING,0.6499999999999991,0.0,2.0640999864554033,29.36064263378851,True,True
2026-09-17T06:17:30.919734+00:00,22.670020199991995,680,324.0000000000001,240.0,324.0,240.0,324.0,240.0,1.1368683772161603e-13,TRACKING,0.6749999999999992,0.0,2.9202000005170703,28.976772230997238,True,True
2026-09-17T06:17:30.951370+00:00,22.70165740000084,681,324.0000000000001,240.0,324.0,240.0,324.0,240.0,1.1368683772161603e-13,TRACKING,0.6999999999999992,0.0,1.2845000019297004,31.608359770157456,True,True
2026-09-17T06:17:30.984616+00:00,22.734907599995495,682,324.0000000000001,240.0,324.0,240.0,324.0,240.0,1.1368683772161603e-13,TRACKING,0.7249999999999992,0.0,1.2425000022631139,30.075007072461794,True,True
2026-09-17T06:17:31.018250+00:00,22.768538999996963,683,324.0000000000001,240.0,324.0,240.0,324.0,240.0,1.1368683772161603e-13,TRACKING,0.7499999999999992,0.0,1.788900000974536,29.734117519828086,True,True
2026-09-17T06:17:31.051696+00:00,22.80198709999968,684,324.0000000000001,240.0,324.0,240.0,324.0,240.0,1.1368683772161603e-13,TRACKING,0.7749999999999992,0.0,1.5456000110134482,29.897064404818767,True,True
2026-09-17T06:17:31.085948+00:00,22.83623559999978,685,324.0000000000001,240.0,324.0,240.0,324.0,240.0,1.1368683772161603e-13,TRACKING,0.7999999999999993,0.0,2.301400003489107,29.19835905213313,True,True
2026-09-17T06:17:31.118922+00:00,22.869199599997955,686,324.0000000000001,240.0,324.0,240.0,324.0,240.0,1.1368683772161603e-13,TRACKING,0.8249999999999993,0.0,2.3056000063661486,30.336124258445686,True,True
2026-09-17T06:17:31.151924+00:00,22.902214300003834,687,324.0000000000001,240.0,324.0,240.0,324.0,240.0,1.1368683772161603e-13,TRACKING,0.8499999999999993,0.0,1.532999987830408,30.28953768539278,True,True
2026-09-17T06:17:31.184888+00:00,22.935175599996,688,324.0000000000001,240.0,324.0,240.0,324.0,240.0,1.1368683772161603e-13,TRACKING,0.8749999999999993,0.0,1.2772000045515597,30.338609224686486,True,True
2026-09-17T06:17:31.219166+00:00,22.9694518000033,689,324.0000000000001,240.0,324.0,240.0,324.0,240.0,1.1368683772161603e-13,TRACKING,0.8999999999999994,0.0,1.7264000052819028,29.174762657093893,True,True
2026-09-17T06:17:31.252489+00:00,23.002777899993816,690,324.0000000000001,240.0,324.0,240.0,324.0,240.0,1.1368683772161603e-13,TRACKING,0.9249999999999994,0.0,2.169100000173785,30.006511421514272,True,True
2026-09-17T06:17:31.285681+00:00,23.03595989999303,691,324.0000000000001,240.0,324.0,240.0,324.0,240.0,1.1368683772161603e-13,TRACKING,0.9499999999999994,0.0,2.0699000015156344,30.136821168816244,True,True
2026-09-17T06:17:31.318264+00:00,23.06854769999336,692,324.0000000000001,240.0,324.0,240.0,324.0,240.0,1.1368683772161603e-13,TRACKING,0.9749999999999994,0.0,1.7051000031642616,30.68633046692067,True,True
2026-09-17T06:17:31.351003+00:00,23.101293899992015,693,324.0000000000001,240.0,324.0,240.0,324.0,240.0,1.1368683772161603e-13,TRACKING,0.9999999999999994,0.0,1.130599994212389,30.537894474505823,True,True
2026-09-17T06:17:31.388562+00:00,23.13884689999395,694,324.0000000000001,240.0,324.0,240.0,324.0,240.0,1.1368683772161603e-13,TRACKING,1.0249999999999995,0.0,2.253400001791306,26.629030968190694,True,True
2026-09-17T06:17:31.418906+00:00,23.169196400005603,695,324.0000000000001,240.0,324.0,240.0,324.0,240.0,1.1368683772161603e-13,TRACKING,1.0499999999999994,0.0,2.305799993337132,32.94947197206048,True,True
2026-09-17T06:17:31.451954+00:00,23.202184099995065,696,324.0000000000001,240.0,324.0,240.0,324.0,240.0,1.1368683772161603e-13,TRACKING,1.0749999999999993,0.0,1.959099987288937,30.314329289991246,True,True
2026-09-17T06:17:31.484515+00:00,23.23480560000462,697,324.0000000000001,240.0,324.0,240.0,324.0,240.0,1.1368683772161603e-13,TRACKING,1.0999999999999992,0.0,1.287799997953698,30.654629606459306,True,True
2026-09-17T06:17:31.518216+00:00,23.268504399995436,698,324.0000000000001,240.0,324.0,240.0,324.0,240.0,1.1368683772161603e-13,TRACKING,1.1249999999999991,0.0,1.3135000044712797,29.67464717653242,True,True
2026-09-17T06:17:31.553336+00:00,23.303623400002834,699,324.0000000000001,240.0,324.0,240.0,324.0,240.0,1.1368683772161603e-13,TRACKING,1.149999999999999,0.0,2.3179000127129257,28.474614874835066,True,True
2026-09-17T06:17:31.585841+00:00,23.336131299991393,700,324.00000000000017,240.0,324.0,240.0,324.0,240.0,1.7053025658242404e-13,TRACKING,1.174999999999999,0.0,2.5061999913305044,30.761753307717292,True,True
2026-09-17T06:17:31.619516+00:00,23.36979949999659,701,324.00000000000017,240.0,324.0,240.0,324.0,240.0,1.7053025658242404e-13,TRACKING,1.1999999999999988,0.0,2.64620000962168,29.70161754550873,True,True
2026-09-17T06:17:31.651491+00:00,23.40177969999786,702,324.00000000000017,240.0,324.0,240.0,324.0,240.0,1.7053025658242404e-13,TRACKING,1.2249999999999988,0.0,1.375499996356666,31.269347907775526,True,True
2026-09-17T06:17:31.685173+00:00,23.43546079999942,703,324.0000000000002,240.0,324.0,240.0,324.0,240.0,2.2737367544323206e-13,TRACKING,1.2499999999999987,0.0,1.621500006876886,29.69024170688377,True,True
2026-09-17T06:17:31.718575+00:00,23.46885900000052,704,324.0000000000002,240.0,324.0,240.0,324.0,240.0,2.2737367544323206e-13,TRACKING,1.2749999999999986,0.0,1.6862999909790233,29.94173338584133,True,True
2026-09-17T06:17:31.752591+00:00,23.50287979999848,705,324.0000000000002,240.0,324.0,240.0,324.0,240.0,2.2737367544323206e-13,TRACKING,1.2999999999999985,0.0,2.4073999957181513,29.393782628860272,True,True
2026-09-17T06:17:31.785515+00:00,23.53574469999876,706,324.0000000000002,240.0,324.0,240.0,324.0,240.0,2.2737367544323206e-13,TRACKING,1.3249999999999984,0.0,2.2756999969715253,30.42759904918537,True,True
2026-09-17T06:17:31.818023+00:00,23.5683127999946,707,324.0000000000002,240.0,324.0,240.0,324.0,240.0,2.2737367544323206e-13,TRACKING,1.3499999999999983,0.0,1.2886000040452927,30.704892214395826,True,True
2026-09-17T06:17:31.851747+00:00,23.602017900004284,708,324.0000000000003,240.0,324.0,240.0,324.0,240.0,2.8421709430404007e-13,TRACKING,1.3749999999999982,0.0,1.3016000011703,29.669100513355506,True,True
2026-09-17T06:17:31.885338+00:00,23.635628100004396,709,324.0000000000003,240.0,324.0,240.0,324.0,240.0,2.8421709430404007e-13,TRACKING,1.3999999999999981,0.0,1.8509999936213717,29.75287263975428,True,True
2026-09-17T06:17:31.919093+00:00,23.66938019999361,710,324.0000000000003,240.0,324.0,240.0,324.0,240.0,2.8421709430404007e-13,TRACKING,1.424999999999998,0.0,2.4935999972512946,29.627786132404747,True,True
2026-09-17T06:17:31.952708+00:00,23.702988899996853,711,324.00000000000034,240.0,324.0,240.0,324.0,240.0,3.410605131648481e-13,TRACKING,1.449999999999998,0.0,2.5852999970084056,29.75420054639225,True,True
2026-09-17T06:17:31.984809+00:00,23.735099600002286,712,324.00000000000034,240.0,324.0,240.0,324.0,240.0,3.410605131648481e-13,TRACKING,1.4749999999999979,0.0,1.5147999947657809,31.142267214069353,True,True
2026-09-17T06:17:32.018083+00:00,23.768367299999227,713,324.00000000000034,240.0,324.0,240.0,324.0,240.0,3.410605131648481e-13,TRACKING,1.4999999999999978,0.0,1.3223999994806945,30.059186541058065,True,True
2026-09-17T06:17:32.051849+00:00,23.802137199993012,714,324.00000000000034,240.0,324.0,240.0,324.0,240.0,3.410605131648481e-13,TRACKING,1.5249999999999977,0.0,1.5834999940125272,29.612169422592906,True,True
2026-09-17T06:17:32.085912+00:00,23.836200999998255,715,324.00000000000034,240.0,324.0,240.0,324.0,240.0,3.410605131648481e-13,TRACKING,1.5499999999999976,0.0,2.6347999955760315,29.35667775897303,True,True
2026-09-17T06:17:32.118174+00:00,23.868463399994653,716,324.0000000000004,240.0,324.0,240.0,324.0,240.0,3.979039320256561e-13,TRACKING,1.5749999999999975,0.0,1.4587000041501597,30.995834163349485,True,True
2026-09-17T06:17:32.151670+00:00,23.901951499996358,717,324.0000000000004,240.0,324.0,240.0,324.0,240.0,3.979039320256561e-13,TRACKING,1.5999999999999974,0.0,1.4639000000897795,29.861353733089963,True,True
2026-09-17T06:17:32.184927+00:00,23.93521850000252,718,324.0000000000004,240.0,324.0,240.0,324.0,240.0,3.979039320256561e-13,TRACKING,1.6249999999999973,0.0,1.5589999966323376,30.059819034320935,True,True
2026-09-17T06:17:32.218748+00:00,23.96903469999961,719,324.00000000000045,240.0,324.0,240.0,324.0,240.0,4.547473508864641e-13,TRACKING,1.6499999999999972,0.0,1.864599995315075,29.571625436507702,True,True
2026-09-17T06:17:32.252840+00:00,24.00312710000435,720,324.00000000000045,240.0,324.0,240.0,324.0,240.0,4.547473508864641e-13,TRACKING,1.6749999999999972,0.0,2.7199999894946814,29.332050540913063,True,True
2026-09-17T06:17:32.285115+00:00,24.03538980000303,721,324.00000000000045,240.0,324.0,240.0,324.0,240.0,4.547473508864641e-13,TRACKING,1.699999999999997,0.0,1.7420999938622117,30.995545941314298,True,True
2026-09-17T06:17:32.318195+00:00,24.068484999996144,722,324.00000000000045,240.0,324.0,240.0,324.0,240.0,4.547473508864641e-13,TRACKING,1.724999999999997,0.0,1.5843000001041219,30.215862125265748,True,True
2026-09-17T06:17:32.351466+00:00,24.101752699993085,723,324.00000000000045,240.0,324.0,240.0,324.0,240.0,4.547473508864641e-13,TRACKING,1.749999999999997,0.0,1.3574999902630225,30.059186541058065,True,True
2026-09-17T06:17:32.384980+00:00,24.1352681999997,724,324.0000000000005,240.0,324.0,240.0,324.0,240.0,5.115907697472721e-13,TRACKING,1.7749999999999968,0.0,1.663400005782023,29.836941110907585,True,True
2026-09-17T06:17:32.419666+00:00,24.169954199998756,725,324.0000000000005,240.0,324.0,240.0,324.0,240.0,5.115907697472721e-13,TRACKING,1.7999999999999967,0.0,2.807500000926666,28.83007553558283,True,True
2026-09-17T06:17:32.452194+00:00,24.202477400001953,726,324.0000000000005,240.0,324.0,240.0,324.0,240.0,5.115907697472721e-13,TRACKING,1.8249999999999966,0.0,2.0115999941481277,30.747281937253657,True,True
2026-09-17T06:17:32.484897+00:00,24.235186899997643,727,316.00000000000057,240.0,316.0,240.0,316.0,240.0,5.684341886080801e-13,TRACKING,1.7999999999999967,0.0,1.5636000025551766,30.57215793979642,True,True
2026-09-17T06:17:32.517632+00:00,24.26792199999909,728,316.0000000000005,240.0,316.0,240.0,316.0,240.0,5.115907697472721e-13,TRACKING,1.7749999999999968,0.0,1.1015000054612756,30.54824943121689,True,True
2026-09-17T06:17:32.552052+00:00,24.302338299996336,729,316.0000000000005,240.0,316.0,240.0,316.0,240.0,5.115907697472721e-13,TRACKING,1.749999999999997,0.0,1.9102000078419223,29.055999630407577,True,True
2026-09-17T06:17:32.586388+00:00,24.336676799997804,730,316.0000000000005,240.0,316.0,240.0,316.0,240.0,5.115907697472721e-13,TRACKING,1.724999999999997,0.0,3.0045000021345913,29.12183117949986,True,True
2026-09-17T06:17:32.619233+00:00,24.369517500002985,731,316.00000000000045,240.0,316.0,240.0,316.0,240.0,4.547473508864641e-13,TRACKING,1.699999999999997,0.0,2.295999991474673,30.45002085346032,True,True
2026-09-17T06:17:32.651514+00:00,24.40180490000057,732,316.00000000000045,240.0,316.0,240.0,316.0,240.0,4.547473508864641e-13,TRACKING,1.6749999999999972,0.0,1.6081999929156154,30.971834216281984,True,True
2026-09-17T06:17:32.685056+00:00,24.435335999995004,733,316.00000000000045,240.0,316.0,240.0,316.0,240.0,4.547473508864641e-13,TRACKING,1.6499999999999972,0.0,1.6805000050226226,29.823059791238396,True,True
2026-09-17T06:17:32.718672+00:00,24.468961599995964,734,316.00000000000045,240.0,316.0,240.0,316.0,240.0,4.547473508864641e-13,TRACKING,1.6249999999999973,0.0,1.8525000050431117,29.739246287693177,True,True
2026-09-17T06:17:32.752010+00:00,24.502300599997398,735,316.00000000000045,240.0,316.0,240.0,316.0,240.0,4.547473508864641e-13,TRACKING,1.5999999999999974,0.0,1.9675000075949356,29.9949008655631,True,True
2026-09-17T06:17:32.785107+00:00,24.535381299996516,736,316.0000000000004,240.0,316.0,240.0,316.0,240.0,3.979039320256561e-13,TRACKING,1.5749999999999975,0.0,1.671100006205961,30.229106398191554,True,True
2026-09-17T06:17:32.817883+00:00,24.56817339999543,737,316.0000000000004,240.0,316.0,240.0,316.0,240.0,3.979039320256561e-13,TRACKING,1.5499999999999976,0.0,1.255800001672469,30.495149747442166,True,True
2026-09-17T06:17:32.851506+00:00,24.601793199995882,738,316.0000000000004,240.0,316.0,240.0,316.0,240.0,3.979039320256561e-13,TRACKING,1.5249999999999977,0.0,1.28749999566935,29.74437682516167,True,True
2026-09-17T06:17:32.885047+00:00,24.63533570000436,739,316.00000000000034,240.0,316.0,240.0,316.0,240.0,3.410605131648481e-13,TRACKING,1.4999999999999978,0.0,1.6875000001164153,29.8129238949749,True,True
2026-09-17T06:17:32.919467+00:00,24.669755700000678,740,316.00000000000034,240.0,316.0,240.0,316.0,240.0,3.410605131648481e-13,TRACKING,1.4749999999999979,0.0,2.7821999974548817,29.05287623785627,True,True
2026-09-17T06:17:32.952334+00:00,24.70262169999478,741,316.00000000000034,240.0,316.0,240.0,316.0,240.0,3.410605131648481e-13,TRACKING,1.449999999999998,0.0,2.3201000003609806,30.426580666326487,True,True
2026-09-17T06:17:32.985480+00:00,24.735763000004226,742,316.00000000000034,240.0,316.0,240.0,316.0,240.0,3.410605131648481e-13,TRACKING,1.424999999999998,0.0,1.8776000069919974,30.17383143434154,True,True
2026-09-17T06:17:33.017830+00:00,24.768117999992683,743,316.00000000000034,240.0,316.0,240.0,316.0,240.0,3.410605131648481e-13,TRACKING,1.3999999999999981,0.0,1.3217999949119985,30.907124103130393,True,True
2026-09-17T06:17:33.051972+00:00,24.802258199997596,744,316.0000000000003,240.0,316.0,240.0,316.0,240.0,2.8421709430404007e-13,TRACKING,1.3749999999999982,0.0,1.5762999973958358,29.29098247391919,True,True
2026-09-17T06:17:33.085791+00:00,24.836080299995956,745,316.0000000000003,240.0,316.0,240.0,316.0,240.0,2.8421709430404007e-13,TRACKING,1.3499999999999983,0.0,2.18460000178311,29.56646689733855,True,True
2026-09-17T06:17:33.119633+00:00,24.86989899999753,746,316.0000000000003,240.0,316.0,240.0,316.0,240.0,2.8421709430404007e-13,TRACKING,1.3249999999999984,0.0,2.935199998319149,29.569439391621398,True,True
2026-09-17T06:17:33.151231+00:00,24.901522100000875,747,316.0000000000002,240.0,316.0,240.0,316.0,240.0,2.2737367544323206e-13,TRACKING,1.2999999999999985,0.0,1.3356000126805156,31.622453203330927,True,True
2026-09-17T06:17:33.184440+00:00,24.934730299995863,748,316.0000000000002,240.0,316.0,240.0,316.0,240.0,2.2737367544323206e-13,TRACKING,1.2749999999999986,0.0,1.3313999952515587,30.113044373104604,True,True
2026-09-17T06:17:33.218097+00:00,24.968387899993104,749,316.0000000000002,240.0,316.0,240.0,316.0,240.0,2.2737367544323206e-13,TRACKING,1.2499999999999987,0.0,1.2060000008204952,29.71097167005286,True,True
2026-09-17T06:17:33.252727+00:00,25.003016400005436,750,316.0000000000002,240.0,316.0,240.0,316.0,240.0,2.2737367544323206e-13,TRACKING,1.2249999999999988,0.0,2.5280000118073076,28.87794734521817,True,True
2026-09-17T06:17:33.286114+00:00,25.036393000002136,751,316.0000000000002,240.0,316.0,240.0,316.0,240.0,2.2737367544323206e-13,TRACKING,1.1999999999999988,0.0,2.6187000039499253,29.96111048156113,True,True
2026-09-17T06:17:33.318140+00:00,25.068427299993346,752,316.00000000000017,240.0,316.0,240.0,316.0,240.0,1.7053025658242404e-13,TRACKING,1.174999999999999,0.0,1.5542999899480492,31.216539779998115,True,True
2026-09-17T06:17:33.351988+00:00,25.102277600002708,753,316.00000000000017,240.0,316.0,240.0,316.0,240.0,1.7053025658242404e-13,TRACKING,1.149999999999999,0.0,1.9551000004867092,29.541835662414144,True,True
2026-09-17T06:17:33.385429+00:00,25.135719800004154,754,316.00000000000017,240.0,316.0,240.0,316.0,240.0,1.7053025658242404e-13,TRACKING,1.1249999999999991,0.0,2.058099998976104,29.902338959660945,True,True
2026-09-17T06:17:33.419655+00:00,25.169943500004592,755,316.0000000000001,240.0,316.0,240.0,316.0,240.0,1.1368683772161603e-13,TRACKING,1.0999999999999992,0.0,2.783899995847605,29.219517468513846,True,True
2026-09-17T06:17:33.453069+00:00,25.20329409999249,756,316.0000000000001,240.0,316.0,240.0,316.0,240.0,1.1368683772161603e-13,TRACKING,1.0749999999999993,0.0,2.959500008728355,29.98446805643291,True,True
2026-09-17T06:17:33.484727+00:00,25.235014899997623,757,316.0000000000001,240.0,316.0,240.0,316.0,240.0,1.1368683772161603e-13,TRACKING,1.0499999999999994,0.0,1.5364999999292195,31.52505610949922,True,True
2026-09-17T06:17:33.518051+00:00,25.26833720000286,758,316.0000000000001,240.0,316.0,240.0,316.0,240.0,1.1368683772161603e-13,TRACKING,1.0249999999999995,0.0,1.4251000102376565,30.009933283200525,True,True
2026-09-17T06:17:33.552242+00:00,25.302528700005496,759,316.0000000000001,240.0,316.0,240.0,316.0,240.0,1.1368683772161603e-13,TRACKING,0.9999999999999994,0.0,2.10019999940414,29.247035079564878,True,True
2026-09-17T06:17:33.586338+00:00,25.336615499996697,760,316.0000000000001,240.0,316.0,240.0,316.0,240.0,1.1368683772161603e-13,TRACKING,0.9749999999999994,0.0,2.7372000040486455,29.336869411565313,True,True
2026-09-17T06:17:33.618957+00:00,25.369235899997875,761,316.0000000000001,240.0,316.0,240.0,316.0,240.0,1.1368683772161603e-13,TRACKING,0.9499999999999994,0.0,2.061499995761551,30.65566332613556,True,True
2026-09-17T06:17:33.651506+00:00,25.401796999998624,762,316.0000000000001,240.0,316.0,240.0,316.0,240.0,1.1368683772161603e-13,TRACKING,0.9249999999999994,0.0,1.3657000090461224,30.71149316138015,True,True
2026-09-17T06:17:33.685656+00:00,25.435938099995838,763,316.0000000000001,240.0,316.0,240.0,316.0,240.0,1.1368683772161603e-13,TRACKING,0.8999999999999994,0.0,2.0404999959282577,29.29021033539052,True,True
2026-09-17T06:17:33.719144+00:00,25.46942979999585,764,316.0000000000001,240.0,316.0,240.0,316.0,240.0,1.1368683772161603e-13,TRACKING,0.8749999999999993,0.0,2.362400002311915,29.858143958043488,True,True
2026-09-17T06:17:33.752544+00:00,25.502831299992977,765,316.0000000000001,240.0,316.0,240.0,316.0,240.0,1.1368683772161603e-13,TRACKING,0.8499999999999993,0.0,2.6834999880520627,29.938775207282482,True,True
2026-09-17T06:17:33.785675+00:00,25.535962499998277,766,316.0000000000001,240.0,316.0,240.0,316.0,240.0,1.1368683772161603e-13,TRACKING,0.8249999999999993,0.0,2.1097999997437,30.183029888444114,True,True
2026-09-17T06:17:33.818346+00:00,25.56863280000107,767,316.0000000000001,240.0,316.0,240.0,316.0,240.0,1.1368683772161603e-13,TRACKING,0.7999999999999993,0.0,1.3886000087950379,30.608840442681657,True,True
2026-09-17T06:17:33.852010+00:00,25.602298300000257,768,316.0000000000001,240.0,316.0,240.0,316.0,240.0,1.1368683772161603e-13,TRACKING,0.7749999999999992,0.0,1.8342000112170354,29.703999644268553,True,True
2026-09-17T06:17:33.885058+00:00,25.63534150000487,769,316.0000000000001,240.0,316.0,240.0,316.0,240.0,1.1368683772161603e-13,TRACKING,0.7499999999999992,0.0,1.7017999925883487,30.263412740303423,True,True
2026-09-17T06:17:33.918930+00:00,25.669217499991646,770,316.0000000000001,240.0,316.0,240.0,316.0,240.0,1.1368683772161603e-13,TRACKING,0.7249999999999992,0.0,2.3705999919911847,29.51942379237101,True,True
2026-09-17T06:17:33.951512+00:00,25.70180199999595,771,316.0000000000001,240.0,316.0,240.0,316.0,240.0,1.1368683772161603e-13,TRACKING,0.6999999999999992,0.0,1.5697000053478405,30.68943822577898,True,True
2026-09-17T06:17:33.985136+00:00,25.735425499995472,772,316.0000000000001,240.0,316.0,240.0,316.0,240.0,1.1368683772161603e-13,TRACKING,0.6749999999999992,0.0,1.603099997737445,29.74110369278145,True,True
2026-09-17T06:17:34.018170+00:00,25.768458899998222,773,316.0000000000001,240.0,316.0,240.0,316.0,240.0,1.1368683772161603e-13,TRACKING,0.6499999999999991,0.0,1.3407000078586861,30.27239097146324,True,True
2026-09-17T06:17:34.051760+00:00,25.802047499993932,774,316.0000000000001,240.0,316.0,240.0,316.0,240.0,1.1368683772161603e-13,TRACKING,0.6249999999999991,0.0,1.8405000009806827,29.772005982021376,True,True
2026-09-17T06:17:34.086011+00:00,25.836296599998605,775,316.0000000000001,240.0,316.0,240.0,316.0,240.0,1.1368683772161603e-13,TRACKING,0.5999999999999991,0.0,2.739899995503947,29.197847530696734,True,True
2026-09-17T06:17:34.118104+00:00,25.868391399999382,776,316.0000000000001,240.0,316.0,240.0,316.0,240.0,1.1368683772161603e-13,TRACKING,0.5749999999999991,0.0,1.3612000038847327,31.157695326837242,True,True
2026-09-17T06:17:34.151607+00:00,25.90189670000109,777,316.0000000000001,240.0,316.0,240.0,316.0,240.0,1.1368683772161603e-13,TRACKING,0.549999999999999,0.0,1.6802999889478087,29.846024358804577,True,True
2026-09-17T06:17:34.184804+00:00,25.935084800003096,778,316.00000000000017,240.0,316.0,240.0,316.0,240.0,1.7053025658242404e-13,TRACKING,0.524999999999999,0.0,1.35420000879094,30.131281993832417,True,True
2026-09-17T06:17:34.218195+00:00,25.968484099998022,779,316.00000000000017,240.0,316.0,240.0,316.0,240.0,1.7053025658242404e-13,TRACKING,0.499999999999999,0.0,1.5745999990031123,29.940747265718752,True,True
2026-09-17T06:17:34.252358+00:00,26.0026446999982,780,316.00000000000017,240.0,316.0,240.0,316.0,240.0,1.7053025658242404e-13,TRACKING,0.474999999999999,0.0,2.3053000040818006,29.27349051230961,True,True
2026-09-17T06:17:34.285262+00:00,26.035549299995182,781,316.00000000000017,240.0,316.0,240.0,316.0,240.0,1.7053025658242404e-13,TRACKING,0.44999999999999896,0.0,1.788900000974536,30.390887599050448,True,True
2026-09-17T06:17:34.317991+00:00,26.068281700005173,782,316.00000000000017,240.0,316.0,240.0,316.0,240.0,1.7053025658242404e-13,TRACKING,0.42499999999999893,0.0,1.5217000036500394,30.550769259045392,True,True
2026-09-17T06:17:34.351493+00:00,26.101783000005526,783,316.00000000000017,240.0,316.0,240.0,316.0,240.0,1.7053025658242404e-13,TRACKING,0.3999999999999989,0.0,1.281300006667152,29.849587926124343,True,True
2026-09-17T06:17:34.387100+00:00,26.13738369999919,784,316.00000000000017,240.0,316.0,240.0,316.0,240.0,1.7053025658242404e-13,TRACKING,0.3749999999999989,0.0,3.563399994163774,28.089335327056396,True,True
2026-09-17T06:17:34.419020+00:00,26.16930660000071,785,316.00000000000017,240.0,316.0,240.0,316.0,240.0,1.7053025658242404e-13,TRACKING,0.34999999999999887,0.0,2.0414000027813017,31.32547481439451,True,True
2026-09-17T06:17:34.451671+00:00,26.201956599994446,786,316.00000000000017,240.0,316.0,240.0,316.0,240.0,1.7053025658242404e-13,TRACKING,0.32499999999999885,0.0,1.7337000026600435,30.627871368815523,True,True
2026-09-17T06:17:34.485703+00:00,26.23598929999571,787,316.00000000000017,240.0,316.0,240.0,316.0,240.0,1.7053025658242404e-13,TRACKING,0.2999999999999988,0.0,2.3493000044254586,29.383504687048465,True,True
2026-09-17T06:17:34.518608+00:00,26.268895899993367,788,316.00000000000017,240.0,316.0,240.0,316.0,240.0,1.7053025658242404e-13,TRACKING,0.2749999999999988,0.0,1.8343999981880188,30.389040498597065,True,True
2026-09-17T06:17:34.551570+00:00,26.301860699997633,789,316.00000000000017,240.0,316.0,240.0,316.0,240.0,1.7053025658242404e-13,TRACKING,0.2499999999999988,0.0,1.6475000011269003,30.335388046358883,True,True
2026-09-17T06:17:34.585332+00:00,26.335608299996238,790,316.00000000000017,240.0,316.0,240.0,316.0,240.0,1.7053025658242404e-13,TRACKING,0.2249999999999988,0.0,1.831699992180802,29.631736776580357,True,True
2026-09-17T06:17:34.619038+00:00,26.36932230000093,791,316.00000000000017,240.0,316.0,240.0,316.0,240.0,1.7053025658242404e-13,TRACKING,0.19999999999999882,0.0,2.262699999846518,29.661268311704383,True,True
2026-09-17T06:17:34.652179+00:00,26.402461000005133,792,316.00000000000017,240.0,316.0,240.0,316.0,240.0,1.7053025658242404e-13,TRACKING,0.17499999999999882,0.0,1.8659000052139163,30.176198821113026,True,True
2026-09-17T06:17:34.685272+00:00,26.435556199998246,793,316.00000000000017,240.0,316.0,240.0,316.0,240.0,1.7053025658242404e-13,TRACKING,0.14999999999999883,0.0,1.8238000047858804,30.215862125265748,True,True
2026-09-17T06:17:34.719519+00:00,26.469807300003595,794,316.00000000000017,240.0,316.0,240.0,316.0,240.0,1.7053025658242404e-13,TRACKING,0.12499999999999883,0.0,3.035499990801327,29.196142601079252,True,True
2026-09-17T06:17:34.754449+00:00,26.50473649999185,795,316.00000000000017,240.0,316.0,240.0,316.0,240.0,1.7053025658242404e-13,TRACKING,0.09999999999999884,0.0,2.9654999962076545,28.62934164928609,True,True
2026-09-17T06:17:34.786984+00:00,26.53726949999691,796,316.00000000000017,240.0,316.0,240.0,316.0,240.0,1.7053025658242404e-13,TRACKING,0.07499999999999885,0.0,3.2189000048674643,30.738019851980127,True,True
2026-09-17T06:17:34.818931+00:00,26.56921699999657,797,316.00000000000017,240.0,316.0,240.0,316.0,240.0,1.7053025658242404e-13,TRACKING,0.049999999999998844,0.0,2.0454000041354448,31.301353783884196,True,True
2026-09-17T06:17:34.852153+00:00,26.60244249999232,798,316.00000000000017,240.0,316.0,240.0,316.0,240.0,1.7053025658242404e-13,TRACKING,0.024999999999998843,0.0,1.8299999937880784,30.097364979545063,True,True
2026-09-17T06:17:34.885262+00:00,26.635536100002355,799,316.00000000000017,240.0,316.0,240.0,316.0,240.0,1.7053025658242404e-13,TRACKING,-1.1587952819525071e-15,0.0,1.7597999976715073,30.217322977760308,True,True
2026-09-17T06:17:34.919531+00:00,26.6698166999995,800,316.00000000000017,240.0,316.0,240.0,316.0,240.0,1.7053025658242404e-13,TRACKING,-0.02500000000000116,0.0,2.715800001169555,29.17101801261508,True,True
2026-09-17T06:17:34.951784+00:00,26.702069299994037,801,316.00000000000017,240.0,316.0,240.0,316.0,240.0,1.7053025658242404e-13,TRACKING,-0.05000000000000116,0.0,1.8641000060597435,31.00525229499099,True,True
2026-09-17T06:17:34.985943+00:00,26.736221999992267,802,316.00000000000017,240.0,316.0,240.0,316.0,240.0,1.7053025658242404e-13,TRACKING,-0.07500000000000116,0.0,2.3741999902995303,29.280261884179183,True,True
2026-09-17T06:17:35.019234+00:00,26.769521199996234,803,316.00000000000017,240.0,316.0,240.0,316.0,240.0,1.7053025658242404e-13,TRACKING,-0.10000000000000117,0.0,2.4167000083252788,30.03075148594793,True,True
2026-09-17T06:17:35.053395+00:00,26.80368169999565,804,316.00000000000017,240.0,316.0,240.0,316.0,240.0,1.7053025658242404e-13,TRACKING,-0.12500000000000117,0.0,1.8811000045388937,29.273576206937662,True,True
2026-09-17T06:17:35.086304+00:00,26.836584100004984,805,316.00000000000017,240.0,316.0,240.0,316.0,240.0,1.7053025658242404e-13,TRACKING,-0.15000000000000116,0.0,2.9900000081397593,30.392919656812566,True,True
2026-09-17T06:17:35.119040+00:00,26.86932810000144,806,316.00000000000017,240.0,316.0,240.0,316.0,240.0,1.7053025658242404e-13,TRACKING,-0.17500000000000115,0.0,2.4707999982638285,30.539946253000622,True,True
2026-09-17T06:17:35.151862+00:00,26.902149799992912,807,316.00000000000017,240.0,316.0,240.0,316.0,240.0,1.7053025658242404e-13,TRACKING,-0.20000000000000115,0.0,1.7439999937778339,30.46764793596303,True,True
2026-09-17T06:17:35.185282+00:00,26.935561299993424,808,316.00000000000017,240.0,316.0,240.0,316.0,240.0,1.7053025658242404e-13,TRACKING,-0.22500000000000114,0.0,1.7840999935287982,29.92981458434063,True,True
2026-09-17T06:17:35.218506+00:00,26.968782199997804,809,316.00000000000017,240.0,316.0,240.0,316.0,240.0,1.7053025658242404e-13,TRACKING,-0.25000000000000117,0.0,1.7423999961465597,30.101532465048923,True,True
2026-09-17T06:17:35.252097+00:00,27.002382199993008,810,316.00000000000017,240.0,316.0,240.0,316.0,240.0,1.7053025658242404e-13,TRACKING,-0.2750000000000012,0.0,2.2852999973110855,29.761904766153194,True,True
2026-09-17T06:17:35.285936+00:00,27.036223200004315,811,316.00000000000017,240.0,316.0,240.0,316.0,240.0,1.7053025658242404e-13,TRACKING,-0.3000000000000012,0.0,2.7632999990601093,29.54995418769756,True,True
2026-09-17T06:17:35.319216+00:00,27.06950090000464,812,316.00000000000017,240.0,316.0,240.0,316.0,240.0,1.7053025658242404e-13,TRACKING,-0.32500000000000123,0.0,2.4611999979242682,30.05015370624169,True,True
2026-09-17T06:17:35.352520+00:00,27.102807499992196,813,316.0000000000002,240.0,316.0,240.0,316.0,240.0,2.2737367544323206e-13,TRACKING,-0.35000000000000125,0.0,2.3286999930860475,30.02407932282697,True,True
2026-09-17T06:17:35.385041+00:00,27.13532380000106,814,316.0000000000002,240.0,316.0,240.0,316.0,240.0,2.2737367544323206e-13,TRACKING,-0.3750000000000013,0.0,1.7695999995339662,30.75380654402147,True,True
2026-09-17T06:17:35.418827+00:00,27.169116399993072,815,316.0000000000002,240.0,316.0,240.0,316.0,240.0,2.2737367544323206e-13,TRACKING,-0.4000000000000013,0.0,1.8738999933702871,29.592277606233104,True,True
2026-09-17T06:17:35.452272+00:00,27.202553800001624,816,316.0000000000002,240.0,316.0,240.0,316.0,240.0,2.2737367544323206e-13,TRACKING,-0.4250000000000013,0.0,2.343999993172474,29.90663148881926,True,True
2026-09-17T06:17:35.485789+00:00,27.236072800005786,817,316.0000000000002,240.0,316.0,240.0,316.0,240.0,2.2737367544323206e-13,TRACKING,-0.45000000000000134,0.0,2.4307999992743134,29.833825587751104,True,True
2026-09-17T06:17:35.519305+00:00,27.269589499992435,818,316.0000000000002,240.0,316.0,240.0,316.0,240.0,2.2737367544323206e-13,TRACKING,-0.47500000000000137,0.0,2.5763000012375414,29.835872875263565,True,True
2026-09-17T06:17:35.551877+00:00,27.3021613000019,819,316.0000000000002,240.0,316.0,240.0,316.0,240.0,2.2737367544323206e-13,TRACKING,-0.5000000000000013,0.0,1.7128000035881996,30.70140427331141,True,True
2026-09-17T06:17:35.586681+00:00,27.336966599992593,820,316.0000000000002,240.0,316.0,240.0,316.0,240.0,2.2737367544323206e-13,TRACKING,-0.5250000000000014,0.0,1.6044999938458204,28.731256454257597,True,True
2026-09-17T06:17:35.619595+00:00,27.369880099999136,821,316.0000000000002,240.0,316.0,240.0,316.0,240.0,2.2737367544323206e-13,TRACKING,-0.5500000000000014,0.0,2.58390000090003,30.38266971914843,True,True
2026-09-17T06:17:35.652091+00:00,27.402374500001315,822,316.0000000000002,240.0,316.0,240.0,316.0,240.0,2.2737367544323206e-13,TRACKING,-0.5750000000000014,0.0,1.937199995154515,30.774533456009355,True,True
2026-09-17T06:17:35.685962+00:00,27.43624870000349,823,316.0000000000002,240.0,316.0,240.0,316.0,240.0,2.2737367544323206e-13,TRACKING,-0.6000000000000014,0.0,2.3832000006223097,29.520992375785244,True,True
2026-09-17T06:17:35.718539+00:00,27.468828800003394,824,316.0000000000002,240.0,316.0,240.0,316.0,240.0,2.2737367544323206e-13,TRACKING,-0.6250000000000014,0.0,1.6926999960560352,30.693582892714485,True,True
2026-09-17T06:17:35.752345+00:00,27.502634899996337,825,316.0000000000002,240.0,316.0,240.0,316.0,240.0,2.2737367544323206e-13,TRACKING,-0.6500000000000015,0.0,2.0441999949980527,29.58046033729776,True,True
2026-09-17T06:17:35.786354+00:00,27.536642999999458,826,316.0000000000002,240.0,316.0,240.0,316.0,240.0,2.2737367544323206e-13,TRACKING,-0.6750000000000015,0.0,2.8634000045713037,29.404759451667186,True,True
2026-09-17T06:17:35.819278+00:00,27.56955200000084,827,316.0000000000002,240.0,316.0,240.0,316.0,240.0,2.2737367544323206e-13,TRACKING,-0.7000000000000015,0.0,2.5673000054666772,30.38682427171907,True,True
2026-09-17T06:17:35.852587+00:00,27.602877199999057,828,316.0000000000002,240.0,316.0,240.0,316.0,240.0,2.2737367544323206e-13,TRACKING,-0.7250000000000015,0.0,2.339900005608797,30.00732178812166,True,True
2026-09-17T06:17:35.884793+00:00,27.635076499995193,829,316.0000000000002,240.0,316.0,240.0,316.0,240.0,2.2737367544323206e-13,TRACKING,-0.7500000000000016,0.0,1.4522999990731478,31.05657576779561,True,True
2026-09-17T06:17:35.919112+00:00,27.66940070000419,830,316.0000000000002,240.0,316.0,240.0,316.0,240.0,2.2737367544323206e-13,TRACKING,-0.7750000000000016,0.0,2.299599989783019,29.133963784674247,True,True
2026-09-17T06:17:35.953257+00:00,27.703544100004365,831,316.0000000000002,240.0,316.0,240.0,316.0,240.0,2.2737367544323206e-13,TRACKING,-0.8000000000000016,0.0,3.199099999619648,29.28823725800187,True,True
2026-09-17T06:17:35.986356+00:00,27.736640599992825,832,316.0000000000002,240.0,316.0,240.0,316.0,240.0,2.2737367544323206e-13,TRACKING,-0.8250000000000016,0.0,2.76250000752043,30.21467527831275,True,True
2026-09-17T06:17:36.019226+00:00,27.769512500002747,833,316.0000000000002,240.0,316.0,240.0,316.0,240.0,2.2737367544323206e-13,TRACKING,-0.8500000000000016,0.0,2.2588000138057396,30.42111954885908,True,True
2026-09-17T06:17:36.052354+00:00,27.802640099995187,834,316.0000000000002,240.0,316.0,240.0,316.0,240.0,2.2737367544323206e-13,TRACKING,-0.8750000000000017,0.0,2.081500002532266,30.186309911620704,True,True
2026-09-17T06:17:36.085104+00:00,27.835389200001373,835,316.0000000000002,240.0,316.0,240.0,316.0,240.0,2.2737367544323206e-13,TRACKING,-0.9000000000000017,0.0,1.5329000016208738,30.53519027427091,True,True
2026-09-17T06:17:36.119237+00:00,27.869521400003578,836,316.0000000000003,240.0,316.0,240.0,316.0,240.0,2.8421709430404007e-13,TRACKING,-0.9250000000000017,0.0,2.6710000092862174,29.2978477782097,True,True
2026-09-17T06:17:36.151939+00:00,27.902226799997152,837,316.0000000000003,240.0,316.0,240.0,316.0,240.0,2.8421709430404007e-13,TRACKING,-0.9500000000000017,0.0,1.755999997840263,30.575990515219925,True,True
2026-09-17T06:17:36.185751+00:00,27.936039299995173,838,316.0000000000003,240.0,316.0,240.0,316.0,240.0,2.8421709430404007e-13,TRACKING,-0.9750000000000018,0.0,2.395599993178621,29.574861369568367,True,True
2026-09-17T06:17:36.218405+00:00,27.96869059999881,839,316.0000000000003,240.0,316.0,240.0,316.0,240.0,2.8421709430404007e-13,TRACKING,-1.0000000000000018,0.0,1.82459999632556,30.626651921627953,True,True
2026-09-17T06:17:36.252755+00:00,28.003043399992748,840,316.0000000000003,240.0,316.0,240.0,316.0,240.0,2.8421709430404007e-13,TRACKING,-1.0250000000000017,0.0,2.606599999126047,29.109708675170978,True,True
2026-09-17T06:17:36.285951+00:00,28.03622599999653,841,316.0000000000003,240.0,316.0,240.0,316.0,240.0,2.8421709430404007e-13,TRACKING,-1.0500000000000016,0.0,2.452200002153404,30.1362762377263,True,True
2026-09-17T06:17:36.318329+00:00,28.06861740000022,842,316.0000000000002,240.0,316.0,240.0,316.0,240.0,2.2737367544323206e-13,TRACKING,-1.0750000000000015,0.0,1.768900008755736,30.87239205116485,True,True
2026-09-17T06:17:36.352556+00:00,28.1028387999977,843,316.0000000000002,240.0,316.0,240.0,316.0,240.0,2.2737367544323206e-13,TRACKING,-1.1000000000000014,0.0,2.326400004676543,29.22148129748384,True,True
2026-09-17T06:17:36.385104+00:00,28.135393100004876,844,316.0000000000002,240.0,316.0,240.0,316.0,240.0,2.2737367544323206e-13,TRACKING,-1.1250000000000013,0.0,1.8542000034358352,30.71790822654831,True,True
2026-09-17T06:17:36.418754+00:00,28.169043000001693,845,316.0000000000002,240.0,316.0,240.0,316.0,240.0,2.2737367544323206e-13,TRACKING,-1.1500000000000012,0.0,1.8827000021701679,29.71777033793825,True,True
2026-09-17T06:17:36.452324+00:00,28.202613000001293,846,316.0000000000002,240.0,316.0,240.0,316.0,240.0,2.2737367544323206e-13,TRACKING,-1.1750000000000012,0.0,2.216899985796772,29.78850163872295,True,True
2026-09-17T06:17:36.485550+00:00,28.23583439999493,847,316.00000000000017,240.0,316.0,240.0,316.0,240.0,1.7053025658242404e-13,TRACKING,-1.200000000000001,0.0,2.1471999934874475,30.10107943047469,True,True
2026-09-17T06:17:36.518514+00:00,28.268798399993102,848,316.00000000000017,240.0,316.0,240.0,316.0,240.0,1.7053025658242404e-13,TRACKING,-1.225000000000001,0.0,1.6149000002769753,30.336124258445686,True,True
2026-09-17T06:17:36.552105+00:00,28.30239509999228,849,316.00000000000017,240.0,316.0,240.0,316.0,240.0,1.7053025658242404e-13,TRACKING,-1.2500000000000009,0.0,1.7074999923352152,29.764828093962095,True,True
2026-09-17T06:17:36.585975+00:00,28.336262600001646,850,316.0000000000001,240.0,316.0,240.0,316.0,240.0,1.1368683772161603e-13,TRACKING,-1.2750000000000008,0.0,2.442099998006597,29.52683250087835,True,True
2026-09-17T06:17:36.619521+00:00,28.36980390000099,851,316.0000000000001,240.0,316.0,240.0,316.0,240.0,1.1368683772161603e-13,TRACKING,-1.3000000000000007,0.0,3.0160000023897737,29.813990513772833,True,True
2026-09-17T06:17:36.652440+00:00,28.40271969999594,852,316.0000000000001,240.0,316.0,240.0,316.0,240.0,1.1368683772161603e-13,TRACKING,-1.3250000000000006,0.0,1.859399999375455,30.380546732977212,True,True
2026-09-17T06:17:36.685353+00:00,28.435642900003586,853,316.0000000000001,240.0,316.0,240.0,316.0,240.0,1.1368683772161603e-13,TRACKING,-1.3500000000000005,0.0,2.0358999900054187,30.373718222038217,True,True
2026-09-17T06:17:36.718344+00:00,28.468633199998294,854,316.0000000000001,240.0,316.0,240.0,316.0,240.0,1.1368683772161603e-13,TRACKING,-1.3750000000000004,0.0,1.399700006004423,30.311940181217196,True,True
2026-09-17T06:17:36.752629+00:00,28.502915699995356,855,316.00000000000006,240.0,316.0,240.0,316.0,240.0,5.684341886080802e-14,TRACKING,-1.4000000000000004,0.0,2.3852000012993813,29.169401300538443,True,True
2026-09-17T06:17:36.785779+00:00,28.536056600001757,856,316.00000000000006,240.0,316.0,240.0,316.0,240.0,5.684341886080802e-14,TRACKING,-1.4250000000000003,0.0,2.4972000101115555,30.17419562555164,True,True
2026-09-17T06:17:36.818667+00:00,28.568955499998992,857,316.00000000000006,240.0,316.0,240.0,316.0,240.0,5.684341886080802e-14,TRACKING,-1.4500000000000002,0.0,1.8420999986119568,30.396153065422766,True,True
2026-09-17T06:17:36.853318+00:00,28.603602899995167,858,316.0,240.0,316.0,240.0,316.0,240.0,0.0,TRACKING,-1.475,0.0,3.321299998788163,28.86219456901275,True,True
2026-09-17T06:17:36.885041+00:00,28.635331700003007,859,316.0,240.0,316.0,240.0,316.0,240.0,0.0,TRACKING,-1.5,0.0,1.863400000729598,31.517107478155065,True,True
2026-09-17T06:17:36.919013+00:00,28.669300399997155,860,316.0,240.0,316.0,240.0,316.0,240.0,0.0,TRACKING,-1.525,0.0,2.133800007868558,29.43886578445108,True,True
2026-09-17T06:17:36.952420+00:00,28.702707399992505,861,316.0,240.0,316.0,240.0,316.0,240.0,0.0,TRACKING,-1.5499999999999998,0.0,2.3886000126367435,29.93384620406487,True,True
2026-09-17T06:17:36.985987+00:00,28.736259600002086,862,316.0,240.0,316.0,240.0,316.0,240.0,0.0,TRACKING,-1.5749999999999997,0.0,2.413499998510815,29.804304925294133,True,True
2026-09-17T06:17:37.018469+00:00,28.76875679999648,863,315.99999999999994,240.0,315.0,240.0,315.0,240.0,0.9999999999999432,TRACKING,-1.6062499999999997,0.0,1.7483999981777743,30.771881890515534,True,True
2026-09-17T06:17:37.051623+00:00,28.801913200004492,864,316.99999999999994,240.0,316.0,240.0,316.0,240.0,0.9999999999999432,TRACKING,-1.6312499999999996,0.0,1.4011000021127984,30.160089749140354,True,True
2026-09-17T06:17:37.085440+00:00,28.835719800001243,865,316.99999999999994,240.0,316.0,240.0,316.0,240.0,0.9999999999999432,TRACKING,-1.6562499999999996,0.0,2.199599999585189,29.58002283862028,True,True
2026-09-17T06:17:37.119496+00:00,28.86978409999574,866,316.99999999999994,240.0,316.0,240.0,316.0,240.0,0.9999999999999432,TRACKING,-1.6812499999999995,0.0,2.556499995989725,29.35624686729306,True,True
2026-09-17T06:17:37.152309+00:00,28.902598200002103,867,316.9999999999999,240.0,316.0,240.0,316.0,240.0,0.9999999999998863,TRACKING,-1.7062499999999994,0.0,2.091999995172955,30.474704465644557,True,True
2026-09-17T06:17:37.185776+00:00,28.936063300003298,868,316.9999999999999,240.0,316.0,240.0,316.0,240.0,0.9999999999998863,TRACKING,-1.7312499999999993,0.0,2.3871999874245375,29.88187693938777,True,True
2026-09-17T06:17:37.219281+00:00,28.96956769999815,869,316.9999999999999,240.0,316.0,240.0,316.0,240.0,0.9999999999998863,TRACKING,-1.7562499999999992,0.0,2.3268999939318746,29.846826093098077,True,True
2026-09-17T06:17:37.252520+00:00,29.002806699994835,870,316.9999999999999,240.0,316.0,240.0,316.0,240.0,0.9999999999998863,TRACKING,-1.7812499999999991,0.0,2.2393999970518053,30.08514095188711,True,True
2026-09-17T06:17:37.285545+00:00,29.035831799992593,871,316.9999999999999,240.0,316.0,240.0,316.0,240.0,0.9999999999998863,TRACKING,-1.806249999999999,0.0,2.375900003244169,30.279999154215727,True,True
2026-09-17T06:17:37.318309+00:00,29.068581400002586,872,316.99999999999983,240.0,316.0,240.0,316.0,240.0,0.9999999999998295,TRACKING,-1.831249999999999,0.0,1.6239000105997548,30.534724078916234,True,True
2026-09-17T06:17:37.352528+00:00,29.102815699996427,873,324.99999999999983,240.0,324.0,240.0,324.0,240.0,0.9999999999998295,TRACKING,-1.806249999999999,0.0,2.377700002398342,29.21047020619402,True,True
2026-09-17T06:17:37.385197+00:00,29.13548240000091,874,324.99999999999983,240.0,324.0,240.0,324.0,240.0,0.9999999999998295,TRACKING,-1.7812499999999991,0.0,1.732900011120364,30.61221365680488,True,True
2026-09-17T06:17:37.419015+00:00,29.169303200003924,875,324.9999999999999,240.0,324.0,240.0,324.0,240.0,0.9999999999998863,TRACKING,-1.7562499999999992,0.0,2.2886999940965325,29.56760336570678,True,True
2026-09-17T06:17:37.452213+00:00,29.202499599996372,876,324.9999999999999,240.0,324.0,240.0,324.0,240.0,0.9999999999998863,TRACKING,-1.7312499999999993,0.0,2.3194999957922846,30.12374836510845,True,True
2026-09-17T06:17:37.485354+00:00,29.235638300000574,877,324.9999999999999,240.0,324.0,240.0,324.0,240.0,0.9999999999998863,TRACKING,-1.7062499999999994,0.0,1.9537000043783337,30.176198821113026,True,True
2026-09-17T06:17:37.518126+00:00,29.268408100004308,878,324.9999999999999,240.0,324.0,240.0,324.0,240.0,0.9999999999998863,TRACKING,-1.6812499999999995,0.0,1.473299998906441,30.51590183296941,True,True
2026-09-17T06:17:37.551636+00:00,29.301923799997894,879,324.9999999999999,240.0,324.0,240.0,324.0,240.0,0.9999999999998863,TRACKING,-1.6562499999999996,0.0,1.7252999969059601,29.836763074957943,True,True
2026-09-17T06:17:37.585716+00:00,29.336005599994678,880,324.99999999999994,240.0,324.0,240.0,324.0,240.0,0.9999999999999432,TRACKING,-1.6312499999999996,0.0,2.164899997296743,29.34117329760642,True,True
2026-09-17T06:17:37.619117+00:00,29.36936880000576,881,324.99999999999994,240.0,324.0,240.0,324.0,240.0,0.9999999999999432,TRACKING,-1.6062499999999997,0.0,2.137100003892556,29.973144052964514,True,True
2026-09-17T06:17:37.652418+00:00,29.40270469999814,882,324.99999999999994,240.0,324.0,240.0,324.0,240.0,0.9999999999999432,TRACKING,-1.5812499999999998,0.0,2.0791999995708466,29.997690184712987,True,True
2026-09-17T06:17:37.685738+00:00,29.436025400005747,883,325.0,240.0,325.0,240.0,325.0,240.0,0.0,TRACKING,-1.5499999999999998,0.0,2.4590999964857474,30.01137430401212,True,True
2026-09-17T06:17:37.718748+00:00,29.469035799993435,884,324.0,240.0,324.0,240.0,324.0,240.0,0.0,TRACKING,-1.525,0.0,2.19650000508409,30.293483277178243,True,True
2026-09-17T06:17:37.753464+00:00,29.5037491999974,885,324.0,240.0,324.0,240.0,324.0,240.0,0.0,TRACKING,-1.5,0.0,3.2887999986996874,28.807319360412745,True,True
2026-09-17T06:17:37.785871+00:00,29.536155099995085,886,324.0,240.0,324.0,240.0,324.0,240.0,0.0,TRACKING,-1.475,0.0,2.6815999881364405,30.858578224072257,True,True
2026-09-17T06:17:37.818817+00:00,29.569101899993257,887,324.0,240.0,324.0,240.0,324.0,240.0,0.0,TRACKING,-1.4500000000000002,0.0,2.347800007555634,30.351961345426407,True,True
2026-09-17T06:17:37.852684+00:00,29.60297089999949,888,324.0,240.0,324.0,240.0,324.0,240.0,0.0,TRACKING,-1.4250000000000003,0.0,2.4766999995335937,29.52552481076884,True,True
2026-09-17T06:17:37.884744+00:00,29.635033500002464,889,324.00000000000006,240.0,324.0,240.0,324.0,240.0,5.684341886080802e-14,TRACKING,-1.4000000000000004,0.0,1.4528000028803945,31.188986542178878,True,True
2026-09-17T06:17:37.919406+00:00,29.669685699991533,890,324.00000000000006,240.0,324.0,240.0,324.0,240.0,5.684341886080802e-14,TRACKING,-1.3750000000000004,0.0,2.351899995119311,28.858196602682327,True,True
2026-09-17T06:17:37.952157+00:00,29.702437400002964,891,324.00000000000006,240.0,324.0,240.0,324.0,240.0,5.684341886080802e-14,TRACKING,-1.3500000000000005,0.0,2.1821999980602413,30.532766227431633,True,True
2026-09-17T06:17:37.984664+00:00,29.734954800005653,892,324.0000000000001,240.0,324.0,240.0,324.0,240.0,1.1368683772161603e-13,TRACKING,-1.3250000000000006,0.0,1.4041999966138974,30.752766208777537,True,True
2026-09-17T06:17:38.018088+00:00,29.768375500003458,893,324.0000000000001,240.0,324.0,240.0,324.0,240.0,1.1368683772161603e-13,TRACKING,-1.3000000000000007,0.0,1.6076000028988346,29.92157555244732,True,True
2026-09-17T06:17:38.052192+00:00,29.802478099998552,894,324.0000000000001,240.0,324.0,240.0,324.0,240.0,1.1368683772161603e-13,TRACKING,-1.2750000000000008,0.0,2.338000005693175,29.32327740828704,True,True
2026-09-17T06:17:38.086053+00:00,29.836339699992095,895,324.0000000000001,240.0,324.0,240.0,324.0,240.0,1.1368683772161603e-13,TRACKING,-1.2500000000000009,0.0,2.476800000295043,29.53197723057076,True,True
2026-09-17T06:17:38.119334+00:00,29.869617499993183,896,324.0000000000001,240.0,324.0,240.0,324.0,240.0,1.1368683772161603e-13,TRACKING,-1.225000000000001,0.0,2.8129000129410997,30.050063404651677,True,True
2026-09-17T06:17:38.151561+00:00,29.901849699992454,897,324.00000000000017,240.0,324.0,240.0,324.0,240.0,1.7053025658242404e-13,TRACKING,-1.200000000000001,0.0,1.7197999986819923,31.024875746074372,True,True
2026-09-17T06:17:38.184732+00:00,29.93501620000461,898,324.00000000000017,240.0,324.0,240.0,324.0,240.0,1.7053025658242404e-13,TRACKING,-1.1750000000000012,0.0,1.5954999980749562,30.15090526987897,True,True
2026-09-17T06:17:38.219294+00:00,29.96957729999849,899,324.00000000000017,240.0,324.0,240.0,324.0,240.0,1.7053025658242404e-13,TRACKING,-1.1500000000000012,0.0,2.4301999947056174,28.934264250185336,True,True
