timestamp,elapsed_s,frame_number,ground_truth_x,ground_truth_y,detected_x,detected_y,tracked_x,tracked_y,pixel_error,tracking_state,pan_deg,tilt_deg,processing_time_ms,fps,ground_truth_in_fov,lock_retained
2026-09-17T06:41:02.520457+00:00,0.024366399986320175,0,44.0,240.0,44.0,240.0,44.0,240.0,0.0,ACQUIRING,0.0,0.0,24.360199997317977,0.0,True,False
2026-09-17T06:41:02.532942+00:00,0.036852799996268004,1,48.0,240.0,48.0,240.0,48.0,240.0,0.0,TRACKING,-0.16666666666666666,0.0,3.053699998417869,80.08713473886043,True,True
2026-09-17T06:41:02.566462+00:00,0.07037289999425411,2,78.66666666666666,240.0,78.0,240.0,74.0,240.0,4.666666666666657,TRACKING,-0.3333333333333333,0.0,3.48620000295341,29.832846562512646,True,True
2026-09-17T06:41:02.598586+00:00,0.10249669999757316,3,109.33333333333333,240.0,109.0,240.0,105.0,240.0,4.333333333333329,TRACKING,-0.5,0.0,2.1908000053372234,31.12956748257303,True,True
2026-09-17T06:41:02.631282+00:00,0.1351923999900464,4,140.0,240.0,140.0,240.0,138.0,240.0,2.0,TRACKING,-0.6666666666666666,0.0,1.5506000054301694,30.585061651232625,True,True
2026-09-17T06:41:02.664985+00:00,0.16889749999972992,5,170.66666666666666,240.0,170.0,240.0,169.0,240.0,1.6666666666666572,TRACKING,-0.8333333333333333,0.0,2.0604999881470576,29.669100513355506,True,True
2026-09-17T06:41:02.700104+00:00,0.20400749999680556,6,201.33333333333331,240.0,201.0,240.0,201.0,240.0,0.3333333333333144,TRACKING,-0.9999999999999999,0.0,3.729599993675947,28.48191398699206,True,True
2026-09-17T06:41:02.733162+00:00,0.23707409999042284,7,231.99999999999997,240.0,231.0,240.0,231.0,240.0,0.9999999999999716,TRACKING,-1.1666666666666665,0.0,3.2338000019080937,30.24199646147552,True,True
2026-09-17T06:41:02.764656+00:00,0.26856499999121297,8,262.66666666666663,240.0,262.0,240.0,262.0,240.0,0.6666666666666288,TRACKING,-1.3333333333333333,0.0,1.662800001213327,31.75520547126024,True,True
2026-09-17T06:41:02.798588+00:00,0.3024993999861181,9,293.3333333333333,240.0,293.0,240.0,293.0,240.0,0.3333333333333144,TRACKING,-1.5,0.0,1.975099992705509,29.468621815919523,True,True
2026-09-17T06:41:02.832289+00:00,0.33620320000045467,10,324.0,240.0,324.0,240.0,324.0,240.0,0.0,TRACKING,-1.475,0.0,2.046399997198023,29.67024488558055,True,True
2026-09-17T06:41:02.865832+00:00,0.36974159999226686,11,324.0,240.0,324.0,240.0,332.0,240.0,8.0,TRACKING,-1.4000000000000001,0.0,2.8758999978890643,29.81656847804703,True,True
2026-09-17T06:41:02.899157+00:00,0.40306609999970533,12,316.0,240.0,316.0,240.0,325.0,240.0,9.0,TRACKING,-1.3687500000000001,0.0,2.66320000810083,30.00795210061026,True,True
2026-09-17T06:41:02.931255+00:00,0.43516799999633804,13,315.0,240.0,315.0,240.0,318.0,240.0,3.0,TRACKING,-1.38125,0.0,1.4980000123614445,31.150804161276866,True,True
2026-09-17T06:41:02.964783+00:00,0.4686976999946637,14,321.0,240.0,321.0,240.0,319.0,240.0,2.0,TRACKING,-1.3875000000000002,0.0,1.8056000117212534,29.82430502062159,True,True
2026-09-17T06:41:02.998190+00:00,0.5021032999939052,15,326.0,240.0,326.0,240.0,324.0,240.0,2.0,TRACKING,-1.3625000000000003,0.0,1.8875999958254397,29.935100702358433,True,True
2026-09-17T06:41:03.032908+00:00,0.5368206999992253,16,326.00000000000006,240.0,326.0,240.0,326.0,240.0,5.684341886080802e-14,TRACKING,-1.3250000000000002,0.0,3.2682999881217256,28.804000295147684,True,True
2026-09-17T06:41:03.065106+00:00,0.5690043999929912,17,324.0,240.0,324.0,240.0,325.0,240.0,1.0,TRACKING,-1.2937500000000002,0.0,1.812300004530698,31.071629433337474,True,True
2026-09-17T06:41:03.098001+00:00,0.6019140999997035,18,323.0,240.0,323.0,240.0,324.0,240.0,1.0,TRACKING,-1.2687500000000003,0.0,1.6198999946936965,30.38617792918322,True,True
2026-09-17T06:41:03.131267+00:00,0.6351821999996901,19,323.00000000000006,240.0,323.0,240.0,323.0,240.0,5.684341886080802e-14,TRACKING,-1.2500000000000002,0.0,1.5450999926542863,30.05882512077345,True,True
2026-09-17T06:41:03.165064+00:00,0.6689453999861144,20,324.0,240.0,324.0,240.0,324.0,240.0,0.0,TRACKING,-1.2250000000000003,0.0,1.7373000009683892,29.618045694782655,True,True
2026-09-17T06:41:03.199445+00:00,0.7033592999941902,21,324.00000000000006,240.0,324.0,240.0,324.0,240.0,5.684341886080802e-14,TRACKING,-1.2000000000000004,0.0,3.1329000048572198,29.0580259652446,True,True
2026-09-17T06:41:03.232900+00:00,0.736812099989038,22,324.00000000000006,240.0,324.0,240.0,324.0,240.0,5.684341886080802e-14,TRACKING,-1.1750000000000005,0.0,3.0848000023979694,29.89286398011574,True,True
2026-09-17T06:41:03.264908+00:00,0.7688235999958124,23,324.0000000000001,240.0,324.0,240.0,324.0,240.0,1.1368683772161603e-13,TRACKING,-1.1500000000000006,0.0,1.7479000089224428,31.238773559138895,True,True
2026-09-17T06:41:03.297857+00:00,0.8017706999962684,24,324.0000000000001,240.0,324.0,240.0,324.0,240.0,1.1368683772161603e-13,TRACKING,-1.1250000000000007,0.0,1.6005000070435926,30.351684973371263,True,True
2026-09-17T06:41:03.331384+00:00,0.8352982999931555,25,324.0000000000001,240.0,324.0,240.0,324.0,240.0,1.1368683772161603e-13,TRACKING,-1.1000000000000008,0.0,1.8676000036066398,29.82617306615578,True,True
2026-09-17T06:41:03.365411+00:00,0.8693224999879021,26,324.0000000000001,240.0,324.0,240.0,324.0,240.0,1.1368683772161603e-13,TRACKING,-1.0750000000000008,0.0,2.246699994429946,29.39084534403166,True,True
2026-09-17T06:41:03.399524+00:00,0.903435799991712,27,324.0000000000001,240.0,324.0,240.0,324.0,240.0,1.1368683772161603e-13,TRACKING,-1.050000000000001,0.0,2.8848999936599284,29.314079842416817,True,True
2026-09-17T06:41:03.431742+00:00,0.9356506999902194,28,324.0000000000001,240.0,324.0,240.0,324.0,240.0,1.1368683772161603e-13,TRACKING,-1.025000000000001,0.0,1.7748999962350354,31.041536681669992,True,True
2026-09-17T06:41:03.464425+00:00,0.9683378999907291,29,324.00000000000017,240.0,324.0,240.0,324.0,240.0,1.7053025658242404e-13,TRACKING,-1.000000000000001,0.0,1.5204999945126474,30.593015002337587,True,True
2026-09-17T06:41:03.498689+00:00,1.002592699995148,30,324.00000000000017,240.0,324.0,240.0,324.0,240.0,1.7053025658242404e-13,TRACKING,-0.9750000000000011,0.0,2.4211999989347532,29.19298900799298,True,True
2026-09-17T06:41:03.532217+00:00,1.0361299999931362,31,324.00000000000017,240.0,324.0,240.0,324.0,240.0,1.7053025658242404e-13,TRACKING,-0.9500000000000011,0.0,2.3422000085702166,29.817546435162885,True,True
2026-09-17T06:41:03.566013+00:00,1.0699244999996154,32,324.00000000000017,240.0,324.0,240.0,324.0,240.0,1.7053025658242404e-13,TRACKING,-0.925000000000001,0.0,2.7827999874716625,29.590613851611245,True,True
2026-09-17T06:41:03.598198+00:00,1.1021112999878824,33,324.00000000000017,240.0,324.0,240.0,324.0,240.0,1.7053025658242404e-13,TRACKING,-0.900000000000001,0.0,1.774799995473586,31.068636843815725,True,True
2026-09-17T06:41:03.632114+00:00,1.1360253999882843,34,324.00000000000017,240.0,324.0,240.0,324.0,240.0,1.7053025658242404e-13,TRACKING,-0.875000000000001,0.0,2.3754999856464565,29.486260876395,True,True
2026-09-17T06:41:03.665056+00:00,1.1689662999997381,35,324.00000000000017,240.0,324.0,240.0,324.0,240.0,1.7053025658242404e-13,TRACKING,-0.850000000000001,0.0,1.764000000548549,30.35739763188902,True,True
2026-09-17T06:41:03.698728+00:00,1.2026424999930896,36,324.00000000000017,240.0,324.0,240.0,324.0,240.0,1.7053025658242404e-13,TRACKING,-0.825000000000001,0.0,2.2238000092329457,29.69456174382576,True,True
2026-09-17T06:41:03.733823+00:00,1.237718499993207,37,324.0000000000001,240.0,324.0,240.0,324.0,240.0,1.1368683772161603e-13,TRACKING,-0.8000000000000009,0.0,4.031099990243092,28.509522180312878,True,True
2026-09-17T06:41:03.765271+00:00,1.2691702999873087,38,324.0000000000001,240.0,324.0,240.0,324.0,240.0,1.1368683772161603e-13,TRACKING,-0.7750000000000009,0.0,2.2262999991653487,31.79468266323495,True,True
2026-09-17T06:41:03.798077+00:00,1.3019892999873264,39,324.0000000000001,240.0,324.0,240.0,324.0,240.0,1.1368683772161603e-13,TRACKING,-0.7500000000000009,0.0,1.5531999961240217,30.470154483666803,True,True
2026-09-17T06:41:03.831483+00:00,1.3353845999954501,40,324.0000000000001,240.0,324.0,240.0,324.0,240.0,1.1368683772161603e-13,TRACKING,-0.7250000000000009,0.0,1.9593000033637509,29.944333476768886,True,True
2026-09-17T06:41:03.865998+00:00,1.3699085999978706,41,324.0000000000001,240.0,324.0,240.0,324.0,240.0,1.1368683772161603e-13,TRACKING,-0.7000000000000008,0.0,2.6603000005707145,28.96535743047993,True,True
2026-09-17T06:41:03.899660+00:00,1.403568899986567,42,324.0000000000001,240.0,324.0,240.0,324.0,240.0,1.1368683772161603e-13,TRACKING,-0.6750000000000008,0.0,3.3054999948944896,29.7085884658133,True,True
2026-09-17T06:41:03.931101+00:00,1.4350140999886207,43,324.0000000000001,240.0,324.0,240.0,324.0,240.0,1.1368683772161603e-13,TRACKING,-0.6500000000000008,0.0,1.6109999996842816,31.801356007743244,True,True
2026-09-17T06:41:03.964948+00:00,1.4688391999952728,44,324.0000000000001,240.0,324.0,240.0,324.0,240.0,1.1368683772161603e-13,TRACKING,-0.6250000000000008,0.0,1.8851999921025708,29.5638445947932,True,True
2026-09-17T06:41:03.998882+00:00,1.5027953999961028,45,324.0000000000001,240.0,324.0,240.0,324.0,240.0,1.1368683772161603e-13,TRACKING,-0.6000000000000008,0.0,2.2281000128714368,29.449702851778376,True,True
2026-09-17T06:41:04.032594+00:00,1.5365061999909813,46,324.0000000000001,240.0,324.0,240.0,324.0,240.0,1.1368683772161603e-13,TRACKING,-0.5750000000000007,0.0,2.671900001587346,29.664083918267306,True,True
2026-09-17T06:41:04.065157+00:00,1.5690551999869058,47,324.0000000000001,240.0,324.0,240.0,324.0,240.0,1.1368683772161603e-13,TRACKING,-0.5500000000000007,0.0,2.0886999991489574,30.722910077889036,True,True
2026-09-17T06:41:04.098049+00:00,1.6019633999967482,48,324.0000000000001,240.0,324.0,240.0,324.0,240.0,1.1368683772161603e-13,TRACKING,-0.5250000000000007,0.0,1.8220000056317076,30.387562969135757,True,True
2026-09-17T06:41:04.131049+00:00,1.634961799994926,49,324.0000000000001,240.0,324.0,240.0,324.0,240.0,1.1368683772161603e-13,TRACKING,-0.5000000000000007,0.0,1.477300000260584,30.30449961377587,True,True
2026-09-17T06:41:04.164866+00:00,1.6687669999955688,50,324.0000000000001,240.0,324.0,240.0,324.0,240.0,1.1368683772161603e-13,TRACKING,-0.47500000000000064,0.0,1.8047000048682094,29.58124785479705,True,True
2026-09-17T06:41:04.198943+00:00,1.7028562999912538,51,324.0000000000001,240.0,324.0,240.0,324.0,240.0,1.1368683772161603e-13,TRACKING,-0.4500000000000006,0.0,2.2570000000996515,29.334717935732897,True,True
2026-09-17T06:41:04.233838+00:00,1.737753099994734,52,324.0000000000001,240.0,324.0,240.0,324.0,240.0,1.1368683772161603e-13,TRACKING,-0.4250000000000006,0.0,3.872000001138076,28.655922603226447,True,True
2026-09-17T06:41:04.264703+00:00,1.7686138999997638,53,324.0000000000001,240.0,324.0,240.0,324.0,240.0,1.1368683772161603e-13,TRACKING,-0.4000000000000006,0.0,1.6737999976612628,32.403566979372336,True,True
2026-09-17T06:41:04.298003+00:00,1.8019103999977233,54,324.0000000000001,240.0,324.0,240.0,324.0,240.0,1.1368683772161603e-13,TRACKING,-0.37500000000000056,0.0,1.5807999880053103,30.033186673112297,True,True
2026-09-17T06:41:04.331659+00:00,1.835568599999533,55,324.0000000000001,240.0,324.0,240.0,324.0,240.0,1.1368683772161603e-13,TRACKING,-0.35000000000000053,0.0,2.1004000009270385,29.71044203035907,True,True
2026-09-17T06:41:04.366138+00:00,1.870050599987735,56,324.0000000000001,240.0,324.0,240.0,324.0,240.0,1.1368683772161603e-13,TRACKING,-0.3250000000000005,0.0,2.4486999900545925,29.00063802395886,True,True
2026-09-17T06:41:04.398568+00:00,1.902477599986014,57,324.0000000000001,240.0,324.0,240.0,324.0,240.0,1.1368683772161603e-13,TRACKING,-0.3000000000000005,0.0,2.206099990871735,30.838498783516073,True,True
2026-09-17T06:41:04.431393+00:00,1.9353061999863712,58,324.00000000000006,240.0,324.0,240.0,324.0,240.0,5.684341886080802e-14,TRACKING,-0.27500000000000047,0.0,1.6533000016352162,30.46124415872494,True,True
2026-09-17T06:41:04.465021+00:00,1.9689360999909695,59,324.00000000000006,240.0,324.0,240.0,324.0,240.0,5.684341886080802e-14,TRACKING,-0.25000000000000044,0.0,1.493899995693937,29.735443752829095,True,True
2026-09-17T06:41:04.498227+00:00,2.002127899992047,60,324.00000000000006,240.0,324.0,240.0,324.0,240.0,5.684341886080802e-14,TRACKING,-0.22500000000000045,0.0,1.8955999985337257,30.127923160766862,True,True
2026-09-17T06:41:04.532995+00:00,2.0368958999897586,61,324.00000000000006,240.0,324.0,240.0,324.0,240.0,5.684341886080802e-14,TRACKING,-0.20000000000000046,0.0,2.92250000347849,28.762080075523905,True,True
2026-09-17T06:41:04.566238+00:00,2.070149899998796,62,324.00000000000006,240.0,324.0,240.0,324.0,240.0,5.684341886080802e-14,TRACKING,-0.17500000000000046,0.0,2.860700013116002,30.071570329230365,True,True
2026-09-17T06:41:04.598368+00:00,2.1022756999882404,63,324.00000000000006,240.0,324.0,240.0,324.0,240.0,5.684341886080802e-14,TRACKING,-0.15000000000000047,0.0,1.971399993635714,31.127629516730384,True,True
2026-09-17T06:41:04.631226+00:00,2.1351392999931704,64,324.00000000000006,240.0,324.0,240.0,324.0,240.0,5.684341886080802e-14,TRACKING,-0.12500000000000047,0.0,1.5418000111822039,30.42880268290706,True,True
2026-09-17T06:41:04.665329+00:00,2.1692413999990094,65,324.00000000000006,240.0,324.0,240.0,324.0,240.0,5.684341886080802e-14,TRACKING,-0.10000000000000048,0.0,2.0244999905116856,29.323707332650432,True,True
2026-09-17T06:41:04.698931+00:00,2.202837199991336,66,324.00000000000006,240.0,324.0,240.0,324.0,240.0,5.684341886080802e-14,TRACKING,-0.07500000000000048,0.0,2.4230999988503754,29.76562547188643,True,True
2026-09-17T06:41:04.732842+00:00,2.2367513999924995,67,324.00000000000006,240.0,324.0,240.0,324.0,240.0,5.684341886080802e-14,TRACKING,-0.05000000000000048,0.0,3.035100002307445,29.48617393203129,True,True
2026-09-17T06:41:04.764891+00:00,2.268803899991326,68,324.00000000000006,240.0,324.0,240.0,324.0,240.0,5.684341886080802e-14,TRACKING,-0.02500000000000048,0.0,1.7389999993611127,31.1988144461933,True,True
2026-09-17T06:41:04.798186+00:00,2.3021001999877626,69,324.00000000000006,240.0,324.0,240.0,324.0,240.0,5.684341886080802e-14,TRACKING,-4.787836793695988e-16,0.0,1.604399993084371,30.033367074029897,True,True
2026-09-17T06:41:04.833249+00:00,2.3371582999970997,70,324.00000000000006,240.0,324.0,240.0,324.0,240.0,5.684341886080802e-14,TRACKING,0.024999999999999523,0.0,2.3499000089941546,28.52407859335414,True,True
2026-09-17T06:41:04.867389+00:00,2.371300299986615,71,324.00000000000006,240.0,324.0,240.0,324.0,240.0,5.684341886080802e-14,TRACKING,0.049999999999999524,0.0,4.020299995318055,29.28943823756941,True,True
2026-09-17T06:41:04.898918+00:00,2.4028289999987464,72,324.00000000000006,240.0,324.0,240.0,324.0,240.0,5.684341886080802e-14,TRACKING,0.07499999999999953,0.0,2.427600004011765,31.717133900706994,True,True
2026-09-17T06:41:04.932068+00:00,2.4359724999958416,73,324.00000000000006,240.0,324.0,240.0,324.0,240.0,5.684341886080802e-14,TRACKING,0.09999999999999953,0.0,2.1540000016102567,30.17182856631445,True,True
2026-09-17T06:41:04.966395+00:00,2.4702843999984907,74,324.00000000000006,240.0,324.0,240.0,324.0,240.0,5.684341886080802e-14,TRACKING,0.12499999999999953,0.0,3.190499992342666,29.144407623092714,True,True
2026-09-17T06:41:04.998979+00:00,2.5028907999949297,75,324.00000000000006,240.0,324.0,240.0,324.0,240.0,5.684341886080802e-14,TRACKING,0.14999999999999952,0.0,1.9358999998075888,30.668825755349005,True,True
2026-09-17T06:41:05.032442+00:00,2.53635559999384,76,324.00000000000006,240.0,324.0,240.0,324.0,240.0,5.684341886080802e-14,TRACKING,0.17499999999999952,0.0,2.63210000412073,29.88214482179982,True,True
2026-09-17T06:41:05.066192+00:00,2.5701018999970984,77,324.00000000000006,240.0,324.0,240.0,324.0,240.0,5.684341886080802e-14,TRACKING,0.1999999999999995,0.0,3.2614000083412975,29.632878268238027,True,True
2026-09-17T06:41:05.098629+00:00,2.602527099996223,78,324.00000000000006,240.0,324.0,240.0,324.0,240.0,5.684341886080802e-14,TRACKING,0.2249999999999995,0.0,1.9631000031949952,30.840210701151978,True,True
2026-09-17T06:41:05.132047+00:00,2.6359608999919146,79,324.00000000000006,240.0,324.0,240.0,324.0,240.0,5.684341886080802e-14,TRACKING,0.2499999999999995,0.0,1.8625000084284693,29.909851710809605,True,True
2026-09-17T06:41:05.165014+00:00,2.6689262999861967,80,324.00000000000006,240.0,324.0,240.0,324.0,240.0,5.684341886080802e-14,TRACKING,0.2749999999999995,0.0,1.7518999957246706,30.334835924134183,True,True
2026-09-17T06:41:05.199128+00:00,2.7030368999985512,81,324.00000000000006,240.0,324.0,240.0,324.0,240.0,5.684341886080802e-14,TRACKING,0.29999999999999954,0.0,2.701099991099909,29.316400169970887,True,True
2026-09-17T06:41:05.232960+00:00,2.7368697999918368,82,324.00000000000006,240.0,324.0,240.0,324.0,240.0,5.684341886080802e-14,TRACKING,0.32499999999999957,0.0,3.252700000302866,29.557028815101855,True,True
2026-09-17T06:41:05.265279+00:00,2.769190699997125,83,324.00000000000006,240.0,324.0,240.0,324.0,240.0,5.684341886080802e-14,TRACKING,0.3499999999999996,0.0,2.2759999992558733,30.939732490010414,True,True
2026-09-17T06:41:05.297937+00:00,2.8018517999880714,84,324.00000000000006,240.0,324.0,240.0,324.0,240.0,5.684341886080802e-14,TRACKING,0.3749999999999996,0.0,1.6029999969759956,30.617462371971648,True,True
2026-09-17T06:41:05.331729+00:00,2.8356413999863435,85,324.00000000000006,240.0,324.0,240.0,324.0,240.0,5.684341886080802e-14,TRACKING,0.39999999999999963,0.0,2.034699995419942,29.59490494267879,True,True
2026-09-17T06:41:05.365617+00:00,2.8695287999871653,86,324.00000000000006,240.0,324.0,240.0,324.0,240.0,5.684341886080802e-14,TRACKING,0.42499999999999966,0.0,2.7184999926248565,29.509493203248084,True,True
2026-09-17T06:41:05.399860+00:00,2.9037695999868447,87,324.00000000000006,240.0,324.0,240.0,324.0,240.0,5.684341886080802e-14,TRACKING,0.4499999999999997,0.0,3.342199997860007,29.204925118845413,True,True
2026-09-17T06:41:05.431078+00:00,2.934992599999532,88,324.00000000000006,240.0,324.0,240.0,324.0,240.0,5.684341886080802e-14,TRACKING,0.4749999999999997,0.0,1.4414000033866614,32.02767189551459,True,True
2026-09-17T06:41:05.464688+00:00,2.9685966999968514,89,324.00000000000006,240.0,324.0,240.0,324.0,240.0,5.684341886080802e-14,TRACKING,0.4999999999999997,0.0,1.5442000003531575,29.758273546375996,True,True
2026-09-17T06:41:05.498207+00:00,3.0021198999893386,90,324.00000000000006,240.0,324.0,240.0,324.0,240.0,5.684341886080802e-14,TRACKING,0.5249999999999997,0.0,1.985499999136664,29.830087826463682,True,True
2026-09-17T06:41:05.531974+00:00,3.035886199999368,91,324.00000000000006,240.0,324.0,240.0,324.0,240.0,5.684341886080802e-14,TRACKING,0.5499999999999997,0.0,2.308800001628697,29.61532651498628,True,True
2026-09-17T06:41:05.566038+00:00,3.0699482999916654,92,324.00000000000006,240.0,324.0,240.0,324.0,240.0,5.684341886080802e-14,TRACKING,0.5749999999999997,0.0,2.961599995614961,29.35814292795008,True,True
2026-09-17T06:41:05.597999+00:00,3.1019125999882817,93,324.00000000000006,240.0,324.0,240.0,324.0,240.0,5.684341886080802e-14,TRACKING,0.5999999999999998,0.0,1.4926000003470108,31.284902222349874,True,True
2026-09-17T06:41:05.631630+00:00,3.1355423999921186,94,324.00000000000006,240.0,324.0,240.0,324.0,240.0,5.684341886080802e-14,TRACKING,0.6249999999999998,0.0,1.6958000051090494,29.735532173426808,True,True
2026-09-17T06:41:05.664555+00:00,3.168470399992657,95,324.0,240.0,324.0,240.0,324.0,240.0,0.0,TRACKING,0.6499999999999998,0.0,1.3789000076940283,30.36929057287573,True,True
2026-09-17T06:41:05.699182+00:00,3.203090799986967,96,324.0,240.0,324.0,240.0,324.0,240.0,0.0,TRACKING,0.6749999999999998,0.0,2.7380999963497743,28.884703820994392,True,True
2026-09-17T06:41:05.732650+00:00,3.2365611999994144,97,324.0,240.0,324.0,240.0,324.0,240.0,0.0,TRACKING,0.6999999999999998,0.0,2.993699992657639,29.877145167912673,True,True
2026-09-17T06:41:05.764588+00:00,3.2685020999924745,98,324.0,240.0,324.0,240.0,324.0,240.0,0.0,TRACKING,0.7249999999999999,0.0,1.7635999975027516,31.307821639880885,True,True
2026-09-17T06:41:05.798077+00:00,3.301992799999425,99,324.0,240.0,324.0,240.0,324.0,240.0,0.0,TRACKING,0.7499999999999999,0.0,1.8032999942079186,29.859035487238557,True,True
2026-09-17T06:41:05.832102+00:00,3.336018599991803,100,324.0,240.0,324.0,240.0,324.0,240.0,0.0,TRACKING,0.7749999999999999,0.0,2.2547999978996813,29.389463296204948,True,True
2026-09-17T06:41:05.866156+00:00,3.370069099997636,101,324.0,240.0,324.0,240.0,324.0,240.0,0.0,TRACKING,0.7999999999999999,0.0,3.015199996298179,29.36814436876696,True,True
2026-09-17T06:41:05.899185+00:00,3.4030980999959866,102,324.0,240.0,324.0,240.0,324.0,240.0,0.0,TRACKING,0.825,0.0,2.6147999888053164,30.276423750338704,True,True
2026-09-17T06:41:05.931167+00:00,3.4350825999863446,103,324.0,240.0,324.0,240.0,324.0,240.0,0.0,TRACKING,0.85,0.0,1.5016999968793243,31.265144063576358,True,True
2026-09-17T06:41:05.964334+00:00,3.468250599995372,104,324.0,240.0,324.0,240.0,324.0,240.0,0.0,TRACKING,0.875,0.0,1.385600000503473,30.149541718759973,True,True
2026-09-17T06:41:05.997984+00:00,3.5018976999999722,105,324.0,240.0,324.0,240.0,324.0,240.0,0.0,TRACKING,0.9,0.0,1.5789999888511375,29.720243345289077,True,True
2026-09-17T06:41:06.032799+00:00,3.536703799996758,106,324.0,240.0,324.0,240.0,324.0,240.0,0.0,TRACKING,0.925,0.0,2.8186999988975003,28.73059607633003,True,True
2026-09-17T06:41:06.066706+00:00,3.5706137999950442,107,324.0,240.0,324.0,240.0,324.0,240.0,0.0,TRACKING,0.9500000000000001,0.0,3.319099996588193,29.4898260115168,True,True
2026-09-17T06:41:06.098097+00:00,3.6020085999916773,108,324.0,240.0,324.0,240.0,324.0,240.0,0.0,TRACKING,0.9750000000000001,0.0,1.757299993187189,31.85240868256031,True,True
2026-09-17T06:41:06.131340+00:00,3.635256499997922,109,324.0,240.0,324.0,240.0,324.0,240.0,0.0,TRACKING,1.0,0.0,1.493299991125241,30.077087569806572,True,True
2026-09-17T06:41:06.165433+00:00,3.6693301999912364,110,324.0,240.0,324.0,240.0,324.0,240.0,0.0,TRACKING,1.025,0.0,2.247299998998642,29.348148284342916,True,True
2026-09-17T06:41:06.199455+00:00,3.703366499990807,111,324.0,240.0,324.0,240.0,324.0,240.0,0.0,TRACKING,1.0499999999999998,0.0,1.9373999966774136,29.380396812010108,True,True
2026-09-17T06:41:06.232621+00:00,3.7365288000000874,112,324.0,240.0,324.0,240.0,324.0,240.0,0.0,TRACKING,1.0749999999999997,0.0,2.9400000057648867,30.15472387983194,True,True
2026-09-17T06:41:06.264853+00:00,3.768760899998597,113,324.00000000000006,240.0,324.0,240.0,324.0,240.0,5.684341886080802e-14,TRACKING,1.0999999999999996,0.0,1.9251999910920858,31.024972001397437,True,True
2026-09-17T06:41:06.298741+00:00,3.802654099999927,114,324.00000000000006,240.0,324.0,240.0,324.0,240.0,5.684341886080802e-14,TRACKING,1.1249999999999996,0.0,2.028899994911626,29.504443368013515,True,True
2026-09-17T06:41:06.331267+00:00,3.835170999998809,115,324.00000000000006,240.0,324.0,240.0,324.0,240.0,5.684341886080802e-14,TRACKING,1.1499999999999995,0.0,1.461899999412708,30.75323908596412,True,True
2026-09-17T06:41:06.366108+00:00,3.870017799999914,116,324.0000000000001,240.0,324.0,240.0,324.0,240.0,1.1368683772161603e-13,TRACKING,1.1749999999999994,0.0,2.77730000379961,28.697039612483252,True,True
2026-09-17T06:41:06.399738+00:00,3.903631499997573,117,324.0000000000001,240.0,324.0,240.0,324.0,240.0,1.1368683772161603e-13,TRACKING,1.1999999999999993,0.0,3.4989999985555187,29.7497746475291,True,True
2026-09-17T06:41:06.431449+00:00,3.9353643999929773,118,324.0000000000001,240.0,324.0,240.0,324.0,240.0,1.1368683772161603e-13,TRACKING,1.2249999999999992,0.0,1.4828999992460012,31.513035371643454,True,True
2026-09-17T06:41:06.465298+00:00,3.9692130999901565,119,324.0000000000001,240.0,324.0,240.0,324.0,240.0,1.1368683772161603e-13,TRACKING,1.2499999999999991,0.0,1.7367999971611425,29.543232091138957,True,True
2026-09-17T06:41:06.498093+00:00,4.002004499998293,120,324.0000000000001,240.0,324.0,240.0,324.0,240.0,1.1368683772161603e-13,TRACKING,1.274999999999999,0.0,1.9081000064034015,30.495800720672914,True,True
2026-09-17T06:41:06.532071+00:00,4.035982599991257,121,324.00000000000017,240.0,324.0,240.0,324.0,240.0,1.7053025658242404e-13,TRACKING,1.299999999999999,0.0,2.439299991237931,29.43072155909431,True,True
2026-09-17T06:41:06.566534+00:00,4.070444099997985,122,324.00000000000017,240.0,324.0,240.0,324.0,240.0,1.7053025658242404e-13,TRACKING,1.3249999999999988,0.0,3.2872000010684133,29.01788952322944,True,True
2026-09-17T06:41:06.597716+00:00,4.101632099991548,123,324.00000000000017,240.0,324.0,240.0,324.0,240.0,1.7053025658242404e-13,TRACKING,1.3499999999999988,0.0,1.5060000005178154,32.06361421721185,True,True
2026-09-17T06:41:06.631336+00:00,4.135244699995383,124,324.0000000000002,240.0,324.0,240.0,324.0,240.0,2.2737367544323206e-13,TRACKING,1.3749999999999987,0.0,1.6887000092538074,29.750748227923797,True,True
2026-09-17T06:41:06.665475+00:00,4.16938599999412,125,324.0000000000002,240.0,324.0,240.0,324.0,240.0,2.2737367544323206e-13,TRACKING,1.3999999999999986,0.0,2.148600004147738,29.290038751804854,True,True
2026-09-17T06:41:06.698790+00:00,4.202701199988951,126,324.0000000000002,240.0,324.0,240.0,324.0,240.0,2.2737367544323206e-13,TRACKING,1.4249999999999985,0.0,2.505700002075173,30.01632888756916,True,True
2026-09-17T06:41:06.731883+00:00,4.23579309998604,127,324.0000000000002,240.0,324.0,240.0,324.0,240.0,2.2737367544323206e-13,TRACKING,1.4499999999999984,0.0,2.310999989276752,30.218875316556783,True,True
2026-09-17T06:41:06.764539+00:00,4.268442999993567,128,324.0000000000002,240.0,324.0,240.0,324.0,240.0,2.2737367544323206e-13,TRACKING,1.4749999999999983,0.0,1.4998999977251515,30.62796516281684,True,True
2026-09-17T06:41:06.797797+00:00,4.301711399995838,129,324.0000000000003,240.0,324.0,240.0,324.0,240.0,2.8421709430404007e-13,TRACKING,1.4999999999999982,0.0,1.2378999963402748,30.058554061263507,True,True
2026-09-17T06:41:06.832500+00:00,4.336412199991173,130,324.0000000000003,240.0,324.0,240.0,324.0,240.0,2.8421709430404007e-13,TRACKING,1.5249999999999981,0.0,2.6649999927030876,28.817779421063495,True,True
2026-09-17T06:41:06.866288+00:00,4.370192099988344,131,324.0000000000003,240.0,324.0,240.0,324.0,240.0,2.8421709430404007e-13,TRACKING,1.549999999999998,0.0,3.256000010878779,29.603403209711917,True,True
2026-09-17T06:41:06.899177+00:00,4.40308799999184,132,324.00000000000034,240.0,324.0,240.0,324.0,240.0,3.410605131648481e-13,TRACKING,1.574999999999998,0.0,2.9593999934149906,30.398925090778388,True,True
2026-09-17T06:41:06.931390+00:00,4.435304899991024,133,324.00000000000034,240.0,324.0,240.0,324.0,240.0,3.410605131648481e-13,TRACKING,1.5999999999999979,0.0,1.6324000025633723,31.03960964665476,True,True
2026-09-17T06:41:06.964581+00:00,4.46849219998694,134,324.00000000000034,240.0,324.0,240.0,324.0,240.0,3.410605131648481e-13,TRACKING,1.6249999999999978,0.0,1.5306999994209036,30.132008332195152,True,True
2026-09-17T06:41:06.998280+00:00,4.502190199986217,135,324.00000000000034,240.0,324.0,240.0,324.0,240.0,3.410605131648481e-13,TRACKING,1.6499999999999977,0.0,2.059099992038682,29.67535165355434,True,True
2026-09-17T06:41:07.032253+00:00,4.536166699996102,136,324.00000000000034,240.0,324.0,240.0,324.0,240.0,3.410605131648481e-13,TRACKING,1.6749999999999976,0.0,2.5319000124000013,29.432107477493616,True,True
2026-09-17T06:41:07.066571+00:00,4.5704835999931674,137,324.0000000000004,240.0,324.0,240.0,324.0,240.0,3.979039320256561e-13,TRACKING,1.6999999999999975,0.0,3.534100003889762,29.140161264144016,True,True
2026-09-17T06:41:07.097796+00:00,4.601712099989527,138,324.0000000000004,240.0,324.0,240.0,324.0,240.0,3.979039320256561e-13,TRACKING,1.7249999999999974,0.0,1.4719000027980655,32.022031161169366,True,True
2026-09-17T06:41:07.131314+00:00,4.635225499994704,139,324.0000000000004,240.0,324.0,240.0,324.0,240.0,3.979039320256561e-13,TRACKING,1.7499999999999973,0.0,1.4789999986533076,29.838810739749906,True,True
2026-09-17T06:41:07.164823+00:00,4.668737299987697,140,324.00000000000045,240.0,324.0,240.0,324.0,240.0,4.547473508864641e-13,TRACKING,1.7749999999999972,0.0,1.72460000612773,29.840235386015564,True,True
2026-09-17T06:41:07.198825+00:00,4.702736399995047,141,324.00000000000045,240.0,324.0,240.0,324.0,240.0,4.547473508864641e-13,TRACKING,1.7999999999999972,0.0,2.2351000079652295,29.412543266846146,True,True
2026-09-17T06:41:07.232206+00:00,4.736021699995035,142,324.00000000000045,240.0,324.0,240.0,324.0,240.0,4.547473508864641e-13,TRACKING,1.824999999999997,0.0,2.130399996531196,30.04329238433607,True,True
2026-09-17T06:41:07.264577+00:00,4.7684912999975495,143,316.00000000000045,240.0,316.0,240.0,318.0,240.0,1.9999999999995453,TRACKING,1.8124999999999971,0.0,1.4629999932367355,30.798038778505667,True,True
2026-09-17T06:41:07.298239+00:00,4.80215039999166,144,314.00000000000045,240.0,314.0,240.0,314.0,240.0,4.547473508864641e-13,TRACKING,1.774999999999997,0.0,1.960299996426329,29.709647619067766,True,True
2026-09-17T06:41:07.332672+00:00,4.8365885999955935,145,316.00000000000045,240.0,316.0,240.0,314.0,240.0,2.0000000000004547,TRACKING,1.737499999999997,0.0,2.659799996763468,29.037522282982,True,True
2026-09-17T06:41:07.365787+00:00,4.869701299990993,146,318.0000000000005,240.0,318.0,240.0,317.0,240.0,1.0000000000005116,TRACKING,1.718749999999997,0.0,2.704200000152923,30.199893096574307,True,True
2026-09-17T06:41:07.399396+00:00,4.9033080999943195,147,317.0000000000005,240.0,317.0,240.0,317.0,240.0,5.115907697472721e-13,TRACKING,1.6999999999999968,0.0,2.9008999990765005,29.75588273507198,True,True
2026-09-17T06:41:07.431231+00:00,4.9351422999898205,148,316.0000000000005,240.0,316.0,240.0,316.0,240.0,5.115907697472721e-13,TRACKING,1.674999999999997,0.0,1.5659999917261302,31.412757353454055,True,True
2026-09-17T06:41:07.464867+00:00,4.968780499999411,149,316.0000000000005,240.0,316.0,240.0,316.0,240.0,5.115907697472721e-13,TRACKING,1.649999999999997,0.0,1.5618999896105379,29.728106727318327,True,True
2026-09-17T06:41:07.498121+00:00,5.002033799988567,150,316.00000000000045,240.0,316.0,240.0,316.0,240.0,4.547473508864641e-13,TRACKING,1.6249999999999971,0.0,1.670199999352917,30.072203370075098,True,True
2026-09-17T06:41:07.532046+00:00,5.035958499996923,151,316.00000000000045,240.0,316.0,240.0,316.0,240.0,4.547473508864641e-13,TRACKING,1.5999999999999972,0.0,2.008200011914596,29.47704768955037,True,True
2026-09-17T06:41:07.566009+00:00,5.069920799985994,152,316.00000000000045,240.0,316.0,240.0,316.0,240.0,4.547473508864641e-13,TRACKING,1.5749999999999973,0.0,2.881899999920279,29.444413373705714,True,True
2026-09-17T06:41:07.597961+00:00,5.101874299987685,153,316.00000000000045,240.0,316.0,240.0,316.0,240.0,4.547473508864641e-13,TRACKING,1.5499999999999974,0.0,1.7441999953007326,31.29547623725321,True,True
2026-09-17T06:41:07.631176+00:00,5.135086399997817,154,316.00000000000045,240.0,316.0,240.0,316.0,240.0,4.547473508864641e-13,TRACKING,1.5249999999999975,0.0,1.5626000094925985,30.109508272434383,True,True
2026-09-17T06:41:07.665611+00:00,5.1695225999865215,155,316.0000000000004,240.0,316.0,240.0,316.0,240.0,3.979039320256561e-13,TRACKING,1.4999999999999976,0.0,2.3999999975785613,29.039208749165756,True,True
2026-09-17T06:41:07.699073+00:00,5.202982599992538,156,316.0000000000004,240.0,316.0,240.0,316.0,240.0,3.979039320256561e-13,TRACKING,1.4749999999999976,0.0,2.4396999942837283,29.886431554697936,True,True
2026-09-17T06:41:07.732685+00:00,5.236592899993411,157,316.00000000000034,240.0,316.0,240.0,316.0,240.0,3.410605131648481e-13,TRACKING,1.4499999999999977,0.0,2.7525999903446063,29.752784116000573,True,True
2026-09-17T06:41:07.764943+00:00,5.268856799986679,158,316.00000000000034,240.0,316.0,240.0,316.0,240.0,3.410605131648481e-13,TRACKING,1.4249999999999978,0.0,1.7268999945372343,30.99439312075289,True,True
2026-09-17T06:41:07.799460+00:00,5.303368499997305,159,316.00000000000034,240.0,316.0,240.0,316.0,240.0,3.410605131648481e-13,TRACKING,1.399999999999998,0.0,2.753699998720549,28.97568070225792,True,True
2026-09-17T06:41:07.832344+00:00,5.336251299988362,160,316.00000000000034,240.0,316.0,240.0,316.0,240.0,3.410605131648481e-13,TRACKING,1.374999999999998,0.0,1.9963999948231503,30.4110355648533,True,True
2026-09-17T06:41:07.865615+00:00,5.369527299990295,161,316.00000000000034,240.0,316.0,240.0,316.0,240.0,3.410605131648481e-13,TRACKING,1.349999999999998,0.0,2.009499992709607,30.051688903170373,True,True
2026-09-17T06:41:07.898916+00:00,5.402827699988848,162,316.00000000000034,240.0,316.0,240.0,316.0,240.0,3.410605131648481e-13,TRACKING,1.3249999999999982,0.0,2.5141999940387905,30.029669314587153,True,True
2026-09-17T06:41:07.931605+00:00,5.435515599994687,163,316.0000000000003,240.0,316.0,240.0,316.0,240.0,2.8421709430404007e-13,TRACKING,1.2999999999999983,0.0,1.9797999993897974,30.59235985858216,True,True
2026-09-17T06:41:07.964796+00:00,5.468710599991027,164,316.0000000000003,240.0,316.0,240.0,316.0,240.0,2.8421709430404007e-13,TRACKING,1.2749999999999984,0.0,1.498800003901124,30.125018831458366,True,True
2026-09-17T06:41:07.998332+00:00,5.502239699999336,165,316.0000000000002,240.0,316.0,240.0,316.0,240.0,2.2737367544323206e-13,TRACKING,1.2499999999999984,0.0,2.08020000718534,29.824838714793678,True,True
2026-09-17T06:41:08.032154+00:00,5.536068899993552,166,316.0000000000002,240.0,316.0,240.0,316.0,240.0,2.2737367544323206e-13,TRACKING,1.2249999999999985,0.0,2.168500010157004,29.560261554248523,True,True
2026-09-17T06:41:08.066646+00:00,5.5705589999997756,167,316.0000000000002,240.0,316.0,240.0,316.0,240.0,2.2737367544323206e-13,TRACKING,1.1999999999999986,0.0,3.655699998489581,28.993827208954233,True,True
2026-09-17T06:41:08.098294+00:00,5.602209099990432,168,316.0000000000002,240.0,316.0,240.0,316.0,240.0,2.2737367544323206e-13,TRACKING,1.1749999999999987,0.0,1.7026999994413927,31.595476800869797,True,True
2026-09-17T06:41:08.131479+00:00,5.635390399998869,169,316.0000000000002,240.0,316.0,240.0,316.0,240.0,2.2737367544323206e-13,TRACKING,1.1499999999999988,0.0,1.8397999956505373,30.137456933445655,True,True
2026-09-17T06:41:08.164795+00:00,5.668706899989047,170,316.0000000000002,240.0,316.0,240.0,316.0,240.0,2.2737367544323206e-13,TRACKING,1.124999999999999,0.0,1.7899999947985634,30.01515766346407,True,True
2026-09-17T06:41:08.199018+00:00,5.702931299994816,171,316.00000000000017,240.0,316.0,240.0,316.0,240.0,1.7053025658242404e-13,TRACKING,1.099999999999999,0.0,2.7064000023528934,29.218919830046296,True,True
2026-09-17T06:41:08.233226+00:00,5.737133599992376,172,316.00000000000017,240.0,316.0,240.0,316.0,240.0,1.7053025658242404e-13,TRACKING,1.074999999999999,0.0,3.3623000053921714,29.237799799175715,True,True
2026-09-17T06:41:08.265061+00:00,5.768966699994053,173,316.0000000000001,240.0,316.0,240.0,316.0,240.0,1.1368683772161603e-13,TRACKING,1.0499999999999992,0.0,1.7641000013099983,31.41384282232396,True,True
2026-09-17T06:41:08.297981+00:00,5.801895499986131,174,316.0000000000001,240.0,316.0,240.0,316.0,240.0,1.1368683772161603e-13,TRACKING,1.0249999999999992,0.0,1.5331000031437725,30.36855276355592,True,True
2026-09-17T06:41:08.331532+00:00,5.8354441999981645,175,316.0000000000001,240.0,316.0,240.0,316.0,240.0,1.1368683772161603e-13,TRACKING,0.9999999999999992,0.0,1.9608000002335757,29.807414285540226,True,True
2026-09-17T06:41:08.366079+00:00,5.869986599995173,176,316.0000000000001,240.0,316.0,240.0,316.0,240.0,1.1368683772161603e-13,TRACKING,0.9749999999999992,0.0,2.743500008364208,28.949928206685616,True,True
2026-09-17T06:41:08.400437+00:00,5.904344399998081,177,316.0000000000001,240.0,316.0,240.0,316.0,240.0,1.1368683772161603e-13,TRACKING,0.9499999999999992,0.0,3.73070000205189,29.10547240845897,True,True
2026-09-17T06:41:08.431710+00:00,5.9356255999882706,178,316.0000000000001,240.0,316.0,240.0,316.0,240.0,1.1368683772161603e-13,TRACKING,0.9249999999999992,0.0,1.7743000062182546,31.968083075892824,True,True
2026-09-17T06:41:08.464698+00:00,5.9686103999993065,179,316.0000000000001,240.0,316.0,240.0,316.0,240.0,1.1368683772161603e-13,TRACKING,0.8999999999999991,0.0,1.5448999911313877,30.3169944842904,True,True
2026-09-17T06:41:08.499014+00:00,6.0029290999955265,180,316.0000000000001,240.0,316.0,240.0,316.0,240.0,1.1368683772161603e-13,TRACKING,0.8749999999999991,0.0,2.7637999883154407,29.138632876832325,True,True
2026-09-17T06:41:08.532370+00:00,6.036281999986386,181,316.0000000000001,240.0,316.0,240.0,316.0,240.0,1.1368683772161603e-13,TRACKING,0.8499999999999991,0.0,2.6883999962592497,29.982400339222554,True,True
2026-09-17T06:41:08.566488+00:00,6.070399699994596,182,316.0000000000001,240.0,316.0,240.0,316.0,240.0,1.1368683772161603e-13,TRACKING,0.8249999999999991,0.0,3.511400005663745,29.310299339034238,True,True
2026-09-17T06:41:08.598067+00:00,6.101977199999965,183,316.0000000000001,240.0,316.0,240.0,316.0,240.0,1.1368683772161603e-13,TRACKING,0.799999999999999,0.0,1.7082000122172758,31.668118116696114,True,True
2026-09-17T06:41:08.631414+00:00,6.1353241999895545,184,316.00000000000017,240.0,316.0,240.0,316.0,240.0,1.7053025658242404e-13,TRACKING,0.774999999999999,0.0,1.624900003662333,29.98770505029483,True,True
2026-09-17T06:41:08.664965+00:00,6.1688768999883905,185,316.00000000000017,240.0,316.0,240.0,316.0,240.0,1.7053025658242404e-13,TRACKING,0.749999999999999,0.0,1.66529999114573,29.80386079316093,True,True
2026-09-17T06:41:08.699359+00:00,6.203270599988173,186,316.00000000000017,240.0,316.0,240.0,316.0,240.0,1.7053025658242404e-13,TRACKING,0.724999999999999,0.0,2.952700000605546,29.075092240914206,True,True
2026-09-17T06:41:08.731668+00:00,6.235577799991006,187,316.00000000000017,240.0,316.0,240.0,316.0,240.0,1.7053025658242404e-13,TRACKING,0.699999999999999,0.0,2.0053000043844804,30.952852612182493,True,True
2026-09-17T06:41:08.765386+00:00,6.269295499994769,188,316.00000000000017,240.0,316.0,240.0,316.0,240.0,1.7053025658242404e-13,TRACKING,0.6749999999999989,0.0,2.0581999997375533,29.658013443633607,True,True
2026-09-17T06:41:08.797561+00:00,6.301475799991749,189,316.00000000000017,240.0,316.0,240.0,316.0,240.0,1.7053025658242404e-13,TRACKING,0.6499999999999989,0.0,1.3424000062514096,31.07491229397587,True,True
2026-09-17T06:41:08.831100+00:00,6.335014699987369,190,316.00000000000017,240.0,316.0,240.0,316.0,240.0,1.7053025658242404e-13,TRACKING,0.6249999999999989,0.0,1.523099999758415,29.816123967411322,True,True
2026-09-17T06:41:08.865773+00:00,6.369680099989637,191,316.00000000000017,240.0,316.0,240.0,316.0,240.0,1.7053025658242404e-13,TRACKING,0.5999999999999989,0.0,2.2696999949403107,28.847207876861955,True,True
2026-09-17T06:41:08.899607+00:00,6.403517200000351,192,316.00000000000017,240.0,316.0,240.0,316.0,240.0,1.7053025658242404e-13,TRACKING,0.5749999999999988,0.0,3.2868999987840652,29.553360059915025,True,True
2026-09-17T06:41:08.931337+00:00,6.4352513999911025,193,316.00000000000017,240.0,316.0,240.0,316.0,240.0,1.7053025658242404e-13,TRACKING,0.5499999999999988,0.0,1.7239000007975847,31.51174443633194,True,True
2026-09-17T06:41:08.964764+00:00,6.4686689999944065,194,316.00000000000017,240.0,316.0,240.0,316.0,240.0,1.7053025658242404e-13,TRACKING,0.5249999999999988,0.0,1.6499000048497692,29.924351237106528,True,True
2026-09-17T06:41:08.998258+00:00,6.502171799991629,195,316.0000000000002,240.0,316.0,240.0,316.0,240.0,2.2737367544323206e-13,TRACKING,0.4999999999999988,0.0,1.7629000067245215,29.848251491902175,True,True
2026-09-17T06:41:09.032640+00:00,6.536548099989886,196,316.0000000000002,240.0,316.0,240.0,316.0,240.0,2.2737367544323206e-13,TRACKING,0.47499999999999876,0.0,2.5587999989511445,29.089808968699206,True,True
2026-09-17T06:41:09.066311+00:00,6.570223899994744,197,316.0000000000002,240.0,316.0,240.0,316.0,240.0,2.2737367544323206e-13,TRACKING,0.44999999999999873,0.0,3.0298000056063756,29.694914444668107,True,True
2026-09-17T06:41:09.098168+00:00,6.602079099990078,198,316.0000000000002,240.0,316.0,240.0,316.0,240.0,2.2737367544323206e-13,TRACKING,0.4249999999999987,0.0,1.6561999946134165,31.392049026421656,True,True
2026-09-17T06:41:09.131677+00:00,6.635590799996862,199,316.0000000000002,240.0,316.0,240.0,316.0,240.0,2.2737367544323206e-13,TRACKING,0.3999999999999987,0.0,1.7191999941132963,29.840324417966414,True,True
2026-09-17T06:41:09.165253+00:00,6.669165799990878,200,316.0000000000002,240.0,316.0,240.0,316.0,240.0,2.2737367544323206e-13,TRACKING,0.37499999999999867,0.0,2.00089999998454,29.78406553025228,True,True
2026-09-17T06:41:09.198720+00:00,6.702632099986658,201,316.0000000000002,240.0,316.0,240.0,316.0,240.0,2.2737367544323206e-13,TRACKING,0.34999999999999865,0.0,2.4141999892890453,29.880805470760055,True,True
2026-09-17T06:41:09.232230+00:00,6.736141099987435,202,316.0000000000002,240.0,316.0,240.0,316.0,240.0,2.2737367544323206e-13,TRACKING,0.3249999999999986,0.0,2.563899994129315,29.84272881843148,True,True
2026-09-17T06:41:09.265010+00:00,6.768919599999208,203,316.0000000000002,240.0,316.0,240.0,316.0,240.0,2.2737367544323206e-13,TRACKING,0.2999999999999986,0.0,1.6601000097580254,30.507802359498946,True,True
2026-09-17T06:41:09.298321+00:00,6.802236799994716,204,316.0000000000002,240.0,316.0,240.0,316.0,240.0,2.2737367544323206e-13,TRACKING,0.2749999999999986,0.0,1.6943000082392246,30.014527035129383,True,True
2026-09-17T06:41:09.331687+00:00,6.835596699995222,205,316.0000000000002,240.0,316.0,240.0,316.0,240.0,2.2737367544323206e-13,TRACKING,0.24999999999999858,0.0,1.9745000026887283,29.97610904064034,True,True
2026-09-17T06:41:09.365872+00:00,6.869783099988126,206,316.0000000000002,240.0,316.0,240.0,316.0,240.0,2.2737367544323206e-13,TRACKING,0.2249999999999986,0.0,2.904799999669194,29.25139822290588,True,True
2026-09-17T06:41:09.400202+00:00,6.90411529999983,207,316.0000000000002,240.0,316.0,240.0,316.0,240.0,2.2737367544323206e-13,TRACKING,0.1999999999999986,0.0,3.7515000003622845,29.127175061868805,True,True
2026-09-17T06:41:09.431930+00:00,6.935842599996249,208,316.0000000000002,240.0,316.0,240.0,316.0,240.0,2.2737367544323206e-13,TRACKING,0.1749999999999986,0.0,1.9156000053044409,31.518597552041047,True,True
2026-09-17T06:41:09.464844+00:00,6.968759199997294,209,316.0000000000002,240.0,316.0,240.0,316.0,240.0,2.2737367544323206e-13,TRACKING,0.1499999999999986,0.0,1.7288999952143058,30.37980836320477,True,True
2026-09-17T06:41:09.498539+00:00,7.002448199986247,210,316.0000000000002,240.0,316.0,240.0,316.0,240.0,2.2737367544323206e-13,TRACKING,0.12499999999999861,0.0,2.0394999883137643,29.68327941844204,True,True
2026-09-17T06:41:09.533228+00:00,7.0371426999918185,211,316.0000000000002,240.0,316.0,240.0,316.0,240.0,2.2737367544323206e-13,TRACKING,0.09999999999999862,0.0,3.1018000008771196,28.8230122883864,True,True
2026-09-17T06:41:09.566283+00:00,7.070191799997701,212,316.0000000000002,240.0,316.0,240.0,316.0,240.0,2.2737367544323206e-13,TRACKING,0.07499999999999862,0.0,3.14470000739675,30.258010046324966,True,True
2026-09-17T06:41:09.598015+00:00,7.101929199998267,213,316.0000000000002,240.0,316.0,240.0,316.0,240.0,2.2737367544323206e-13,TRACKING,0.04999999999999862,0.0,1.7931999900611117,31.508567178854477,True,True
2026-09-17T06:41:09.631336+00:00,7.135249699989799,214,316.0000000000002,240.0,316.0,240.0,316.0,240.0,2.2737367544323206e-13,TRACKING,0.02499999999999862,0.0,1.7564000008860603,30.011554456089357,True,True
2026-09-17T06:41:09.664928+00:00,7.168842399987625,215,316.0000000000002,240.0,316.0,240.0,316.0,240.0,2.2737367544323206e-13,TRACKING,-1.3808398868775384e-15,0.0,1.8591999978525564,29.768372297098175,True,True
2026-09-17T06:41:09.698743+00:00,7.202655399989453,216,316.0000000000002,240.0,316.0,240.0,316.0,240.0,2.2737367544323206e-13,TRACKING,-0.025000000000001382,0.0,2.318099999683909,29.574424036492843,True,True
2026-09-17T06:41:09.733487+00:00,7.2374001999996835,217,316.0000000000002,240.0,316.0,240.0,316.0,240.0,2.2737367544323206e-13,TRACKING,-0.050000000000001384,0.0,3.721499990206212,28.781285248599968,True,True
2026-09-17T06:41:09.764574+00:00,7.268487899986212,218,316.0000000000002,240.0,316.0,240.0,316.0,240.0,2.2737367544323206e-13,TRACKING,-0.07500000000000139,0.0,1.6885000077309087,32.16706287159665,True,True
2026-09-17T06:41:09.797979+00:00,7.301892099989345,219,316.0000000000002,240.0,316.0,240.0,316.0,240.0,2.2737367544323206e-13,TRACKING,-0.1000000000000014,0.0,1.5323999978136271,29.936355305806,True,True
2026-09-17T06:41:09.831837+00:00,7.335745499993209,220,316.0000000000002,240.0,316.0,240.0,316.0,240.0,2.2737367544323206e-13,TRACKING,-0.1250000000000014,0.0,1.7057000077329576,29.539130482783875,True,True
2026-09-17T06:41:09.866180+00:00,7.370094799989602,221,316.0000000000002,240.0,316.0,240.0,316.0,240.0,2.2737367544323206e-13,TRACKING,-0.15000000000000138,0.0,3.0513999954564497,29.112674788278515,True,True
2026-09-17T06:41:09.899724+00:00,7.403631199995289,222,316.0000000000002,240.0,316.0,240.0,316.0,240.0,2.2737367544323206e-13,TRACKING,-0.17500000000000138,0.0,3.0667000100947917,29.8183466272594,True,True
2026-09-17T06:41:09.931101+00:00,7.435010699991835,223,316.0000000000002,240.0,316.0,240.0,316.0,240.0,2.2737367544323206e-13,TRACKING,-0.20000000000000137,0.0,1.4571999927284196,31.86793926321487,True,True
2026-09-17T06:41:09.964719+00:00,7.468630399991525,224,316.0000000000002,240.0,316.0,240.0,316.0,240.0,2.2737367544323206e-13,TRACKING,-0.22500000000000137,0.0,1.759999999194406,29.74446529889378,True,True
2026-09-17T06:41:09.998194+00:00,7.50210579999839,225,316.0000000000002,240.0,316.0,240.0,316.0,240.0,2.2737367544323206e-13,TRACKING,-0.2500000000000014,0.0,2.0053000043844804,29.872682620519765,True,True
2026-09-17T06:41:10.031987+00:00,7.535900599992601,226,316.0000000000002,240.0,316.0,240.0,316.0,240.0,2.2737367544323206e-13,TRACKING,-0.2750000000000014,0.0,2.4031000066315755,29.590351183356002,True,True
2026-09-17T06:41:10.066224+00:00,7.570136700000148,227,316.0000000000002,240.0,316.0,240.0,316.0,240.0,2.2737367544323206e-13,TRACKING,-0.30000000000000143,0.0,3.2184000010602176,29.20893442242423,True,True
2026-09-17T06:41:10.097891+00:00,7.60179899999639,228,316.0000000000002,240.0,316.0,240.0,316.0,240.0,2.2737367544323206e-13,TRACKING,-0.32500000000000145,0.0,1.6568999999435619,31.583302543362052,True,True
2026-09-17T06:41:10.131384+00:00,7.6352992999891285,229,316.0000000000002,240.0,316.0,240.0,316.0,240.0,2.2737367544323206e-13,TRACKING,-0.3500000000000015,0.0,1.520300007541664,29.850478957405322,True,True
2026-09-17T06:41:10.164849+00:00,7.6687609999935376,230,316.0000000000002,240.0,316.0,240.0,316.0,240.0,2.2737367544323206e-13,TRACKING,-0.3750000000000015,0.0,1.6782000020612031,29.88491319533184,True,True
2026-09-17T06:41:10.198635+00:00,7.7025485999911325,231,316.0000000000002,240.0,316.0,240.0,316.0,240.0,2.2737367544323206e-13,TRACKING,-0.4000000000000015,0.0,2.214100008131936,29.596656763758933,True,True
2026-09-17T06:41:10.233118+00:00,7.737031599986949,232,316.0000000000002,240.0,316.0,240.0,316.0,240.0,2.2737367544323206e-13,TRACKING,-0.42500000000000154,0.0,3.518400000757538,28.999797004939264,True,True
2026-09-17T06:41:10.264567+00:00,7.768480399987311,233,316.0000000000002,240.0,316.0,240.0,316.0,240.0,2.2737367544323206e-13,TRACKING,-0.45000000000000157,0.0,1.5114999987417832,31.797715651741438,True,True
2026-09-17T06:41:10.298461+00:00,7.802374699997017,234,316.0000000000002,240.0,316.0,240.0,316.0,240.0,2.2737367544323206e-13,TRACKING,-0.4750000000000016,0.0,1.8905000033555552,29.50348582840293,True,True
2026-09-17T06:41:10.331337+00:00,7.8352473999984795,235,316.0000000000002,240.0,316.0,240.0,316.0,240.0,2.2737367544323206e-13,TRACKING,-0.5000000000000016,0.0,1.855399998021312,30.42037921909409,True,True
2026-09-17T06:41:10.365606+00:00,7.869517899991479,236,316.0000000000002,240.0,316.0,240.0,316.0,240.0,2.2737367544323206e-13,TRACKING,-0.5250000000000016,0.0,2.62759999895934,29.179615126837344,True,True
2026-09-17T06:41:10.400171+00:00,7.904081699991366,237,316.0000000000002,240.0,316.0,240.0,316.0,240.0,2.2737367544323206e-13,TRACKING,-0.5500000000000016,0.0,3.7837999989278615,28.93200400428384,True,True
2026-09-17T06:41:10.431333+00:00,7.935244299995247,238,316.0000000000002,240.0,316.0,240.0,316.0,240.0,2.2737367544323206e-13,TRACKING,-0.5750000000000016,0.0,1.7608000052860007,32.089748604912536,True,True
2026-09-17T06:41:10.464601+00:00,7.968515699991258,239,316.0000000000002,240.0,316.0,240.0,316.0,240.0,2.2737367544323206e-13,TRACKING,-0.6000000000000016,0.0,1.5750000020489097,30.05584376130566,True,True
2026-09-17T06:41:10.498216+00:00,8.002131399989594,240,316.0000000000002,240.0,316.0,240.0,316.0,240.0,2.2737367544323206e-13,TRACKING,-0.6250000000000017,0.0,1.9004000059794635,29.74800465406055,True,True
2026-09-17T06:41:10.532584+00:00,8.036494699990726,241,316.0000000000003,240.0,316.0,240.0,316.0,240.0,2.8421709430404007e-13,TRACKING,-0.6500000000000017,0.0,2.620799990836531,29.100813948807275,True,True
2026-09-17T06:41:10.566272+00:00,8.070182600000408,242,316.0000000000003,240.0,316.0,240.0,316.0,240.0,2.8421709430404007e-13,TRACKING,-0.6750000000000017,0.0,3.249699992011301,29.684248638609496,True,True
2026-09-17T06:41:10.598368+00:00,8.102273699987563,243,316.0000000000003,240.0,316.0,240.0,316.0,240.0,2.8421709430404007e-13,TRACKING,-0.7000000000000017,0.0,1.787100001820363,31.16128772152538,True,True
2026-09-17T06:41:10.630992+00:00,8.13490429999365,244,316.0000000000003,240.0,316.0,240.0,316.0,240.0,2.8421709430404007e-13,TRACKING,-0.7250000000000018,0.0,1.4738000027136877,30.646080667026194,True,True
2026-09-17T06:41:10.665413+00:00,8.169307899996056,245,316.0000000000003,240.0,316.0,240.0,316.0,240.0,2.8421709430404007e-13,TRACKING,-0.7500000000000018,0.0,2.2778999991714954,29.06672557319759,True,True
2026-09-17T06:41:10.698820+00:00,8.202732399993693,246,316.0000000000003,240.0,316.0,240.0,316.0,240.0,2.8421709430404007e-13,TRACKING,-0.7750000000000018,0.0,2.5656000070739537,29.91817379678731,True,True
2026-09-17T06:41:10.732475+00:00,8.236383899988141,247,316.0000000000003,240.0,316.0,240.0,316.0,240.0,2.8421709430404007e-13,TRACKING,-0.8000000000000018,0.0,2.8458999877329916,29.716357373816138,True,True
2026-09-17T06:41:10.764776+00:00,8.268677299987758,248,316.0000000000003,240.0,316.0,240.0,316.0,240.0,2.8421709430404007e-13,TRACKING,-0.8250000000000018,0.0,1.695099999778904,30.966079756602596,True,True
2026-09-17T06:41:10.798352+00:00,8.30226369999582,249,316.0000000000003,240.0,316.0,240.0,316.0,240.0,2.8421709430404007e-13,TRACKING,-0.8500000000000019,0.0,1.7837999912444502,29.77395611795147,True,True
2026-09-17T06:41:10.831608+00:00,8.33552249999775,250,316.0000000000003,240.0,316.0,240.0,316.0,240.0,2.8421709430404007e-13,TRACKING,-0.8750000000000019,0.0,1.9632999901659787,30.067230325265157,True,True
2026-09-17T06:41:10.865698+00:00,8.369609999994282,251,316.00000000000034,240.0,316.0,240.0,316.0,240.0,3.410605131648481e-13,TRACKING,-0.9000000000000019,0.0,2.2833999973954633,29.336266963014968,True,True
2026-09-17T06:41:10.900205+00:00,8.40411609999137,252,316.00000000000034,240.0,316.0,240.0,316.0,240.0,3.410605131648481e-13,TRACKING,-0.9250000000000019,0.0,3.692900005262345,28.980383181071804,True,True
2026-09-17T06:41:10.932425+00:00,8.436335999998846,253,316.00000000000034,240.0,316.0,240.0,316.0,240.0,3.410605131648481e-13,TRACKING,-0.950000000000002,0.0,2.6507000002311543,31.036719535689635,True,True
2026-09-17T06:41:10.965001+00:00,8.468915899997228,254,316.00000000000034,240.0,316.0,240.0,316.0,240.0,3.410605131648481e-13,TRACKING,-0.975000000000002,0.0,1.847099993028678,30.693771314512038,True,True
2026-09-17T06:41:10.998771+00:00,8.50268469999719,255,316.00000000000034,240.0,316.0,240.0,316.0,240.0,3.410605131648481e-13,TRACKING,-1.000000000000002,0.0,2.1166999940760434,29.613134017232955,True,True
2026-09-17T06:41:11.032439+00:00,8.536349299989524,256,316.00000000000034,240.0,316.0,240.0,316.0,240.0,3.410605131648481e-13,TRACKING,-1.025000000000002,0.0,2.8091999993193895,29.70479376638047,True,True
2026-09-17T06:41:11.065865+00:00,8.569761399994604,257,316.00000000000034,240.0,316.0,240.0,316.0,240.0,3.410605131648481e-13,TRACKING,-1.0500000000000018,0.0,2.7396000077715144,29.929277113619303,True,True
2026-09-17T06:41:11.098213+00:00,8.602128200000152,258,316.0000000000003,240.0,316.0,240.0,316.0,240.0,2.8421709430404007e-13,TRACKING,-1.0750000000000017,0.0,1.7315000004600734,30.89585624246447,True,True
2026-09-17T06:41:11.131396+00:00,8.635309499994037,259,316.0000000000003,240.0,316.0,240.0,316.0,240.0,2.8421709430404007e-13,TRACKING,-1.1000000000000016,0.0,1.5805999864824116,30.13745694666267,True,True
2026-09-17T06:41:11.165011+00:00,8.668923699995503,260,316.0000000000002,240.0,316.0,240.0,316.0,240.0,2.2737367544323206e-13,TRACKING,-1.1250000000000016,0.0,1.767699999618344,29.749332126196215,True,True
2026-09-17T06:41:11.199017+00:00,8.70292869998957,261,316.0000000000002,240.0,316.0,240.0,316.0,240.0,2.2737367544323206e-13,TRACKING,-1.1500000000000015,0.0,2.732799999648705,29.407440087471265,True,True
2026-09-17T06:41:11.232158+00:00,8.736066099998425,262,316.0000000000002,240.0,316.0,240.0,316.0,240.0,2.2737367544323206e-13,TRACKING,-1.1750000000000014,0.0,2.4981000024126843,30.177382647184018,True,True
2026-09-17T06:41:11.265092+00:00,8.768997699997271,263,316.0000000000002,240.0,316.0,240.0,316.0,240.0,2.2737367544323206e-13,TRACKING,-1.2000000000000013,0.0,1.932600003783591,30.365970679682206,True,True
2026-09-17T06:41:11.298049+00:00,8.801964599988423,264,316.0000000000002,240.0,316.0,240.0,316.0,240.0,2.2737367544323206e-13,TRACKING,-1.2250000000000012,0.0,1.6856000002007931,30.33345568641256,True,True
2026-09-17T06:41:11.331735+00:00,8.835647399988375,265,316.0000000000002,240.0,316.0,240.0,316.0,240.0,2.2737367544323206e-13,TRACKING,-1.250000000000001,0.0,1.815399999031797,29.688743216165026,True,True
2026-09-17T06:41:11.365620+00:00,8.86953439998615,266,316.00000000000017,240.0,316.0,240.0,316.0,240.0,1.7053025658242404e-13,TRACKING,-1.275000000000001,0.0,2.6310000102967024,29.5098415340877,True,True
2026-09-17T06:41:11.399316+00:00,8.90322959999321,267,316.00000000000017,240.0,316.0,240.0,316.0,240.0,1.7053025658242404e-13,TRACKING,-1.300000000000001,0.0,3.0841999978292733,29.67781760578617,True,True
2026-09-17T06:41:11.431436+00:00,8.935351599997375,268,316.0000000000001,240.0,316.0,240.0,316.0,240.0,1.1368683772161603e-13,TRACKING,-1.3250000000000008,0.0,1.8492999952286482,31.131311869445923,True,True
2026-09-17T06:41:11.465221+00:00,8.969131699996069,269,316.0000000000001,240.0,316.0,240.0,316.0,240.0,1.1368683772161603e-13,TRACKING,-1.3500000000000008,0.0,2.3225000040838495,29.603227937118728,True,True
2026-09-17T06:41:11.498323+00:00,9.00223559999722,270,316.0000000000001,240.0,316.0,240.0,316.0,240.0,1.1368683772161603e-13,TRACKING,-1.3750000000000007,0.0,1.8023000011453405,30.207921120025617,True,True
2026-09-17T06:41:11.532437+00:00,9.036349199988763,271,316.0000000000001,240.0,316.0,240.0,316.0,240.0,1.1368683772161603e-13,TRACKING,-1.4000000000000006,0.0,2.482999989297241,29.31382206064232,True,True
2026-09-17T06:41:11.565977+00:00,9.069888999991235,272,316.0000000000001,240.0,316.0,240.0,316.0,240.0,1.1368683772161603e-13,TRACKING,-1.4250000000000005,0.0,2.868199997465126,29.815323881665435,True,True
2026-09-17T06:41:11.598220+00:00,9.102132999993046,273,316.0000000000001,240.0,316.0,240.0,316.0,240.0,1.1368683772161603e-13,TRACKING,-1.4500000000000004,0.0,1.8918999994639307,31.01352189380506,True,True
2026-09-17T06:41:11.631049+00:00,9.134962599986466,274,316.00000000000006,240.0,316.0,240.0,316.0,240.0,5.684341886080802e-14,TRACKING,-1.4750000000000003,0.0,1.3300999999046326,30.46031630602974,True,True
2026-09-17T06:41:11.665265+00:00,9.169175599992741,275,316.00000000000006,240.0,316.0,240.0,316.0,240.0,5.684341886080802e-14,TRACKING,-1.5000000000000002,0.0,1.9186999998055398,29.22865576875991,True,True
2026-09-17T06:41:11.699558+00:00,9.20346609999251,276,316.0,240.0,316.0,240.0,316.0,240.0,0.0,TRACKING,-1.5250000000000001,0.0,2.8854999982286245,29.16259605449639,True,True
2026-09-17T06:41:11.732493+00:00,9.23640599999635,277,316.0,240.0,316.0,240.0,316.0,240.0,0.0,TRACKING,-1.55,0.0,2.8218000079505146,30.358319238475094,True,True
2026-09-17T06:41:11.764698+00:00,9.268607499994687,278,316.0,240.0,316.0,240.0,316.0,240.0,0.0,TRACKING,-1.575,0.0,1.6288000042550266,31.0544539866669,True,True
2026-09-17T06:41:11.798013+00:00,9.301925099993241,279,316.0,240.0,316.0,240.0,316.0,240.0,0.0,TRACKING,-1.5999999999999999,0.0,1.8069000070681795,30.01416668797855,True,True
2026-09-17T06:41:11.831889+00:00,9.335801099994569,280,316.0,240.0,316.0,240.0,316.0,240.0,0.0,TRACKING,-1.6249999999999998,0.0,2.238400003989227,29.519423779690527,True,True
2026-09-17T06:41:11.865208+00:00,9.369120999996085,281,315.99999999999994,240.0,315.0,240.0,315.0,240.0,0.9999999999999432,TRACKING,-1.6562499999999998,0.0,2.275200007716194,30.012094872869145,True,True
2026-09-17T06:41:11.900157+00:00,9.404062299989164,282,316.99999999999994,240.0,316.0,240.0,316.0,240.0,0.9999999999999432,TRACKING,-1.6812499999999997,0.0,3.661800001282245,28.619427445403307,True,True
2026-09-17T06:41:11.931714+00:00,9.435619199997745,283,316.99999999999994,240.0,316.0,240.0,316.0,240.0,0.9999999999999432,TRACKING,-1.7062499999999996,0.0,1.755399993271567,31.688790715439733,True,True
2026-09-17T06:41:11.964621+00:00,9.468536199987284,284,316.99999999999994,240.0,316.0,240.0,316.0,240.0,0.9999999999999432,TRACKING,-1.7312499999999995,0.0,1.76090000604745,30.379439205207518,True,True
2026-09-17T06:41:11.998222+00:00,9.502126699997461,285,316.99999999999994,240.0,316.0,240.0,316.0,240.0,0.9999999999999432,TRACKING,-1.7562499999999994,0.0,1.7630000074859709,29.770321957012033,True,True
2026-09-17T06:41:12.032630+00:00,9.5365415999986,286,316.9999999999999,240.0,316.0,240.0,316.0,240.0,0.9999999999998863,TRACKING,-1.7812499999999993,0.0,3.056700006709434,29.057181626763985,True,True
2026-09-17T06:41:12.065987+00:00,9.569895599997835,287,316.9999999999999,240.0,316.0,240.0,316.0,240.0,0.9999999999998863,TRACKING,-1.8062499999999992,0.0,2.812400009133853,29.98141152554189,True,True
2026-09-17T06:41:12.098133+00:00,9.602043199993204,288,316.9999999999999,240.0,316.0,240.0,316.0,240.0,0.9999999999998863,TRACKING,-1.8312499999999992,0.0,1.875999994808808,31.10652117557925,True,True
2026-09-17T06:41:12.131765+00:00,9.635680499995942,289,324.9999999999999,240.0,324.0,240.0,322.0,240.0,2.9999999999998863,TRACKING,-1.8187499999999992,0.0,1.5076999989105389,29.728902138953043,True,True
2026-09-17T06:41:12.165225+00:00,9.669138899989775,290,326.9999999999999,240.0,326.0,240.0,326.0,240.0,0.9999999999998863,TRACKING,-1.7812499999999991,0.0,2.17720000364352,29.887860751987954,True,True
2026-09-17T06:41:12.198764+00:00,9.702676099987002,291,324.9999999999999,240.0,324.0,240.0,326.0,240.0,1.0000000000001137,TRACKING,-1.743749999999999,0.0,2.4113999970722944,29.817635344712528,True,True
2026-09-17T06:41:12.232396+00:00,9.73630009999033,292,322.99999999999983,240.0,322.0,240.0,323.0,240.0,1.7053025658242404e-13,TRACKING,-1.724999999999999,0.0,2.494699991075322,29.74066142936613,True,True
2026-09-17T06:41:12.265047+00:00,9.768952399987029,293,323.99999999999983,240.0,323.0,240.0,323.0,240.0,0.9999999999998295,TRACKING,-1.706249999999999,0.0,2.0480000093812123,30.62571396505354,True,True
2026-09-17T06:41:12.298057+00:00,9.801971900000353,294,324.99999999999983,240.0,324.0,240.0,324.0,240.0,0.9999999999998295,TRACKING,-1.681249999999999,0.0,1.522799997474067,30.285134529489174,True,True
2026-09-17T06:41:12.331474+00:00,9.835387699989951,295,324.99999999999983,240.0,324.0,240.0,324.0,240.0,0.9999999999998295,TRACKING,-1.6562499999999991,0.0,1.7127000028267503,29.9259631764403,True,True
2026-09-17T06:41:12.365299+00:00,9.86921189998975,296,324.9999999999999,240.0,324.0,240.0,324.0,240.0,0.9999999999998863,TRACKING,-1.6312499999999992,0.0,2.434099995298311,29.564631240530208,True,True
2026-09-17T06:41:12.400040+00:00,9.903949799991096,297,324.9999999999999,240.0,324.0,240.0,324.0,240.0,0.9999999999998863,TRACKING,-1.6062499999999993,0.0,3.4951999987242743,28.787002091699524,True,True
2026-09-17T06:41:12.431865+00:00,9.935776399986935,298,324.9999999999999,240.0,324.0,240.0,324.0,240.0,0.9999999999998863,TRACKING,-1.5812499999999994,0.0,1.927699995576404,31.42025852999554,True,True
2026-09-17T06:41:12.464937+00:00,9.968850999997812,299,324.9999999999999,240.0,324.0,240.0,324.0,240.0,0.9999999999998863,TRACKING,-1.5562499999999995,0.0,1.8583999917609617,30.234681588624593,True,True
2026-09-17T06:41:12.498463+00:00,10.002377400000114,300,324.9999999999999,240.0,324.0,240.0,324.0,240.0,0.9999999999998863,TRACKING,-1.5312499999999996,0.0,1.8395999941276386,29.827240620267833,True,True
2026-09-17T06:41:12.531987+00:00,10.035900999995647,301,324.99999999999994,240.0,324.0,240.0,324.0,240.0,0.9999999999999432,TRACKING,-1.5062499999999996,0.0,2.4465000024065375,29.829731894344558,True,True
2026-09-17T06:41:12.566110+00:00,10.070021099993028,302,324.99999999999994,240.0,324.0,240.0,324.0,240.0,0.9999999999999432,TRACKING,-1.4812499999999997,0.0,2.7423999999882653,29.30823766861075,True,True
2026-09-17T06:41:12.597699+00:00,10.101614199986216,303,324.99999999999994,240.0,324.0,240.0,324.0,240.0,0.9999999999999432,TRACKING,-1.4562499999999998,0.0,1.4654999977210537,31.652481086554303,True,True
2026-09-17T06:41:12.631312+00:00,10.13522749999538,304,325.0,240.0,325.0,240.0,325.0,240.0,0.0,TRACKING,-1.4249999999999998,0.0,1.417599996784702,29.750128661194864,True,True
2026-09-17T06:41:12.664679+00:00,10.168588199987425,305,324.0,240.0,324.0,240.0,324.0,240.0,0.0,TRACKING,-1.4,0.0,1.656600012211129,29.9753902117899,True,True
2026-09-17T06:41:12.699078+00:00,10.202990499994485,306,324.0,240.0,324.0,240.0,324.0,240.0,0.0,TRACKING,-1.375,0.0,2.427800005534664,29.067823947666387,True,True
2026-09-17T06:41:12.733146+00:00,10.237058899991098,307,324.0,240.0,324.0,240.0,324.0,240.0,0.0,TRACKING,-1.35,0.0,3.158299994538538,29.352713954850042,True,True
2026-09-17T06:41:12.766264+00:00,10.270174599994789,308,324.0,240.0,324.0,240.0,324.0,240.0,0.0,TRACKING,-1.3250000000000002,0.0,2.9977000085636973,30.19715723625174,True,True
2026-09-17T06:41:12.798084+00:00,10.301995299989358,309,324.0,240.0,324.0,240.0,324.0,240.0,0.0,TRACKING,-1.3000000000000003,0.0,1.5383999998448417,31.42608428383675,True,True
2026-09-17T06:41:12.831241+00:00,10.33515489999263,310,324.00000000000006,240.0,324.0,240.0,324.0,240.0,5.684341886080802e-14,TRACKING,-1.2750000000000004,0.0,1.6202000115299597,30.157179215107803,True,True
2026-09-17T06:41:12.865912+00:00,10.369821499989484,311,324.00000000000006,240.0,324.0,240.0,324.0,240.0,5.684341886080802e-14,TRACKING,-1.2500000000000004,0.0,2.9408999980660155,28.846209322251422,True,True
2026-09-17T06:41:12.899789+00:00,10.403702699986752,312,324.00000000000006,240.0,324.0,240.0,324.0,240.0,5.684341886080802e-14,TRACKING,-1.2250000000000005,0.0,3.0977999995229766,29.514893217496546,True,True
2026-09-17T06:41:12.931334+00:00,10.435244099993724,313,324.0000000000001,240.0,324.0,240.0,324.0,240.0,1.1368683772161603e-13,TRACKING,-1.2000000000000006,0.0,1.7494000057922676,31.70436314744904,True,True
2026-09-17T06:41:12.964798+00:00,10.468711099994835,314,324.0000000000001,240.0,324.0,240.0,324.0,240.0,1.1368683772161603e-13,TRACKING,-1.1750000000000007,0.0,1.5899999998509884,29.880180475298918,True,True
2026-09-17T06:41:12.998772+00:00,10.502686399995582,315,324.0000000000001,240.0,324.0,240.0,324.0,240.0,1.1368683772161603e-13,TRACKING,-1.1500000000000008,0.0,2.394399998593144,29.433147020864975,True,True
2026-09-17T06:41:13.031814+00:00,10.535726199988858,316,324.0000000000001,240.0,324.0,240.0,324.0,240.0,1.1368683772161603e-13,TRACKING,-1.1250000000000009,0.0,2.257500003906898,30.266527043248516,True,True
2026-09-17T06:41:13.065451+00:00,10.569361999994726,317,324.0000000000001,240.0,324.0,240.0,324.0,240.0,1.1368683772161603e-13,TRACKING,-1.100000000000001,0.0,2.5618000072427094,29.73022790674046,True,True
2026-09-17T06:41:13.098158+00:00,10.602071699991939,318,324.00000000000017,240.0,324.0,240.0,324.0,240.0,1.7053025658242404e-13,TRACKING,-1.075000000000001,0.0,1.5225999959511682,30.5719710081478,True,True
2026-09-17T06:41:13.131808+00:00,10.635715299998992,319,324.00000000000017,240.0,324.0,240.0,324.0,240.0,1.7053025658242404e-13,TRACKING,-1.0500000000000012,0.0,1.5798999957041815,29.7233351897641,True,True
2026-09-17T06:41:13.164766+00:00,10.668682199990144,320,324.00000000000017,240.0,324.0,240.0,324.0,240.0,1.7053025658242404e-13,TRACKING,-1.0250000000000012,0.0,1.9318999984534457,30.33345568641256,True,True
2026-09-17T06:41:13.199182+00:00,10.70309389999602,321,324.0000000000002,240.0,324.0,240.0,324.0,240.0,2.2737367544323206e-13,TRACKING,-1.0000000000000013,0.0,2.5643999979365617,29.059883697383363,True,True
2026-09-17T06:41:13.232894+00:00,10.73680629998853,322,324.0000000000002,240.0,324.0,240.0,324.0,240.0,2.2737367544323206e-13,TRACKING,-0.9750000000000013,0.0,3.049299994017929,29.662676054572827,True,True
2026-09-17T06:41:13.265133+00:00,10.769040099999984,323,324.0000000000002,240.0,324.0,240.0,324.0,240.0,2.2737367544323206e-13,TRACKING,-0.9500000000000013,0.0,1.9147999992128462,31.023335742129504,True,True
2026-09-17T06:41:13.298031+00:00,10.801945499988506,324,324.0000000000002,240.0,324.0,240.0,324.0,240.0,2.2737367544323206e-13,TRACKING,-0.9250000000000013,0.0,1.3457000022754073,30.390148739988682,True,True
2026-09-17T06:41:13.331408+00:00,10.835317099990789,325,324.0000000000002,240.0,324.0,240.0,324.0,240.0,2.2737367544323206e-13,TRACKING,-0.9000000000000012,0.0,1.8533999973442405,29.965599489733236,True,True
2026-09-17T06:41:13.365507+00:00,10.869415999986813,326,324.0000000000002,240.0,324.0,240.0,324.0,240.0,2.2737367544323206e-13,TRACKING,-0.8750000000000012,0.0,2.6368999970145524,29.32645921471325,True,True
2026-09-17T06:41:13.399217+00:00,10.90312869999616,327,324.0000000000002,240.0,324.0,240.0,324.0,240.0,2.2737367544323206e-13,TRACKING,-0.8500000000000012,0.0,2.921599996625446,29.66241207980301,True,True
2026-09-17T06:41:13.431387+00:00,10.935296599986032,328,324.0000000000002,240.0,324.0,240.0,324.0,240.0,2.2737367544323206e-13,TRACKING,-0.8250000000000012,0.0,1.7583000008016825,31.08689097873472,True,True
2026-09-17T06:41:13.464990+00:00,10.968903799992404,329,324.0000000000002,240.0,324.0,240.0,324.0,240.0,2.2737367544323206e-13,TRACKING,-0.8000000000000012,0.0,1.6629000019747764,29.75552857156767,True,True
2026-09-17T06:41:13.498405+00:00,11.002317599995877,330,324.00000000000017,240.0,324.0,240.0,324.0,240.0,1.7053025658242404e-13,TRACKING,-0.7750000000000011,0.0,1.9974000024376437,29.927754397765877,True,True
2026-09-17T06:41:13.532349+00:00,11.03625929998816,331,324.00000000000017,240.0,324.0,240.0,324.0,240.0,1.7053025658242404e-13,TRACKING,-0.7500000000000011,0.0,2.6772999990498647,29.462283864018396,True,True
2026-09-17T06:41:13.566549+00:00,11.070460299990373,332,324.00000000000017,240.0,324.0,240.0,324.0,240.0,1.7053025658242404e-13,TRACKING,-0.7250000000000011,0.0,3.6474999942583963,29.238911141057265,True,True
2026-09-17T06:41:13.598195+00:00,11.102110199994058,333,324.00000000000017,240.0,324.0,240.0,324.0,240.0,1.7053025658242404e-13,TRACKING,-0.7000000000000011,0.0,1.542500001960434,31.595676443955604,True,True
2026-09-17T06:41:13.631651+00:00,11.13556329999119,334,324.00000000000017,240.0,324.0,240.0,324.0,240.0,1.7053025658242404e-13,TRACKING,-0.675000000000001,0.0,1.866799997515045,29.892595905483482,True,True
2026-09-17T06:41:13.667048+00:00,11.170960999996169,335,324.00000000000017,240.0,324.0,240.0,324.0,240.0,1.7053025658242404e-13,TRACKING,-0.650000000000001,0.0,2.1324000117601827,28.250423046112218,True,True
2026-09-17T06:41:13.700310+00:00,11.2042220000003,336,324.00000000000017,240.0,324.0,240.0,324.0,240.0,1.7053025658242404e-13,TRACKING,-0.625000000000001,0.0,3.3325999975204468,30.065241570481646,True,True
2026-09-17T06:41:13.733014+00:00,11.236925099990913,337,324.00000000000017,240.0,324.0,240.0,324.0,240.0,1.7053025658242404e-13,TRACKING,-0.600000000000001,0.0,3.175499994540587,30.578140918966163,True,True
2026-09-17T06:41:13.765246+00:00,11.269150799998897,338,324.00000000000017,240.0,324.0,240.0,324.0,240.0,1.7053025658242404e-13,TRACKING,-0.575000000000001,0.0,1.9884000066667795,31.031133528588505,True,True
2026-09-17T06:41:13.798608+00:00,11.302513699993142,339,324.00000000000017,240.0,324.0,240.0,324.0,240.0,1.7053025658242404e-13,TRACKING,-0.5500000000000009,0.0,1.961200003279373,29.973413587323137,True,True
2026-09-17T06:41:13.831689+00:00,11.335604599997168,340,324.0000000000001,240.0,324.0,240.0,324.0,240.0,1.1368683772161603e-13,TRACKING,-0.5250000000000009,0.0,1.9795999978668988,30.219788518242797,True,True
2026-09-17T06:41:13.866094+00:00,11.37000279998756,341,324.0000000000001,240.0,324.0,240.0,324.0,240.0,1.1368683772161603e-13,TRACKING,-0.5000000000000009,0.0,2.8070999978808686,29.07128862205943,True,True
2026-09-17T06:41:13.900568+00:00,11.404480599987437,342,324.0000000000001,240.0,324.0,240.0,324.0,240.0,1.1368683772161603e-13,TRACKING,-0.47500000000000087,0.0,4.174300003796816,29.00417079986458,True,True
2026-09-17T06:41:13.931465+00:00,11.435377499990864,343,324.0000000000001,240.0,324.0,240.0,324.0,240.0,1.1368683772161603e-13,TRACKING,-0.45000000000000084,0.0,1.7791999998735264,32.36570658833385,True,True
2026-09-17T06:41:13.964792+00:00,11.46870109999145,344,324.0000000000001,240.0,324.0,240.0,324.0,240.0,1.1368683772161603e-13,TRACKING,-0.4250000000000008,0.0,1.5736000059405342,30.008762558139935,True,True
2026-09-17T06:41:13.998289+00:00,11.502199099995778,345,324.0000000000001,240.0,324.0,240.0,324.0,240.0,1.1368683772161603e-13,TRACKING,-0.4000000000000008,0.0,1.8663000082597136,29.852528505307024,True,True
2026-09-17T06:41:14.032443+00:00,11.536355099990033,346,324.0000000000001,240.0,324.0,240.0,324.0,240.0,1.1368683772161603e-13,TRACKING,-0.3750000000000008,0.0,2.332499992917292,29.277432959603246,True,True
2026-09-17T06:41:14.066368+00:00,11.570279799998389,347,324.0000000000001,240.0,324.0,240.0,324.0,240.0,1.1368683772161603e-13,TRACKING,-0.35000000000000075,0.0,3.2224999886238948,29.47704768955037,True,True
2026-09-17T06:41:14.098327+00:00,11.602227600000333,348,324.0000000000001,240.0,324.0,240.0,324.0,240.0,1.1368683772161603e-13,TRACKING,-0.32500000000000073,0.0,1.8635000014910474,31.3010598519816,True,True
2026-09-17T06:41:14.131621+00:00,11.635534599990933,349,324.0000000000001,240.0,324.0,240.0,324.0,240.0,1.1368683772161603e-13,TRACKING,-0.3000000000000007,0.0,1.5970000094966963,30.023718746276103,True,True
2026-09-17T06:41:14.164900+00:00,11.668814199991175,350,324.0000000000001,240.0,324.0,240.0,324.0,240.0,1.1368683772161603e-13,TRACKING,-0.2750000000000007,0.0,1.908899997943081,30.04843808197019,True,True
2026-09-17T06:41:14.199142+00:00,11.703052699987893,351,324.0000000000001,240.0,324.0,240.0,324.0,240.0,1.1368683772161603e-13,TRACKING,-0.25000000000000067,0.0,2.9341999907046556,29.206886986750483,True,True
2026-09-17T06:41:14.232523+00:00,11.736436199993477,352,324.0000000000001,240.0,324.0,240.0,324.0,240.0,1.1368683772161603e-13,TRACKING,-0.22500000000000067,0.0,2.8350000065984204,29.954917843627104,True,True
2026-09-17T06:41:14.264570+00:00,11.768473299991456,353,324.0000000000001,240.0,324.0,240.0,324.0,240.0,1.1368683772161603e-13,TRACKING,-0.20000000000000068,0.0,1.6095000028144568,31.213811489276303,True,True
2026-09-17T06:41:14.297862+00:00,11.801774399995338,354,324.0000000000001,240.0,324.0,240.0,324.0,240.0,1.1368683772161603e-13,TRACKING,-0.17500000000000068,0.0,1.5140000032261014,30.02903807632234,True,True
2026-09-17T06:41:14.331520+00:00,11.835428599995794,355,324.0000000000001,240.0,324.0,240.0,324.0,240.0,1.1368683772161603e-13,TRACKING,-0.1500000000000007,0.0,1.9003000052180141,29.713973292678542,True,True
2026-09-17T06:41:14.365454+00:00,11.869359499993152,356,324.0000000000001,240.0,324.0,240.0,324.0,240.0,1.1368683772161603e-13,TRACKING,-0.1250000000000007,0.0,2.142700002877973,29.471661526156332,True,True
2026-09-17T06:41:14.399196+00:00,11.903108499987866,357,324.0000000000001,240.0,324.0,240.0,324.0,240.0,1.1368683772161603e-13,TRACKING,-0.1000000000000007,0.0,2.8580999933183193,29.630507575235782,True,True
2026-09-17T06:41:14.431625+00:00,11.93553509999765,358,324.0000000000001,240.0,324.0,240.0,324.0,240.0,1.1368683772161603e-13,TRACKING,-0.0750000000000007,0.0,1.7234999977517873,30.83887918246873,True,True
2026-09-17T06:41:14.464592+00:00,11.968504999997094,359,324.0000000000001,240.0,324.0,240.0,324.0,240.0,1.1368683772161603e-13,TRACKING,-0.050000000000000704,0.0,1.7227000062121078,30.3306955743536,True,True
2026-09-17T06:41:14.498146+00:00,12.002058299985947,360,324.0000000000001,240.0,324.0,240.0,324.0,240.0,1.1368683772161603e-13,TRACKING,-0.025000000000000702,0.0,1.5081000019563362,29.803327849487925,True,True
2026-09-17T06:41:14.533429+00:00,12.037339499991504,361,324.0000000000001,240.0,324.0,240.0,324.0,240.0,1.1368683772161603e-13,TRACKING,-7.008282842946301e-16,0.0,3.763400003663264,28.3437071256791,True,True
2026-09-17T06:41:14.565602+00:00,12.069513799986453,362,324.0000000000001,240.0,324.0,240.0,324.0,240.0,1.1368683772161603e-13,TRACKING,0.0249999999999993,0.0,2.6252999959979206,31.08070727745377,True,True
2026-09-17T06:41:14.599354+00:00,12.103022699986468,363,324.0000000000001,240.0,324.0,240.0,324.0,240.0,1.1368683772161603e-13,TRACKING,0.0499999999999993,0.0,2.430900000035763,29.84281787822173,True,True
2026-09-17T06:41:14.631501+00:00,12.135412499992526,364,324.0000000000001,240.0,324.0,240.0,324.0,240.0,1.1368683772161603e-13,TRACKING,0.0749999999999993,0.0,1.6364000039175153,30.87391709158327,True,True
2026-09-17T06:41:14.665513+00:00,12.169424699997762,365,324.0000000000001,240.0,324.0,240.0,324.0,240.0,1.1368683772161603e-13,TRACKING,0.09999999999999931,0.0,2.2631000028923154,29.401214853671707,True,True
2026-09-17T06:41:14.698678+00:00,12.202588299987838,366,324.0000000000001,240.0,324.0,240.0,324.0,240.0,1.1368683772161603e-13,TRACKING,0.1249999999999993,0.0,2.442400000290945,30.153541844047698,True,True
2026-09-17T06:41:14.732959+00:00,12.236870199994883,367,324.0000000000001,240.0,324.0,240.0,324.0,240.0,1.1368683772161603e-13,TRACKING,0.1499999999999993,0.0,3.224600004614331,29.169911813362184,True,True
2026-09-17T06:41:14.765143+00:00,12.26905319999787,368,324.0000000000001,240.0,324.0,240.0,324.0,240.0,1.1368683772161603e-13,TRACKING,0.1749999999999993,0.0,2.2511999995913357,31.072305251442245,True,True
2026-09-17T06:41:14.798383+00:00,12.302295199988293,369,324.0000000000001,240.0,324.0,240.0,324.0,240.0,1.1368683772161603e-13,TRACKING,0.1999999999999993,0.0,1.7063999985111877,30.082425855486825,True,True
2026-09-17T06:41:14.831528+00:00,12.335433899992495,370,324.0000000000001,240.0,324.0,240.0,324.0,240.0,1.1368683772161603e-13,TRACKING,0.22499999999999928,0.0,1.5877999976510182,30.176198821113026,True,True
2026-09-17T06:41:14.865727+00:00,12.369630099987262,371,324.0000000000001,240.0,324.0,240.0,324.0,240.0,1.1368683772161603e-13,TRACKING,0.24999999999999928,0.0,2.091000002110377,29.243015310269158,True,True
2026-09-17T06:41:14.898942+00:00,12.402853999999934,372,324.0000000000001,240.0,324.0,240.0,324.0,240.0,1.1368683772161603e-13,TRACKING,0.2749999999999993,0.0,2.431599990813993,30.098814396220472,True,True
2026-09-17T06:41:14.931040+00:00,12.434953799995128,373,324.0000000000001,240.0,324.0,240.0,324.0,240.0,1.1368683772161603e-13,TRACKING,0.2999999999999993,0.0,1.3911999994888902,31.15284207844643,True,True
2026-09-17T06:41:14.964700+00:00,12.46861299999,374,324.0000000000001,240.0,324.0,240.0,324.0,240.0,1.1368683772161603e-13,TRACKING,0.32499999999999934,0.0,1.4435000048251823,29.70955935234174,True,True
2026-09-17T06:41:14.998269+00:00,12.502178799986723,375,324.0000000000001,240.0,324.0,240.0,324.0,240.0,1.1368683772161603e-13,TRACKING,0.34999999999999937,0.0,1.763399995979853,29.79222899789799,True,True
2026-09-17T06:41:15.032072+00:00,12.535985299997265,376,324.0000000000001,240.0,324.0,240.0,324.0,240.0,1.1368683772161603e-13,TRACKING,0.3749999999999994,0.0,2.2361000010278076,29.58011032458779,True,True
2026-09-17T06:41:15.065991+00:00,12.569904099989799,377,324.0000000000001,240.0,324.0,240.0,324.0,240.0,1.1368683772161603e-13,TRACKING,0.3999999999999994,0.0,3.078599998843856,29.482175083437625,True,True
2026-09-17T06:41:15.100723+00:00,12.604630299989367,378,324.0000000000001,240.0,324.0,240.0,324.0,240.0,1.1368683772161603e-13,TRACKING,0.42499999999999943,0.0,4.101899990928359,28.79670105028591,True,True
2026-09-17T06:41:15.131442+00:00,12.635354300000472,379,324.0000000000001,240.0,324.0,240.0,324.0,240.0,1.1368683772161603e-13,TRACKING,0.44999999999999946,0.0,1.4594999956898391,32.547845320874664,True,True
2026-09-17T06:41:15.164651+00:00,12.668546599990805,380,324.0000000000001,240.0,324.0,240.0,324.0,240.0,1.1368683772161603e-13,TRACKING,0.4749999999999995,0.0,1.5352999907918274,30.12746933147904,True,True
2026-09-17T06:41:15.198777+00:00,12.702690299993264,381,324.0000000000001,240.0,324.0,240.0,324.0,240.0,1.1368683772161603e-13,TRACKING,0.4999999999999995,0.0,2.277499996125698,29.287979918050976,True,True
2026-09-17T06:41:15.232978+00:00,12.736889899999369,382,324.0000000000001,240.0,324.0,240.0,324.0,240.0,1.1368683772161603e-13,TRACKING,0.5249999999999995,0.0,3.183199994964525,29.240108066220227,True,True
2026-09-17T06:41:15.264750+00:00,12.768664199989871,383,324.0000000000001,240.0,324.0,240.0,324.0,240.0,1.1368683772161603e-13,TRACKING,0.5499999999999995,0.0,1.7986000020755455,31.471975788574884,True,True
2026-09-17T06:41:15.298039+00:00,12.801952899986645,384,324.0000000000001,240.0,324.0,240.0,324.0,240.0,1.1368683772161603e-13,TRACKING,0.5749999999999995,0.0,1.8535999988671392,30.040223862659317,True,True
2026-09-17T06:41:15.331280+00:00,12.835195199993905,385,324.0000000000001,240.0,324.0,240.0,324.0,240.0,1.1368683772161603e-13,TRACKING,0.5999999999999995,0.0,1.717800012556836,30.082154356997542,True,True
2026-09-17T06:41:15.366700+00:00,12.870614199986449,386,324.00000000000006,240.0,324.0,240.0,324.0,240.0,5.684341886080802e-14,TRACKING,0.6249999999999996,0.0,2.472199994372204,28.233434038524894,True,True
2026-09-17T06:41:15.400942+00:00,12.904850399994757,387,324.00000000000006,240.0,324.0,240.0,324.0,240.0,5.684341886080802e-14,TRACKING,0.6499999999999996,0.0,4.31659999594558,29.208849105838787,True,True
2026-09-17T06:41:15.432452+00:00,12.936364899986074,388,324.00000000000006,240.0,324.0,240.0,324.0,240.0,5.684341886080802e-14,TRACKING,0.6749999999999996,0.0,2.4870999914128333,31.731425225706108,True,True
2026-09-17T06:41:15.464841+00:00,12.968749199993908,389,324.00000000000006,240.0,324.0,240.0,324.0,240.0,5.684341886080802e-14,TRACKING,0.6999999999999996,0.0,1.5778000088175759,30.879160573428777,True,True
2026-09-17T06:41:15.498403+00:00,13.00231039999926,390,324.00000000000006,240.0,324.0,240.0,324.0,240.0,5.684341886080802e-14,TRACKING,0.7249999999999996,0.0,2.0074000058230013,29.796312403625112,True,True
2026-09-17T06:41:15.532466+00:00,13.03637199998775,391,324.00000000000006,240.0,324.0,240.0,324.0,240.0,5.684341886080802e-14,TRACKING,0.7499999999999997,0.0,2.5286000018240884,29.358573887835778,True,True
2026-09-17T06:41:15.566837+00:00,13.070743099990068,392,324.00000000000006,240.0,324.0,240.0,324.0,240.0,5.684341886080802e-14,TRACKING,0.7749999999999997,0.0,3.8320999883580953,29.094209959313744,True,True
2026-09-17T06:41:15.597860+00:00,13.10177529999055,393,324.00000000000006,240.0,324.0,240.0,324.0,240.0,5.684341886080802e-14,TRACKING,0.7999999999999997,0.0,1.502500002970919,32.2245925195274,True,True
2026-09-17T06:41:15.631264+00:00,13.135177399992244,394,324.00000000000006,240.0,324.0,240.0,324.0,240.0,5.684341886080802e-14,TRACKING,0.8249999999999997,0.0,1.5310000017052516,29.93823741469146,True,True
2026-09-17T06:41:15.665502+00:00,13.169413999989047,395,324.00000000000006,240.0,324.0,240.0,324.0,240.0,5.684341886080802e-14,TRACKING,0.8499999999999998,0.0,2.242699993075803,29.208507856895753,True,True
2026-09-17T06:41:15.698837+00:00,13.202750199998263,396,324.0,240.0,324.0,240.0,324.0,240.0,0.0,TRACKING,0.8749999999999998,0.0,2.214300009654835,29.997420213567448,True,True
2026-09-17T06:41:15.731877+00:00,13.235788199992385,397,324.0,240.0,324.0,240.0,324.0,240.0,0.0,TRACKING,0.8999999999999998,0.0,2.0994000078644603,30.268176045097515,True,True
2026-09-17T06:41:15.765115+00:00,13.269028599999729,398,324.0,240.0,324.0,240.0,324.0,240.0,0.0,TRACKING,0.9249999999999998,0.0,2.038499995251186,30.08387383362019,True,True
2026-09-17T06:41:15.797922+00:00,13.301835799997207,399,324.0,240.0,324.0,240.0,324.0,240.0,0.0,TRACKING,0.9499999999999998,0.0,1.623700009076856,30.48111390416946,True,True
2026-09-17T06:41:15.831967+00:00,13.335881699997117,400,324.0,240.0,324.0,240.0,324.0,240.0,0.0,TRACKING,0.9749999999999999,0.0,2.442700002575293,29.372112354281793,True,True
2026-09-17T06:41:15.865136+00:00,13.369045399987954,401,324.0,240.0,324.0,240.0,324.0,240.0,0.0,TRACKING,0.9999999999999999,0.0,2.2803999891038984,30.153450920020955,True,True
2026-09-17T06:41:15.899436+00:00,13.403348099993309,402,324.0,240.0,324.0,240.0,324.0,240.0,0.0,TRACKING,1.025,0.0,2.9906999989179894,29.152224164391765,True,True
2026-09-17T06:41:15.931770+00:00,13.435683499992592,403,324.0,240.0,324.0,240.0,324.0,240.0,0.0,TRACKING,1.0499999999999998,0.0,1.8783999985316768,30.925858347883928,True,True
2026-09-17T06:41:15.964586+00:00,13.468501099996502,404,324.0,240.0,324.0,240.0,324.0,240.0,0.0,TRACKING,1.0749999999999997,0.0,1.4978000108385459,30.471454337942973,True,True
2026-09-17T06:41:15.998290+00:00,13.502201899987995,405,324.00000000000006,240.0,324.0,240.0,324.0,240.0,5.684341886080802e-14,TRACKING,1.0999999999999996,0.0,1.7290999967372045,29.672886111084125,True,True
2026-09-17T06:41:16.032154+00:00,13.536065899999812,406,324.00000000000006,240.0,324.0,240.0,324.0,240.0,5.684341886080802e-14,TRACKING,1.1249999999999996,0.0,2.550300006987527,29.529884232548696,True,True
2026-09-17T06:41:16.066900+00:00,13.5708098999894,407,324.00000000000006,240.0,324.0,240.0,324.0,240.0,5.684341886080802e-14,TRACKING,1.1499999999999995,0.0,3.742100001545623,28.781947970864316,True,True
2026-09-17T06:41:16.097894+00:00,13.601803799989284,408,324.0000000000001,240.0,324.0,240.0,324.0,240.0,1.1368683772161603e-13,TRACKING,1.1749999999999994,0.0,1.3987999991513789,32.26441332016022,True,True
2026-09-17T06:41:16.131484+00:00,13.635398899990832,409,324.0000000000001,240.0,324.0,240.0,324.0,240.0,1.1368683772161603e-13,TRACKING,1.1999999999999993,0.0,1.8497999990358949,29.766245671360092,True,True
2026-09-17T06:41:16.164836+00:00,13.66875079998863,410,324.0000000000001,240.0,324.0,240.0,324.0,240.0,1.1368683772161603e-13,TRACKING,1.2249999999999992,0.0,1.622499999939464,29.98329930426924,True,True
2026-09-17T06:41:16.198415+00:00,13.702326499987976,411,324.0000000000001,240.0,324.0,240.0,324.0,240.0,1.1368683772161603e-13,TRACKING,1.2499999999999991,0.0,2.2421999892685562,29.7834445750786,True,True
2026-09-17T06:41:16.232691+00:00,13.736604499994428,412,324.0000000000001,240.0,324.0,240.0,324.0,240.0,1.1368683772161603e-13,TRACKING,1.274999999999999,0.0,3.036100009921938,29.173230638070144,True,True
2026-09-17T06:41:16.264926+00:00,13.76883529999759,413,324.00000000000017,240.0,324.0,240.0,324.0,240.0,1.7053025658242404e-13,TRACKING,1.299999999999999,0.0,1.6276999958790839,31.026223360942854,True,True
2026-09-17T06:41:16.297855+00:00,13.801770199992461,414,324.00000000000017,240.0,324.0,240.0,324.0,240.0,1.7053025658242404e-13,TRACKING,1.3249999999999988,0.0,1.5528999938396737,30.362928084061046,True,True
2026-09-17T06:41:16.331360+00:00,13.835272399999667,415,324.00000000000017,240.0,324.0,240.0,324.0,240.0,1.7053025658242404e-13,TRACKING,1.3499999999999988,0.0,1.7806999967433512,29.84878604345132,True,True
2026-09-17T06:41:16.365097+00:00,13.869009999994887,416,324.0000000000002,240.0,324.0,240.0,324.0,240.0,2.2737367544323206e-13,TRACKING,1.3749999999999987,0.0,1.8524000042816624,29.640519780354243,True,True
2026-09-17T06:41:16.399553+00:00,13.903464299990446,417,324.0000000000002,240.0,324.0,240.0,324.0,240.0,2.2737367544323206e-13,TRACKING,1.3999999999999986,0.0,3.17209999775514,29.023953472538626,True,True
2026-09-17T06:41:16.431632+00:00,13.93554249999579,418,324.0000000000002,240.0,324.0,240.0,324.0,240.0,2.2737367544323206e-13,TRACKING,1.4249999999999985,0.0,1.8386000010650605,31.1738189746745,True,True
2026-09-17T06:41:16.464749+00:00,13.968663799998467,419,324.0000000000002,240.0,324.0,240.0,324.0,240.0,2.2737367544323206e-13,TRACKING,1.4499999999999984,0.0,1.7903999978443608,30.192051638045395,True,True
2026-09-17T06:41:16.498896+00:00,14.00280859999475,420,324.0000000000002,240.0,324.0,240.0,324.0,240.0,2.2737367544323206e-13,TRACKING,1.4749999999999983,0.0,2.2438000014517456,29.28703638940147,True,True
2026-09-17T06:41:16.532860+00:00,14.03676919999998,421,324.0000000000003,240.0,324.0,240.0,324.0,240.0,2.8421709430404007e-13,TRACKING,1.4999999999999982,0.0,2.8160000074421987,29.44588728838713,True,True
2026-09-17T06:41:16.565751+00:00,14.069662999987486,422,324.0000000000003,240.0,324.0,240.0,324.0,240.0,2.8421709430404007e-13,TRACKING,1.5249999999999981,0.0,2.739199990173802,30.40086582820632,True,True
2026-09-17T06:41:16.598288+00:00,14.102202799986117,423,324.0000000000003,240.0,324.0,240.0,324.0,240.0,2.8421709430404007e-13,TRACKING,1.549999999999998,0.0,1.7928000015672296,30.73159638479888,True,True
2026-09-17T06:41:16.631879+00:00,14.135790899992571,424,324.00000000000034,240.0,324.0,240.0,324.0,240.0,3.410605131648481e-13,TRACKING,1.574999999999998,0.0,2.1794000058434904,29.77244916526478,True,True
2026-09-17T06:41:16.664898+00:00,14.168807199996081,425,324.00000000000034,240.0,324.0,240.0,324.0,240.0,3.410605131648481e-13,TRACKING,1.5999999999999979,0.0,2.011999997193925,30.288069828953876,True,True
2026-09-17T06:41:16.698863+00:00,14.202771199998097,426,324.00000000000034,240.0,324.0,240.0,324.0,240.0,3.410605131648481e-13,TRACKING,1.6249999999999978,0.0,2.24240000534337,29.442939581340866,True,True
2026-09-17T06:41:16.733446+00:00,14.237357399993925,427,324.00000000000034,240.0,324.0,240.0,324.0,240.0,3.410605131648481e-13,TRACKING,1.6499999999999977,0.0,3.4260000102221966,28.913265988186133,True,True
2026-09-17T06:41:16.765082+00:00,14.268983899994055,428,324.00000000000034,240.0,324.0,240.0,324.0,240.0,3.410605131648481e-13,TRACKING,1.6749999999999976,0.0,1.9217999943066388,31.61905364159508,True,True
2026-09-17T06:41:16.797799+00:00,14.301715099994908,429,324.0000000000004,240.0,324.0,240.0,324.0,240.0,3.979039320256561e-13,TRACKING,1.6999999999999975,0.0,1.4897999935783446,30.551889328039632,True,True
2026-09-17T06:41:16.831687+00:00,14.335597199999029,430,324.0000000000004,240.0,324.0,240.0,324.0,240.0,3.979039320256561e-13,TRACKING,1.7249999999999974,0.0,1.7604999884497374,29.51410921632308,True,True
2026-09-17T06:41:16.865979+00:00,14.369888299988816,431,324.0000000000004,240.0,324.0,240.0,324.0,240.0,3.979039320256561e-13,TRACKING,1.7499999999999973,0.0,2.831799996783957,29.162085797709604,True,True
2026-09-17T06:41:16.899639+00:00,14.403549599999678,432,324.00000000000045,240.0,324.0,240.0,324.0,240.0,4.547473508864641e-13,TRACKING,1.7749999999999972,0.0,3.002600002218969,29.70770587224178,True,True
2026-09-17T06:41:16.932500+00:00,14.436409899994032,433,324.00000000000045,240.0,324.0,240.0,324.0,240.0,4.547473508864641e-13,TRACKING,1.7999999999999972,0.0,2.613300006487407,30.431858509259325,True,True
2026-09-17T06:41:16.964784+00:00,14.468698199998471,434,324.00000000000045,240.0,324.0,240.0,324.0,240.0,4.547473508864641e-13,TRACKING,1.824999999999997,0.0,1.927399993292056,30.970970904709613,True,True
2026-09-17T06:41:16.998444+00:00,14.50235189999512,435,316.00000000000045,240.0,316.0,240.0,318.0,240.0,1.9999999999995453,TRACKING,1.8124999999999971,0.0,1.888900005724281,29.71441476270342,True,True
2026-09-17T06:41:17.032012+00:00,14.535925799995312,436,314.00000000000045,240.0,314.0,240.0,314.0,240.0,4.547473508864641e-13,TRACKING,1.774999999999997,0.0,1.853200010373257,29.78504135635939,True,True
2026-09-17T06:41:17.066318+00:00,14.570230699988315,437,316.00000000000045,240.0,316.0,240.0,314.0,240.0,2.0000000000004547,TRACKING,1.737499999999997,0.0,3.040700001292862,29.15035462000924,True,True
2026-09-17T06:41:17.097967+00:00,14.601876099986839,438,318.0000000000005,240.0,318.0,240.0,317.0,240.0,1.0000000000005116,TRACKING,1.718749999999997,0.0,1.7373000009683892,31.600169378381526,True,True
2026-09-17T06:41:17.131217+00:00,14.635131999995792,439,317.0000000000005,240.0,317.0,240.0,317.0,240.0,5.115907697472721e-13,TRACKING,1.6999999999999968,0.0,1.518799996119924,30.06985225872039,True,True
2026-09-17T06:41:17.164687+00:00,14.66860249999445,440,316.0000000000005,240.0,316.0,240.0,316.0,240.0,5.115907697472721e-13,TRACKING,1.674999999999997,0.0,1.5233000012813136,29.87705591610893,True,True
2026-09-17T06:41:17.198697+00:00,14.702607599989278,441,316.0000000000005,240.0,316.0,240.0,316.0,240.0,5.115907697472721e-13,TRACKING,1.649999999999997,0.0,2.2373999963747337,29.407353607313834,True,True
2026-09-17T06:41:17.232786+00:00,14.73669869999867,442,316.00000000000045,240.0,316.0,240.0,316.0,240.0,4.547473508864641e-13,TRACKING,1.6249999999999971,0.0,3.2136999943759292,29.33316905950614,True,True
2026-09-17T06:41:17.264531+00:00,14.76844169999822,443,316.00000000000045,240.0,316.0,240.0,316.0,240.0,4.547473508864641e-13,TRACKING,1.5999999999999972,0.0,1.5783999988343567,31.503008537760817,True,True
2026-09-17T06:41:17.298129+00:00,14.802042600000277,444,316.00000000000045,240.0,316.0,240.0,316.0,240.0,4.547473508864641e-13,TRACKING,1.5749999999999973,0.0,1.8643999937921762,29.76110758755835,True,True
2026-09-17T06:41:17.332277+00:00,14.836191199996392,445,316.00000000000045,240.0,316.0,240.0,316.0,240.0,4.547473508864641e-13,TRACKING,1.5499999999999974,0.0,2.6959999959217384,29.28377737634237,True,True
2026-09-17T06:41:17.365611+00:00,14.869520499996725,446,316.00000000000045,240.0,316.0,240.0,316.0,240.0,4.547473508864641e-13,TRACKING,1.5249999999999975,0.0,2.298399995197542,30.003630438984015,True,True
2026-09-17T06:41:17.399735+00:00,14.90364679999766,447,316.0000000000004,240.0,316.0,240.0,316.0,240.0,3.979039320256561e-13,TRACKING,1.4999999999999976,0.0,3.2179999980144203,29.302913001778858,True,True
2026-09-17T06:41:17.431364+00:00,14.935272299990174,448,316.0000000000004,240.0,316.0,240.0,316.0,240.0,3.979039320256561e-13,TRACKING,1.4749999999999976,0.0,1.7255999991903082,31.62005344537406,True,True
2026-09-17T06:41:17.464504+00:00,14.968418899996323,449,316.00000000000034,240.0,316.0,240.0,316.0,240.0,3.410605131648481e-13,TRACKING,1.4499999999999977,0.0,1.4558000111719593,30.169006770363005,True,True
2026-09-17T06:41:17.498356+00:00,15.002268299998832,450,316.00000000000034,240.0,316.0,240.0,316.0,240.0,3.410605131648481e-13,TRACKING,1.4249999999999978,0.0,2.007999995839782,29.542621137327902,True,True
2026-09-17T06:41:17.532168+00:00,15.03607619999093,451,316.00000000000034,240.0,316.0,240.0,316.0,240.0,3.410605131648481e-13,TRACKING,1.399999999999998,0.0,2.6584000006550923,29.578885415353493,True,True
2026-09-17T06:41:17.566777+00:00,15.070689699990908,452,316.00000000000034,240.0,316.0,240.0,316.0,240.0,3.410605131648481e-13,TRACKING,1.374999999999998,0.0,3.412399993976578,28.890461814050752,True,True
2026-09-17T06:41:17.597950+00:00,15.101859699992929,453,316.00000000000034,240.0,316.0,240.0,316.0,240.0,3.410605131648481e-13,TRACKING,1.349999999999998,0.0,1.7294999997830018,32.08213025136872,True,True
2026-09-17T06:41:17.631766+00:00,15.135681299987482,454,316.00000000000034,240.0,316.0,240.0,316.0,240.0,3.410605131648481e-13,TRACKING,1.3249999999999982,0.0,2.209199999924749,29.56690399511092,True,True
2026-09-17T06:41:17.665345+00:00,15.169256099994527,455,316.0000000000003,240.0,316.0,240.0,316.0,240.0,2.8421709430404007e-13,TRACKING,1.2999999999999983,0.0,2.4268999986816198,29.78424293786298,True,True
2026-09-17T06:41:17.699159+00:00,15.20306569999957,456,316.0000000000003,240.0,316.0,240.0,316.0,240.0,2.8421709430404007e-13,TRACKING,1.2749999999999984,0.0,2.5682999985292554,29.57739813102932,True,True
2026-09-17T06:41:17.732894+00:00,15.236806399989291,457,316.0000000000002,240.0,316.0,240.0,316.0,240.0,2.2737367544323206e-13,TRACKING,1.2499999999999984,0.0,3.068699996219948,29.637796498135533,True,True
2026-09-17T06:41:17.764403+00:00,15.268313099993975,458,316.0000000000002,240.0,316.0,240.0,316.0,240.0,2.2737367544323206e-13,TRACKING,1.2249999999999985,0.0,1.5493999962927774,31.739280846656087,True,True
2026-09-17T06:41:17.798065+00:00,15.301980699994601,459,316.0000000000002,240.0,316.0,240.0,316.0,240.0,2.2737367544323206e-13,TRACKING,1.1999999999999986,0.0,1.776900011464022,29.70214687062322,True,True
2026-09-17T06:41:17.831975+00:00,15.33587819999957,460,316.0000000000002,240.0,316.0,240.0,316.0,240.0,2.2737367544323206e-13,TRACKING,1.1749999999999987,0.0,2.0788000110769644,29.500700637316104,True,True
2026-09-17T06:41:17.865626+00:00,15.369533899996895,461,316.0000000000002,240.0,316.0,240.0,316.0,240.0,2.2737367544323206e-13,TRACKING,1.1499999999999988,0.0,2.1782000112580135,29.712648974155005,True,True
2026-09-17T06:41:17.899631+00:00,15.403542899992317,462,316.0000000000002,240.0,316.0,240.0,316.0,240.0,2.2737367544323206e-13,TRACKING,1.124999999999999,0.0,2.922900006524287,29.403981303026335,True,True
2026-09-17T06:41:17.931589+00:00,15.435501199986902,463,316.00000000000017,240.0,316.0,240.0,316.0,240.0,1.7053025658242404e-13,TRACKING,1.099999999999999,0.0,1.763399995979853,31.290775797506008,True,True
2026-09-17T06:41:17.964885+00:00,15.46879609998723,464,316.00000000000017,240.0,316.0,240.0,316.0,240.0,1.7053025658242404e-13,TRACKING,1.074999999999999,0.0,1.786799999536015,30.034629928011277,True,True
2026-09-17T06:41:17.998318+00:00,15.502230599988252,465,316.0000000000001,240.0,316.0,240.0,316.0,240.0,1.1368683772161603e-13,TRACKING,1.0499999999999992,0.0,1.9440000032773241,29.909225499691722,True,True
2026-09-17T06:41:18.031959+00:00,15.535872799999197,466,316.0000000000001,240.0,316.0,240.0,316.0,240.0,1.1368683772161603e-13,TRACKING,1.0249999999999992,0.0,2.143599995179102,29.72457210511387,True,True
2026-09-17T06:41:18.065796+00:00,15.56970839999849,467,316.0000000000001,240.0,316.0,240.0,316.0,240.0,1.1368683772161603e-13,TRACKING,0.9999999999999992,0.0,2.8713999927276745,29.55467022960735,True,True
2026-09-17T06:41:18.098897+00:00,15.602792399993632,468,316.0000000000001,240.0,316.0,240.0,316.0,240.0,1.1368683772161603e-13,TRACKING,0.9749999999999992,0.0,2.6182999863522127,30.22609116632909,True,True
2026-09-17T06:41:18.131624+00:00,15.635537199996179,469,316.0000000000001,240.0,316.0,240.0,316.0,240.0,1.1368683772161603e-13,TRACKING,0.9499999999999992,0.0,1.670199999352917,30.539200114895106,True,True
2026-09-17T06:41:18.164758+00:00,15.668670099999872,470,316.0000000000001,240.0,316.0,240.0,316.0,240.0,1.1368683772161603e-13,TRACKING,0.9249999999999992,0.0,1.581599994096905,30.18148124337253,True,True
2026-09-17T06:41:18.198674+00:00,15.702585099992575,471,316.0000000000001,240.0,316.0,240.0,316.0,240.0,1.1368683772161603e-13,TRACKING,0.8999999999999991,0.0,2.139599993824959,29.485478408230957,True,True
2026-09-17T06:41:18.233164+00:00,15.737075999990338,472,316.0000000000001,240.0,316.0,240.0,316.0,240.0,1.1368683772161603e-13,TRACKING,0.8749999999999991,0.0,3.4244999988004565,28.99315471805166,True,True
2026-09-17T06:41:18.265503+00:00,15.769405199986068,473,316.0000000000001,240.0,316.0,240.0,316.0,240.0,1.1368683772161603e-13,TRACKING,0.8499999999999991,0.0,2.1590999967884272,30.931789222501802,True,True
2026-09-17T06:41:18.297827+00:00,15.801741299990681,474,316.0000000000001,240.0,316.0,240.0,316.0,240.0,1.1368683772161603e-13,TRACKING,0.8249999999999991,0.0,1.5801999979885295,30.925188871178953,True,True
2026-09-17T06:41:18.331639+00:00,15.835553499986418,475,316.0000000000001,240.0,316.0,240.0,316.0,240.0,1.1368683772161603e-13,TRACKING,0.799999999999999,0.0,1.7425999976694584,29.57512377562214,True,True
2026-09-17T06:41:18.365508+00:00,15.869419799986645,476,316.00000000000017,240.0,316.0,240.0,316.0,240.0,1.7053025658242404e-13,TRACKING,0.774999999999999,0.0,2.52909999107942,29.527878746520745,True,True
2026-09-17T06:41:18.399775+00:00,15.903685399985989,477,316.00000000000017,240.0,316.0,240.0,316.0,240.0,1.7053025658242404e-13,TRACKING,0.749999999999999,0.0,3.109299999778159,29.18378782274775,True,True
2026-09-17T06:41:18.432999+00:00,15.936909799987916,478,316.00000000000017,240.0,316.0,240.0,316.0,240.0,1.7053025658242404e-13,TRACKING,0.724999999999999,0.0,3.2696999987820163,30.09836144345698,True,True
2026-09-17T06:41:18.464549+00:00,15.968464199992013,479,316.00000000000017,240.0,316.0,240.0,316.0,240.0,1.7053025658242404e-13,TRACKING,0.699999999999999,0.0,1.5672000008635223,31.691301367484485,True,True
2026-09-17T06:41:18.498089+00:00,16.00200289998611,480,316.00000000000017,240.0,316.0,240.0,316.0,240.0,1.7053025658242404e-13,TRACKING,0.6749999999999989,0.0,1.598200004082173,29.816301770075153,True,True
2026-09-17T06:41:18.531974+00:00,16.0358864999871,481,316.00000000000017,240.0,316.0,240.0,316.0,240.0,1.7053025658242404e-13,TRACKING,0.6499999999999989,0.0,2.0048000005772337,29.512802652928436,True,True
2026-09-17T06:41:18.565594+00:00,16.06950609998603,482,316.00000000000017,240.0,316.0,240.0,316.0,240.0,1.7053025658242404e-13,TRACKING,0.6249999999999989,0.0,2.6625999889802188,29.744553773152212,True,True
2026-09-17T06:41:18.600478+00:00,16.104389399988577,483,316.00000000000017,240.0,316.0,240.0,316.0,240.0,1.7053025658242404e-13,TRACKING,0.5999999999999989,0.0,4.028299998026341,28.667012579857953,True,True
2026-09-17T06:41:18.631180+00:00,16.135090599986142,484,316.00000000000017,240.0,316.0,240.0,316.0,240.0,1.7053025658242404e-13,TRACKING,0.5749999999999988,0.0,1.6008999955374748,32.57201673157042,True,True
2026-09-17T06:41:18.665024+00:00,16.168936299989582,485,316.00000000000017,240.0,316.0,240.0,316.0,240.0,1.7053025658242404e-13,TRACKING,0.5499999999999988,0.0,2.177500005927868,29.54585072545036,True,True
2026-09-17T06:41:18.698997+00:00,16.202906099992106,486,316.00000000000017,240.0,316.0,240.0,316.0,240.0,1.7053025658242404e-13,TRACKING,0.5249999999999988,0.0,2.297499988344498,29.437912496561875,True,True
2026-09-17T06:41:18.733588+00:00,16.237499499999103,487,316.0000000000002,240.0,316.0,240.0,316.0,240.0,2.2737367544323206e-13,TRACKING,0.4999999999999988,0.0,3.421500005060807,28.907248197567295,True,True
2026-09-17T06:41:18.765702+00:00,16.269613799988292,488,316.0000000000002,240.0,316.0,240.0,316.0,240.0,2.2737367544323206e-13,TRACKING,0.47499999999999876,0.0,2.368899993598461,31.138776194301002,True,True
2026-09-17T06:41:18.798285+00:00,16.30218739999691,489,316.0000000000002,240.0,316.0,240.0,316.0,240.0,2.2737367544323206e-13,TRACKING,0.44999999999999873,0.0,1.8626999953994527,30.69970773066002,True,True
2026-09-17T06:41:18.832232+00:00,16.336143799999263,490,316.0000000000002,240.0,316.0,240.0,316.0,240.0,2.2737367544323206e-13,TRACKING,0.4249999999999987,0.0,2.259000000776723,29.44952939447964,True,True
2026-09-17T06:41:18.865040+00:00,16.368953299999703,491,316.0000000000002,240.0,316.0,240.0,316.0,240.0,2.2737367544323206e-13,TRACKING,0.3999999999999987,0.0,2.0586000027833506,30.478977125119307,True,True
2026-09-17T06:41:18.899669+00:00,16.403581999999005,492,316.0000000000002,240.0,316.0,240.0,316.0,240.0,2.2737367544323206e-13,TRACKING,0.37499999999999867,0.0,3.2165000011445954,28.877780569878126,True,True
2026-09-17T06:41:18.930869+00:00,16.434782299998915,493,316.0000000000002,240.0,316.0,240.0,316.0,240.0,2.2737367544323206e-13,TRACKING,0.34999999999999865,0.0,1.3295999960973859,32.050973868933994,True,True
2026-09-17T06:41:18.964439+00:00,16.468353799995384,494,316.0000000000002,240.0,316.0,240.0,316.0,240.0,2.2737367544323206e-13,TRACKING,0.3249999999999986,0.0,1.565899990964681,29.787170668726983,True,True
2026-09-17T06:41:18.998216+00:00,16.50213090000034,495,316.0000000000002,240.0,316.0,240.0,316.0,240.0,2.2737367544323206e-13,TRACKING,0.2999999999999986,0.0,2.050099996267818,29.605857218450513,True,True
2026-09-17T06:41:19.032046+00:00,16.53595899998618,496,316.0000000000002,240.0,316.0,240.0,316.0,240.0,2.2737367544323206e-13,TRACKING,0.2749999999999986,0.0,2.5348999915877357,29.561222782792793,True,True
2026-09-17T06:41:19.066473+00:00,16.570382399993832,497,316.0000000000002,240.0,316.0,240.0,316.0,240.0,2.2737367544323206e-13,TRACKING,0.24999999999999858,0.0,3.3121000014944,29.05000667504232,True,True
2026-09-17T06:41:19.098226+00:00,16.60213839999051,498,316.0000000000002,240.0,316.0,240.0,316.0,240.0,2.2737367544323206e-13,TRACKING,0.2249999999999986,0.0,1.7698000010568649,31.490112108095154,True,True
2026-09-17T06:41:19.131044+00:00,16.634957899994333,499,316.0000000000002,240.0,316.0,240.0,316.0,240.0,2.2737367544323206e-13,TRACKING,0.1999999999999986,0.0,1.5359000099124387,30.469690272047266,True,True
2026-09-17T06:41:19.164927+00:00,16.668842499988386,500,316.0000000000002,240.0,316.0,240.0,316.0,240.0,2.2737367544323206e-13,TRACKING,0.1749999999999986,0.0,1.5571999974781647,29.511931679155236,True,True
2026-09-17T06:41:19.198907+00:00,16.702816499993787,501,316.0000000000002,240.0,316.0,240.0,316.0,240.0,2.2737367544323206e-13,TRACKING,0.1499999999999986,0.0,2.3483999975724146,29.434273263113944,True,True
2026-09-17T06:41:19.233121+00:00,16.737032599994563,502,316.0000000000002,240.0,316.0,240.0,316.0,240.0,2.2737367544323206e-13,TRACKING,0.12499999999999861,0.0,3.1935000006342307,29.22600763901527,True,True
2026-09-17T06:41:19.264938+00:00,16.768849799991585,503,316.0000000000002,240.0,316.0,240.0,316.0,240.0,2.2737367544323206e-13,TRACKING,0.09999999999999862,0.0,1.6601999959675595,31.429541257357748,True,True
2026-09-17T06:41:19.298099+00:00,16.802011499996297,504,316.0000000000002,240.0,316.0,240.0,316.0,240.0,2.2737367544323206e-13,TRACKING,0.07499999999999862,0.0,1.7553000070620328,30.15526947828115,True,True
2026-09-17T06:41:19.331675+00:00,16.835590799993952,505,316.0000000000002,240.0,316.0,240.0,316.0,240.0,2.2737367544323206e-13,TRACKING,0.04999999999999862,0.0,1.6460000042570755,29.780251526084292,True,True
2026-09-17T06:41:19.365611+00:00,16.86952459999884,506,316.0000000000002,240.0,316.0,240.0,316.0,240.0,2.2737367544323206e-13,TRACKING,0.02499999999999862,0.0,2.179599992814474,29.469142856265588,True,True
2026-09-17T06:41:19.399218+00:00,16.903129399986938,507,316.0000000000002,240.0,316.0,240.0,316.0,240.0,2.2737367544323206e-13,TRACKING,-1.3808398868775384e-15,0.0,2.710699991439469,29.757653679063413,True,True
2026-09-17T06:41:19.431587+00:00,16.935499100000015,508,316.0000000000002,240.0,316.0,240.0,316.0,240.0,2.2737367544323206e-13,TRACKING,-0.025000000000001382,0.0,1.95569999050349,30.893088276875776,True,True
2026-09-17T06:41:19.465099+00:00,16.969012899993686,509,316.0000000000002,240.0,316.0,240.0,316.0,240.0,2.2737367544323206e-13,TRACKING,-0.050000000000001384,0.0,1.5628999972250313,29.838454612394333,True,True
2026-09-17T06:41:19.498576+00:00,17.00248989999818,510,316.0000000000002,240.0,316.0,240.0,316.0,240.0,2.2737367544323206e-13,TRACKING,-0.07500000000000139,0.0,2.230099998996593,29.871254887406696,True,True
2026-09-17T06:41:19.532387+00:00,17.03629619999265,511,316.0000000000002,240.0,316.0,240.0,316.0,240.0,2.2737367544323206e-13,TRACKING,-0.1000000000000014,0.0,2.5061000051209703,29.580285336273796,True,True
2026-09-17T06:41:19.566505+00:00,17.070418899995275,512,316.0000000000002,240.0,316.0,240.0,316.0,240.0,2.2737367544323206e-13,TRACKING,-0.1250000000000014,0.0,3.2147000019904226,29.30600450500773,True,True
2026-09-17T06:41:19.599096+00:00,17.10299609998765,513,316.0000000000002,240.0,316.0,240.0,316.0,240.0,2.2737367544323206e-13,TRACKING,-0.15000000000000138,0.0,2.4926000041887164,30.69631522150689,True,True
2026-09-17T06:41:19.631638+00:00,17.13554909999948,514,316.0000000000002,240.0,316.0,240.0,316.0,240.0,2.2737367544323206e-13,TRACKING,-0.17500000000000138,0.0,2.05650000134483,30.719134937995715,True,True
2026-09-17T06:41:19.664756+00:00,17.16866779999691,515,316.0000000000002,240.0,316.0,240.0,316.0,240.0,2.2737367544323206e-13,TRACKING,-0.20000000000000137,0.0,1.862499993876554,30.194421884843894,True,True
2026-09-17T06:41:19.698750+00:00,17.202662799987593,516,316.0000000000002,240.0,316.0,240.0,316.0,240.0,2.2737367544323206e-13,TRACKING,-0.22500000000000137,0.0,2.3542999988421798,29.416090609621875,True,True
2026-09-17T06:41:19.732641+00:00,17.23654679999163,517,316.0000000000002,240.0,316.0,240.0,316.0,240.0,2.2737367544323206e-13,TRACKING,-0.2500000000000014,0.0,3.069600003072992,29.5124542521803,True,True
2026-09-17T06:41:19.767135+00:00,17.271043799992185,518,316.0000000000002,240.0,316.0,240.0,316.0,240.0,2.2737367544323206e-13,TRACKING,-0.2750000000000014,0.0,4.042900007334538,28.988027943991728,True,True
2026-09-17T06:41:19.797770+00:00,17.30167599998822,519,316.0000000000002,240.0,316.0,240.0,316.0,240.0,2.2737367544323206e-13,TRACKING,-0.30000000000000143,0.0,1.5383999998448417,32.645386231790454,True,True
2026-09-17T06:41:19.831362+00:00,17.33526979999442,520,316.0000000000002,240.0,316.0,240.0,316.0,240.0,2.2737367544323206e-13,TRACKING,-0.32500000000000145,0.0,1.7247999930987135,29.767397550006184,True,True
2026-09-17T06:41:19.866334+00:00,17.370238799994695,521,316.0000000000002,240.0,316.0,240.0,316.0,240.0,2.2737367544323206e-13,TRACKING,-0.3500000000000015,0.0,2.6236999983666465,28.5967571275178,True,True
2026-09-17T06:41:19.899534+00:00,17.403447099990444,522,316.0000000000002,240.0,316.0,240.0,316.0,240.0,2.2737367544323206e-13,TRACKING,-0.3750000000000015,0.0,2.877999999327585,30.11295369314305,True,True
2026-09-17T06:41:19.931873+00:00,17.435667099998682,523,316.0000000000002,240.0,316.0,240.0,316.0,240.0,2.2737367544323206e-13,TRACKING,-0.4000000000000015,0.0,2.2235000069485977,31.036623207459165,True,True
2026-09-17T06:41:19.964968+00:00,17.468880799991894,524,316.0000000000002,240.0,316.0,240.0,316.0,240.0,2.2737367544323206e-13,TRACKING,-0.42500000000000154,0.0,2.038799997535534,30.10805782566773,True,True
2026-09-17T06:41:19.998003+00:00,17.50191549998999,525,316.0000000000002,240.0,316.0,240.0,316.0,240.0,2.2737367544323206e-13,TRACKING,-0.45000000000000157,0.0,1.5387000021291897,30.271199679657787,True,True
2026-09-17T06:41:20.031417+00:00,17.535331399994902,526,316.0000000000002,240.0,316.0,240.0,316.0,240.0,2.2737367544323206e-13,TRACKING,-0.4750000000000016,0.0,1.6278999974019825,29.925873606667093,True,True
2026-09-17T06:41:20.065794+00:00,17.569705999994767,527,316.0000000000002,240.0,316.0,240.0,316.0,240.0,2.2737367544323206e-13,TRACKING,-0.5000000000000016,0.0,2.778900001430884,29.091247607359485,True,True
2026-09-17T06:41:20.097902+00:00,17.601815599991824,528,316.0000000000002,240.0,316.0,240.0,316.0,240.0,2.2737367544323206e-13,TRACKING,-0.5250000000000016,0.0,1.6026999946916476,31.14333408362813,True,True
2026-09-17T06:41:20.131234+00:00,17.635143999999855,529,316.0000000000002,240.0,316.0,240.0,316.0,240.0,2.2737367544323206e-13,TRACKING,-0.5500000000000016,0.0,1.653599989367649,30.004440649987078,True,True
2026-09-17T06:41:20.165151+00:00,17.66906569999992,530,316.0000000000002,240.0,316.0,240.0,316.0,240.0,2.2737367544323206e-13,TRACKING,-0.5750000000000016,0.0,1.8610999977681786,29.479654616310505,True,True
2026-09-17T06:41:20.198544+00:00,17.702456099999836,531,316.0000000000002,240.0,316.0,240.0,316.0,240.0,2.2737367544323206e-13,TRACKING,-0.6000000000000016,0.0,2.34910000290256,29.948727778118833,True,True
2026-09-17T06:41:20.233607+00:00,17.737518899986753,532,316.0000000000002,240.0,316.0,240.0,316.0,240.0,2.2737367544323206e-13,TRACKING,-0.6250000000000017,0.0,3.7721999979112297,28.52025509580283,True,True
2026-09-17T06:41:20.265007+00:00,17.768904399999883,533,316.0000000000003,240.0,316.0,240.0,316.0,240.0,2.8421709430404007e-13,TRACKING,-0.6500000000000017,0.0,2.1167999948374927,31.861847017943344,True,True
2026-09-17T06:41:20.297952+00:00,17.801866599998903,534,316.0000000000003,240.0,316.0,240.0,316.0,240.0,2.8421709430404007e-13,TRACKING,-0.6750000000000017,0.0,1.4878999936627224,30.33778085290867,True,True
2026-09-17T06:41:20.331884+00:00,17.835792799989576,535,316.0000000000003,240.0,316.0,240.0,316.0,240.0,2.8421709430404007e-13,TRACKING,-0.7000000000000017,0.0,2.0515000069281086,29.47574441802775,True,True
2026-09-17T06:41:20.365525+00:00,17.869434499996714,536,316.0000000000003,240.0,316.0,240.0,316.0,240.0,2.8421709430404007e-13,TRACKING,-0.7250000000000018,0.0,2.3782000062055886,29.725013890137166,True,True
2026-09-17T06:41:20.399696+00:00,17.90360819999478,537,316.0000000000003,240.0,316.0,240.0,316.0,240.0,2.8421709430404007e-13,TRACKING,-0.7500000000000018,0.0,3.2915000047069043,29.262268939466686,True,True
2026-09-17T06:41:20.431487+00:00,17.93539279999095,538,316.0000000000003,240.0,316.0,240.0,316.0,240.0,2.8421709430404007e-13,TRACKING,-0.7750000000000018,0.0,1.695099999778904,31.461777090806212,True,True
2026-09-17T06:41:20.464335+00:00,17.968250099991565,539,316.0000000000003,240.0,316.0,240.0,316.0,240.0,2.8421709430404007e-13,TRACKING,-0.8000000000000018,0.0,1.4479999954346567,30.43463705116666,True,True
2026-09-17T06:41:20.497957+00:00,18.001872199994978,540,316.0000000000003,240.0,316.0,240.0,316.0,240.0,2.8421709430404007e-13,TRACKING,-0.8250000000000018,0.0,1.4812000008532777,29.74234208745116,True,True
2026-09-17T06:41:20.532493+00:00,18.036397399991984,541,316.0000000000003,240.0,316.0,240.0,316.0,240.0,2.8421709430404007e-13,TRACKING,-0.8500000000000019,0.0,2.5411999959032983,28.9643506796983,True,True
2026-09-17T06:41:20.566669+00:00,18.070576099999016,542,316.0000000000003,240.0,316.0,240.0,316.0,240.0,2.8421709430404007e-13,TRACKING,-0.8750000000000019,0.0,3.562099998816848,29.25798815619787,True,True
2026-09-17T06:41:20.598665+00:00,18.102577699988615,543,316.00000000000034,240.0,316.0,240.0,316.0,240.0,3.410605131648481e-13,TRACKING,-0.9000000000000019,0.0,2.3676999990129843,31.248437588277678,True,True
2026-09-17T06:41:20.631591+00:00,18.13550619999296,544,316.00000000000034,240.0,316.0,240.0,316.0,240.0,3.410605131648481e-13,TRACKING,-0.9250000000000019,0.0,1.6887000092538074,30.368829429461734,True,True
2026-09-17T06:41:20.664978+00:00,18.16889239999,545,316.00000000000034,240.0,316.0,240.0,316.0,240.0,3.410605131648481e-13,TRACKING,-0.950000000000002,0.0,1.8010000057984143,29.952495345042983,True,True
2026-09-17T06:41:20.698770+00:00,18.202680499991402,546,316.00000000000034,240.0,316.0,240.0,316.0,240.0,3.410605131648481e-13,TRACKING,-0.975000000000002,0.0,2.361399994697422,29.596218785859524,True,True
2026-09-17T06:41:20.733421+00:00,18.237334599994938,547,316.00000000000034,240.0,316.0,240.0,316.0,240.0,3.410605131648481e-13,TRACKING,-1.000000000000002,0.0,3.592300010495819,28.856614365918233,True,True
2026-09-17T06:41:20.765592+00:00,18.26950319999014,548,316.00000000000034,240.0,316.0,240.0,316.0,240.0,3.410605131648481e-13,TRACKING,-1.025000000000002,0.0,2.4452000070596114,31.086214511950775,True,True
2026-09-17T06:41:20.797781+00:00,18.301696099995752,549,316.00000000000034,240.0,316.0,240.0,316.0,240.0,3.410605131648481e-13,TRACKING,-1.0500000000000018,0.0,1.5191999991657212,31.0627498555796,True,True
2026-09-17T06:41:20.831297+00:00,18.335207899988745,550,316.0000000000003,240.0,316.0,240.0,316.0,240.0,2.8421709430404007e-13,TRACKING,-1.0750000000000017,0.0,1.6891999985091388,29.840235386015564,True,True
2026-09-17T06:41:20.865322+00:00,18.369234399986453,551,316.0000000000003,240.0,316.0,240.0,316.0,240.0,2.8421709430404007e-13,TRACKING,-1.1000000000000016,0.0,2.2690999903716147,29.388858685652618,True,True
2026-09-17T06:41:20.900146+00:00,18.404054200000246,552,316.0000000000002,240.0,316.0,240.0,316.0,240.0,2.2737367544323206e-13,TRACKING,-1.1250000000000016,0.0,3.4662999969441444,28.719291885762797,True,True
2026-09-17T06:41:20.932266+00:00,18.43617689999519,553,316.0000000000002,240.0,316.0,240.0,316.0,240.0,2.2737367544323206e-13,TRACKING,-1.1500000000000015,0.0,2.5610000011511147,31.13063348216135,True,True
2026-09-17T06:41:20.964857+00:00,18.46877219999442,554,316.0000000000002,240.0,316.0,240.0,316.0,240.0,2.2737367544323206e-13,TRACKING,-1.1750000000000014,0.0,1.7339000041829422,30.679269711388912,True,True
2026-09-17T06:41:20.998488+00:00,18.50240379999741,555,316.0000000000002,240.0,316.0,240.0,316.0,240.0,2.2737367544323206e-13,TRACKING,-1.2000000000000013,0.0,2.0400999928824604,29.733940695984273,True,True
2026-09-17T06:41:21.031996+00:00,18.535906299992348,556,316.0000000000002,240.0,316.0,240.0,316.0,240.0,2.2737367544323206e-13,TRACKING,-1.2250000000000012,0.0,2.351000002818182,29.84851877176585,True,True
2026-09-17T06:41:21.066434+00:00,18.570346299995435,557,316.0000000000002,240.0,316.0,240.0,316.0,240.0,2.2737367544323206e-13,TRACKING,-1.250000000000001,0.0,3.292300010798499,29.036004643157845,True,True
2026-09-17T06:41:21.098371+00:00,18.60226669999247,558,316.00000000000017,240.0,316.0,240.0,316.0,240.0,1.7053025658242404e-13,TRACKING,-1.275000000000001,0.0,2.1318000071914867,31.3279282243617,True,True
2026-09-17T06:41:21.131240+00:00,18.635156099990127,559,316.00000000000017,240.0,316.0,240.0,316.0,240.0,1.7053025658242404e-13,TRACKING,-1.300000000000001,0.0,1.6088999982457608,30.404932898478954,True,True
2026-09-17T06:41:21.165065+00:00,18.66897849999077,560,316.0000000000001,240.0,316.0,240.0,316.0,240.0,1.1368683772161603e-13,TRACKING,-1.3250000000000008,0.0,2.0403999951668084,29.566204644878372,True,True
2026-09-17T06:41:21.198677+00:00,18.70258979999926,561,316.0000000000001,240.0,316.0,240.0,316.0,240.0,1.1368683772161603e-13,TRACKING,-1.3500000000000008,0.0,2.1575000137090683,29.751898907434978,True,True
2026-09-17T06:41:21.232595+00:00,18.7365046999912,562,316.0000000000001,240.0,316.0,240.0,316.0,240.0,1.1368683772161603e-13,TRACKING,-1.3750000000000007,0.0,2.7489999920362607,29.485565348493004,True,True
2026-09-17T06:41:21.265259+00:00,18.76915999999619,563,316.0000000000001,240.0,316.0,240.0,316.0,240.0,1.1368683772161603e-13,TRACKING,-1.4000000000000006,0.0,2.3496000067098066,30.62290041271085,True,True
2026-09-17T06:41:21.298137+00:00,18.80205259998911,564,316.0000000000001,240.0,316.0,240.0,316.0,240.0,1.1368683772161603e-13,TRACKING,-1.4250000000000005,0.0,1.5285999979823828,30.40197491883447,True,True
2026-09-17T06:41:21.331812+00:00,18.835725799988722,565,316.0000000000001,240.0,316.0,240.0,316.0,240.0,1.1368683772161603e-13,TRACKING,-1.4500000000000004,0.0,1.9274999940535054,29.697207274970236,True,True
2026-09-17T06:41:21.365552+00:00,18.869462899994687,566,316.00000000000006,240.0,316.0,240.0,316.0,240.0,5.684341886080802e-14,TRACKING,-1.4750000000000003,0.0,2.3040999949444085,29.64095905763089,True,True
2026-09-17T06:41:21.399817+00:00,18.90372899999784,567,316.00000000000006,240.0,316.0,240.0,316.0,240.0,5.684341886080802e-14,TRACKING,-1.5000000000000002,0.0,3.322800010209903,29.183361978983214,True,True
2026-09-17T06:41:21.431074+00:00,18.934986399995978,568,316.0,240.0,316.0,240.0,316.0,240.0,0.0,TRACKING,-1.5250000000000001,0.0,1.4989999908721074,31.99242419585503,True,True
2026-09-17T06:41:21.464984+00:00,18.96889910000027,569,316.0,240.0,316.0,240.0,316.0,240.0,0.0,TRACKING,-1.55,0.0,1.9828999938908964,29.487478138673506,True,True
2026-09-17T06:41:21.498557+00:00,19.00246899999911,570,316.0,240.0,316.0,240.0,316.0,240.0,0.0,TRACKING,-1.575,0.0,2.1216999884927645,29.788590375145947,True,True
2026-09-17T06:41:21.531661+00:00,19.035575599991716,571,316.0,240.0,316.0,240.0,316.0,240.0,0.0,TRACKING,-1.5999999999999999,0.0,2.0213999960105866,30.205457528810427,True,True
2026-09-17T06:41:21.565670+00:00,19.069582199997967,572,316.0,240.0,316.0,240.0,316.0,240.0,0.0,TRACKING,-1.6249999999999998,0.0,2.8342000005068257,29.406056465985795,True,True
2026-09-17T06:41:21.598239+00:00,19.10215179999068,573,315.99999999999994,240.0,315.0,240.0,315.0,240.0,0.9999999999999432,TRACKING,-1.6562499999999998,0.0,1.9521999929565936,30.70347809686843,True,True
2026-09-17T06:41:21.631200+00:00,19.13511029999063,574,316.99999999999994,240.0,316.0,240.0,316.0,240.0,0.9999999999999432,TRACKING,-1.6812499999999997,0.0,1.6304000018863007,30.341186643855938,True,True
2026-09-17T06:41:21.664942+00:00,19.16885469999397,575,316.99999999999994,240.0,316.0,240.0,316.0,240.0,0.9999999999999432,TRACKING,-1.7062499999999996,0.0,1.755699995555915,29.634546766305963,True,True
2026-09-17T06:41:21.699133+00:00,19.203043899993645,576,316.99999999999994,240.0,316.0,240.0,316.0,240.0,0.9999999999999432,TRACKING,-1.7312499999999995,0.0,2.2871999972267076,29.24900260929053,True,True
2026-09-17T06:41:21.732830+00:00,19.236741399989114,577,316.99999999999994,240.0,316.0,240.0,316.0,240.0,0.9999999999999432,TRACKING,-1.7562499999999994,0.0,2.9214999958639964,29.675791976688405,True,True
2026-09-17T06:41:21.765079+00:00,19.26898199999414,578,316.9999999999999,240.0,316.0,240.0,316.0,240.0,0.9999999999998863,TRACKING,-1.7812499999999993,0.0,2.011999997193925,31.016792486620574,True,True
2026-09-17T06:41:21.798151+00:00,19.302064199990127,579,316.9999999999999,240.0,316.0,240.0,316.0,240.0,0.9999999999998863,TRACKING,-1.8062499999999992,0.0,1.5091000095708296,30.227735764890856,True,True
2026-09-17T06:41:21.831599+00:00,19.33551199999056,580,316.9999999999999,240.0,316.0,240.0,316.0,240.0,0.9999999999998863,TRACKING,-1.8312499999999992,0.0,1.6472999996040016,29.897332559603733,True,True
2026-09-17T06:41:21.865779+00:00,19.3696854999871,581,324.9999999999999,240.0,324.0,240.0,322.0,240.0,2.9999999999998863,TRACKING,-1.8187499999999992,0.0,2.8827999922214076,29.262440197849703,True,True
2026-09-17T06:41:21.899440+00:00,19.403343099998892,582,326.9999999999999,240.0,326.0,240.0,326.0,240.0,0.9999999999998863,TRACKING,-1.7812499999999991,0.0,2.8049999964423478,29.710971657207274,True,True
2026-09-17T06:41:21.931345+00:00,19.435252099996433,583,324.9999999999999,240.0,324.0,240.0,326.0,240.0,1.0000000000001137,TRACKING,-1.743749999999999,0.0,1.7586000030860305,31.339120626690978,True,True
2026-09-17T06:41:21.964695+00:00,19.468609399991692,584,322.99999999999983,240.0,322.0,240.0,323.0,240.0,1.7053025658242404e-13,TRACKING,-1.724999999999999,0.0,1.81719999818597,29.97844550194759,True,True
2026-09-17T06:41:21.998091+00:00,19.50200349999068,585,323.99999999999983,240.0,323.0,240.0,323.0,240.0,0.9999999999998295,TRACKING,-1.706249999999999,0.0,1.8066000047838315,29.94540951935684,True,True
2026-09-17T06:41:22.032464+00:00,19.53637559998606,586,324.99999999999983,240.0,324.0,240.0,324.0,240.0,0.9999999999998295,TRACKING,-1.681249999999999,0.0,2.322100001038052,29.093363516759336,True,True
2026-09-17T06:41:22.066841+00:00,19.570755499997176,587,324.99999999999983,240.0,324.0,240.0,324.0,240.0,0.9999999999998295,TRACKING,-1.6562499999999991,0.0,3.6860000109300017,29.086762895663625,True,True
2026-09-17T06:41:22.098568+00:00,19.60239129999536,588,324.9999999999999,240.0,324.0,240.0,324.0,240.0,0.9999999999998863,TRACKING,-1.6312499999999992,0.0,2.210999999078922,31.60975856647792,True,True
2026-09-17T06:41:22.131554+00:00,19.635463599988725,589,324.9999999999999,240.0,324.0,240.0,324.0,240.0,0.9999999999998863,TRACKING,-1.6062499999999993,0.0,1.711399992927909,30.236784263587566,True,True
2026-09-17T06:41:22.165235+00:00,19.669149699999252,590,324.9999999999999,240.0,324.0,240.0,324.0,240.0,0.9999999999998863,TRACKING,-1.5812499999999994,0.0,1.9001999899046496,29.685834800926447,True,True
2026-09-17T06:41:22.198678+00:00,19.702588799991645,591,324.9999999999999,240.0,324.0,240.0,324.0,240.0,0.9999999999998863,TRACKING,-1.5562499999999995,0.0,2.162999997381121,29.905111089338547,True,True
2026-09-17T06:41:22.232823+00:00,19.73673529998632,592,324.9999999999999,240.0,324.0,240.0,324.0,240.0,0.9999999999998863,TRACKING,-1.5312499999999996,0.0,2.899599989177659,29.285578321523435,True,True
2026-09-17T06:41:22.266839+00:00,19.770743099987158,593,324.99999999999994,240.0,324.0,240.0,324.0,240.0,0.9999999999999432,TRACKING,-1.5062499999999996,0.0,3.736600003321655,29.40501884789411,True,True
2026-09-17T06:41:22.298151+00:00,19.802066299991566,594,324.99999999999994,240.0,324.0,240.0,324.0,240.0,0.9999999999999432,TRACKING,-1.4812499999999997,0.0,1.9142000091960654,31.92521836400078,True,True
2026-09-17T06:41:22.331644+00:00,19.835558499995386,595,324.99999999999994,240.0,324.0,240.0,324.0,240.0,0.9999999999999432,TRACKING,-1.4562499999999998,0.0,1.6739999991841614,29.857698206923686,True,True
2026-09-17T06:41:22.365903+00:00,19.869816299993545,596,325.0,240.0,325.0,240.0,325.0,240.0,0.0,TRACKING,-1.4249999999999998,0.0,2.1681000071112067,29.190432545398465,True,True
2026-09-17T06:41:22.399483+00:00,19.903395499990438,597,324.0,240.0,324.0,240.0,324.0,240.0,0.0,TRACKING,-1.4,0.0,3.23210000351537,29.780340213361807,True,True
2026-09-17T06:41:22.432429+00:00,19.936342099987087,598,324.0,240.0,324.0,240.0,324.0,240.0,0.0,TRACKING,-1.375,0.0,2.4566999927628785,30.352145596259348,True,True
2026-09-17T06:41:22.464947+00:00,19.96886269999959,599,324.0,240.0,324.0,240.0,324.0,240.0,0.0,TRACKING,-1.35,0.0,1.734199991915375,30.749740152872906,True,True
2026-09-17T06:41:22.498109+00:00,20.00202229998831,600,324.0,240.0,324.0,240.0,324.0,240.0,0.0,TRACKING,-1.3250000000000002,0.0,1.553299996885471,30.157179228342123,True,True
2026-09-17T06:41:22.531660+00:00,20.035571099986555,601,324.0,240.0,324.0,240.0,324.0,240.0,0.0,TRACKING,-1.3000000000000003,0.0,1.9243999995524064,29.807325449862926,True,True
2026-09-17T06:41:22.565537+00:00,20.069446299996343,602,324.00000000000006,240.0,324.0,240.0,324.0,240.0,5.684341886080802e-14,TRACKING,-1.2750000000000004,0.0,2.597400001832284,29.5201209058853,True,True
2026-09-17T06:41:22.598762+00:00,20.102574899996398,603,324.00000000000006,240.0,324.0,240.0,324.0,240.0,5.684341886080802e-14,TRACKING,-1.2500000000000004,0.0,2.34910000290256,30.185398718881952,True,True
2026-09-17T06:41:22.631207+00:00,20.13512219999393,604,324.00000000000006,240.0,324.0,240.0,324.0,240.0,5.684341886080802e-14,TRACKING,-1.2250000000000005,0.0,1.532300011604093,30.72451478543025,True,True
2026-09-17T06:41:22.666290+00:00,20.170202299996163,605,324.0000000000001,240.0,324.0,240.0,324.0,240.0,1.1368683772161603e-13,TRACKING,-1.2000000000000006,0.0,2.134399997885339,28.50619011736989,True,True
2026-09-17T06:41:22.699878+00:00,20.203782999989926,606,324.0000000000001,240.0,324.0,240.0,324.0,240.0,1.1368683772161603e-13,TRACKING,-1.1750000000000007,0.0,2.144199999747798,29.779009972565436,True,True
2026-09-17T06:41:22.732935+00:00,20.236848099986673,607,324.0000000000001,240.0,324.0,240.0,324.0,240.0,1.1368683772161603e-13,TRACKING,-1.1500000000000008,0.0,2.828500000759959,30.243368388372275,True,True
2026-09-17T06:41:22.767281+00:00,20.27117449999787,608,324.0000000000001,240.0,324.0,240.0,324.0,240.0,1.1368683772161603e-13,TRACKING,-1.1250000000000009,0.0,3.9489999908255413,29.132096569224935,True,True
2026-09-17T06:41:22.798481+00:00,20.302391699995496,609,324.0000000000001,240.0,324.0,240.0,324.0,240.0,1.1368683772161603e-13,TRACKING,-1.100000000000001,0.0,2.2151000011945143,32.03362249260056,True,True
2026-09-17T06:41:22.831251+00:00,20.335160999995423,610,324.00000000000017,240.0,324.0,240.0,324.0,240.0,1.7053025658242404e-13,TRACKING,-1.075000000000001,0.0,1.6795999981695786,30.516367453751606,True,True
2026-09-17T06:41:22.864627+00:00,20.3685395999928,611,324.00000000000017,240.0,324.0,240.0,324.0,240.0,1.7053025658242404e-13,TRACKING,-1.0500000000000012,0.0,1.745800007483922,29.95931525224493,True,True
2026-09-17T06:41:22.899412+00:00,20.403325599996606,612,324.00000000000017,240.0,324.0,240.0,324.0,240.0,1.7053025658242404e-13,TRACKING,-1.0250000000000012,0.0,2.8469999961089343,28.747197145133267,True,True
2026-09-17T06:41:22.931582+00:00,20.43548919999739,613,324.0000000000002,240.0,324.0,240.0,324.0,240.0,2.2737367544323206e-13,TRACKING,-1.0000000000000013,0.0,1.8861999997170642,31.091047021340053,True,True
2026-09-17T06:41:22.964788+00:00,20.46870109999145,614,324.0000000000002,240.0,324.0,240.0,324.0,240.0,2.2737367544323206e-13,TRACKING,-0.9750000000000013,0.0,1.5514999977312982,30.10968960459726,True,True
2026-09-17T06:41:22.998012+00:00,20.501922299998114,615,324.0000000000002,240.0,324.0,240.0,324.0,240.0,2.2737367544323206e-13,TRACKING,-0.9500000000000013,0.0,1.5548999945167452,30.10126063475682,True,True
2026-09-17T06:41:23.032679+00:00,20.536592499993276,616,324.0000000000002,240.0,324.0,240.0,324.0,240.0,2.2737367544323206e-13,TRACKING,-0.9250000000000013,0.0,2.7732000016840175,28.843214061053715,True,True
2026-09-17T06:41:23.065968+00:00,20.569879999995464,617,324.0000000000002,240.0,324.0,240.0,324.0,240.0,2.2737367544323206e-13,TRACKING,-0.9000000000000012,0.0,2.8014999988954514,30.041306794870486,True,True
2026-09-17T06:41:23.098955+00:00,20.602865199994994,618,324.0000000000002,240.0,324.0,240.0,324.0,240.0,2.2737367544323206e-13,TRACKING,-0.8750000000000012,0.0,2.4674000014783815,30.316626851262168,True,True
2026-09-17T06:41:23.131513+00:00,20.63542839999718,619,324.0000000000002,240.0,324.0,240.0,324.0,240.0,2.2737367544323206e-13,TRACKING,-0.8500000000000012,0.0,1.6131999873323366,30.709512576553912,True,True
2026-09-17T06:41:23.165015+00:00,20.668927599996096,620,324.0000000000002,240.0,324.0,240.0,324.0,240.0,2.2737367544323206e-13,TRACKING,-0.8250000000000012,0.0,2.0886999991489574,29.85145914029024,True,True
2026-09-17T06:41:23.198189+00:00,20.702102699986426,621,324.0000000000002,240.0,324.0,240.0,324.0,240.0,2.2737367544323206e-13,TRACKING,-0.8000000000000012,0.0,1.5424000011989847,30.143089253429967,True,True
2026-09-17T06:41:23.232765+00:00,20.73667739999655,622,324.00000000000017,240.0,324.0,240.0,324.0,240.0,1.7053025658242404e-13,TRACKING,-0.7750000000000011,0.0,2.977000011014752,28.922882908807324,True,True
2026-09-17T06:41:23.267136+00:00,20.771045899993624,623,324.00000000000017,240.0,324.0,240.0,324.0,240.0,1.7053025658242404e-13,TRACKING,-0.7500000000000011,0.0,3.9179000013973564,29.09641096018728,True,True
2026-09-17T06:41:23.298042+00:00,20.80194869999832,624,324.00000000000017,240.0,324.0,240.0,324.0,240.0,1.7053025658242404e-13,TRACKING,-0.7250000000000011,0.0,1.8259000062244013,32.359527287107454,True,True
2026-09-17T06:41:23.331400+00:00,20.835315499993158,625,324.00000000000017,240.0,324.0,240.0,324.0,240.0,1.7053025658242404e-13,TRACKING,-0.7000000000000011,0.0,1.6018000023905188,29.96991021478595,True,True
2026-09-17T06:41:23.365412+00:00,20.869315999996616,626,324.00000000000017,240.0,324.0,240.0,324.0,240.0,1.7053025658242404e-13,TRACKING,-0.675000000000001,0.0,2.3021000088192523,29.411332183300114,True,True
2026-09-17T06:41:23.399606+00:00,20.903518299994175,627,324.00000000000017,240.0,324.0,240.0,324.0,240.0,1.7053025658242404e-13,TRACKING,-0.650000000000001,0.0,3.2299000013154,29.237799799175715,True,True
2026-09-17T06:41:23.431401+00:00,20.93530979999923,628,324.00000000000017,240.0,324.0,240.0,324.0,240.0,1.7053025658242404e-13,TRACKING,-0.625000000000001,0.0,1.7917000077432021,31.454948644793703,True,True
2026-09-17T06:41:23.464862+00:00,20.968777299989597,629,324.00000000000017,240.0,324.0,240.0,324.0,240.0,1.7053025658242404e-13,TRACKING,-0.600000000000001,0.0,1.800900005036965,29.87973407896847,True,True
2026-09-17T06:41:23.497933+00:00,21.001843899997766,630,324.00000000000017,240.0,324.0,240.0,324.0,240.0,1.7053025658242404e-13,TRACKING,-0.575000000000001,0.0,1.6844999918248504,30.241996448166653,True,True
2026-09-17T06:41:23.532295+00:00,21.03620959998807,631,324.00000000000017,240.0,324.0,240.0,324.0,240.0,1.7053025658242404e-13,TRACKING,-0.5500000000000009,0.0,2.590000003692694,29.098781642223596,True,True
2026-09-17T06:41:23.566288+00:00,21.07019839998975,632,324.0000000000001,240.0,324.0,240.0,324.0,240.0,1.1368683772161603e-13,TRACKING,-0.5250000000000009,0.0,3.016699993168004,29.4214564783274,True,True
2026-09-17T06:41:23.598499+00:00,21.102398799994262,633,324.0000000000001,240.0,324.0,240.0,324.0,240.0,1.1368683772161603e-13,TRACKING,-0.5000000000000009,0.0,1.9438000017544255,31.055514833972804,True,True
2026-09-17T06:41:23.631575+00:00,21.13548909999372,634,324.0000000000001,240.0,324.0,240.0,324.0,240.0,1.1368683772161603e-13,TRACKING,-0.47500000000000087,0.0,1.6801000019768253,30.22033647372148,True,True
2026-09-17T06:41:23.664484+00:00,21.168398499998148,635,324.0000000000001,240.0,324.0,240.0,324.0,240.0,1.1368683772161603e-13,TRACKING,-0.45000000000000084,0.0,1.5654000017093495,30.386454929760262,True,True
2026-09-17T06:41:23.698400+00:00,21.202311599990935,636,324.0000000000001,240.0,324.0,240.0,324.0,240.0,1.1368683772161603e-13,TRACKING,-0.4250000000000008,0.0,2.123300000675954,29.48713034823348,True,True
2026-09-17T06:41:23.732867+00:00,21.23677749998751,637,324.0000000000001,240.0,324.0,240.0,324.0,240.0,1.1368683772161603e-13,TRACKING,-0.4000000000000008,0.0,2.994200011016801,29.014185037946127,True,True
2026-09-17T06:41:23.766724+00:00,21.270633799998905,638,324.0000000000001,240.0,324.0,240.0,324.0,240.0,1.1368683772161603e-13,TRACKING,-0.3750000000000008,0.0,3.391399994143285,29.536600268294862,True,True
2026-09-17T06:41:23.798328+00:00,21.302241299999878,639,324.0000000000001,240.0,324.0,240.0,324.0,240.0,1.1368683772161603e-13,TRACKING,-0.35000000000000075,0.0,1.831699992180802,31.63806058591185,True,True
2026-09-17T06:41:23.831583+00:00,21.33548689998861,640,324.0000000000001,240.0,324.0,240.0,324.0,240.0,1.1368683772161603e-13,TRACKING,-0.32500000000000073,0.0,1.8531000096118078,30.079168381348072,True,True
2026-09-17T06:41:23.865257+00:00,21.36916969998856,641,324.0000000000001,240.0,324.0,240.0,324.0,240.0,1.1368683772161603e-13,TRACKING,-0.3000000000000007,0.0,2.0884999976260588,29.688743216165026,True,True
2026-09-17T06:41:23.899527+00:00,21.403439099987736,642,324.0000000000001,240.0,324.0,240.0,324.0,240.0,1.1368683772161603e-13,TRACKING,-0.2750000000000007,0.0,2.813400002196431,29.180551746574714,True,True
2026-09-17T06:41:23.933597+00:00,21.437495799997123,643,324.0000000000001,240.0,324.0,240.0,324.0,240.0,1.1368683772161603e-13,TRACKING,-0.25000000000000067,0.0,3.655399996205233,29.362797914195205,True,True
2026-09-17T06:41:23.964913+00:00,21.46882869998808,644,324.0000000000001,240.0,324.0,240.0,324.0,240.0,1.1368683772161603e-13,TRACKING,-0.22500000000000067,0.0,1.8164000066462904,31.915335008524682,True,True
2026-09-17T06:41:23.998070+00:00,21.501981499997783,645,324.0000000000001,240.0,324.0,240.0,324.0,240.0,1.1368683772161603e-13,TRACKING,-0.20000000000000068,0.0,1.6570000007050112,30.16336477484089,True,True
2026-09-17T06:41:24.032243+00:00,21.536157299997285,646,324.0000000000001,240.0,324.0,240.0,324.0,240.0,1.1368683772161603e-13,TRACKING,-0.17500000000000068,0.0,2.6839999918593094,29.26047085992303,True,True
2026-09-17T06:41:24.065664+00:00,21.569576099995174,647,324.0000000000001,240.0,324.0,240.0,324.0,240.0,1.1368683772161603e-13,TRACKING,-0.1500000000000007,0.0,2.6110000035259873,29.923276720383587,True,True
2026-09-17T06:41:24.099277+00:00,21.603183499988518,648,324.0000000000001,240.0,324.0,240.0,324.0,240.0,1.1368683772161603e-13,TRACKING,-0.1250000000000007,0.0,2.6911000022664666,29.755351505861004,True,True
2026-09-17T06:41:24.131608+00:00,21.63552319999144,649,324.0000000000001,240.0,324.0,240.0,324.0,240.0,1.1368683772161603e-13,TRACKING,-0.1000000000000007,0.0,1.6529999993508682,30.921746333752463,True,True
2026-09-17T06:41:24.164236+00:00,21.668140299996594,650,324.0000000000001,240.0,324.0,240.0,324.0,240.0,1.1368683772161603e-13,TRACKING,-0.0750000000000007,0.0,1.3644999999087304,30.658764876152983,True,True
2026-09-17T06:41:24.199066+00:00,21.702975499996683,651,324.0000000000001,240.0,324.0,240.0,324.0,240.0,1.1368683772161603e-13,TRACKING,-0.050000000000000704,0.0,2.4548999936087057,28.70659562733829,True,True
2026-09-17T06:41:24.233495+00:00,21.737404699990293,652,324.0000000000001,240.0,324.0,240.0,324.0,240.0,1.1368683772161603e-13,TRACKING,-0.025000000000000702,0.0,3.073699990636669,29.04511287469901,True,True
2026-09-17T06:41:24.264615+00:00,21.7685269999929,653,324.0000000000001,240.0,324.0,240.0,324.0,240.0,1.1368683772161603e-13,TRACKING,-7.008282842946301e-16,0.0,1.6589000006206334,32.13130134714392,True,True
2026-09-17T06:41:24.297994+00:00,21.801909299989347,654,324.0000000000001,240.0,324.0,240.0,324.0,240.0,1.1368683772161603e-13,TRACKING,0.0249999999999993,0.0,1.5041000006021932,29.955994647056645,True,True
2026-09-17T06:41:24.331375+00:00,21.835291600000346,655,324.0000000000001,240.0,324.0,240.0,324.0,240.0,1.1368683772161603e-13,TRACKING,0.0499999999999993,0.0,1.8635000014910474,29.955994633998316,True,True
2026-09-17T06:41:24.365195+00:00,21.869107799997437,656,324.0000000000001,240.0,324.0,240.0,324.0,240.0,1.1368683772161603e-13,TRACKING,0.0749999999999993,0.0,2.3427000123774633,29.571625436507702,True,True
2026-09-17T06:41:24.399175+00:00,21.90308709999954,657,324.0000000000001,240.0,324.0,240.0,324.0,240.0,1.1368683772161603e-13,TRACKING,0.09999999999999931,0.0,2.75129999499768,29.429682187041653,True,True
2026-09-17T06:41:24.432141+00:00,21.936051099997712,658,324.0000000000001,240.0,324.0,240.0,324.0,240.0,1.1368683772161603e-13,TRACKING,0.1249999999999993,0.0,2.5640000094426796,30.336124258445686,True,True
2026-09-17T06:41:24.464997+00:00,21.968897200000356,659,324.0000000000001,240.0,324.0,240.0,324.0,240.0,1.1368683772161603e-13,TRACKING,0.1499999999999993,0.0,1.826499996241182,30.44501477860428,True,True
2026-09-17T06:41:24.498111+00:00,22.00202589998662,660,324.0000000000001,240.0,324.0,240.0,324.0,240.0,1.1368683772161603e-13,TRACKING,0.1749999999999993,0.0,1.7483999981777743,30.185307615892626,True,True
2026-09-17T06:41:24.532235+00:00,22.036146200000076,661,324.0000000000001,240.0,324.0,240.0,324.0,240.0,1.1368683772161603e-13,TRACKING,0.1999999999999993,0.0,2.2132999874884263,29.30806586125103,True,True
2026-09-17T06:41:24.566481+00:00,22.07039259999874,662,324.0000000000001,240.0,324.0,240.0,324.0,240.0,1.1368683772161603e-13,TRACKING,0.22499999999999928,0.0,3.1487999949604273,29.200149505903873,True,True
2026-09-17T06:41:24.598444+00:00,22.102357399999164,663,324.0000000000001,240.0,324.0,240.0,324.0,240.0,1.1368683772161603e-13,TRACKING,0.24999999999999928,0.0,1.8426999886287376,31.284412853725005,True,True
2026-09-17T06:41:24.631333+00:00,22.135247999991407,664,324.0000000000001,240.0,324.0,240.0,324.0,240.0,1.1368683772161603e-13,TRACKING,0.2749999999999993,0.0,1.4968000032240525,30.403823592024875,True,True
2026-09-17T06:41:24.665012+00:00,22.16891749999195,665,324.0000000000001,240.0,324.0,240.0,324.0,240.0,1.1368683772161603e-13,TRACKING,0.2999999999999993,0.0,1.8629999976838008,29.700470751983293,True,True
2026-09-17T06:41:24.698258+00:00,22.202171599987196,666,324.0000000000001,240.0,324.0,240.0,324.0,240.0,1.1368683772161603e-13,TRACKING,0.32499999999999934,0.0,1.594500005012378,30.07147991203873,True,True
2026-09-17T06:41:24.732167+00:00,22.236079799986328,667,324.0000000000001,240.0,324.0,240.0,324.0,240.0,1.1368683772161603e-13,TRACKING,0.34999999999999937,0.0,2.594699995825067,29.491391463586766,True,True
2026-09-17T06:41:24.764504+00:00,22.268419099986204,668,324.0000000000001,240.0,324.0,240.0,324.0,240.0,1.1368683772161603e-13,TRACKING,0.3749999999999994,0.0,1.5894999960437417,30.92212880315393,True,True
2026-09-17T06:41:24.798033+00:00,22.301944799997727,669,324.0000000000001,240.0,324.0,240.0,324.0,240.0,1.1368683772161603e-13,TRACKING,0.3999999999999994,0.0,1.8106999923475087,29.82786339006435,True,True
2026-09-17T06:41:24.831940+00:00,22.335851099996944,670,324.0000000000001,240.0,324.0,240.0,324.0,240.0,1.1368683772161603e-13,TRACKING,0.42499999999999943,0.0,2.3751999979140237,29.493044066238596,True,True
2026-09-17T06:41:24.865245+00:00,22.369152199986274,671,324.0000000000001,240.0,324.0,240.0,324.0,240.0,1.1368683772161603e-13,TRACKING,0.44999999999999946,0.0,2.2496000019600615,30.02903808944443,True,True
2026-09-17T06:41:24.899312+00:00,22.403218999999808,672,324.0000000000001,240.0,324.0,240.0,324.0,240.0,1.1368683772161603e-13,TRACKING,0.4749999999999995,0.0,2.7520999865373597,29.354092535921417,True,True
2026-09-17T06:41:24.932020+00:00,22.435932899999898,673,324.0000000000001,240.0,324.0,240.0,324.0,240.0,1.1368683772161603e-13,TRACKING,0.4999999999999995,0.0,2.2215999924810603,30.568045998711728,True,True
2026-09-17T06:41:24.964928+00:00,22.468841399997473,674,324.0000000000001,240.0,324.0,240.0,324.0,240.0,1.1368683772161603e-13,TRACKING,0.5249999999999995,0.0,1.718499988783151,30.38728596179389,True,True
2026-09-17T06:41:24.997960+00:00,22.501865899990662,675,324.0000000000001,240.0,324.0,240.0,324.0,240.0,1.1368683772161603e-13,TRACKING,0.5499999999999995,0.0,1.7567000031704083,30.280549295408974,True,True
2026-09-17T06:41:25.032036+00:00,22.535946799995145,676,324.0000000000001,240.0,324.0,240.0,324.0,240.0,1.1368683772161603e-13,TRACKING,0.5749999999999995,0.0,2.370400005020201,29.341948125444606,True,True
2026-09-17T06:41:25.065981+00:00,22.569893199994112,677,324.0000000000001,240.0,324.0,240.0,324.0,240.0,1.1368683772161603e-13,TRACKING,0.5999999999999995,0.0,2.7073000092059374,29.458204700068773,True,True
2026-09-17T06:41:25.098614+00:00,22.602515599995968,678,324.00000000000006,240.0,324.0,240.0,324.0,240.0,5.684341886080802e-14,TRACKING,0.6249999999999996,0.0,2.0628000056603923,30.653783901341406,True,True
2026-09-17T06:41:25.131356+00:00,22.635256999987178,679,324.00000000000006,240.0,324.0,240.0,324.0,240.0,5.684341886080802e-14,TRACKING,0.6499999999999996,0.0,1.465599998482503,30.542371440087447,True,True
2026-09-17T06:41:25.164383+00:00,22.668290099987644,680,324.00000000000006,240.0,324.0,240.0,324.0,240.0,5.684341886080802e-14,TRACKING,0.6749999999999996,0.0,1.4770999987376854,30.27266590135005,True,True
2026-09-17T06:41:25.198587+00:00,22.702500399987912,681,324.00000000000006,240.0,324.0,240.0,324.0,240.0,5.684341886080802e-14,TRACKING,0.6999999999999996,0.0,2.249400000437163,29.230962604600517,True,True
2026-09-17T06:41:25.232893+00:00,22.736794199998258,682,324.00000000000006,240.0,324.0,240.0,324.0,240.0,5.684341886080802e-14,TRACKING,0.7249999999999996,0.0,3.2706000056350604,29.159789807437974,True,True
2026-09-17T06:41:25.266582+00:00,22.77049349999288,683,324.00000000000006,240.0,324.0,240.0,324.0,240.0,5.684341886080802e-14,TRACKING,0.7499999999999997,0.0,3.3893000072566792,29.674206887370055,True,True
2026-09-17T06:41:25.297886+00:00,22.801800899993395,684,324.00000000000006,240.0,324.0,240.0,324.0,240.0,5.684341886080802e-14,TRACKING,0.7749999999999997,0.0,1.409000004059635,31.9413301642285,True,True
2026-09-17T06:41:25.331661+00:00,22.835573099990143,685,324.00000000000006,240.0,324.0,240.0,324.0,240.0,5.684341886080802e-14,TRACKING,0.7999999999999997,0.0,1.7891000024974346,29.610152732019813,True,True
2026-09-17T06:41:25.365480+00:00,22.869394399996963,686,324.00000000000006,240.0,324.0,240.0,324.0,240.0,5.684341886080802e-14,TRACKING,0.8249999999999997,0.0,2.4723000096855685,29.567166247256246,True,True
2026-09-17T06:41:25.399414+00:00,22.90332599999965,687,324.00000000000006,240.0,324.0,240.0,324.0,240.0,5.684341886080802e-14,TRACKING,0.8499999999999998,0.0,2.7502000011736527,29.47105352888668,True,True
2026-09-17T06:41:25.431939+00:00,22.935851199988974,688,324.0,240.0,324.0,240.0,324.0,240.0,0.0,TRACKING,0.8749999999999998,0.0,2.3588999902131036,30.7453912759424,True,True
2026-09-17T06:41:25.465095+00:00,22.9690094999969,689,324.0,240.0,324.0,240.0,324.0,240.0,0.0,TRACKING,0.8999999999999998,0.0,1.7957999953068793,30.158361549324173,True,True
2026-09-17T06:41:25.497847+00:00,23.001762299987604,690,324.0,240.0,324.0,240.0,324.0,240.0,0.0,TRACKING,0.9249999999999998,0.0,1.578800001880154,30.53174080639954,True,True
2026-09-17T06:41:25.532106+00:00,23.03602059998957,691,324.0,240.0,324.0,240.0,324.0,240.0,0.0,TRACKING,0.9499999999999998,0.0,2.5088999973377213,29.19000650769645,True,True
2026-09-17T06:41:25.565761+00:00,23.06967420000001,692,324.0,240.0,324.0,240.0,324.0,240.0,0.0,TRACKING,0.9749999999999999,0.0,2.8011000104015693,29.71450304543394,True,True
2026-09-17T06:41:25.600895+00:00,23.10480999998981,693,324.0,240.0,324.0,240.0,324.0,240.0,0.0,TRACKING,0.9999999999999999,0.0,4.195599991362542,28.460999900108252,True,True
2026-09-17T06:41:25.631206+00:00,23.135121100000106,694,324.0,240.0,324.0,240.0,324.0,240.0,0.0,TRACKING,1.025,0.0,1.56379998952616,32.99121442839003,True,True
2026-09-17T06:41:25.665840+00:00,23.16974979999941,695,324.0,240.0,324.0,240.0,324.0,240.0,0.0,TRACKING,1.0499999999999998,0.0,2.8304999868851155,28.877780569878126,True,True
2026-09-17T06:41:25.698292+00:00,23.202203799999552,696,324.0,240.0,324.0,240.0,324.0,240.0,0.0,TRACKING,1.0749999999999997,0.0,1.9554999889805913,30.8128427927399,True,True
2026-09-17T06:41:25.732878+00:00,23.236791699993773,697,324.00000000000006,240.0,324.0,240.0,324.0,240.0,5.684341886080802e-14,TRACKING,1.0999999999999996,0.0,2.9501999961212277,28.91184489856472,True,True
2026-09-17T06:41:25.766457+00:00,23.270364899988635,698,324.00000000000006,240.0,324.0,240.0,324.0,240.0,5.684341886080802e-14,TRACKING,1.1249999999999996,0.0,3.219199992599897,29.785662378118154,True,True
2026-09-17T06:41:25.798021+00:00,23.301931999987573,699,324.00000000000006,240.0,324.0,240.0,324.0,240.0,5.684341886080802e-14,TRACKING,1.1499999999999995,0.0,1.5153999993344769,31.678551404267264,True,True
2026-09-17T06:41:25.831101+00:00,23.33501619999879,700,324.0000000000001,240.0,324.0,240.0,324.0,240.0,1.1368683772161603e-13,TRACKING,1.1749999999999994,0.0,1.536999989184551,30.22590842943021,True,True
2026-09-17T06:41:25.865572+00:00,23.369486499999766,701,324.0000000000001,240.0,324.0,240.0,324.0,240.0,1.1368683772161603e-13,TRACKING,1.1999999999999993,0.0,2.5319999986095354,29.010481486139966,True,True
2026-09-17T06:41:25.899189+00:00,23.403100799987442,702,324.0000000000001,240.0,324.0,240.0,324.0,240.0,1.1368683772161603e-13,TRACKING,1.2249999999999992,0.0,2.851800003554672,29.749243636388112,True,True
2026-09-17T06:41:25.932454+00:00,23.43631029999233,703,324.0000000000001,240.0,324.0,240.0,324.0,240.0,1.1368683772161603e-13,TRACKING,1.2499999999999991,0.0,2.847800002200529,30.111865576201204,True,True
2026-09-17T06:41:25.964881+00:00,23.46878929999366,704,324.0000000000001,240.0,324.0,240.0,324.0,240.0,1.1368683772161603e-13,TRACKING,1.274999999999999,0.0,1.7275999998673797,30.789125279689152,True,True
2026-09-17T06:41:25.998008+00:00,23.5019234999927,705,324.00000000000017,240.0,324.0,240.0,324.0,240.0,1.7053025658242404e-13,TRACKING,1.299999999999999,0.0,1.5322000108426437,30.180297095719023,True,True
2026-09-17T06:41:26.032079+00:00,23.535986299990327,706,324.00000000000017,240.0,324.0,240.0,324.0,240.0,1.7053025658242404e-13,TRACKING,1.3249999999999988,0.0,1.9921000057365745,29.357539605365496,True,True
2026-09-17T06:41:26.066863+00:00,23.570536699990043,707,324.00000000000017,240.0,324.0,240.0,324.0,240.0,1.7053025658242404e-13,TRACKING,1.3499999999999988,0.0,3.4607999987201765,28.94322497013669,True,True
2026-09-17T06:41:26.098061+00:00,23.601968899994972,708,324.0000000000002,240.0,324.0,240.0,324.0,240.0,2.2737367544323206e-13,TRACKING,1.3749999999999987,0.0,1.778700010618195,31.81450868355363,True,True
2026-09-17T06:41:26.131299+00:00,23.635214599999017,709,324.0000000000002,240.0,324.0,240.0,324.0,240.0,2.2737367544323206e-13,TRACKING,1.3999999999999986,0.0,1.6841999895405024,30.07907789212838,True,True
2026-09-17T06:41:26.165228+00:00,23.669141199992737,710,324.0000000000002,240.0,324.0,240.0,324.0,240.0,2.2737367544323206e-13,TRACKING,1.4249999999999985,0.0,1.8833000067388639,29.475396891675373,True,True
2026-09-17T06:41:26.198547+00:00,23.70246000000043,711,324.0000000000002,240.0,324.0,240.0,324.0,240.0,2.2737367544323206e-13,TRACKING,1.4499999999999984,0.0,1.9227000011596829,30.013085698439053,True,True
2026-09-17T06:41:26.232824+00:00,23.736732999997912,712,324.0000000000002,240.0,324.0,240.0,324.0,240.0,2.2737367544323206e-13,TRACKING,1.4749999999999983,0.0,2.9439999925671145,29.177486653442163,True,True
2026-09-17T06:41:26.266582+00:00,23.77049129999068,713,324.0000000000003,240.0,324.0,240.0,324.0,240.0,2.8421709430404007e-13,TRACKING,1.4999999999999982,0.0,3.236999997170642,29.622344733419588,True,True
2026-09-17T06:41:26.298166+00:00,23.802075899991905,714,324.0000000000003,240.0,324.0,240.0,324.0,240.0,2.8421709430404007e-13,TRACKING,1.5249999999999981,0.0,1.6394999984186143,31.660999346556135,True,True
2026-09-17T06:41:26.331382+00:00,23.835286999994423,715,324.0000000000003,240.0,324.0,240.0,324.0,240.0,2.8421709430404007e-13,TRACKING,1.549999999999998,0.0,1.6669000033289194,30.110414889123945,True,True
2026-09-17T06:41:26.365222+00:00,23.869129299986525,716,324.00000000000034,240.0,324.0,240.0,324.0,240.0,3.410605131648481e-13,TRACKING,1.574999999999998,0.0,1.8549999949755147,29.54881908834124,True,True
2026-09-17T06:41:26.399921+00:00,23.903831099989475,717,324.00000000000034,240.0,324.0,240.0,324.0,240.0,3.410605131648481e-13,TRACKING,1.5999999999999979,0.0,3.223799998522736,28.816948974260985,True,True
2026-09-17T06:41:26.431692+00:00,23.935535499986145,718,324.00000000000034,240.0,324.0,240.0,324.0,240.0,3.410605131648481e-13,TRACKING,1.6249999999999978,0.0,1.8336000066483393,31.54136334720209,True,True
2026-09-17T06:41:26.464910+00:00,23.968825299991295,719,324.00000000000034,240.0,324.0,240.0,324.0,240.0,3.410605131648481e-13,TRACKING,1.6499999999999977,0.0,1.7331999988527969,30.039231231347053,True,True
2026-09-17T06:41:26.498768+00:00,24.002680499994312,720,324.00000000000034,240.0,324.0,240.0,324.0,240.0,3.410605131648481e-13,TRACKING,1.6749999999999976,0.0,2.249700002721511,29.5375599586139,True,True
2026-09-17T06:41:26.531873+00:00,24.035783999992418,721,324.0000000000004,240.0,324.0,240.0,324.0,240.0,3.979039320256561e-13,TRACKING,1.6999999999999975,0.0,1.9966999971074983,30.208286134614884,True,True
2026-09-17T06:41:26.566645+00:00,24.070553899990045,722,324.0000000000004,240.0,324.0,240.0,324.0,240.0,3.979039320256561e-13,TRACKING,1.7249999999999974,0.0,3.4630000009201467,28.76050837270853,True,True
2026-09-17T06:41:26.598514+00:00,24.102422799987835,723,324.0000000000004,240.0,324.0,240.0,324.0,240.0,3.979039320256561e-13,TRACKING,1.7499999999999973,0.0,2.358399986405857,31.378554015650526,True,True
2026-09-17T06:41:26.631899+00:00,24.135808699997142,724,324.00000000000045,240.0,324.0,240.0,324.0,240.0,4.547473508864641e-13,TRACKING,1.7749999999999972,0.0,2.13350000558421,29.952764482048625,True,True
2026-09-17T06:41:26.665080+00:00,24.168991899990942,725,324.00000000000045,240.0,324.0,240.0,324.0,240.0,4.547473508864641e-13,TRACKING,1.7999999999999972,0.0,1.820899997255765,30.13573133955828,True,True
2026-09-17T06:41:26.698809+00:00,24.202720799992676,726,324.00000000000045,240.0,324.0,240.0,324.0,240.0,4.547473508864641e-13,TRACKING,1.824999999999997,0.0,2.5120999926002696,29.64816522177133,True,True
2026-09-17T06:41:26.732861+00:00,24.236770199990133,727,316.00000000000045,240.0,316.0,240.0,318.0,240.0,1.9999999999995453,TRACKING,1.8124999999999971,0.0,3.1498000025749207,29.369093143335498,True,True
2026-09-17T06:41:26.766247+00:00,24.270157899998594,728,314.00000000000045,240.0,314.0,240.0,314.0,240.0,4.547473508864641e-13,TRACKING,1.774999999999997,0.0,2.9887999990023673,29.951149667289922,True,True
2026-09-17T06:41:26.798028+00:00,24.30194119999942,729,316.00000000000045,240.0,316.0,240.0,314.0,240.0,2.0000000000004547,TRACKING,1.737499999999997,0.0,1.4949999895179644,31.46306393527557,True,True
2026-09-17T06:41:26.831543+00:00,24.335456699991482,730,318.0000000000005,240.0,318.0,240.0,317.0,240.0,1.0000000000005116,TRACKING,1.718749999999997,0.0,1.6060000052675605,29.836941123862324,True,True
2026-09-17T06:41:26.865634+00:00,24.369548799993936,731,317.0000000000005,240.0,317.0,240.0,317.0,240.0,5.115907697472721e-13,TRACKING,1.6999999999999968,0.0,2.6977999950759113,29.332308655906452,True,True
2026-09-17T06:41:26.899430+00:00,24.403343099998892,732,316.0000000000005,240.0,316.0,240.0,316.0,240.0,5.115907697472721e-13,TRACKING,1.674999999999997,0.0,2.931799986981787,29.590788974866733,True,True
2026-09-17T06:41:26.933148+00:00,24.437057099989033,733,316.0000000000005,240.0,316.0,240.0,316.0,240.0,5.115907697472721e-13,TRACKING,1.649999999999997,0.0,3.108699995209463,29.661268324507027,True,True
2026-09-17T06:41:26.964576+00:00,24.468484899989562,734,316.00000000000045,240.0,316.0,240.0,316.0,240.0,4.547473508864641e-13,TRACKING,1.6249999999999971,0.0,1.6515999886905774,31.818962828552237,True,True
2026-09-17T06:41:26.997764+00:00,24.501678399989032,735,316.00000000000045,240.0,316.0,240.0,316.0,240.0,4.547473508864641e-13,TRACKING,1.5999999999999972,0.0,1.5411999920615926,30.126380165272256,True,True
2026-09-17T06:41:27.031681+00:00,24.53559429998859,736,316.00000000000045,240.0,316.0,240.0,316.0,240.0,4.547473508864641e-13,TRACKING,1.5749999999999973,0.0,1.8101000023307279,29.484695968943395,True,True
2026-09-17T06:41:27.065673+00:00,24.569584099997883,737,316.00000000000045,240.0,316.0,240.0,316.0,240.0,4.547473508864641e-13,TRACKING,1.5499999999999974,0.0,2.4528000067221,29.42059087510232,True,True
2026-09-17T06:41:27.097723+00:00,24.601635699989856,738,316.00000000000045,240.0,316.0,240.0,316.0,240.0,4.547473508864641e-13,TRACKING,1.5249999999999975,0.0,1.5356999938376248,31.19969050688342,True,True
2026-09-17T06:41:27.131700+00:00,24.635614999991958,739,316.0000000000004,240.0,316.0,240.0,316.0,240.0,3.979039320256561e-13,TRACKING,1.4999999999999976,0.0,1.9757999980356544,29.429682187041653,True,True
2026-09-17T06:41:27.164331+00:00,24.668246299988823,740,316.0000000000004,240.0,316.0,240.0,316.0,240.0,3.979039320256561e-13,TRACKING,1.4749999999999976,0.0,1.4607000048272312,30.645423262207572,True,True
2026-09-17T06:41:27.199126+00:00,24.703035699989414,741,316.00000000000034,240.0,316.0,240.0,316.0,240.0,3.410605131648481e-13,TRACKING,1.4499999999999977,0.0,2.8074000001652166,28.744387657821548,True,True
2026-09-17T06:41:27.232470+00:00,24.73638389998814,742,316.00000000000034,240.0,316.0,240.0,316.0,240.0,3.410605131648481e-13,TRACKING,1.4249999999999978,0.0,2.512799997930415,29.986625965964308,True,True
2026-09-17T06:41:27.266078+00:00,24.76999079999223,743,316.00000000000034,240.0,316.0,240.0,316.0,240.0,3.410605131648481e-13,TRACKING,1.399999999999998,0.0,2.9953000048408285,29.755794193405517,True,True
2026-09-17T06:41:27.297888+00:00,24.801798799991957,744,316.00000000000034,240.0,316.0,240.0,316.0,240.0,3.410605131648481e-13,TRACKING,1.374999999999998,0.0,1.4529000036418438,31.438631791013254,True,True
2026-09-17T06:41:27.331580+00:00,24.835490799989202,745,316.00000000000034,240.0,316.0,240.0,316.0,240.0,3.410605131648481e-13,TRACKING,1.349999999999998,0.0,1.9214000058127567,29.680636355270266,True,True
2026-09-17T06:41:27.365154+00:00,24.86906420000014,746,316.00000000000034,240.0,316.0,240.0,316.0,240.0,3.410605131648481e-13,TRACKING,1.3249999999999982,0.0,2.2433999984059483,29.78548492777733,True,True
2026-09-17T06:41:27.399038+00:00,24.902947299997322,747,316.0000000000003,240.0,316.0,240.0,316.0,240.0,2.8421709430404007e-13,TRACKING,1.2999999999999983,0.0,2.6338000025134534,29.51323816543143,True,True
2026-09-17T06:41:27.433554+00:00,24.937462099987897,748,316.0000000000003,240.0,316.0,240.0,316.0,240.0,2.8421709430404007e-13,TRACKING,1.2749999999999984,0.0,3.6622999905375764,28.97307822363381,True,True
2026-09-17T06:41:27.465039+00:00,24.968950499998755,749,316.0000000000002,240.0,316.0,240.0,316.0,240.0,2.2737367544323206e-13,TRACKING,1.2499999999999984,0.0,2.0536000083666295,31.757726643944537,True,True
2026-09-17T06:41:27.498376+00:00,25.00228669999342,750,316.0000000000002,240.0,316.0,240.0,316.0,240.0,2.2737367544323206e-13,TRACKING,1.2249999999999985,0.0,2.0127000025240704,29.99742022666192,True,True
2026-09-17T06:41:27.531851+00:00,25.0357604999881,751,316.0000000000002,240.0,316.0,240.0,316.0,240.0,2.2737367544323206e-13,TRACKING,1.1999999999999986,0.0,2.2874000133015215,29.87411050310689,True,True
2026-09-17T06:41:27.565897+00:00,25.06981019998784,752,316.0000000000002,240.0,316.0,240.0,316.0,240.0,2.2737367544323206e-13,TRACKING,1.1749999999999987,0.0,2.5603999965824187,29.368834380555434,True,True
2026-09-17T06:41:27.599621+00:00,25.103532499997527,753,316.0000000000002,240.0,316.0,240.0,316.0,240.0,2.2737367544323206e-13,TRACKING,1.1499999999999988,0.0,2.9857000045012683,29.653967840650978,True,True
2026-09-17T06:41:27.631363+00:00,25.135276099987095,754,316.0000000000002,240.0,316.0,240.0,316.0,240.0,2.2737367544323206e-13,TRACKING,1.124999999999999,0.0,1.8465999892214313,31.502413095195152,True,True
2026-09-17T06:41:27.664882+00:00,25.16878779999388,755,316.00000000000017,240.0,316.0,240.0,316.0,240.0,1.7053025658242404e-13,TRACKING,1.099999999999999,0.0,1.771000010194257,29.840324417966414,True,True
2026-09-17T06:41:27.698055+00:00,25.201967699991656,756,316.00000000000017,240.0,316.0,240.0,316.0,240.0,1.7053025658242404e-13,TRACKING,1.074999999999999,0.0,1.8044000025838614,30.13872856961646,True,True
2026-09-17T06:41:27.732684+00:00,25.236596299990197,757,316.0000000000001,240.0,316.0,240.0,316.0,240.0,1.1368683772161603e-13,TRACKING,1.0499999999999992,0.0,2.875799997127615,28.877863963375006,True,True
2026-09-17T06:41:27.765214+00:00,25.26911189999373,758,316.0000000000001,240.0,316.0,240.0,316.0,240.0,1.1368683772161603e-13,TRACKING,1.0249999999999992,0.0,2.1355000062612817,30.75446862094764,True,True
2026-09-17T06:41:27.798054+00:00,25.301966699989862,759,316.0000000000001,240.0,316.0,240.0,316.0,240.0,1.1368683772161603e-13,TRACKING,0.9999999999999992,0.0,1.7742000054568052,30.436952899356744,True,True
2026-09-17T06:41:27.831209+00:00,25.33512439999322,760,316.0000000000001,240.0,316.0,240.0,316.0,240.0,1.1368683772161603e-13,TRACKING,0.9749999999999992,0.0,1.549599997815676,30.1589072794174,True,True
2026-09-17T06:41:27.864596+00:00,25.36850979999872,761,316.0000000000001,240.0,316.0,240.0,316.0,240.0,1.1368683772161603e-13,TRACKING,0.9499999999999992,0.0,1.5419000119436532,29.953213076232796,True,True
2026-09-17T06:41:27.900033+00:00,25.403944399993634,762,316.0000000000001,240.0,316.0,240.0,316.0,240.0,1.1368683772161603e-13,TRACKING,0.9249999999999992,0.0,3.3647999953245744,28.221004333152198,True,True
2026-09-17T06:41:27.933193+00:00,25.437107399993693,763,316.0000000000001,240.0,316.0,240.0,316.0,240.0,1.1368683772161603e-13,TRACKING,0.8999999999999991,0.0,3.571600012946874,30.154087386491895,True,True
2026-09-17T06:41:27.964811+00:00,25.46871829999145,764,316.0000000000001,240.0,316.0,240.0,316.0,240.0,1.1368683772161603e-13,TRACKING,0.8749999999999991,0.0,1.7795000021578744,31.63465766779508,True,True
2026-09-17T06:41:27.998082+00:00,25.50198879999516,765,316.0000000000001,240.0,316.0,240.0,316.0,240.0,1.1368683772161603e-13,TRACKING,0.8499999999999991,0.0,1.7127999890362844,30.056656794713216,True,True
2026-09-17T06:41:28.032156+00:00,25.53606509999372,766,316.0000000000001,240.0,316.0,240.0,316.0,240.0,1.1368683772161603e-13,TRACKING,0.8249999999999991,0.0,2.150799991795793,29.34590903479129,True,True
2026-09-17T06:41:28.065848+00:00,25.569761299993843,767,316.0000000000001,240.0,316.0,240.0,316.0,240.0,1.1368683772161603e-13,TRACKING,0.799999999999999,0.0,2.7468000043882057,29.6769368651769,True,True
2026-09-17T06:41:28.098632+00:00,25.60254459999851,768,316.00000000000017,240.0,316.0,240.0,316.0,240.0,1.7053025658242404e-13,TRACKING,0.774999999999999,0.0,2.1661999926436692,30.50333553539915,True,True
2026-09-17T06:41:28.131527+00:00,25.635442200000398,769,316.00000000000017,240.0,316.0,240.0,316.0,240.0,1.7053025658242404e-13,TRACKING,0.749999999999999,0.0,1.9009999959962443,30.397354212544354,True,True
2026-09-17T06:41:28.164643+00:00,25.6685579999903,770,316.00000000000017,240.0,316.0,240.0,316.0,240.0,1.7053025658242404e-13,TRACKING,0.724999999999999,0.0,1.625899996724911,30.197066062271595,True,True
2026-09-17T06:41:28.198417+00:00,25.7023310999939,771,316.00000000000017,240.0,316.0,240.0,316.0,240.0,1.7053025658242404e-13,TRACKING,0.699999999999999,0.0,1.8730000010691583,29.609363662009194,True,True
2026-09-17T06:41:28.232794+00:00,25.736702999987756,772,316.00000000000017,240.0,316.0,240.0,316.0,240.0,1.7053025658242404e-13,TRACKING,0.6749999999999989,0.0,2.9715999990003183,29.09353280379353,True,True
2026-09-17T06:41:28.266128+00:00,25.77003960000002,773,316.00000000000017,240.0,316.0,240.0,316.0,240.0,1.7053025658242404e-13,TRACKING,0.6499999999999989,0.0,2.9661000007763505,29.997060277057813,True,True
2026-09-17T06:41:28.297663+00:00,25.801568899987615,774,316.00000000000017,240.0,316.0,240.0,316.0,240.0,1.7053025658242404e-13,TRACKING,0.6249999999999989,0.0,1.3965999969514087,31.71653035092429,True,True
2026-09-17T06:41:28.331525+00:00,25.835436699999264,775,316.00000000000017,240.0,316.0,240.0,316.0,240.0,1.7053025658242404e-13,TRACKING,0.5999999999999989,0.0,1.814799994463101,29.526570951052356,True,True
2026-09-17T06:41:28.365172+00:00,25.869086099992273,776,316.00000000000017,240.0,316.0,240.0,316.0,240.0,1.7053025658242404e-13,TRACKING,0.5749999999999988,0.0,1.9561999943107367,29.718211920799014,True,True
2026-09-17T06:41:28.399313+00:00,25.903226999987965,777,316.00000000000017,240.0,316.0,240.0,316.0,240.0,1.7053025658242404e-13,TRACKING,0.5499999999999988,0.0,2.751799998804927,29.2903819209865,True,True
2026-09-17T06:41:28.432772+00:00,25.93633039999986,778,316.00000000000017,240.0,316.0,240.0,316.0,240.0,1.7053025658242404e-13,TRACKING,0.5249999999999988,0.0,2.8131999861216173,30.208377376361234,True,True
2026-09-17T06:41:28.465256+00:00,25.969160099994042,779,316.0000000000002,240.0,316.0,240.0,316.0,240.0,2.2737367544323206e-13,TRACKING,0.4999999999999988,0.0,2.135699993232265,30.46022352251892,True,True
2026-09-17T06:41:28.498060+00:00,26.00197479999042,780,316.0000000000002,240.0,316.0,240.0,316.0,240.0,2.2737367544323206e-13,TRACKING,0.47499999999999876,0.0,1.5382999990833923,30.474147260536913,True,True
2026-09-17T06:41:28.531949+00:00,26.03586279999581,781,316.0000000000002,240.0,316.0,240.0,316.0,240.0,2.2737367544323206e-13,TRACKING,0.44999999999999873,0.0,2.065499997115694,29.508970722407106,True,True
2026-09-17T06:41:28.565812+00:00,26.069723099994007,782,316.0000000000002,240.0,316.0,240.0,316.0,240.0,2.2737367544323206e-13,TRACKING,0.4249999999999987,0.0,2.8870999958598986,29.533111049024445,True,True
2026-09-17T06:41:28.599917+00:00,26.10382849999587,783,316.0000000000002,240.0,316.0,240.0,316.0,240.0,2.2737367544323206e-13,TRACKING,0.3999999999999987,0.0,3.6991000088164583,29.32087000725324,True,True
2026-09-17T06:41:28.631714+00:00,26.13562909999746,784,316.0000000000002,240.0,316.0,240.0,316.0,240.0,2.2737367544323206e-13,TRACKING,0.37499999999999867,0.0,1.9782000017585233,31.4459475591671,True,True
2026-09-17T06:41:28.664452+00:00,26.16836749999493,785,316.0000000000002,240.0,316.0,240.0,316.0,240.0,2.2737367544323206e-13,TRACKING,0.34999999999999865,0.0,1.5340999962063506,30.54517020004888,True,True
2026-09-17T06:41:28.698933+00:00,26.20282569999108,786,316.0000000000002,240.0,316.0,240.0,316.0,240.0,2.2737367544323206e-13,TRACKING,0.3249999999999986,0.0,2.2441000037360936,29.020668523360843,True,True
2026-09-17T06:41:28.731932+00:00,26.235843799993745,787,316.0000000000002,240.0,316.0,240.0,316.0,240.0,2.2737367544323206e-13,TRACKING,0.2999999999999986,0.0,2.2240999969653785,30.28641865883599,True,True
2026-09-17T06:41:28.766562+00:00,26.270470599993132,788,316.0000000000002,240.0,316.0,240.0,316.0,240.0,2.2737367544323206e-13,TRACKING,0.2749999999999986,0.0,3.515999997034669,28.879365116548538,True,True
2026-09-17T06:41:28.798059+00:00,26.30197169999883,789,316.0000000000002,240.0,316.0,240.0,316.0,240.0,2.2737367544323206e-13,TRACKING,0.24999999999999858,0.0,1.6044000076362863,31.744923187415836,True,True
2026-09-17T06:41:28.831587+00:00,26.335501499997918,790,316.0000000000002,240.0,316.0,240.0,316.0,240.0,2.2737367544323206e-13,TRACKING,0.2249999999999986,0.0,1.6028999962145463,29.824216071292582,True,True
2026-09-17T06:41:28.866321+00:00,26.37023469999258,791,316.0000000000002,240.0,316.0,240.0,316.0,240.0,2.2737367544323206e-13,TRACKING,0.1999999999999986,0.0,2.1628000104101375,28.79089747428081,True,True
2026-09-17T06:41:28.899267+00:00,26.40317989999312,792,316.0000000000002,240.0,316.0,240.0,316.0,240.0,2.2737367544323206e-13,TRACKING,0.1749999999999986,0.0,2.5517000030959025,30.353435401320933,True,True
2026-09-17T06:41:28.933451+00:00,26.437363399993046,793,316.0000000000002,240.0,316.0,240.0,316.0,240.0,2.2737367544323206e-13,TRACKING,0.1499999999999986,0.0,3.4434999979566783,29.253879795870883,True,True
2026-09-17T06:41:28.964783+00:00,26.468698299999232,794,316.0000000000002,240.0,316.0,240.0,316.0,240.0,2.2737367544323206e-13,TRACKING,0.12499999999999861,0.0,1.796600001398474,31.913297945823263,True,True
2026-09-17T06:41:28.998024+00:00,26.501939599998877,795,316.0000000000002,240.0,316.0,240.0,316.0,240.0,2.2737367544323206e-13,TRACKING,0.09999999999999862,0.0,1.6516999894520268,30.083059327122587,True,True
2026-09-17T06:41:29.032031+00:00,26.535944699993706,796,316.0000000000002,240.0,316.0,240.0,316.0,240.0,2.2737367544323206e-13,TRACKING,0.07499999999999862,0.0,2.4246000102721155,29.407353607313834,True,True
2026-09-17T06:41:29.066241+00:00,26.570153399996343,797,316.0000000000002,240.0,316.0,240.0,316.0,240.0,2.2737367544323206e-13,TRACKING,0.04999999999999862,0.0,3.0849000031594187,29.23232978519854,True,True
2026-09-17T06:41:29.099255+00:00,26.603167699999176,798,316.0000000000002,240.0,316.0,240.0,316.0,240.0,2.2737367544323206e-13,TRACKING,0.02499999999999862,0.0,2.714399990509264,30.289904675070858,True,True
2026-09-17T06:41:29.131305+00:00,26.635219199990388,799,316.0000000000002,240.0,316.0,240.0,316.0,240.0,2.2737367544323206e-13,TRACKING,-1.3808398868775384e-15,0.0,1.5029000060167164,31.199787849997115,True,True
2026-09-17T06:41:29.164772+00:00,26.668687499986845,800,316.0000000000002,240.0,316.0,240.0,316.0,240.0,2.2737367544323206e-13,TRACKING,-0.025000000000001382,0.0,1.7575999954715371,29.879019851795864,True,True
2026-09-17T06:41:29.199086+00:00,26.70299619999423,801,316.0000000000002,240.0,316.0,240.0,316.0,240.0,2.2737367544323206e-13,TRACKING,-0.050000000000001384,0.0,2.403300008154474,29.14712594137069,True,True
2026-09-17T06:41:29.232970+00:00,26.736880999989808,802,316.0000000000002,240.0,316.0,240.0,316.0,240.0,2.2737367544323206e-13,TRACKING,-0.07500000000000139,0.0,2.9947000002721325,29.511757488034725,True,True
2026-09-17T06:41:29.265507+00:00,26.769416099996306,803,316.0000000000002,240.0,316.0,240.0,316.0,240.0,2.2737367544323206e-13,TRACKING,-0.1000000000000014,0.0,2.259300003061071,30.736035844373156,True,True
2026-09-17T06:41:29.298113+00:00,26.80202499999723,804,316.0000000000002,240.0,316.0,240.0,316.0,240.0,2.2737367544323206e-13,TRACKING,-0.1250000000000014,0.0,1.591400010511279,30.666474489224882,True,True
2026-09-17T06:41:29.331580+00:00,26.835487299991655,805,316.0000000000002,240.0,316.0,240.0,316.0,240.0,2.2737367544323206e-13,TRACKING,-0.15000000000000138,0.0,1.6468999965582043,29.88437734903399,True,True
2026-09-17T06:41:29.365379+00:00,26.869287199995597,806,316.0000000000002,240.0,316.0,240.0,316.0,240.0,2.2737367544323206e-13,TRACKING,-0.17500000000000138,0.0,2.0130000048084185,29.585886345325886,True,True
2026-09-17T06:41:29.400152+00:00,26.904064599992125,807,316.0000000000002,240.0,316.0,240.0,316.0,240.0,2.2737367544323206e-13,TRACKING,-0.20000000000000137,0.0,3.8019000057829544,28.75430596018746,True,True
2026-09-17T06:41:29.432139+00:00,26.93605089999619,808,316.0000000000002,240.0,316.0,240.0,316.0,240.0,2.2737367544323206e-13,TRACKING,-0.22500000000000137,0.0,2.4326999991899356,31.263384632575267,True,True
2026-09-17T06:41:29.464775+00:00,26.96868719998747,809,316.0000000000002,240.0,316.0,240.0,316.0,240.0,2.2737367544323206e-13,TRACKING,-0.2500000000000014,0.0,1.7351999995298684,30.640728277014702,True,True
2026-09-17T06:41:29.498236+00:00,27.002148599989596,810,316.0000000000002,240.0,316.0,240.0,316.0,240.0,2.2737367544323206e-13,TRACKING,-0.2750000000000014,0.0,1.6122999950312078,29.885181132185217,True,True
2026-09-17T06:41:29.531616+00:00,27.03552999999374,811,316.0000000000002,240.0,316.0,240.0,316.0,240.0,2.2737367544323206e-13,TRACKING,-0.30000000000000143,0.0,1.7519000102765858,29.956802287375858,True,True
2026-09-17T06:41:29.566277+00:00,27.070187699995586,812,316.0000000000002,240.0,316.0,240.0,316.0,240.0,2.2737367544323206e-13,TRACKING,-0.32500000000000145,0.0,3.0449000041699037,28.853616943616803,True,True
2026-09-17T06:41:29.598976+00:00,27.102888199995505,813,316.0000000000002,240.0,316.0,240.0,316.0,240.0,2.2737367544323206e-13,TRACKING,-0.3500000000000015,0.0,2.4982000031741336,30.580572162580932,True,True
2026-09-17T06:41:29.631592+00:00,27.135505199999898,814,316.0000000000002,240.0,316.0,240.0,316.0,240.0,2.2737367544323206e-13,TRACKING,-0.3750000000000015,0.0,1.7192000086652115,30.658858873143274,True,True
2026-09-17T06:41:29.664465+00:00,27.168377499998314,815,316.0000000000002,240.0,316.0,240.0,316.0,240.0,2.2737367544323206e-13,TRACKING,-0.4000000000000015,0.0,1.5694999892730266,30.42074938620569,True,True
2026-09-17T06:41:29.698721+00:00,27.20262399999774,816,316.0000000000002,240.0,316.0,240.0,316.0,240.0,2.2737367544323206e-13,TRACKING,-0.42500000000000154,0.0,2.1825000003445894,29.200064240630486,True,True
2026-09-17T06:41:29.732894+00:00,27.236802299987176,817,316.0000000000002,240.0,316.0,240.0,316.0,240.0,2.2737367544323206e-13,TRACKING,-0.45000000000000157,0.0,2.9995999939274043,29.258330587218133,True,True
2026-09-17T06:41:29.765625+00:00,27.269517699998687,818,316.0000000000002,240.0,316.0,240.0,316.0,240.0,2.2737367544323206e-13,TRACKING,-0.4750000000000016,0.0,2.3253000108525157,30.56664444414959,True,True
2026-09-17T06:41:29.798233+00:00,27.302147700000205,819,316.0000000000002,240.0,316.0,240.0,316.0,240.0,2.2737367544323206e-13,TRACKING,-0.5000000000000016,0.0,1.8020999996224418,30.646644191035143,True,True
2026-09-17T06:41:29.831285+00:00,27.33520019998832,820,316.0000000000002,240.0,316.0,240.0,316.0,240.0,2.2737367544323206e-13,TRACKING,-0.5250000000000016,0.0,1.5852999931667,30.254897522412506,True,True
2026-09-17T06:41:29.865977+00:00,27.36988699999347,821,316.0000000000002,240.0,316.0,240.0,316.0,240.0,2.2737367544323206e-13,TRACKING,-0.5500000000000016,0.0,2.7754000038839877,28.82941060725141,True,True
2026-09-17T06:41:29.899075+00:00,27.402988299989374,822,316.0000000000002,240.0,316.0,240.0,316.0,240.0,2.2737367544323206e-13,TRACKING,-0.5750000000000016,0.0,2.7134999982081354,30.210293859265025,True,True
2026-09-17T06:41:29.933356+00:00,27.437256499993964,823,316.0000000000002,240.0,316.0,240.0,316.0,240.0,2.2737367544323206e-13,TRACKING,-0.6000000000000016,0.0,3.547400003299117,29.181573583265653,True,True
2026-09-17T06:41:29.964523+00:00,27.468431499990402,824,316.0000000000002,240.0,316.0,240.0,316.0,240.0,2.2737367544323206e-13,TRACKING,-0.6250000000000017,0.0,1.6448999958811328,32.07698476709761,True,True
2026-09-17T06:41:29.998307+00:00,27.50221989999409,825,316.0000000000003,240.0,316.0,240.0,316.0,240.0,2.8421709430404007e-13,TRACKING,-0.6500000000000017,0.0,2.0832000009249896,29.595956005341865,True,True
2026-09-17T06:41:30.031867+00:00,27.53577749998658,826,316.0000000000003,240.0,316.0,240.0,316.0,240.0,2.8421709430404007e-13,TRACKING,-0.6750000000000017,0.0,1.9555000035325065,29.799508910761062,True,True
2026-09-17T06:41:30.065805+00:00,27.569712599986815,827,316.0000000000003,240.0,316.0,240.0,316.0,240.0,2.8421709430404007e-13,TRACKING,-0.7000000000000017,0.0,2.6070999883813784,29.468013944059916,True,True
2026-09-17T06:41:30.100547+00:00,27.604459099995438,828,316.0000000000003,240.0,316.0,240.0,316.0,240.0,2.8421709430404007e-13,TRACKING,-0.7250000000000018,0.0,4.296400002203882,28.779877102782375,True,True
2026-09-17T06:41:30.131140+00:00,27.63505409999925,829,316.0000000000003,240.0,316.0,240.0,316.0,240.0,2.8421709430404007e-13,TRACKING,-0.7500000000000018,0.0,1.4927000011084601,32.685079257242904,True,True
2026-09-17T06:41:30.164652+00:00,27.66856339998776,830,316.0000000000003,240.0,316.0,240.0,316.0,240.0,2.8421709430404007e-13,TRACKING,-0.7750000000000018,0.0,1.4658000000054017,29.8424616552096,True,True
2026-09-17T06:41:30.198885+00:00,27.70279159999336,831,316.0000000000003,240.0,316.0,240.0,316.0,240.0,2.8421709430404007e-13,TRACKING,-0.8000000000000018,0.0,2.2475000005215406,29.21567595831465,True,True
2026-09-17T06:41:30.232285+00:00,27.73619699999108,832,316.0000000000003,240.0,316.0,240.0,316.0,240.0,2.8421709430404007e-13,TRACKING,-0.8250000000000018,0.0,2.4286999978357926,29.93527992684696,True,True
2026-09-17T06:41:30.266168+00:00,27.770080099988263,833,316.0000000000003,240.0,316.0,240.0,316.0,240.0,2.8421709430404007e-13,TRACKING,-0.8500000000000019,0.0,2.9882999951951206,29.51323816543143,True,True
2026-09-17T06:41:30.297988+00:00,27.801901699989685,834,316.0000000000003,240.0,316.0,240.0,316.0,240.0,2.8421709430404007e-13,TRACKING,-0.8750000000000019,0.0,1.4882999967085198,31.425195463311745,True,True
2026-09-17T06:41:30.331237+00:00,27.83515119999356,835,316.00000000000034,240.0,316.0,240.0,316.0,240.0,3.410605131648481e-13,TRACKING,-0.9000000000000019,0.0,1.7432000022381544,30.075640231685345,True,True
2026-09-17T06:41:30.366024+00:00,27.869937799987383,836,316.00000000000034,240.0,316.0,240.0,316.0,240.0,3.410605131648481e-13,TRACKING,-0.9250000000000019,0.0,3.095499996561557,28.74670132112918,True,True
2026-09-17T06:41:30.398980+00:00,27.902894099999685,837,316.00000000000034,240.0,316.0,240.0,316.0,240.0,3.410605131648481e-13,TRACKING,-0.950000000000002,0.0,2.5095999881159514,30.34321206041723,True,True
2026-09-17T06:41:30.433021+00:00,27.936932599986903,838,316.00000000000034,240.0,316.0,240.0,316.0,240.0,3.410605131648481e-13,TRACKING,-0.975000000000002,0.0,3.116099993349053,29.378497888435167,True,True
2026-09-17T06:41:30.464582+00:00,27.968496299989056,839,316.00000000000034,240.0,316.0,240.0,316.0,240.0,3.410605131648481e-13,TRACKING,-1.000000000000002,0.0,1.4497000083792955,31.68196377268208,True,True
2026-09-17T06:41:30.497894+00:00,28.00180859999091,840,316.00000000000034,240.0,316.0,240.0,316.0,240.0,3.410605131648481e-13,TRACKING,-1.025000000000002,0.0,1.6082000074675307,30.018941950702008,True,True
2026-09-17T06:41:30.531936+00:00,28.035844699988957,841,316.00000000000034,240.0,316.0,240.0,316.0,240.0,3.410605131648481e-13,TRACKING,-1.0500000000000018,0.0,1.9625999993877485,29.38056945588253,True,True
2026-09-17T06:41:30.565630+00:00,28.069541499993647,842,316.0000000000003,240.0,316.0,240.0,316.0,240.0,2.8421709430404007e-13,TRACKING,-1.0750000000000017,0.0,2.347800007555634,29.67640843821346,True,True
2026-09-17T06:41:30.600400+00:00,28.10430889998679,843,316.0000000000003,240.0,316.0,240.0,316.0,240.0,2.8421709430404007e-13,TRACKING,-1.1000000000000016,0.0,3.9339000068139285,28.762576442219544,True,True
2026-09-17T06:41:30.631445+00:00,28.13535509999201,844,316.0000000000002,240.0,316.0,240.0,316.0,240.0,2.2737367544323206e-13,TRACKING,-1.1250000000000016,0.0,1.6207000007852912,32.21006112927912,True,True
2026-09-17T06:41:30.664998+00:00,28.168911899992963,845,316.0000000000002,240.0,316.0,240.0,316.0,240.0,2.2737367544323206e-13,TRACKING,-1.1500000000000015,0.0,1.7399000062141567,29.80021932876917,True,True
2026-09-17T06:41:30.699019+00:00,28.202929799997946,846,316.0000000000002,240.0,316.0,240.0,316.0,240.0,2.2737367544323206e-13,TRACKING,-1.1750000000000014,0.0,2.2526999964611605,29.396288420317532,True,True
2026-09-17T06:41:30.732523+00:00,28.236430099990685,847,316.0000000000002,240.0,316.0,240.0,316.0,240.0,2.2737367544323206e-13,TRACKING,-1.2000000000000013,0.0,2.7507000049808994,29.850478957405322,True,True
2026-09-17T06:41:30.765851+00:00,28.269756999987294,848,316.0000000000002,240.0,316.0,240.0,316.0,240.0,2.2737367544323206e-13,TRACKING,-1.2250000000000012,0.0,2.729300002101809,30.005791120738408,True,True
2026-09-17T06:41:30.798227+00:00,28.30214139999589,849,316.0000000000002,240.0,316.0,240.0,316.0,240.0,2.2737367544323206e-13,TRACKING,-1.250000000000001,0.0,1.793200004613027,30.879065220741392,True,True
2026-09-17T06:41:30.831219+00:00,28.33513479999965,850,316.00000000000017,240.0,316.0,240.0,316.0,240.0,1.7053025658242404e-13,TRACKING,-1.275000000000001,0.0,1.4540999982273206,30.309092117999537,True,True
2026-09-17T06:41:30.865644+00:00,28.369526799986488,851,316.00000000000017,240.0,316.0,240.0,316.0,240.0,1.7053025658242404e-13,TRACKING,-1.300000000000001,0.0,2.284500005771406,29.076529436575843,True,True
2026-09-17T06:41:30.900282+00:00,28.404192699992564,852,316.0000000000001,240.0,316.0,240.0,316.0,240.0,1.1368683772161603e-13,TRACKING,-1.3250000000000008,0.0,3.6185999924782664,28.846791798993955,True,True
2026-09-17T06:41:30.933226+00:00,28.43713759999082,853,316.0000000000001,240.0,316.0,240.0,316.0,240.0,1.1368683772161603e-13,TRACKING,-1.3500000000000008,0.0,3.4005000052275136,30.353711805254736,True,True
2026-09-17T06:41:30.964734+00:00,28.468646799999988,854,316.0000000000001,240.0,316.0,240.0,316.0,240.0,1.1368683772161603e-13,TRACKING,-1.3750000000000007,0.0,1.553299996885471,31.736762587086737,True,True
2026-09-17T06:41:30.998080+00:00,28.501992099991185,855,316.0000000000001,240.0,316.0,240.0,316.0,240.0,1.1368683772161603e-13,TRACKING,-1.4000000000000006,0.0,1.8727999995462596,29.989233872959506,True,True
2026-09-17T06:41:31.032623+00:00,28.536533999998937,856,316.0000000000001,240.0,316.0,240.0,316.0,240.0,1.1368683772161603e-13,TRACKING,-1.4250000000000005,0.0,2.919499995186925,28.950347252917663,True,True
2026-09-17T06:41:31.066092+00:00,28.570005999994464,857,316.0000000000001,240.0,316.0,240.0,316.0,240.0,1.1368683772161603e-13,TRACKING,-1.4500000000000004,0.0,3.1323000002885237,29.875717021200956,True,True
2026-09-17T06:41:31.098850+00:00,28.602756999986013,858,316.00000000000006,240.0,316.0,240.0,316.0,240.0,5.684341886080802e-14,TRACKING,-1.4750000000000003,0.0,2.374000003328547,30.533418834784662,True,True
2026-09-17T06:41:31.131686+00:00,28.635598199995002,859,316.00000000000006,240.0,316.0,240.0,316.0,240.0,5.684341886080802e-14,TRACKING,-1.5000000000000002,0.0,2.0435000042198226,30.449557255103585,True,True
2026-09-17T06:41:31.166319+00:00,28.670232299991767,860,316.0,240.0,316.0,240.0,316.0,240.0,0.0,TRACKING,-1.5250000000000001,0.0,1.990400007343851,28.873278072575896,True,True
2026-09-17T06:41:31.199868+00:00,28.703780499999993,861,316.0,240.0,316.0,240.0,316.0,240.0,0.0,TRACKING,-1.55,0.0,2.017499995417893,29.807858536517127,True,True
2026-09-17T06:41:31.233519+00:00,28.737432199995965,862,316.0,240.0,316.0,240.0,316.0,240.0,0.0,TRACKING,-1.575,0.0,3.1761999998707324,29.716180761141874,True,True
2026-09-17T06:41:31.265880+00:00,28.769792699997197,863,316.0,240.0,316.0,240.0,316.0,240.0,0.0,TRACKING,-1.5999999999999999,0.0,2.8129000129410997,30.901871107119007,True,True
2026-09-17T06:41:31.297775+00:00,28.801686699996935,864,316.0,240.0,316.0,240.0,316.0,240.0,0.0,TRACKING,-1.6249999999999998,0.0,1.530199995613657,31.35385966038143,True,True
2026-09-17T06:41:31.331596+00:00,28.835505999988527,865,315.99999999999994,240.0,315.0,240.0,315.0,240.0,0.9999999999999432,TRACKING,-1.6562499999999998,0.0,1.6005999932531267,29.56891479860968,True,True
2026-09-17T06:41:31.365122+00:00,28.86902879999252,866,316.99999999999994,240.0,316.0,240.0,316.0,240.0,0.9999999999999432,TRACKING,-1.6812499999999997,0.0,2.049500006251037,29.830443754127856,True,True
2026-09-17T06:41:31.399219+00:00,28.903131499988376,867,316.99999999999994,240.0,316.0,240.0,316.0,240.0,0.9999999999999432,TRACKING,-1.7062499999999996,0.0,2.6185000024270266,29.32319142242465,True,True
2026-09-17T06:41:31.433190+00:00,28.93710289998853,868,316.99999999999994,240.0,316.0,240.0,316.0,240.0,0.9999999999999432,TRACKING,-1.7312499999999995,0.0,3.3753000025171787,29.436526018811062,True,True
2026-09-17T06:41:31.464843+00:00,28.968755699999747,869,316.99999999999994,240.0,316.0,240.0,316.0,240.0,0.9999999999999432,TRACKING,-1.7562499999999994,0.0,1.9338999991305172,31.592781670047007,True,True
2026-09-17T06:41:31.498241+00:00,29.00215259999095,870,316.9999999999999,240.0,316.0,240.0,316.0,240.0,0.9999999999998863,TRACKING,-1.7812499999999993,0.0,1.8274000030942261,29.942898899700413,True,True
2026-09-17T06:41:31.531508+00:00,29.03542000000016,871,316.9999999999999,240.0,316.0,240.0,316.0,240.0,0.9999999999998863,TRACKING,-1.8062499999999992,0.0,1.8361999973421916,30.05945759882653,True,True
2026-09-17T06:41:31.565546+00:00,29.069441899991944,872,316.9999999999999,240.0,316.0,240.0,316.0,240.0,0.9999999999998863,TRACKING,-1.8312499999999992,0.0,2.555900005972944,29.392832271021224,True,True
2026-09-17T06:41:31.598747+00:00,29.10265349999827,873,324.9999999999999,240.0,324.0,240.0,322.0,240.0,2.9999999999998863,TRACKING,-1.8187499999999992,0.0,2.497300010873005,30.109961573954564,True,True
2026-09-17T06:41:31.631103+00:00,29.13501619998715,874,326.9999999999999,240.0,326.0,240.0,326.0,240.0,0.9999999999998863,TRACKING,-1.7812499999999991,0.0,1.5848000039113685,30.899770425322963,True,True
2026-09-17T06:41:31.664580+00:00,29.168494699988514,875,324.9999999999999,240.0,324.0,240.0,326.0,240.0,1.0000000000001137,TRACKING,-1.743749999999999,0.0,1.2715000048046932,29.86991651236519,True,True
2026-09-17T06:41:31.698773+00:00,29.202686499993433,876,322.99999999999983,240.0,322.0,240.0,323.0,240.0,1.7053025658242404e-13,TRACKING,-1.724999999999999,0.0,2.2301999997580424,29.246778463144185,True,True
2026-09-17T06:41:31.733087+00:00,29.237002099995152,877,323.99999999999983,240.0,323.0,240.0,323.0,240.0,0.9999999999998295,TRACKING,-1.706249999999999,0.0,2.593700002762489,29.14126519571013,True,True
2026-09-17T06:41:31.765843+00:00,29.269751799991354,878,324.99999999999983,240.0,324.0,240.0,324.0,240.0,0.9999999999998295,TRACKING,-1.681249999999999,0.0,2.8153000021120533,30.5346308551212,True,True
2026-09-17T06:41:31.798183+00:00,29.3020916999958,879,324.99999999999983,240.0,324.0,240.0,324.0,240.0,0.9999999999998295,TRACKING,-1.6562499999999991,0.0,1.5936999989207834,30.921555102599722,True,True
2026-09-17T06:41:31.831607+00:00,29.335523099987768,880,324.9999999999999,240.0,324.0,240.0,324.0,240.0,0.9999999999998863,TRACKING,-1.6312499999999992,0.0,1.5417999966302887,29.911998906424316,True,True
2026-09-17T06:41:31.865541+00:00,29.369454799991217,881,324.9999999999999,240.0,324.0,240.0,324.0,240.0,0.9999999999998863,TRACKING,-1.6062499999999993,0.0,2.624500004458241,29.470966674181692,True,True
2026-09-17T06:41:31.899185+00:00,29.403098999988288,882,324.9999999999999,240.0,324.0,240.0,324.0,240.0,0.9999999999998863,TRACKING,-1.5812499999999994,0.0,2.4736000050324947,29.72280512204423,True,True
2026-09-17T06:41:31.932160+00:00,29.436072899989085,883,324.9999999999999,240.0,324.0,240.0,324.0,240.0,0.9999999999998863,TRACKING,-1.5562499999999995,0.0,2.5205999991158023,30.32701621512201,True,True
2026-09-17T06:41:31.964637+00:00,29.468550799996592,884,324.9999999999999,240.0,324.0,240.0,324.0,240.0,0.9999999999998863,TRACKING,-1.5312499999999996,0.0,1.3847000082023442,30.790168076410833,True,True
2026-09-17T06:41:31.998171+00:00,29.502085599990096,885,324.99999999999994,240.0,324.0,240.0,324.0,240.0,0.9999999999999432,TRACKING,-1.5062499999999996,0.0,1.6452999989269301,29.819769320041093,True,True
2026-09-17T06:41:32.032033+00:00,29.535943099996075,886,324.99999999999994,240.0,324.0,240.0,324.0,240.0,0.9999999999999432,TRACKING,-1.4812499999999997,0.0,2.459299998008646,29.5355534172164,True,True
2026-09-17T06:41:32.067154+00:00,29.57106949998706,887,324.99999999999994,240.0,324.0,240.0,324.0,240.0,0.9999999999999432,TRACKING,-1.4562499999999998,0.0,4.167599996435456,28.468616204809294,True,True
2026-09-17T06:41:32.098213+00:00,29.602127699996345,888,325.0,240.0,325.0,240.0,325.0,240.0,0.0,TRACKING,-1.4249999999999998,0.0,1.9546000112313777,32.197616078880614,True,True
2026-09-17T06:41:32.131533+00:00,29.635445199994138,889,324.0,240.0,324.0,240.0,324.0,240.0,0.0,TRACKING,-1.4,0.0,1.585599995451048,30.014256773955083,True,True
2026-09-17T06:41:32.164745+00:00,29.668659199989634,890,324.0,240.0,324.0,240.0,324.0,240.0,0.0,TRACKING,-1.375,0.0,1.7634999967413023,30.107785877509535,True,True
2026-09-17T06:41:32.197941+00:00,29.701854999992065,891,324.0,240.0,324.0,240.0,324.0,240.0,0.0,TRACKING,-1.35,0.0,1.634200001717545,30.124292830019247,True,True
2026-09-17T06:41:32.233035+00:00,29.7369491999998,892,324.0,240.0,324.0,240.0,324.0,240.0,0.0,TRACKING,-1.3250000000000002,0.0,3.1977999897208065,28.49473701579249,True,True
2026-09-17T06:41:32.265507+00:00,29.76941799999622,893,324.0,240.0,324.0,240.0,324.0,240.0,0.0,TRACKING,-1.3000000000000003,0.0,2.546899995650165,30.798797618334508,True,True
2026-09-17T06:41:32.298350+00:00,29.802262400000473,894,324.00000000000006,240.0,324.0,240.0,324.0,240.0,5.684341886080802e-14,TRACKING,-1.2750000000000004,0.0,1.7189999925903976,30.446590586845055,True,True
2026-09-17T06:41:32.331659+00:00,29.83557369999471,895,324.00000000000006,240.0,324.0,240.0,324.0,240.0,5.684341886080802e-14,TRACKING,-1.2500000000000004,0.0,1.5949000080581754,30.01984312149195,True,True
2026-09-17T06:41:32.364970+00:00,29.86888279998675,896,324.00000000000006,240.0,324.0,240.0,324.0,240.0,5.684341886080802e-14,TRACKING,-1.2250000000000005,0.0,1.9792999955825508,30.021825874581218,True,True
2026-09-17T06:41:32.399631+00:00,29.90352609999536,897,324.0000000000001,240.0,324.0,240.0,324.0,240.0,1.1368683772161603e-13,TRACKING,-1.2000000000000006,0.0,3.0237000028137118,28.865610370589504,True,True
2026-09-17T06:41:32.432507+00:00,29.936419699995895,898,324.0000000000001,240.0,324.0,240.0,324.0,240.0,1.1368683772161603e-13,TRACKING,-1.1750000000000007,0.0,2.467300000716932,30.401050659817095,True,True
2026-09-17T06:41:32.464976+00:00,29.96889029999147,899,324.0000000000001,240.0,324.0,240.0,324.0,240.0,1.1368683772161603e-13,TRACKING,-1.1500000000000008,0.0,1.909800004796125,30.797090295104567,True,True
